<?xml version="1.0" encoding="UTF-8"?>
<TrainingCenterDatabase
  xsi:schemaLocation="http://www.garmin.com/xmlschemas/TrainingCenterDatabase/v2 http://www.garmin.com/xmlschemas/TrainingCenterDatabasev2.xsd"
  xmlns:ns5="http://www.garmin.com/xmlschemas/ActivityGoals/v1"
  xmlns:ns3="http://www.garmin.com/xmlschemas/ActivityExtension/v2"
  xmlns:ns2="http://www.garmin.com/xmlschemas/UserProfile/v2"
  xmlns="http://www.garmin.com/xmlschemas/TrainingCenterDatabase/v2"
  xmlns:xsi="http://www.w3.org/2001/XMLSchema-instance" xmlns:ns4="http://www.garmin.com/xmlschemas/ProfileExtension/v1">
  <Activities>
    <Activity Sport="Other">
      <Id>2026-03-02T07:53:23.000Z</Id>
      <Lap StartTime="2026-03-02T07:53:23.000Z">
        <TotalTimeSeconds>758.512</TotalTimeSeconds>
        <DistanceMeters>1000.0</DistanceMeters>
        <MaximumSpeed>1.5579999685287476</MaximumSpeed>
        <Calories>63</Calories>
        <AverageHeartRateBpm>
          <Value>115</Value>
        </AverageHeartRateBpm>
        <MaximumHeartRateBpm>
          <Value>126</Value>
        </MaximumHeartRateBpm>
        <Intensity>Active</Intensity>
        <TriggerMethod>Manual</TriggerMethod>
        <Track>
          <Trackpoint>
            <Time>2026-03-02T07:53:23.000Z</Time>
            <AltitudeMeters>80.0</AltitudeMeters>
            <DistanceMeters>1.090000033378601</DistanceMeters>
            <HeartRateBpm>
              <Value>112</Value>
            </HeartRateBpm>
            <Extensions>
              <ns3:TPX>
                <ns3:Speed>1.0920000076293945</ns3:Speed>
              </ns3:TPX>
            </Extensions>
          </Trackpoint>
          <Trackpoint>
            <Time>2026-03-02T07:53:34.000Z</Time>
            <AltitudeMeters>79.4000015258789</AltitudeMeters>
            <DistanceMeters>9.899999618530273</DistanceMeters>
            <HeartRateBpm>
              <Value>105</Value>
            </HeartRateBpm>
            <Extensions>
              <ns3:TPX>
                <ns3:Speed>0.0</ns3:Speed>
              </ns3:TPX>
            </Extensions>
          </Trackpoint>
          <Trackpoint>
            <Time>2026-03-02T07:53:35.000Z</Time>
            <AltitudeMeters>79.4000015258789</AltitudeMeters>
            <DistanceMeters>9.899999618530273</DistanceMeters>
            <HeartRateBpm>
              <Value>99</Value>
            </HeartRateBpm>
            <Extensions>
              <ns3:TPX>
                <ns3:Speed>0.0</ns3:Speed>
              </ns3:TPX>
            </Extensions>
          </Trackpoint>
          <Trackpoint>
            <Time>2026-03-02T07:53:36.000Z</Time>
            <AltitudeMeters>79.4000015258789</AltitudeMeters>
            <DistanceMeters>9.899999618530273</DistanceMeters>
            <HeartRateBpm>
              <Value>96</Value>
            </HeartRateBpm>
            <Extensions>
              <ns3:TPX>
                <ns3:Speed>0.0</ns3:Speed>
              </ns3:TPX>
            </Extensions>
          </Trackpoint>
          <Trackpoint>
            <Time>2026-03-02T07:53:44.000Z</Time>
            <Position>
              <LatitudeDegrees>51.76600291393697</LatitudeDegrees>
              <LongitudeDegrees>-0.21777081303298473</LongitudeDegrees>
            </Position>
            <AltitudeMeters>79.5999984741211</AltitudeMeters>
            <DistanceMeters>15.829999923706055</DistanceMeters>
            <HeartRateBpm>
              <Value>94</Value>
            </HeartRateBpm>
            <Extensions>
              <ns3:TPX>
                <ns3:Speed>0.9800000190734863</ns3:Speed>
              </ns3:TPX>
            </Extensions>
          </Trackpoint>
          <Trackpoint>
            <Time>2026-03-02T07:53:51.000Z</Time>
            <Position>
              <LatitudeDegrees>51.765933092683554</LatitudeDegrees>
              <LongitudeDegrees>-0.2177836373448372</LongitudeDegrees>
            </Position>
            <AltitudeMeters>79.0</AltitudeMeters>
            <DistanceMeters>22.790000915527344</DistanceMeters>
            <HeartRateBpm>
              <Value>97</Value>
            </HeartRateBpm>
            <Extensions>
              <ns3:TPX>
                <ns3:Speed>1.437000036239624</ns3:Speed>
              </ns3:TPX>
            </Extensions>
          </Trackpoint>
          <Trackpoint>
            <Time>2026-03-02T07:53:58.000Z</Time>
            <Position>
              <LatitudeDegrees>51.765857404097915</LatitudeDegrees>
              <LongitudeDegrees>-0.2177820447832346</LongitudeDegrees>
            </Position>
            <AltitudeMeters>78.80000305175781</AltitudeMeters>
            <DistanceMeters>31.479999542236328</DistanceMeters>
            <HeartRateBpm>
              <Value>98</Value>
            </HeartRateBpm>
            <Extensions>
              <ns3:TPX>
                <ns3:Speed>0.9800000190734863</ns3:Speed>
              </ns3:TPX>
            </Extensions>
          </Trackpoint>
          <Trackpoint>
            <Time>2026-03-02T07:54:04.000Z</Time>
            <Position>
              <LatitudeDegrees>51.76579697057605</LatitudeDegrees>
              <LongitudeDegrees>-0.21778849884867668</LongitudeDegrees>
            </Position>
            <AltitudeMeters>78.80000305175781</AltitudeMeters>
            <DistanceMeters>37.43000030517578</DistanceMeters>
            <HeartRateBpm>
              <Value>97</Value>
            </HeartRateBpm>
            <Extensions>
              <ns3:TPX>
                <ns3:Speed>1.0449999570846558</ns3:Speed>
              </ns3:TPX>
            </Extensions>
          </Trackpoint>
          <Trackpoint>
            <Time>2026-03-02T07:54:15.000Z</Time>
            <Position>
              <LatitudeDegrees>51.76568238995969</LatitudeDegrees>
              <LongitudeDegrees>-0.21782445721328259</LongitudeDegrees>
            </Position>
            <AltitudeMeters>79.4000015258789</AltitudeMeters>
            <DistanceMeters>50.5</DistanceMeters>
            <HeartRateBpm>
              <Value>98</Value>
            </HeartRateBpm>
            <Extensions>
              <ns3:TPX>
                <ns3:Speed>1.128999948501587</ns3:Speed>
              </ns3:TPX>
            </Extensions>
          </Trackpoint>
          <Trackpoint>
            <Time>2026-03-02T07:54:20.000Z</Time>
            <Position>
              <LatitudeDegrees>51.76562639884651</LatitudeDegrees>
              <LongitudeDegrees>-0.2178207691758871</LongitudeDegrees>
            </Position>
            <AltitudeMeters>79.80000305175781</AltitudeMeters>
            <DistanceMeters>56.849998474121094</DistanceMeters>
            <HeartRateBpm>
              <Value>101</Value>
            </HeartRateBpm>
            <Extensions>
              <ns3:TPX>
                <ns3:Speed>1.2039999961853027</ns3:Speed>
              </ns3:TPX>
            </Extensions>
          </Trackpoint>
          <Trackpoint>
            <Time>2026-03-02T07:54:23.000Z</Time>
            <Position>
              <LatitudeDegrees>51.76559236831963</LatitudeDegrees>
              <LongitudeDegrees>-0.21782328374683857</LongitudeDegrees>
            </Position>
            <AltitudeMeters>80.0</AltitudeMeters>
            <DistanceMeters>60.630001068115234</DistanceMeters>
            <HeartRateBpm>
              <Value>104</Value>
            </HeartRateBpm>
            <Extensions>
              <ns3:TPX>
                <ns3:Speed>1.2039999961853027</ns3:Speed>
              </ns3:TPX>
            </Extensions>
          </Trackpoint>
          <Trackpoint>
            <Time>2026-03-02T07:54:24.000Z</Time>
            <Position>
              <LatitudeDegrees>51.76559236831963</LatitudeDegrees>
              <LongitudeDegrees>-0.21782328374683857</LongitudeDegrees>
            </Position>
            <AltitudeMeters>80.0</AltitudeMeters>
            <DistanceMeters>62.2400016784668</DistanceMeters>
            <HeartRateBpm>
              <Value>104</Value>
            </HeartRateBpm>
            <Extensions>
              <ns3:TPX>
                <ns3:Speed>1.2039999961853027</ns3:Speed>
              </ns3:TPX>
            </Extensions>
          </Trackpoint>
          <Trackpoint>
            <Time>2026-03-02T07:54:32.000Z</Time>
            <Position>
              <LatitudeDegrees>51.76548516377807</LatitudeDegrees>
              <LongitudeDegrees>-0.2178299892693758</LongitudeDegrees>
            </Position>
            <AltitudeMeters>80.0</AltitudeMeters>
            <DistanceMeters>72.69999694824219</DistanceMeters>
            <HeartRateBpm>
              <Value>106</Value>
            </HeartRateBpm>
            <Extensions>
              <ns3:TPX>
                <ns3:Speed>1.25</ns3:Speed>
              </ns3:TPX>
            </Extensions>
          </Trackpoint>
          <Trackpoint>
            <Time>2026-03-02T07:54:35.000Z</Time>
            <Position>
              <LatitudeDegrees>51.76545021124184</LatitudeDegrees>
              <LongitudeDegrees>-0.2178326714783907</LongitudeDegrees>
            </Position>
            <AltitudeMeters>80.19999694824219</AltitudeMeters>
            <DistanceMeters>76.55999755859375</DistanceMeters>
            <HeartRateBpm>
              <Value>109</Value>
            </HeartRateBpm>
            <Extensions>
              <ns3:TPX>
                <ns3:Speed>1.2599999904632568</ns3:Speed>
              </ns3:TPX>
            </Extensions>
          </Trackpoint>
          <Trackpoint>
            <Time>2026-03-02T07:54:39.000Z</Time>
            <Position>
              <LatitudeDegrees>51.76541651599109</LatitudeDegrees>
              <LongitudeDegrees>-0.21782026626169682</LongitudeDegrees>
            </Position>
            <AltitudeMeters>80.4000015258789</AltitudeMeters>
            <DistanceMeters>80.16000366210938</DistanceMeters>
            <HeartRateBpm>
              <Value>112</Value>
            </HeartRateBpm>
            <Extensions>
              <ns3:TPX>
                <ns3:Speed>1.2599999904632568</ns3:Speed>
              </ns3:TPX>
            </Extensions>
          </Trackpoint>
          <Trackpoint>
            <Time>2026-03-02T07:54:40.000Z</Time>
            <Position>
              <LatitudeDegrees>51.76541651599109</LatitudeDegrees>
              <LongitudeDegrees>-0.21782026626169682</LongitudeDegrees>
            </Position>
            <AltitudeMeters>80.4000015258789</AltitudeMeters>
            <DistanceMeters>80.16000366210938</DistanceMeters>
            <HeartRateBpm>
              <Value>112</Value>
            </HeartRateBpm>
            <Extensions>
              <ns3:TPX>
                <ns3:Speed>1.2599999904632568</ns3:Speed>
              </ns3:TPX>
            </Extensions>
          </Trackpoint>
          <Trackpoint>
            <Time>2026-03-02T07:54:45.000Z</Time>
            <Position>
              <LatitudeDegrees>51.765344850718975</LatitudeDegrees>
              <LongitudeDegrees>-0.2178273070603609</LongitudeDegrees>
            </Position>
            <AltitudeMeters>80.80000305175781</AltitudeMeters>
            <DistanceMeters>88.56999969482422</DistanceMeters>
            <HeartRateBpm>
              <Value>114</Value>
            </HeartRateBpm>
            <Extensions>
              <ns3:TPX>
                <ns3:Speed>1.2410000562667847</ns3:Speed>
              </ns3:TPX>
            </Extensions>
          </Trackpoint>
          <Trackpoint>
            <Time>2026-03-02T07:54:49.000Z</Time>
            <Position>
              <LatitudeDegrees>51.76530193537474</LatitudeDegrees>
              <LongitudeDegrees>-0.21783258765935898</LongitudeDegrees>
            </Position>
            <AltitudeMeters>81.0</AltitudeMeters>
            <DistanceMeters>93.55999755859375</DistanceMeters>
            <HeartRateBpm>
              <Value>114</Value>
            </HeartRateBpm>
            <Extensions>
              <ns3:TPX>
                <ns3:Speed>1.2599999904632568</ns3:Speed>
              </ns3:TPX>
            </Extensions>
          </Trackpoint>
          <Trackpoint>
            <Time>2026-03-02T07:54:59.000Z</Time>
            <Position>
              <LatitudeDegrees>51.76519808359444</LatitudeDegrees>
              <LongitudeDegrees>-0.21785756573081017</LongitudeDegrees>
            </Position>
            <AltitudeMeters>81.0</AltitudeMeters>
            <DistanceMeters>105.18000030517578</DistanceMeters>
            <HeartRateBpm>
              <Value>114</Value>
            </HeartRateBpm>
            <Extensions>
              <ns3:TPX>
                <ns3:Speed>1.2319999933242798</ns3:Speed>
              </ns3:TPX>
            </Extensions>
          </Trackpoint>
          <Trackpoint>
            <Time>2026-03-02T07:55:08.000Z</Time>
            <Position>
              <LatitudeDegrees>51.76508953794837</LatitudeDegrees>
              <LongitudeDegrees>-0.2178669534623623</LongitudeDegrees>
            </Position>
            <AltitudeMeters>81.19999694824219</AltitudeMeters>
            <DistanceMeters>116.76000213623047</DistanceMeters>
            <HeartRateBpm>
              <Value>111</Value>
            </HeartRateBpm>
            <Extensions>
              <ns3:TPX>
                <ns3:Speed>1.25</ns3:Speed>
              </ns3:TPX>
            </Extensions>
          </Trackpoint>
          <Trackpoint>
            <Time>2026-03-02T07:55:19.000Z</Time>
            <Position>
              <LatitudeDegrees>51.76495274528861</LatitudeDegrees>
              <LongitudeDegrees>-0.2178408019244671</LongitudeDegrees>
            </Position>
            <AltitudeMeters>81.4000015258789</AltitudeMeters>
            <DistanceMeters>131.97000122070312</DistanceMeters>
            <HeartRateBpm>
              <Value>109</Value>
            </HeartRateBpm>
            <Extensions>
              <ns3:TPX>
                <ns3:Speed>1.2690000534057617</ns3:Speed>
              </ns3:TPX>
            </Extensions>
          </Trackpoint>
          <Trackpoint>
            <Time>2026-03-02T07:55:22.000Z</Time>
            <Position>
              <LatitudeDegrees>51.764913853257895</LatitudeDegrees>
              <LongitudeDegrees>-0.21785161457955837</LongitudeDegrees>
            </Position>
            <AltitudeMeters>81.5999984741211</AltitudeMeters>
            <DistanceMeters>137.19000244140625</DistanceMeters>
            <HeartRateBpm>
              <Value>112</Value>
            </HeartRateBpm>
            <Extensions>
              <ns3:TPX>
                <ns3:Speed>1.2970000505447388</ns3:Speed>
              </ns3:TPX>
            </Extensions>
          </Trackpoint>
          <Trackpoint>
            <Time>2026-03-02T07:55:24.000Z</Time>
            <Position>
              <LatitudeDegrees>51.764899184927344</LatitudeDegrees>
              <LongitudeDegrees>-0.217856727540493</LongitudeDegrees>
            </Position>
            <AltitudeMeters>81.80000305175781</AltitudeMeters>
            <DistanceMeters>139.25</DistanceMeters>
            <HeartRateBpm>
              <Value>113</Value>
            </HeartRateBpm>
            <Extensions>
              <ns3:TPX>
                <ns3:Speed>1.315999984741211</ns3:Speed>
              </ns3:TPX>
            </Extensions>
          </Trackpoint>
          <Trackpoint>
            <Time>2026-03-02T07:55:28.000Z</Time>
            <Position>
              <LatitudeDegrees>51.76486314274371</LatitudeDegrees>
              <LongitudeDegrees>-0.21784767508506775</LongitudeDegrees>
            </Position>
            <AltitudeMeters>81.5999984741211</AltitudeMeters>
            <DistanceMeters>142.16000366210938</DistanceMeters>
            <HeartRateBpm>
              <Value>113</Value>
            </HeartRateBpm>
            <Extensions>
              <ns3:TPX>
                <ns3:Speed>1.2970000505447388</ns3:Speed>
              </ns3:TPX>
            </Extensions>
          </Trackpoint>
          <Trackpoint>
            <Time>2026-03-02T07:55:37.000Z</Time>
            <Position>
              <LatitudeDegrees>51.76475048996508</LatitudeDegrees>
              <LongitudeDegrees>-0.21785739809274673</LongitudeDegrees>
            </Position>
            <AltitudeMeters>81.80000305175781</AltitudeMeters>
            <DistanceMeters>154.7899932861328</DistanceMeters>
            <HeartRateBpm>
              <Value>111</Value>
            </HeartRateBpm>
            <Extensions>
              <ns3:TPX>
                <ns3:Speed>1.2879999876022339</ns3:Speed>
              </ns3:TPX>
            </Extensions>
          </Trackpoint>
          <Trackpoint>
            <Time>2026-03-02T07:55:46.000Z</Time>
            <Position>
              <LatitudeDegrees>51.76463859155774</LatitudeDegrees>
              <LongitudeDegrees>-0.21787935867905617</LongitudeDegrees>
            </Position>
            <AltitudeMeters>81.5999984741211</AltitudeMeters>
            <DistanceMeters>166.0</DistanceMeters>
            <HeartRateBpm>
              <Value>110</Value>
            </HeartRateBpm>
            <Extensions>
              <ns3:TPX>
                <ns3:Speed>1.2690000534057617</ns3:Speed>
              </ns3:TPX>
            </Extensions>
          </Trackpoint>
          <Trackpoint>
            <Time>2026-03-02T07:55:54.000Z</Time>
            <Position>
              <LatitudeDegrees>51.76453750580549</LatitudeDegrees>
              <LongitudeDegrees>-0.21788849495351315</LongitudeDegrees>
            </Position>
            <AltitudeMeters>82.0</AltitudeMeters>
            <DistanceMeters>178.25999450683594</DistanceMeters>
            <HeartRateBpm>
              <Value>107</Value>
            </HeartRateBpm>
            <Extensions>
              <ns3:TPX>
                <ns3:Speed>1.2970000505447388</ns3:Speed>
              </ns3:TPX>
            </Extensions>
          </Trackpoint>
          <Trackpoint>
            <Time>2026-03-02T07:55:58.000Z</Time>
            <Position>
              <LatitudeDegrees>51.76448327489197</LatitudeDegrees>
              <LongitudeDegrees>-0.21787642501294613</LongitudeDegrees>
            </Position>
            <AltitudeMeters>82.0</AltitudeMeters>
            <DistanceMeters>184.66000366210938</DistanceMeters>
            <HeartRateBpm>
              <Value>107</Value>
            </HeartRateBpm>
            <Extensions>
              <ns3:TPX>
                <ns3:Speed>1.315999984741211</ns3:Speed>
              </ns3:TPX>
            </Extensions>
          </Trackpoint>
          <Trackpoint>
            <Time>2026-03-02T07:56:06.000Z</Time>
            <Position>
              <LatitudeDegrees>51.76438696682453</LatitudeDegrees>
              <LongitudeDegrees>-0.21788128651678562</LongitudeDegrees>
            </Position>
            <AltitudeMeters>82.19999694824219</AltitudeMeters>
            <DistanceMeters>195.0</DistanceMeters>
            <HeartRateBpm>
              <Value>107</Value>
            </HeartRateBpm>
            <Extensions>
              <ns3:TPX>
                <ns3:Speed>1.3250000476837158</ns3:Speed>
              </ns3:TPX>
            </Extensions>
          </Trackpoint>
          <Trackpoint>
            <Time>2026-03-02T07:56:15.000Z</Time>
            <Position>
              <LatitudeDegrees>51.764280097559094</LatitudeDegrees>
              <LongitudeDegrees>-0.21788958460092545</LongitudeDegrees>
            </Position>
            <AltitudeMeters>82.4000015258789</AltitudeMeters>
            <DistanceMeters>206.13999938964844</DistanceMeters>
            <HeartRateBpm>
              <Value>107</Value>
            </HeartRateBpm>
            <Extensions>
              <ns3:TPX>
                <ns3:Speed>1.3339999914169312</ns3:Speed>
              </ns3:TPX>
            </Extensions>
          </Trackpoint>
          <Trackpoint>
            <Time>2026-03-02T07:56:21.000Z</Time>
            <Position>
              <LatitudeDegrees>51.76420155912638</LatitudeDegrees>
              <LongitudeDegrees>-0.21789721213281155</LongitudeDegrees>
            </Position>
            <AltitudeMeters>82.0</AltitudeMeters>
            <DistanceMeters>215.11000061035156</DistanceMeters>
            <HeartRateBpm>
              <Value>110</Value>
            </HeartRateBpm>
            <Extensions>
              <ns3:TPX>
                <ns3:Speed>1.3339999914169312</ns3:Speed>
              </ns3:TPX>
            </Extensions>
          </Trackpoint>
          <Trackpoint>
            <Time>2026-03-02T07:56:25.000Z</Time>
            <Position>
              <LatitudeDegrees>51.764155542477965</LatitudeDegrees>
              <LongitudeDegrees>-0.21788740530610085</LongitudeDegrees>
            </Position>
            <AltitudeMeters>82.0</AltitudeMeters>
            <DistanceMeters>220.60000610351562</DistanceMeters>
            <HeartRateBpm>
              <Value>116</Value>
            </HeartRateBpm>
            <Extensions>
              <ns3:TPX>
                <ns3:Speed>1.343999981880188</ns3:Speed>
              </ns3:TPX>
            </Extensions>
          </Trackpoint>
          <Trackpoint>
            <Time>2026-03-02T07:56:27.000Z</Time>
            <Position>
              <LatitudeDegrees>51.76413224078715</LatitudeDegrees>
              <LongitudeDegrees>-0.21788723766803741</LongitudeDegrees>
            </Position>
            <AltitudeMeters>81.80000305175781</AltitudeMeters>
            <DistanceMeters>223.3300018310547</DistanceMeters>
            <HeartRateBpm>
              <Value>119</Value>
            </HeartRateBpm>
            <Extensions>
              <ns3:TPX>
                <ns3:Speed>1.343999981880188</ns3:Speed>
              </ns3:TPX>
            </Extensions>
          </Trackpoint>
          <Trackpoint>
            <Time>2026-03-02T07:56:34.000Z</Time>
            <Position>
              <LatitudeDegrees>51.764024114236236</LatitudeDegrees>
              <LongitudeDegrees>-0.21791833452880383</LongitudeDegrees>
            </Position>
            <AltitudeMeters>82.19999694824219</AltitudeMeters>
            <DistanceMeters>235.47999572753906</DistanceMeters>
            <HeartRateBpm>
              <Value>120</Value>
            </HeartRateBpm>
            <Extensions>
              <ns3:TPX>
                <ns3:Speed>1.371999979019165</ns3:Speed>
              </ns3:TPX>
            </Extensions>
          </Trackpoint>
          <Trackpoint>
            <Time>2026-03-02T07:56:48.000Z</Time>
            <Position>
              <LatitudeDegrees>51.76385873928666</LatitudeDegrees>
              <LongitudeDegrees>-0.21793685853481293</LongitudeDegrees>
            </Position>
            <AltitudeMeters>82.19999694824219</AltitudeMeters>
            <DistanceMeters>254.25999450683594</DistanceMeters>
            <HeartRateBpm>
              <Value>119</Value>
            </HeartRateBpm>
            <Extensions>
              <ns3:TPX>
                <ns3:Speed>1.399999976158142</ns3:Speed>
              </ns3:TPX>
            </Extensions>
          </Trackpoint>
          <Trackpoint>
            <Time>2026-03-02T07:56:58.000Z</Time>
            <Position>
              <LatitudeDegrees>51.76373418420553</LatitudeDegrees>
              <LongitudeDegrees>-0.21794306114315987</LongitudeDegrees>
            </Position>
            <AltitudeMeters>82.19999694824219</AltitudeMeters>
            <DistanceMeters>267.4599914550781</DistanceMeters>
            <HeartRateBpm>
              <Value>120</Value>
            </HeartRateBpm>
            <Extensions>
              <ns3:TPX>
                <ns3:Speed>1.399999976158142</ns3:Speed>
              </ns3:TPX>
            </Extensions>
          </Trackpoint>
          <Trackpoint>
            <Time>2026-03-02T07:57:02.000Z</Time>
            <Position>
              <LatitudeDegrees>51.76368674263358</LatitudeDegrees>
              <LongitudeDegrees>-0.2179426420480013</LongitudeDegrees>
            </Position>
            <AltitudeMeters>82.0</AltitudeMeters>
            <DistanceMeters>273.45001220703125</DistanceMeters>
            <HeartRateBpm>
              <Value>117</Value>
            </HeartRateBpm>
            <Extensions>
              <ns3:TPX>
                <ns3:Speed>1.409000039100647</ns3:Speed>
              </ns3:TPX>
            </Extensions>
          </Trackpoint>
          <Trackpoint>
            <Time>2026-03-02T07:57:06.000Z</Time>
            <Position>
              <LatitudeDegrees>51.763639552518725</LatitudeDegrees>
              <LongitudeDegrees>-0.21795395761728287</LongitudeDegrees>
            </Position>
            <AltitudeMeters>82.19999694824219</AltitudeMeters>
            <DistanceMeters>278.9200134277344</DistanceMeters>
            <HeartRateBpm>
              <Value>115</Value>
            </HeartRateBpm>
            <Extensions>
              <ns3:TPX>
                <ns3:Speed>1.409000039100647</ns3:Speed>
              </ns3:TPX>
            </Extensions>
          </Trackpoint>
          <Trackpoint>
            <Time>2026-03-02T07:57:15.000Z</Time>
            <Position>
              <LatitudeDegrees>51.76352824084461</LatitudeDegrees>
              <LongitudeDegrees>-0.21793576888740063</LongitudeDegrees>
            </Position>
            <AltitudeMeters>82.19999694824219</AltitudeMeters>
            <DistanceMeters>290.2699890136719</DistanceMeters>
            <HeartRateBpm>
              <Value>114</Value>
            </HeartRateBpm>
            <Extensions>
              <ns3:TPX>
                <ns3:Speed>1.399999976158142</ns3:Speed>
              </ns3:TPX>
            </Extensions>
          </Trackpoint>
          <Trackpoint>
            <Time>2026-03-02T07:57:25.000Z</Time>
            <Position>
              <LatitudeDegrees>51.76341156475246</LatitudeDegrees>
              <LongitudeDegrees>-0.21793493069708347</LongitudeDegrees>
            </Position>
            <AltitudeMeters>82.4000015258789</AltitudeMeters>
            <DistanceMeters>304.0400085449219</DistanceMeters>
            <HeartRateBpm>
              <Value>114</Value>
            </HeartRateBpm>
            <Extensions>
              <ns3:TPX>
                <ns3:Speed>1.3899999856948853</ns3:Speed>
              </ns3:TPX>
            </Extensions>
          </Trackpoint>
          <Trackpoint>
            <Time>2026-03-02T07:57:27.000Z</Time>
            <Position>
              <LatitudeDegrees>51.76339647732675</LatitudeDegrees>
              <LongitudeDegrees>-0.217963345348835</LongitudeDegrees>
            </Position>
            <AltitudeMeters>82.19999694824219</AltitudeMeters>
            <DistanceMeters>306.3900146484375</DistanceMeters>
            <HeartRateBpm>
              <Value>115</Value>
            </HeartRateBpm>
            <Extensions>
              <ns3:TPX>
                <ns3:Speed>1.399999976158142</ns3:Speed>
              </ns3:TPX>
            </Extensions>
          </Trackpoint>
          <Trackpoint>
            <Time>2026-03-02T07:57:31.000Z</Time>
            <Position>
              <LatitudeDegrees>51.7633818089962</LatitudeDegrees>
              <LongitudeDegrees>-0.2179982978850603</LongitudeDegrees>
            </Position>
            <AltitudeMeters>82.0</AltitudeMeters>
            <DistanceMeters>309.8900146484375</DistanceMeters>
            <HeartRateBpm>
              <Value>114</Value>
            </HeartRateBpm>
            <Extensions>
              <ns3:TPX>
                <ns3:Speed>1.3899999856948853</ns3:Speed>
              </ns3:TPX>
            </Extensions>
          </Trackpoint>
          <Trackpoint>
            <Time>2026-03-02T07:57:33.000Z</Time>
            <Position>
              <LatitudeDegrees>51.76338901743293</LatitudeDegrees>
              <LongitudeDegrees>-0.21800299175083637</LongitudeDegrees>
            </Position>
            <AltitudeMeters>82.0</AltitudeMeters>
            <DistanceMeters>309.8900146484375</DistanceMeters>
            <HeartRateBpm>
              <Value>115</Value>
            </HeartRateBpm>
            <Extensions>
              <ns3:TPX>
                <ns3:Speed>1.343999981880188</ns3:Speed>
              </ns3:TPX>
            </Extensions>
          </Trackpoint>
          <Trackpoint>
            <Time>2026-03-02T07:57:40.000Z</Time>
            <Position>
              <LatitudeDegrees>51.763386921957135</LatitudeDegrees>
              <LongitudeDegrees>-0.21801749244332314</LongitudeDegrees>
            </Position>
            <AltitudeMeters>82.0</AltitudeMeters>
            <DistanceMeters>311.6099853515625</DistanceMeters>
            <HeartRateBpm>
              <Value>115</Value>
            </HeartRateBpm>
            <Extensions>
              <ns3:TPX>
                <ns3:Speed>0.0</ns3:Speed>
              </ns3:TPX>
            </Extensions>
          </Trackpoint>
          <Trackpoint>
            <Time>2026-03-02T07:57:47.000Z</Time>
            <Position>
              <LatitudeDegrees>51.763348281383514</LatitudeDegrees>
              <LongitudeDegrees>-0.21805554628372192</LongitudeDegrees>
            </Position>
            <AltitudeMeters>82.19999694824219</AltitudeMeters>
            <DistanceMeters>316.7300109863281</DistanceMeters>
            <HeartRateBpm>
              <Value>114</Value>
            </HeartRateBpm>
            <Extensions>
              <ns3:TPX>
                <ns3:Speed>0.0</ns3:Speed>
              </ns3:TPX>
            </Extensions>
          </Trackpoint>
          <Trackpoint>
            <Time>2026-03-02T07:57:54.000Z</Time>
            <Position>
              <LatitudeDegrees>51.763317855075</LatitudeDegrees>
              <LongitudeDegrees>-0.21815353073179722</LongitudeDegrees>
            </Position>
            <AltitudeMeters>82.80000305175781</AltitudeMeters>
            <DistanceMeters>325.2900085449219</DistanceMeters>
            <HeartRateBpm>
              <Value>115</Value>
            </HeartRateBpm>
            <Extensions>
              <ns3:TPX>
                <ns3:Speed>1.2410000562667847</ns3:Speed>
              </ns3:TPX>
            </Extensions>
          </Trackpoint>
          <Trackpoint>
            <Time>2026-03-02T07:57:56.000Z</Time>
            <Position>
              <LatitudeDegrees>51.76332422532141</LatitudeDegrees>
              <LongitudeDegrees>-0.21818839944899082</LongitudeDegrees>
            </Position>
            <AltitudeMeters>82.80000305175781</AltitudeMeters>
            <DistanceMeters>326.1000061035156</DistanceMeters>
            <HeartRateBpm>
              <Value>115</Value>
            </HeartRateBpm>
            <Extensions>
              <ns3:TPX>
                <ns3:Speed>1.2130000591278076</ns3:Speed>
              </ns3:TPX>
            </Extensions>
          </Trackpoint>
          <Trackpoint>
            <Time>2026-03-02T07:58:02.000Z</Time>
            <Position>
              <LatitudeDegrees>51.763334618881345</LatitudeDegrees>
              <LongitudeDegrees>-0.2183216717094183</LongitudeDegrees>
            </Position>
            <AltitudeMeters>82.19999694824219</AltitudeMeters>
            <DistanceMeters>335.7200012207031</DistanceMeters>
            <HeartRateBpm>
              <Value>112</Value>
            </HeartRateBpm>
            <Extensions>
              <ns3:TPX>
                <ns3:Speed>1.2319999933242798</ns3:Speed>
              </ns3:TPX>
            </Extensions>
          </Trackpoint>
          <Trackpoint>
            <Time>2026-03-02T07:58:04.000Z</Time>
            <Position>
              <LatitudeDegrees>51.763336043804884</LatitudeDegrees>
              <LongitudeDegrees>-0.21837246604263783</LongitudeDegrees>
            </Position>
            <AltitudeMeters>82.19999694824219</AltitudeMeters>
            <DistanceMeters>339.3299865722656</DistanceMeters>
            <HeartRateBpm>
              <Value>110</Value>
            </HeartRateBpm>
            <Extensions>
              <ns3:TPX>
                <ns3:Speed>1.2879999876022339</ns3:Speed>
              </ns3:TPX>
            </Extensions>
          </Trackpoint>
          <Trackpoint>
            <Time>2026-03-02T07:58:12.000Z</Time>
            <Position>
              <LatitudeDegrees>51.76332791335881</LatitudeDegrees>
              <LongitudeDegrees>-0.21855083294212818</LongitudeDegrees>
            </Position>
            <AltitudeMeters>81.80000305175781</AltitudeMeters>
            <DistanceMeters>351.9599914550781</DistanceMeters>
            <HeartRateBpm>
              <Value>107</Value>
            </HeartRateBpm>
            <Extensions>
              <ns3:TPX>
                <ns3:Speed>1.4279999732971191</ns3:Speed>
              </ns3:TPX>
            </Extensions>
          </Trackpoint>
          <Trackpoint>
            <Time>2026-03-02T07:58:13.000Z</Time>
            <Position>
              <LatitudeDegrees>51.763328248634934</LatitudeDegrees>
              <LongitudeDegrees>-0.21857178770005703</LongitudeDegrees>
            </Position>
            <AltitudeMeters>81.80000305175781</AltitudeMeters>
            <DistanceMeters>353.44000244140625</DistanceMeters>
            <HeartRateBpm>
              <Value>107</Value>
            </HeartRateBpm>
            <Extensions>
              <ns3:TPX>
                <ns3:Speed>1.4279999732971191</ns3:Speed>
              </ns3:TPX>
            </Extensions>
          </Trackpoint>
          <Trackpoint>
            <Time>2026-03-02T07:58:19.000Z</Time>
            <Position>
              <LatitudeDegrees>51.76333093084395</LatitudeDegrees>
              <LongitudeDegrees>-0.21867798641324043</LongitudeDegrees>
            </Position>
            <AltitudeMeters>81.5999984741211</AltitudeMeters>
            <DistanceMeters>360.7900085449219</DistanceMeters>
            <HeartRateBpm>
              <Value>112</Value>
            </HeartRateBpm>
            <Extensions>
              <ns3:TPX>
                <ns3:Speed>1.399999976158142</ns3:Speed>
              </ns3:TPX>
            </Extensions>
          </Trackpoint>
          <Trackpoint>
            <Time>2026-03-02T07:58:23.000Z</Time>
            <Position>
              <LatitudeDegrees>51.76333302631974</LatitudeDegrees>
              <LongitudeDegrees>-0.21875392645597458</LongitudeDegrees>
            </Position>
            <AltitudeMeters>81.80000305175781</AltitudeMeters>
            <DistanceMeters>365.8599853515625</DistanceMeters>
            <HeartRateBpm>
              <Value>113</Value>
            </HeartRateBpm>
            <Extensions>
              <ns3:TPX>
                <ns3:Speed>1.38100004196167</ns3:Speed>
              </ns3:TPX>
            </Extensions>
          </Trackpoint>
          <Trackpoint>
            <Time>2026-03-02T07:58:33.000Z</Time>
            <Position>
              <LatitudeDegrees>51.763318022713065</LatitudeDegrees>
              <LongitudeDegrees>-0.21894939243793488</LongitudeDegrees>
            </Position>
            <AltitudeMeters>81.5999984741211</AltitudeMeters>
            <DistanceMeters>379.8900146484375</DistanceMeters>
            <HeartRateBpm>
              <Value>116</Value>
            </HeartRateBpm>
            <Extensions>
              <ns3:TPX>
                <ns3:Speed>1.4279999732971191</ns3:Speed>
              </ns3:TPX>
            </Extensions>
          </Trackpoint>
          <Trackpoint>
            <Time>2026-03-02T07:58:42.000Z</Time>
            <Position>
              <LatitudeDegrees>51.76331768743694</LatitudeDegrees>
              <LongitudeDegrees>-0.21913555450737476</LongitudeDegrees>
            </Position>
            <AltitudeMeters>81.5999984741211</AltitudeMeters>
            <DistanceMeters>392.57000732421875</DistanceMeters>
            <HeartRateBpm>
              <Value>116</Value>
            </HeartRateBpm>
            <Extensions>
              <ns3:TPX>
                <ns3:Speed>1.399999976158142</ns3:Speed>
              </ns3:TPX>
            </Extensions>
          </Trackpoint>
          <Trackpoint>
            <Time>2026-03-02T07:58:53.000Z</Time>
            <Position>
              <LatitudeDegrees>51.763309640809894</LatitudeDegrees>
              <LongitudeDegrees>-0.21935532800853252</LongitudeDegrees>
            </Position>
            <AltitudeMeters>81.0</AltitudeMeters>
            <DistanceMeters>407.79998779296875</DistanceMeters>
            <HeartRateBpm>
              <Value>118</Value>
            </HeartRateBpm>
            <Extensions>
              <ns3:TPX>
                <ns3:Speed>1.437000036239624</ns3:Speed>
              </ns3:TPX>
            </Extensions>
          </Trackpoint>
          <Trackpoint>
            <Time>2026-03-02T07:59:04.000Z</Time>
            <Position>
              <LatitudeDegrees>51.76328566856682</LatitudeDegrees>
              <LongitudeDegrees>-0.2195800468325615</LongitudeDegrees>
            </Position>
            <AltitudeMeters>81.0</AltitudeMeters>
            <DistanceMeters>423.2900085449219</DistanceMeters>
            <HeartRateBpm>
              <Value>118</Value>
            </HeartRateBpm>
            <Extensions>
              <ns3:TPX>
                <ns3:Speed>1.437000036239624</ns3:Speed>
              </ns3:TPX>
            </Extensions>
          </Trackpoint>
          <Trackpoint>
            <Time>2026-03-02T07:59:11.000Z</Time>
            <Position>
              <LatitudeDegrees>51.76327200606465</LatitudeDegrees>
              <LongitudeDegrees>-0.21971742622554302</LongitudeDegrees>
            </Position>
            <AltitudeMeters>80.80000305175781</AltitudeMeters>
            <DistanceMeters>433.0</DistanceMeters>
            <HeartRateBpm>
              <Value>121</Value>
            </HeartRateBpm>
            <Extensions>
              <ns3:TPX>
                <ns3:Speed>1.437000036239624</ns3:Speed>
              </ns3:TPX>
            </Extensions>
          </Trackpoint>
          <Trackpoint>
            <Time>2026-03-02T07:59:14.000Z</Time>
            <Position>
              <LatitudeDegrees>51.763273095712066</LatitudeDegrees>
              <LongitudeDegrees>-0.2197842299938202</LongitudeDegrees>
            </Position>
            <AltitudeMeters>80.80000305175781</AltitudeMeters>
            <DistanceMeters>437.7699890136719</DistanceMeters>
            <HeartRateBpm>
              <Value>121</Value>
            </HeartRateBpm>
            <Extensions>
              <ns3:TPX>
                <ns3:Speed>1.4459999799728394</ns3:Speed>
              </ns3:TPX>
            </Extensions>
          </Trackpoint>
          <Trackpoint>
            <Time>2026-03-02T07:59:19.000Z</Time>
            <Position>
              <LatitudeDegrees>51.76326555199921</LatitudeDegrees>
              <LongitudeDegrees>-0.21988816559314728</LongitudeDegrees>
            </Position>
            <AltitudeMeters>81.0</AltitudeMeters>
            <DistanceMeters>444.92999267578125</DistanceMeters>
            <HeartRateBpm>
              <Value>118</Value>
            </HeartRateBpm>
            <Extensions>
              <ns3:TPX>
                <ns3:Speed>1.465000033378601</ns3:Speed>
              </ns3:TPX>
            </Extensions>
          </Trackpoint>
          <Trackpoint>
            <Time>2026-03-02T07:59:20.000Z</Time>
            <Position>
              <LatitudeDegrees>51.76326018758118</LatitudeDegrees>
              <LongitudeDegrees>-0.21990526467561722</LongitudeDegrees>
            </Position>
            <AltitudeMeters>81.0</AltitudeMeters>
            <DistanceMeters>446.2900085449219</DistanceMeters>
            <HeartRateBpm>
              <Value>115</Value>
            </HeartRateBpm>
            <Extensions>
              <ns3:TPX>
                <ns3:Speed>1.465000033378601</ns3:Speed>
              </ns3:TPX>
            </Extensions>
          </Trackpoint>
          <Trackpoint>
            <Time>2026-03-02T07:59:21.000Z</Time>
            <Position>
              <LatitudeDegrees>51.763254990801215</LatitudeDegrees>
              <LongitudeDegrees>-0.219920938834548</LongitudeDegrees>
            </Position>
            <AltitudeMeters>80.80000305175781</AltitudeMeters>
            <DistanceMeters>447.4800109863281</DistanceMeters>
            <HeartRateBpm>
              <Value>112</Value>
            </HeartRateBpm>
            <Extensions>
              <ns3:TPX>
                <ns3:Speed>1.465000033378601</ns3:Speed>
              </ns3:TPX>
            </Extensions>
          </Trackpoint>
          <Trackpoint>
            <Time>2026-03-02T07:59:23.000Z</Time>
            <Position>
              <LatitudeDegrees>51.76324333995581</LatitudeDegrees>
              <LongitudeDegrees>-0.2199629321694374</LongitudeDegrees>
            </Position>
            <AltitudeMeters>80.80000305175781</AltitudeMeters>
            <DistanceMeters>450.8800048828125</DistanceMeters>
            <HeartRateBpm>
              <Value>109</Value>
            </HeartRateBpm>
            <Extensions>
              <ns3:TPX>
                <ns3:Speed>1.465000033378601</ns3:Speed>
              </ns3:TPX>
            </Extensions>
          </Trackpoint>
          <Trackpoint>
            <Time>2026-03-02T07:59:24.000Z</Time>
            <Position>
              <LatitudeDegrees>51.76323805935681</LatitudeDegrees>
              <LongitudeDegrees>-0.21998095326125622</LongitudeDegrees>
            </Position>
            <AltitudeMeters>80.5999984741211</AltitudeMeters>
            <DistanceMeters>452.2799987792969</DistanceMeters>
            <HeartRateBpm>
              <Value>109</Value>
            </HeartRateBpm>
            <Extensions>
              <ns3:TPX>
                <ns3:Speed>1.465000033378601</ns3:Speed>
              </ns3:TPX>
            </Extensions>
          </Trackpoint>
          <Trackpoint>
            <Time>2026-03-02T07:59:34.000Z</Time>
            <Position>
              <LatitudeDegrees>51.763192377984524</LatitudeDegrees>
              <LongitudeDegrees>-0.22017373703420162</LongitudeDegrees>
            </Position>
            <AltitudeMeters>80.5999984741211</AltitudeMeters>
            <DistanceMeters>466.19000244140625</DistanceMeters>
            <HeartRateBpm>
              <Value>111</Value>
            </HeartRateBpm>
            <Extensions>
              <ns3:TPX>
                <ns3:Speed>1.465000033378601</ns3:Speed>
              </ns3:TPX>
            </Extensions>
          </Trackpoint>
          <Trackpoint>
            <Time>2026-03-02T07:59:44.000Z</Time>
            <Position>
              <LatitudeDegrees>51.763143092393875</LatitudeDegrees>
              <LongitudeDegrees>-0.22035461850464344</LongitudeDegrees>
            </Position>
            <AltitudeMeters>80.19999694824219</AltitudeMeters>
            <DistanceMeters>479.739990234375</DistanceMeters>
            <HeartRateBpm>
              <Value>113</Value>
            </HeartRateBpm>
            <Extensions>
              <ns3:TPX>
                <ns3:Speed>1.465000033378601</ns3:Speed>
              </ns3:TPX>
            </Extensions>
          </Trackpoint>
          <Trackpoint>
            <Time>2026-03-02T07:59:54.000Z</Time>
            <Position>
              <LatitudeDegrees>51.76309581845999</LatitudeDegrees>
              <LongitudeDegrees>-0.22057296708226204</LongitudeDegrees>
            </Position>
            <AltitudeMeters>80.0</AltitudeMeters>
            <DistanceMeters>495.5899963378906</DistanceMeters>
            <HeartRateBpm>
              <Value>112</Value>
            </HeartRateBpm>
            <Extensions>
              <ns3:TPX>
                <ns3:Speed>1.465000033378601</ns3:Speed>
              </ns3:TPX>
            </Extensions>
          </Trackpoint>
          <Trackpoint>
            <Time>2026-03-02T08:00:04.000Z</Time>
            <Position>
              <LatitudeDegrees>51.76310386508703</LatitudeDegrees>
              <LongitudeDegrees>-0.2207709476351738</LongitudeDegrees>
            </Position>
            <AltitudeMeters>80.19999694824219</AltitudeMeters>
            <DistanceMeters>509.95001220703125</DistanceMeters>
            <HeartRateBpm>
              <Value>111</Value>
            </HeartRateBpm>
            <Extensions>
              <ns3:TPX>
                <ns3:Speed>1.4930000305175781</ns3:Speed>
              </ns3:TPX>
            </Extensions>
          </Trackpoint>
          <Trackpoint>
            <Time>2026-03-02T08:00:13.000Z</Time>
            <Position>
              <LatitudeDegrees>51.76312481984496</LatitudeDegrees>
              <LongitudeDegrees>-0.22094747051596642</LongitudeDegrees>
            </Position>
            <AltitudeMeters>80.19999694824219</AltitudeMeters>
            <DistanceMeters>521.6799926757812</DistanceMeters>
            <HeartRateBpm>
              <Value>114</Value>
            </HeartRateBpm>
            <Extensions>
              <ns3:TPX>
                <ns3:Speed>1.4739999771118164</ns3:Speed>
              </ns3:TPX>
            </Extensions>
          </Trackpoint>
          <Trackpoint>
            <Time>2026-03-02T08:00:15.000Z</Time>
            <Position>
              <LatitudeDegrees>51.76313077099621</LatitudeDegrees>
              <LongitudeDegrees>-0.220991475507617</LongitudeDegrees>
            </Position>
            <AltitudeMeters>80.19999694824219</AltitudeMeters>
            <DistanceMeters>524.8499755859375</DistanceMeters>
            <HeartRateBpm>
              <Value>116</Value>
            </HeartRateBpm>
            <Extensions>
              <ns3:TPX>
                <ns3:Speed>1.465000033378601</ns3:Speed>
              </ns3:TPX>
            </Extensions>
          </Trackpoint>
          <Trackpoint>
            <Time>2026-03-02T08:00:25.000Z</Time>
            <Position>
              <LatitudeDegrees>51.76315491087735</LatitudeDegrees>
              <LongitudeDegrees>-0.22116003558039665</LongitudeDegrees>
            </Position>
            <AltitudeMeters>80.19999694824219</AltitudeMeters>
            <DistanceMeters>537.8599853515625</DistanceMeters>
            <HeartRateBpm>
              <Value>116</Value>
            </HeartRateBpm>
            <Extensions>
              <ns3:TPX>
                <ns3:Speed>1.4459999799728394</ns3:Speed>
              </ns3:TPX>
            </Extensions>
          </Trackpoint>
          <Trackpoint>
            <Time>2026-03-02T08:00:32.000Z</Time>
            <Position>
              <LatitudeDegrees>51.76316538825631</LatitudeDegrees>
              <LongitudeDegrees>-0.22132373414933681</LongitudeDegrees>
            </Position>
            <AltitudeMeters>80.19999694824219</AltitudeMeters>
            <DistanceMeters>547.760009765625</DistanceMeters>
            <HeartRateBpm>
              <Value>117</Value>
            </HeartRateBpm>
            <Extensions>
              <ns3:TPX>
                <ns3:Speed>1.4559999704360962</ns3:Speed>
              </ns3:TPX>
            </Extensions>
          </Trackpoint>
          <Trackpoint>
            <Time>2026-03-02T08:00:45.000Z</Time>
            <Position>
              <LatitudeDegrees>51.76318776793778</LatitudeDegrees>
              <LongitudeDegrees>-0.2215986605733633</LongitudeDegrees>
            </Position>
            <AltitudeMeters>80.19999694824219</AltitudeMeters>
            <DistanceMeters>567.4299926757812</DistanceMeters>
            <HeartRateBpm>
              <Value>117</Value>
            </HeartRateBpm>
            <Extensions>
              <ns3:TPX>
                <ns3:Speed>1.4559999704360962</ns3:Speed>
              </ns3:TPX>
            </Extensions>
          </Trackpoint>
          <Trackpoint>
            <Time>2026-03-02T08:00:51.000Z</Time>
            <Position>
              <LatitudeDegrees>51.7632108181715</LatitudeDegrees>
              <LongitudeDegrees>-0.22171600721776485</LongitudeDegrees>
            </Position>
            <AltitudeMeters>80.19999694824219</AltitudeMeters>
            <DistanceMeters>575.969970703125</DistanceMeters>
            <HeartRateBpm>
              <Value>114</Value>
            </HeartRateBpm>
            <Extensions>
              <ns3:TPX>
                <ns3:Speed>1.465000033378601</ns3:Speed>
              </ns3:TPX>
            </Extensions>
          </Trackpoint>
          <Trackpoint>
            <Time>2026-03-02T08:00:54.000Z</Time>
            <Position>
              <LatitudeDegrees>51.76322096027434</LatitudeDegrees>
              <LongitudeDegrees>-0.22178641520440578</LongitudeDegrees>
            </Position>
            <AltitudeMeters>80.19999694824219</AltitudeMeters>
            <DistanceMeters>581.4299926757812</DistanceMeters>
            <HeartRateBpm>
              <Value>114</Value>
            </HeartRateBpm>
            <Extensions>
              <ns3:TPX>
                <ns3:Speed>1.465000033378601</ns3:Speed>
              </ns3:TPX>
            </Extensions>
          </Trackpoint>
          <Trackpoint>
            <Time>2026-03-02T08:01:05.000Z</Time>
            <Position>
              <LatitudeDegrees>51.763228587806225</LatitudeDegrees>
              <LongitudeDegrees>-0.22199244238436222</LongitudeDegrees>
            </Position>
            <AltitudeMeters>80.4000015258789</AltitudeMeters>
            <DistanceMeters>595.0499877929688</DistanceMeters>
            <HeartRateBpm>
              <Value>112</Value>
            </HeartRateBpm>
            <Extensions>
              <ns3:TPX>
                <ns3:Speed>1.4559999704360962</ns3:Speed>
              </ns3:TPX>
            </Extensions>
          </Trackpoint>
          <Trackpoint>
            <Time>2026-03-02T08:01:11.000Z</Time>
            <Position>
              <LatitudeDegrees>51.76323034800589</LatitudeDegrees>
              <LongitudeDegrees>-0.2221104595810175</LongitudeDegrees>
            </Position>
            <AltitudeMeters>80.80000305175781</AltitudeMeters>
            <DistanceMeters>603.4299926757812</DistanceMeters>
            <HeartRateBpm>
              <Value>113</Value>
            </HeartRateBpm>
            <Extensions>
              <ns3:TPX>
                <ns3:Speed>1.4459999799728394</ns3:Speed>
              </ns3:TPX>
            </Extensions>
          </Trackpoint>
          <Trackpoint>
            <Time>2026-03-02T08:01:15.000Z</Time>
            <Position>
              <LatitudeDegrees>51.76323554478586</LatitudeDegrees>
              <LongitudeDegrees>-0.2221671212464571</LongitudeDegrees>
            </Position>
            <AltitudeMeters>81.19999694824219</AltitudeMeters>
            <DistanceMeters>607.3099975585938</DistanceMeters>
            <HeartRateBpm>
              <Value>114</Value>
            </HeartRateBpm>
            <Extensions>
              <ns3:TPX>
                <ns3:Speed>1.4279999732971191</ns3:Speed>
              </ns3:TPX>
            </Extensions>
          </Trackpoint>
          <Trackpoint>
            <Time>2026-03-02T08:01:16.000Z</Time>
            <Position>
              <LatitudeDegrees>51.76323965191841</LatitudeDegrees>
              <LongitudeDegrees>-0.22216611541807652</LongitudeDegrees>
            </Position>
            <AltitudeMeters>81.19999694824219</AltitudeMeters>
            <DistanceMeters>607.3099975585938</DistanceMeters>
            <HeartRateBpm>
              <Value>118</Value>
            </HeartRateBpm>
            <Extensions>
              <ns3:TPX>
                <ns3:Speed>1.4279999732971191</ns3:Speed>
              </ns3:TPX>
            </Extensions>
          </Trackpoint>
          <Trackpoint>
            <Time>2026-03-02T08:01:17.000Z</Time>
            <Position>
              <LatitudeDegrees>51.763240825384855</LatitudeDegrees>
              <LongitudeDegrees>-0.22216284647583961</LongitudeDegrees>
            </Position>
            <AltitudeMeters>81.19999694824219</AltitudeMeters>
            <DistanceMeters>607.3099975585938</DistanceMeters>
            <HeartRateBpm>
              <Value>118</Value>
            </HeartRateBpm>
            <Extensions>
              <ns3:TPX>
                <ns3:Speed>1.409000039100647</ns3:Speed>
              </ns3:TPX>
            </Extensions>
          </Trackpoint>
          <Trackpoint>
            <Time>2026-03-02T08:01:19.000Z</Time>
            <Position>
              <LatitudeDegrees>51.76323194056749</LatitudeDegrees>
              <LongitudeDegrees>-0.22216410376131535</LongitudeDegrees>
            </Position>
            <AltitudeMeters>81.19999694824219</AltitudeMeters>
            <DistanceMeters>607.5700073242188</DistanceMeters>
            <HeartRateBpm>
              <Value>119</Value>
            </HeartRateBpm>
            <Extensions>
              <ns3:TPX>
                <ns3:Speed>1.3619999885559082</ns3:Speed>
              </ns3:TPX>
            </Extensions>
          </Trackpoint>
          <Trackpoint>
            <Time>2026-03-02T08:01:22.000Z</Time>
            <Position>
              <LatitudeDegrees>51.763203693553805</LatitudeDegrees>
              <LongitudeDegrees>-0.2222144789993763</LongitudeDegrees>
            </Position>
            <AltitudeMeters>81.19999694824219</AltitudeMeters>
            <DistanceMeters>611.97998046875</DistanceMeters>
            <HeartRateBpm>
              <Value>122</Value>
            </HeartRateBpm>
            <Extensions>
              <ns3:TPX>
                <ns3:Speed>1.1380000114440918</ns3:Speed>
              </ns3:TPX>
            </Extensions>
          </Trackpoint>
          <Trackpoint>
            <Time>2026-03-02T08:01:27.000Z</Time>
            <Position>
              <LatitudeDegrees>51.76317695528269</LatitudeDegrees>
              <LongitudeDegrees>-0.22228949703276157</LongitudeDegrees>
            </Position>
            <AltitudeMeters>81.0</AltitudeMeters>
            <DistanceMeters>618.4600219726562</DistanceMeters>
            <HeartRateBpm>
              <Value>125</Value>
            </HeartRateBpm>
            <Extensions>
              <ns3:TPX>
                <ns3:Speed>1.4279999732971191</ns3:Speed>
              </ns3:TPX>
            </Extensions>
          </Trackpoint>
          <Trackpoint>
            <Time>2026-03-02T08:01:29.000Z</Time>
            <Position>
              <LatitudeDegrees>51.76318827085197</LatitudeDegrees>
              <LongitudeDegrees>-0.22232763469219208</LongitudeDegrees>
            </Position>
            <AltitudeMeters>80.80000305175781</AltitudeMeters>
            <DistanceMeters>621.1900024414062</DistanceMeters>
            <HeartRateBpm>
              <Value>126</Value>
            </HeartRateBpm>
            <Extensions>
              <ns3:TPX>
                <ns3:Speed>1.437000036239624</ns3:Speed>
              </ns3:TPX>
            </Extensions>
          </Trackpoint>
          <Trackpoint>
            <Time>2026-03-02T08:01:31.000Z</Time>
            <Position>
              <LatitudeDegrees>51.76319514401257</LatitudeDegrees>
              <LongitudeDegrees>-0.2223686221987009</LongitudeDegrees>
            </Position>
            <AltitudeMeters>80.80000305175781</AltitudeMeters>
            <DistanceMeters>624.530029296875</DistanceMeters>
            <HeartRateBpm>
              <Value>126</Value>
            </HeartRateBpm>
            <Extensions>
              <ns3:TPX>
                <ns3:Speed>1.4930000305175781</ns3:Speed>
              </ns3:TPX>
            </Extensions>
          </Trackpoint>
          <Trackpoint>
            <Time>2026-03-02T08:01:33.000Z</Time>
            <Position>
              <LatitudeDegrees>51.763197826221585</LatitudeDegrees>
              <LongitudeDegrees>-0.2224072627723217</LongitudeDegrees>
            </Position>
            <AltitudeMeters>80.80000305175781</AltitudeMeters>
            <DistanceMeters>627.0499877929688</DistanceMeters>
            <HeartRateBpm>
              <Value>123</Value>
            </HeartRateBpm>
            <Extensions>
              <ns3:TPX>
                <ns3:Speed>1.5119999647140503</ns3:Speed>
              </ns3:TPX>
            </Extensions>
          </Trackpoint>
          <Trackpoint>
            <Time>2026-03-02T08:01:36.000Z</Time>
            <Position>
              <LatitudeDegrees>51.763201262801886</LatitudeDegrees>
              <LongitudeDegrees>-0.22244690917432308</LongitudeDegrees>
            </Position>
            <AltitudeMeters>80.5999984741211</AltitudeMeters>
            <DistanceMeters>630.0800170898438</DistanceMeters>
            <HeartRateBpm>
              <Value>120</Value>
            </HeartRateBpm>
            <Extensions>
              <ns3:TPX>
                <ns3:Speed>1.4559999704360962</ns3:Speed>
              </ns3:TPX>
            </Extensions>
          </Trackpoint>
          <Trackpoint>
            <Time>2026-03-02T08:01:41.000Z</Time>
            <Position>
              <LatitudeDegrees>51.763193886727095</LatitudeDegrees>
              <LongitudeDegrees>-0.22259468212723732</LongitudeDegrees>
            </Position>
            <AltitudeMeters>80.80000305175781</AltitudeMeters>
            <DistanceMeters>640.0599975585938</DistanceMeters>
            <HeartRateBpm>
              <Value>119</Value>
            </HeartRateBpm>
            <Extensions>
              <ns3:TPX>
                <ns3:Speed>1.4559999704360962</ns3:Speed>
              </ns3:TPX>
            </Extensions>
          </Trackpoint>
          <Trackpoint>
            <Time>2026-03-02T08:01:51.000Z</Time>
            <Position>
              <LatitudeDegrees>51.76319271326065</LatitudeDegrees>
              <LongitudeDegrees>-0.22282803431153297</LongitudeDegrees>
            </Position>
            <AltitudeMeters>80.80000305175781</AltitudeMeters>
            <DistanceMeters>656.719970703125</DistanceMeters>
            <HeartRateBpm>
              <Value>119</Value>
            </HeartRateBpm>
            <Extensions>
              <ns3:TPX>
                <ns3:Speed>1.5399999618530273</ns3:Speed>
              </ns3:TPX>
            </Extensions>
          </Trackpoint>
          <Trackpoint>
            <Time>2026-03-02T08:02:01.000Z</Time>
            <Position>
              <LatitudeDegrees>51.7632195353508</LatitudeDegrees>
              <LongitudeDegrees>-0.22303649224340916</LongitudeDegrees>
            </Position>
            <AltitudeMeters>80.80000305175781</AltitudeMeters>
            <DistanceMeters>671.25</DistanceMeters>
            <HeartRateBpm>
              <Value>120</Value>
            </HeartRateBpm>
            <Extensions>
              <ns3:TPX>
                <ns3:Speed>1.5019999742507935</ns3:Speed>
              </ns3:TPX>
            </Extensions>
          </Trackpoint>
          <Trackpoint>
            <Time>2026-03-02T08:02:08.000Z</Time>
            <Position>
              <LatitudeDegrees>51.76322431303561</LatitudeDegrees>
              <LongitudeDegrees>-0.22317202761769295</LongitudeDegrees>
            </Position>
            <AltitudeMeters>81.4000015258789</AltitudeMeters>
            <DistanceMeters>680.4299926757812</DistanceMeters>
            <HeartRateBpm>
              <Value>119</Value>
            </HeartRateBpm>
            <Extensions>
              <ns3:TPX>
                <ns3:Speed>1.4930000305175781</ns3:Speed>
              </ns3:TPX>
            </Extensions>
          </Trackpoint>
          <Trackpoint>
            <Time>2026-03-02T08:02:20.000Z</Time>
            <Position>
              <LatitudeDegrees>51.763220792636275</LatitudeDegrees>
              <LongitudeDegrees>-0.22343060933053493</LongitudeDegrees>
            </Position>
            <AltitudeMeters>81.19999694824219</AltitudeMeters>
            <DistanceMeters>699.9500122070312</DistanceMeters>
            <HeartRateBpm>
              <Value>121</Value>
            </HeartRateBpm>
            <Extensions>
              <ns3:TPX>
                <ns3:Speed>1.4839999675750732</ns3:Speed>
              </ns3:TPX>
            </Extensions>
          </Trackpoint>
          <Trackpoint>
            <Time>2026-03-02T08:02:29.000Z</Time>
            <Position>
              <LatitudeDegrees>51.763242334127426</LatitudeDegrees>
              <LongitudeDegrees>-0.2236443478614092</LongitudeDegrees>
            </Position>
            <AltitudeMeters>80.80000305175781</AltitudeMeters>
            <DistanceMeters>713.4000244140625</DistanceMeters>
            <HeartRateBpm>
              <Value>122</Value>
            </HeartRateBpm>
            <Extensions>
              <ns3:TPX>
                <ns3:Speed>1.4930000305175781</ns3:Speed>
              </ns3:TPX>
            </Extensions>
          </Trackpoint>
          <Trackpoint>
            <Time>2026-03-02T08:02:38.000Z</Time>
            <Position>
              <LatitudeDegrees>51.763251051306725</LatitudeDegrees>
              <LongitudeDegrees>-0.22381491959095</LongitudeDegrees>
            </Position>
            <AltitudeMeters>81.0</AltitudeMeters>
            <DistanceMeters>726.4500122070312</DistanceMeters>
            <HeartRateBpm>
              <Value>123</Value>
            </HeartRateBpm>
            <Extensions>
              <ns3:TPX>
                <ns3:Speed>1.5119999647140503</ns3:Speed>
              </ns3:TPX>
            </Extensions>
          </Trackpoint>
          <Trackpoint>
            <Time>2026-03-02T08:02:46.000Z</Time>
            <Position>
              <LatitudeDegrees>51.76315952092409</LatitudeDegrees>
              <LongitudeDegrees>-0.22391810081899166</LongitudeDegrees>
            </Position>
            <AltitudeMeters>81.4000015258789</AltitudeMeters>
            <DistanceMeters>737.5700073242188</DistanceMeters>
            <HeartRateBpm>
              <Value>122</Value>
            </HeartRateBpm>
            <Extensions>
              <ns3:TPX>
                <ns3:Speed>1.4930000305175781</ns3:Speed>
              </ns3:TPX>
            </Extensions>
          </Trackpoint>
          <Trackpoint>
            <Time>2026-03-02T08:02:56.000Z</Time>
            <Position>
              <LatitudeDegrees>51.76304318010807</LatitudeDegrees>
              <LongitudeDegrees>-0.22401390597224236</LongitudeDegrees>
            </Position>
            <AltitudeMeters>81.4000015258789</AltitudeMeters>
            <DistanceMeters>754.3699951171875</DistanceMeters>
            <HeartRateBpm>
              <Value>119</Value>
            </HeartRateBpm>
            <Extensions>
              <ns3:TPX>
                <ns3:Speed>1.5399999618530273</ns3:Speed>
              </ns3:TPX>
            </Extensions>
          </Trackpoint>
          <Trackpoint>
            <Time>2026-03-02T08:03:00.000Z</Time>
            <Position>
              <LatitudeDegrees>51.763004790991545</LatitudeDegrees>
              <LongitudeDegrees>-0.22404483519494534</LongitudeDegrees>
            </Position>
            <AltitudeMeters>81.4000015258789</AltitudeMeters>
            <DistanceMeters>758.8400268554688</DistanceMeters>
            <HeartRateBpm>
              <Value>122</Value>
            </HeartRateBpm>
            <Extensions>
              <ns3:TPX>
                <ns3:Speed>1.5299999713897705</ns3:Speed>
              </ns3:TPX>
            </Extensions>
          </Trackpoint>
          <Trackpoint>
            <Time>2026-03-02T08:03:05.000Z</Time>
            <Position>
              <LatitudeDegrees>51.76295458339155</LatitudeDegrees>
              <LongitudeDegrees>-0.22410426288843155</LongitudeDegrees>
            </Position>
            <AltitudeMeters>81.19999694824219</AltitudeMeters>
            <DistanceMeters>764.030029296875</DistanceMeters>
            <HeartRateBpm>
              <Value>122</Value>
            </HeartRateBpm>
            <Extensions>
              <ns3:TPX>
                <ns3:Speed>1.4839999675750732</ns3:Speed>
              </ns3:TPX>
            </Extensions>
          </Trackpoint>
          <Trackpoint>
            <Time>2026-03-02T08:03:17.000Z</Time>
            <Position>
              <LatitudeDegrees>51.76283111795783</LatitudeDegrees>
              <LongitudeDegrees>-0.22417391650378704</LongitudeDegrees>
            </Position>
            <AltitudeMeters>81.5999984741211</AltitudeMeters>
            <DistanceMeters>779.7000122070312</DistanceMeters>
            <HeartRateBpm>
              <Value>122</Value>
            </HeartRateBpm>
            <Extensions>
              <ns3:TPX>
                <ns3:Speed>1.4459999799728394</ns3:Speed>
              </ns3:TPX>
            </Extensions>
          </Trackpoint>
          <Trackpoint>
            <Time>2026-03-02T08:03:26.000Z</Time>
            <Position>
              <LatitudeDegrees>51.762720393016934</LatitudeDegrees>
              <LongitudeDegrees>-0.2242287341505289</LongitudeDegrees>
            </Position>
            <AltitudeMeters>81.4000015258789</AltitudeMeters>
            <DistanceMeters>791.6400146484375</DistanceMeters>
            <HeartRateBpm>
              <Value>122</Value>
            </HeartRateBpm>
            <Extensions>
              <ns3:TPX>
                <ns3:Speed>1.409000039100647</ns3:Speed>
              </ns3:TPX>
            </Extensions>
          </Trackpoint>
          <Trackpoint>
            <Time>2026-03-02T08:03:32.000Z</Time>
            <Position>
              <LatitudeDegrees>51.76264747045934</LatitudeDegrees>
              <LongitudeDegrees>-0.22430861368775368</LongitudeDegrees>
            </Position>
            <AltitudeMeters>81.19999694824219</AltitudeMeters>
            <DistanceMeters>801.7999877929688</DistanceMeters>
            <HeartRateBpm>
              <Value>125</Value>
            </HeartRateBpm>
            <Extensions>
              <ns3:TPX>
                <ns3:Speed>1.4179999828338623</ns3:Speed>
              </ns3:TPX>
            </Extensions>
          </Trackpoint>
          <Trackpoint>
            <Time>2026-03-02T08:03:35.000Z</Time>
            <Position>
              <LatitudeDegrees>51.76262961700559</LatitudeDegrees>
              <LongitudeDegrees>-0.22435253486037254</LongitudeDegrees>
            </Position>
            <AltitudeMeters>81.19999694824219</AltitudeMeters>
            <DistanceMeters>805.6900024414062</DistanceMeters>
            <HeartRateBpm>
              <Value>125</Value>
            </HeartRateBpm>
            <Extensions>
              <ns3:TPX>
                <ns3:Speed>1.4279999732971191</ns3:Speed>
              </ns3:TPX>
            </Extensions>
          </Trackpoint>
          <Trackpoint>
            <Time>2026-03-02T08:03:43.000Z</Time>
            <Position>
              <LatitudeDegrees>51.76254093647003</LatitudeDegrees>
              <LongitudeDegrees>-0.22447239607572556</LongitudeDegrees>
            </Position>
            <AltitudeMeters>80.80000305175781</AltitudeMeters>
            <DistanceMeters>818.2100219726562</DistanceMeters>
            <HeartRateBpm>
              <Value>124</Value>
            </HeartRateBpm>
            <Extensions>
              <ns3:TPX>
                <ns3:Speed>1.4459999799728394</ns3:Speed>
              </ns3:TPX>
            </Extensions>
          </Trackpoint>
          <Trackpoint>
            <Time>2026-03-02T08:03:51.000Z</Time>
            <Position>
              <LatitudeDegrees>51.762472623959184</LatitudeDegrees>
              <LongitudeDegrees>-0.22460466250777245</LongitudeDegrees>
            </Position>
            <AltitudeMeters>80.4000015258789</AltitudeMeters>
            <DistanceMeters>829.8099975585938</DistanceMeters>
            <HeartRateBpm>
              <Value>121</Value>
            </HeartRateBpm>
            <Extensions>
              <ns3:TPX>
                <ns3:Speed>1.4559999704360962</ns3:Speed>
              </ns3:TPX>
            </Extensions>
          </Trackpoint>
          <Trackpoint>
            <Time>2026-03-02T08:03:54.000Z</Time>
            <Position>
              <LatitudeDegrees>51.76245083101094</LatitudeDegrees>
              <LongitudeDegrees>-0.22466727532446384</LongitudeDegrees>
            </Position>
            <AltitudeMeters>80.5999984741211</AltitudeMeters>
            <DistanceMeters>835.0900268554688</DistanceMeters>
            <HeartRateBpm>
              <Value>119</Value>
            </HeartRateBpm>
            <Extensions>
              <ns3:TPX>
                <ns3:Speed>1.4559999704360962</ns3:Speed>
              </ns3:TPX>
            </Extensions>
          </Trackpoint>
          <Trackpoint>
            <Time>2026-03-02T08:04:00.000Z</Time>
            <Position>
              <LatitudeDegrees>51.762408167123795</LatitudeDegrees>
              <LongitudeDegrees>-0.22476433776319027</LongitudeDegrees>
            </Position>
            <AltitudeMeters>80.19999694824219</AltitudeMeters>
            <DistanceMeters>843.469970703125</DistanceMeters>
            <HeartRateBpm>
              <Value>116</Value>
            </HeartRateBpm>
            <Extensions>
              <ns3:TPX>
                <ns3:Speed>1.465000033378601</ns3:Speed>
              </ns3:TPX>
            </Extensions>
          </Trackpoint>
          <Trackpoint>
            <Time>2026-03-02T08:04:06.000Z</Time>
            <Position>
              <LatitudeDegrees>51.762366676703095</LatitudeDegrees>
              <LongitudeDegrees>-0.22486550733447075</LongitudeDegrees>
            </Position>
            <AltitudeMeters>80.5999984741211</AltitudeMeters>
            <DistanceMeters>851.9000244140625</DistanceMeters>
            <HeartRateBpm>
              <Value>116</Value>
            </HeartRateBpm>
            <Extensions>
              <ns3:TPX>
                <ns3:Speed>1.4559999704360962</ns3:Speed>
              </ns3:TPX>
            </Extensions>
          </Trackpoint>
          <Trackpoint>
            <Time>2026-03-02T08:04:15.000Z</Time>
            <Position>
              <LatitudeDegrees>51.76232133060694</LatitudeDegrees>
              <LongitudeDegrees>-0.22499081678688526</LongitudeDegrees>
            </Position>
            <AltitudeMeters>80.5999984741211</AltitudeMeters>
            <DistanceMeters>863.02001953125</DistanceMeters>
            <HeartRateBpm>
              <Value>117</Value>
            </HeartRateBpm>
            <Extensions>
              <ns3:TPX>
                <ns3:Speed>1.437000036239624</ns3:Speed>
              </ns3:TPX>
            </Extensions>
          </Trackpoint>
          <Trackpoint>
            <Time>2026-03-02T08:04:25.000Z</Time>
            <Position>
              <LatitudeDegrees>51.76225150935352</LatitudeDegrees>
              <LongitudeDegrees>-0.2251925691962242</LongitudeDegrees>
            </Position>
            <AltitudeMeters>81.0</AltitudeMeters>
            <DistanceMeters>876.47998046875</DistanceMeters>
            <HeartRateBpm>
              <Value>118</Value>
            </HeartRateBpm>
            <Extensions>
              <ns3:TPX>
                <ns3:Speed>1.4179999828338623</ns3:Speed>
              </ns3:TPX>
            </Extensions>
          </Trackpoint>
          <Trackpoint>
            <Time>2026-03-02T08:04:34.000Z</Time>
            <Position>
              <LatitudeDegrees>51.76221437752247</LatitudeDegrees>
              <LongitudeDegrees>-0.2253548428416252</LongitudeDegrees>
            </Position>
            <AltitudeMeters>81.19999694824219</AltitudeMeters>
            <DistanceMeters>890.1199951171875</DistanceMeters>
            <HeartRateBpm>
              <Value>120</Value>
            </HeartRateBpm>
            <Extensions>
              <ns3:TPX>
                <ns3:Speed>1.4179999828338623</ns3:Speed>
              </ns3:TPX>
            </Extensions>
          </Trackpoint>
          <Trackpoint>
            <Time>2026-03-02T08:04:40.000Z</Time>
            <Position>
              <LatitudeDegrees>51.76222326233983</LatitudeDegrees>
              <LongitudeDegrees>-0.22539247758686543</LongitudeDegrees>
            </Position>
            <AltitudeMeters>80.80000305175781</AltitudeMeters>
            <DistanceMeters>893.2100219726562</DistanceMeters>
            <HeartRateBpm>
              <Value>119</Value>
            </HeartRateBpm>
            <Extensions>
              <ns3:TPX>
                <ns3:Speed>1.3530000448226929</ns3:Speed>
              </ns3:TPX>
            </Extensions>
          </Trackpoint>
          <Trackpoint>
            <Time>2026-03-02T08:04:49.000Z</Time>
            <Position>
              <LatitudeDegrees>51.76225117407739</LatitudeDegrees>
              <LongitudeDegrees>-0.22542038932442665</LongitudeDegrees>
            </Position>
            <AltitudeMeters>81.0</AltitudeMeters>
            <DistanceMeters>897.27001953125</DistanceMeters>
            <HeartRateBpm>
              <Value>119</Value>
            </HeartRateBpm>
            <Extensions>
              <ns3:TPX>
                <ns3:Speed>0.0</ns3:Speed>
              </ns3:TPX>
            </Extensions>
          </Trackpoint>
          <Trackpoint>
            <Time>2026-03-02T08:04:52.000Z</Time>
            <Position>
              <LatitudeDegrees>51.762287467718124</LatitudeDegrees>
              <LongitudeDegrees>-0.2254511509090662</LongitudeDegrees>
            </Position>
            <AltitudeMeters>81.0</AltitudeMeters>
            <DistanceMeters>901.8900146484375</DistanceMeters>
            <HeartRateBpm>
              <Value>116</Value>
            </HeartRateBpm>
            <Extensions>
              <ns3:TPX>
                <ns3:Speed>1.4459999799728394</ns3:Speed>
              </ns3:TPX>
            </Extensions>
          </Trackpoint>
          <Trackpoint>
            <Time>2026-03-02T08:04:54.000Z</Time>
            <Position>
              <LatitudeDegrees>51.76231705583632</LatitudeDegrees>
              <LongitudeDegrees>-0.2254772186279297</LongitudeDegrees>
            </Position>
            <AltitudeMeters>80.80000305175781</AltitudeMeters>
            <DistanceMeters>905.3900146484375</DistanceMeters>
            <HeartRateBpm>
              <Value>113</Value>
            </HeartRateBpm>
            <Extensions>
              <ns3:TPX>
                <ns3:Speed>1.4459999799728394</ns3:Speed>
              </ns3:TPX>
            </Extensions>
          </Trackpoint>
          <Trackpoint>
            <Time>2026-03-02T08:04:57.000Z</Time>
            <Position>
              <LatitudeDegrees>51.76234588958323</LatitudeDegrees>
              <LongitudeDegrees>-0.22553346119821072</LongitudeDegrees>
            </Position>
            <AltitudeMeters>80.5999984741211</AltitudeMeters>
            <DistanceMeters>910.6900024414062</DistanceMeters>
            <HeartRateBpm>
              <Value>116</Value>
            </HeartRateBpm>
            <Extensions>
              <ns3:TPX>
                <ns3:Speed>1.5579999685287476</ns3:Speed>
              </ns3:TPX>
            </Extensions>
          </Trackpoint>
          <Trackpoint>
            <Time>2026-03-02T08:04:58.000Z</Time>
            <Position>
              <LatitudeDegrees>51.76234932616353</LatitudeDegrees>
              <LongitudeDegrees>-0.22554930299520493</LongitudeDegrees>
            </Position>
            <AltitudeMeters>80.5999984741211</AltitudeMeters>
            <DistanceMeters>912.1300048828125</DistanceMeters>
            <HeartRateBpm>
              <Value>116</Value>
            </HeartRateBpm>
            <Extensions>
              <ns3:TPX>
                <ns3:Speed>1.5579999685287476</ns3:Speed>
              </ns3:TPX>
            </Extensions>
          </Trackpoint>
          <Trackpoint>
            <Time>2026-03-02T08:05:05.000Z</Time>
            <Position>
              <LatitudeDegrees>51.76230322569609</LatitudeDegrees>
              <LongitudeDegrees>-0.22565357387065887</LongitudeDegrees>
            </Position>
            <AltitudeMeters>81.0</AltitudeMeters>
            <DistanceMeters>920.3900146484375</DistanceMeters>
            <HeartRateBpm>
              <Value>116</Value>
            </HeartRateBpm>
            <Extensions>
              <ns3:TPX>
                <ns3:Speed>1.343999981880188</ns3:Speed>
              </ns3:TPX>
            </Extensions>
          </Trackpoint>
          <Trackpoint>
            <Time>2026-03-02T08:05:13.000Z</Time>
            <Position>
              <LatitudeDegrees>51.76226391457021</LatitudeDegrees>
              <LongitudeDegrees>-0.22577988915145397</LongitudeDegrees>
            </Position>
            <AltitudeMeters>80.80000305175781</AltitudeMeters>
            <DistanceMeters>931.6900024414062</DistanceMeters>
            <HeartRateBpm>
              <Value>114</Value>
            </HeartRateBpm>
            <Extensions>
              <ns3:TPX>
                <ns3:Speed>1.3899999856948853</ns3:Speed>
              </ns3:TPX>
            </Extensions>
          </Trackpoint>
          <Trackpoint>
            <Time>2026-03-02T08:05:24.000Z</Time>
            <Position>
              <LatitudeDegrees>51.76222711801529</LatitudeDegrees>
              <LongitudeDegrees>-0.2260135766118765</LongitudeDegrees>
            </Position>
            <AltitudeMeters>81.19999694824219</AltitudeMeters>
            <DistanceMeters>946.489990234375</DistanceMeters>
            <HeartRateBpm>
              <Value>114</Value>
            </HeartRateBpm>
            <Extensions>
              <ns3:TPX>
                <ns3:Speed>1.343999981880188</ns3:Speed>
              </ns3:TPX>
            </Extensions>
          </Trackpoint>
          <Trackpoint>
            <Time>2026-03-02T08:05:34.000Z</Time>
            <Position>
              <LatitudeDegrees>51.762186801061034</LatitudeDegrees>
              <LongitudeDegrees>-0.2261874172836542</LongitudeDegrees>
            </Position>
            <AltitudeMeters>81.4000015258789</AltitudeMeters>
            <DistanceMeters>958.6400146484375</DistanceMeters>
            <HeartRateBpm>
              <Value>116</Value>
            </HeartRateBpm>
            <Extensions>
              <ns3:TPX>
                <ns3:Speed>1.2970000505447388</ns3:Speed>
              </ns3:TPX>
            </Extensions>
          </Trackpoint>
          <Trackpoint>
            <Time>2026-03-02T08:05:42.000Z</Time>
            <Position>
              <LatitudeDegrees>51.762174563482404</LatitudeDegrees>
              <LongitudeDegrees>-0.22638036869466305</LongitudeDegrees>
            </Position>
            <AltitudeMeters>81.19999694824219</AltitudeMeters>
            <DistanceMeters>972.8699951171875</DistanceMeters>
            <HeartRateBpm>
              <Value>117</Value>
            </HeartRateBpm>
            <Extensions>
              <ns3:TPX>
                <ns3:Speed>1.3250000476837158</ns3:Speed>
              </ns3:TPX>
            </Extensions>
          </Trackpoint>
          <Trackpoint>
            <Time>2026-03-02T08:05:50.000Z</Time>
            <Position>
              <LatitudeDegrees>51.76215109415352</LatitudeDegrees>
              <LongitudeDegrees>-0.22654708474874496</LongitudeDegrees>
            </Position>
            <AltitudeMeters>81.4000015258789</AltitudeMeters>
            <DistanceMeters>984.72998046875</DistanceMeters>
            <HeartRateBpm>
              <Value>117</Value>
            </HeartRateBpm>
            <Extensions>
              <ns3:TPX>
                <ns3:Speed>1.3619999885559082</ns3:Speed>
              </ns3:TPX>
            </Extensions>
          </Trackpoint>
          <Trackpoint>
            <Time>2026-03-02T08:06:01.000Z</Time>
            <Position>
              <LatitudeDegrees>51.76212687045336</LatitudeDegrees>
              <LongitudeDegrees>-0.226766774430871</LongitudeDegrees>
            </Position>
            <AltitudeMeters>81.4000015258789</AltitudeMeters>
            <DistanceMeters>1000.6699829101562</DistanceMeters>
            <HeartRateBpm>
              <Value>118</Value>
            </HeartRateBpm>
            <Extensions>
              <ns3:TPX>
                <ns3:Speed>1.3899999856948853</ns3:Speed>
              </ns3:TPX>
            </Extensions>
          </Trackpoint>
          <Trackpoint>
            <Time>2026-03-02T08:06:02.000Z</Time>
            <Position>
              <LatitudeDegrees>51.762126786634326</LatitudeDegrees>
              <LongitudeDegrees>-0.22678001783788204</LongitudeDegrees>
            </Position>
            <AltitudeMeters>81.19999694824219</AltitudeMeters>
            <DistanceMeters>1001.9299926757812</DistanceMeters>
            <HeartRateBpm>
              <Value>118</Value>
            </HeartRateBpm>
            <Extensions>
              <ns3:TPX>
                <ns3:Speed>1.3899999856948853</ns3:Speed>
              </ns3:TPX>
            </Extensions>
          </Trackpoint>
        </Track>
        <Extensions>
          <ns3:LX>
            <ns3:AvgSpeed>1.3179999589920044</ns3:AvgSpeed>
            <ns3:AvgRunCadence>46</ns3:AvgRunCadence>
            <ns3:MaxRunCadence>65</ns3:MaxRunCadence>
          </ns3:LX>
        </Extensions>
      </Lap>
      <Lap StartTime="2026-03-02T08:06:02.000Z">
        <TotalTimeSeconds>714.529</TotalTimeSeconds>
        <DistanceMeters>1000.0</DistanceMeters>
        <MaximumSpeed>1.5210000276565552</MaximumSpeed>
        <Calories>60</Calories>
        <AverageHeartRateBpm>
          <Value>111</Value>
        </AverageHeartRateBpm>
        <MaximumHeartRateBpm>
          <Value>129</Value>
        </MaximumHeartRateBpm>
        <Intensity>Active</Intensity>
        <TriggerMethod>Manual</TriggerMethod>
        <Track>
          <Trackpoint>
            <Time>2026-03-02T08:06:02.000Z</Time>
            <Position>
              <LatitudeDegrees>51.762126786634326</LatitudeDegrees>
              <LongitudeDegrees>-0.22678001783788204</LongitudeDegrees>
            </Position>
            <AltitudeMeters>81.19999694824219</AltitudeMeters>
            <DistanceMeters>1001.9299926757812</DistanceMeters>
            <HeartRateBpm>
              <Value>118</Value>
            </HeartRateBpm>
            <Extensions>
              <ns3:TPX>
                <ns3:Speed>1.3899999856948853</ns3:Speed>
              </ns3:TPX>
            </Extensions>
          </Trackpoint>
          <Trackpoint>
            <Time>2026-03-02T08:06:09.000Z</Time>
            <Position>
              <LatitudeDegrees>51.76213910803199</LatitudeDegrees>
              <LongitudeDegrees>-0.2269365917891264</LongitudeDegrees>
            </Position>
            <AltitudeMeters>81.4000015258789</AltitudeMeters>
            <DistanceMeters>1011.9299926757812</DistanceMeters>
            <HeartRateBpm>
              <Value>118</Value>
            </HeartRateBpm>
            <Extensions>
              <ns3:TPX>
                <ns3:Speed>1.3899999856948853</ns3:Speed>
              </ns3:TPX>
            </Extensions>
          </Trackpoint>
          <Trackpoint>
            <Time>2026-03-02T08:06:18.000Z</Time>
            <Position>
              <LatitudeDegrees>51.76214212551713</LatitudeDegrees>
              <LongitudeDegrees>-0.22714320570230484</LongitudeDegrees>
            </Position>
            <AltitudeMeters>81.19999694824219</AltitudeMeters>
            <DistanceMeters>1026.6700439453125</DistanceMeters>
            <HeartRateBpm>
              <Value>118</Value>
            </HeartRateBpm>
            <Extensions>
              <ns3:TPX>
                <ns3:Speed>1.4279999732971191</ns3:Speed>
              </ns3:TPX>
            </Extensions>
          </Trackpoint>
          <Trackpoint>
            <Time>2026-03-02T08:06:26.000Z</Time>
            <Position>
              <LatitudeDegrees>51.76215193234384</LatitudeDegrees>
              <LongitudeDegrees>-0.22727681323885918</LongitudeDegrees>
            </Position>
            <AltitudeMeters>81.80000305175781</AltitudeMeters>
            <DistanceMeters>1035.699951171875</DistanceMeters>
            <HeartRateBpm>
              <Value>116</Value>
            </HeartRateBpm>
            <Extensions>
              <ns3:TPX>
                <ns3:Speed>1.4279999732971191</ns3:Speed>
              </ns3:TPX>
            </Extensions>
          </Trackpoint>
          <Trackpoint>
            <Time>2026-03-02T08:06:30.000Z</Time>
            <Position>
              <LatitudeDegrees>51.7621507588774</LatitudeDegrees>
              <LongitudeDegrees>-0.22737362422049046</LongitudeDegrees>
            </Position>
            <AltitudeMeters>81.80000305175781</AltitudeMeters>
            <DistanceMeters>1042.77001953125</DistanceMeters>
            <HeartRateBpm>
              <Value>114</Value>
            </HeartRateBpm>
            <Extensions>
              <ns3:TPX>
                <ns3:Speed>1.4179999828338623</ns3:Speed>
              </ns3:TPX>
            </Extensions>
          </Trackpoint>
          <Trackpoint>
            <Time>2026-03-02T08:06:38.000Z</Time>
            <Position>
              <LatitudeDegrees>51.76214748993516</LatitudeDegrees>
              <LongitudeDegrees>-0.2275432739406824</LongitudeDegrees>
            </Position>
            <AltitudeMeters>81.5999984741211</AltitudeMeters>
            <DistanceMeters>1054.3199462890625</DistanceMeters>
            <HeartRateBpm>
              <Value>115</Value>
            </HeartRateBpm>
            <Extensions>
              <ns3:TPX>
                <ns3:Speed>1.399999976158142</ns3:Speed>
              </ns3:TPX>
            </Extensions>
          </Trackpoint>
          <Trackpoint>
            <Time>2026-03-02T08:06:46.000Z</Time>
            <Position>
              <LatitudeDegrees>51.76217917352915</LatitudeDegrees>
              <LongitudeDegrees>-0.22768953815102577</LongitudeDegrees>
            </Position>
            <AltitudeMeters>81.4000015258789</AltitudeMeters>
            <DistanceMeters>1064.9200439453125</DistanceMeters>
            <HeartRateBpm>
              <Value>114</Value>
            </HeartRateBpm>
            <Extensions>
              <ns3:TPX>
                <ns3:Speed>1.409000039100647</ns3:Speed>
              </ns3:TPX>
            </Extensions>
          </Trackpoint>
          <Trackpoint>
            <Time>2026-03-02T08:06:48.000Z</Time>
            <Position>
              <LatitudeDegrees>51.76218277774751</LatitudeDegrees>
              <LongitudeDegrees>-0.22772474214434624</LongitudeDegrees>
            </Position>
            <AltitudeMeters>81.19999694824219</AltitudeMeters>
            <DistanceMeters>1067.3800048828125</DistanceMeters>
            <HeartRateBpm>
              <Value>113</Value>
            </HeartRateBpm>
            <Extensions>
              <ns3:TPX>
                <ns3:Speed>1.399999976158142</ns3:Speed>
              </ns3:TPX>
            </Extensions>
          </Trackpoint>
          <Trackpoint>
            <Time>2026-03-02T08:06:53.000Z</Time>
            <Position>
              <LatitudeDegrees>51.76215712912381</LatitudeDegrees>
              <LongitudeDegrees>-0.22782951593399048</LongitudeDegrees>
            </Position>
            <AltitudeMeters>81.19999694824219</AltitudeMeters>
            <DistanceMeters>1075.0799560546875</DistanceMeters>
            <HeartRateBpm>
              <Value>110</Value>
            </HeartRateBpm>
            <Extensions>
              <ns3:TPX>
                <ns3:Speed>1.4179999828338623</ns3:Speed>
              </ns3:TPX>
            </Extensions>
          </Trackpoint>
          <Trackpoint>
            <Time>2026-03-02T08:07:00.000Z</Time>
            <Position>
              <LatitudeDegrees>51.76214883103967</LatitudeDegrees>
              <LongitudeDegrees>-0.22786740213632584</LongitudeDegrees>
            </Position>
            <AltitudeMeters>81.5999984741211</AltitudeMeters>
            <DistanceMeters>1078.6400146484375</DistanceMeters>
            <HeartRateBpm>
              <Value>112</Value>
            </HeartRateBpm>
            <Extensions>
              <ns3:TPX>
                <ns3:Speed>1.277999997138977</ns3:Speed>
              </ns3:TPX>
            </Extensions>
          </Trackpoint>
          <Trackpoint>
            <Time>2026-03-02T08:07:10.000Z</Time>
            <Position>
              <LatitudeDegrees>51.76217540167272</LatitudeDegrees>
              <LongitudeDegrees>-0.22796018980443478</LongitudeDegrees>
            </Position>
            <AltitudeMeters>81.5999984741211</AltitudeMeters>
            <DistanceMeters>1086.760009765625</DistanceMeters>
            <HeartRateBpm>
              <Value>112</Value>
            </HeartRateBpm>
            <Extensions>
              <ns3:TPX>
                <ns3:Speed>0.29899999499320984</ns3:Speed>
              </ns3:TPX>
            </Extensions>
          </Trackpoint>
          <Trackpoint>
            <Time>2026-03-02T08:07:16.000Z</Time>
            <Position>
              <LatitudeDegrees>51.76218361593783</LatitudeDegrees>
              <LongitudeDegrees>-0.228063790127635</LongitudeDegrees>
            </Position>
            <AltitudeMeters>81.5999984741211</AltitudeMeters>
            <DistanceMeters>1094.3599853515625</DistanceMeters>
            <HeartRateBpm>
              <Value>112</Value>
            </HeartRateBpm>
            <Extensions>
              <ns3:TPX>
                <ns3:Speed>1.2410000562667847</ns3:Speed>
              </ns3:TPX>
            </Extensions>
          </Trackpoint>
          <Trackpoint>
            <Time>2026-03-02T08:07:19.000Z</Time>
            <Position>
              <LatitudeDegrees>51.762157632038</LatitudeDegrees>
              <LongitudeDegrees>-0.22811902686953545</LongitudeDegrees>
            </Position>
            <AltitudeMeters>81.80000305175781</AltitudeMeters>
            <DistanceMeters>1098.8399658203125</DistanceMeters>
            <HeartRateBpm>
              <Value>113</Value>
            </HeartRateBpm>
            <Extensions>
              <ns3:TPX>
                <ns3:Speed>1.437000036239624</ns3:Speed>
              </ns3:TPX>
            </Extensions>
          </Trackpoint>
          <Trackpoint>
            <Time>2026-03-02T08:07:26.000Z</Time>
            <Position>
              <LatitudeDegrees>51.762141371145844</LatitudeDegrees>
              <LongitudeDegrees>-0.22825338877737522</LongitudeDegrees>
            </Position>
            <AltitudeMeters>81.4000015258789</AltitudeMeters>
            <DistanceMeters>1109.469970703125</DistanceMeters>
            <HeartRateBpm>
              <Value>109</Value>
            </HeartRateBpm>
            <Extensions>
              <ns3:TPX>
                <ns3:Speed>1.465000033378601</ns3:Speed>
              </ns3:TPX>
            </Extensions>
          </Trackpoint>
          <Trackpoint>
            <Time>2026-03-02T08:07:27.000Z</Time>
            <Position>
              <LatitudeDegrees>51.762139443308115</LatitudeDegrees>
              <LongitudeDegrees>-0.2282717451453209</LongitudeDegrees>
            </Position>
            <AltitudeMeters>81.4000015258789</AltitudeMeters>
            <DistanceMeters>1109.469970703125</DistanceMeters>
            <HeartRateBpm>
              <Value>108</Value>
            </HeartRateBpm>
            <Extensions>
              <ns3:TPX>
                <ns3:Speed>1.465000033378601</ns3:Speed>
              </ns3:TPX>
            </Extensions>
          </Trackpoint>
          <Trackpoint>
            <Time>2026-03-02T08:07:34.000Z</Time>
            <Position>
              <LatitudeDegrees>51.76213340833783</LatitudeDegrees>
              <LongitudeDegrees>-0.228421026840806</LongitudeDegrees>
            </Position>
            <AltitudeMeters>81.0</AltitudeMeters>
            <DistanceMeters>1119.469970703125</DistanceMeters>
            <HeartRateBpm>
              <Value>108</Value>
            </HeartRateBpm>
            <Extensions>
              <ns3:TPX>
                <ns3:Speed>1.3899999856948853</ns3:Speed>
              </ns3:TPX>
            </Extensions>
          </Trackpoint>
          <Trackpoint>
            <Time>2026-03-02T08:07:44.000Z</Time>
            <Position>
              <LatitudeDegrees>51.762110609561205</LatitudeDegrees>
              <LongitudeDegrees>-0.2286257967352867</LongitudeDegrees>
            </Position>
            <AltitudeMeters>81.0</AltitudeMeters>
            <DistanceMeters>1133.7099609375</DistanceMeters>
            <HeartRateBpm>
              <Value>108</Value>
            </HeartRateBpm>
            <Extensions>
              <ns3:TPX>
                <ns3:Speed>1.3899999856948853</ns3:Speed>
              </ns3:TPX>
            </Extensions>
          </Trackpoint>
          <Trackpoint>
            <Time>2026-03-02T08:07:53.000Z</Time>
            <Position>
              <LatitudeDegrees>51.76207825541496</LatitudeDegrees>
              <LongitudeDegrees>-0.22880257107317448</LongitudeDegrees>
            </Position>
            <AltitudeMeters>81.19999694824219</AltitudeMeters>
            <DistanceMeters>1146.4200439453125</DistanceMeters>
            <HeartRateBpm>
              <Value>107</Value>
            </HeartRateBpm>
            <Extensions>
              <ns3:TPX>
                <ns3:Speed>1.399999976158142</ns3:Speed>
              </ns3:TPX>
            </Extensions>
          </Trackpoint>
          <Trackpoint>
            <Time>2026-03-02T08:07:57.000Z</Time>
            <Position>
              <LatitudeDegrees>51.76206199452281</LatitudeDegrees>
              <LongitudeDegrees>-0.2288892399519682</LongitudeDegrees>
            </Position>
            <AltitudeMeters>80.5999984741211</AltitudeMeters>
            <DistanceMeters>1153.22998046875</DistanceMeters>
            <HeartRateBpm>
              <Value>108</Value>
            </HeartRateBpm>
            <Extensions>
              <ns3:TPX>
                <ns3:Speed>1.437000036239624</ns3:Speed>
              </ns3:TPX>
            </Extensions>
          </Trackpoint>
          <Trackpoint>
            <Time>2026-03-02T08:08:02.000Z</Time>
            <Position>
              <LatitudeDegrees>51.762048499658704</LatitudeDegrees>
              <LongitudeDegrees>-0.22899837233126163</LongitudeDegrees>
            </Position>
            <AltitudeMeters>80.19999694824219</AltitudeMeters>
            <DistanceMeters>1160.8800048828125</DistanceMeters>
            <HeartRateBpm>
              <Value>111</Value>
            </HeartRateBpm>
            <Extensions>
              <ns3:TPX>
                <ns3:Speed>1.437000036239624</ns3:Speed>
              </ns3:TPX>
            </Extensions>
          </Trackpoint>
          <Trackpoint>
            <Time>2026-03-02T08:08:04.000Z</Time>
            <Position>
              <LatitudeDegrees>51.76203642971814</LatitudeDegrees>
              <LongitudeDegrees>-0.22903508506715298</LongitudeDegrees>
            </Position>
            <AltitudeMeters>80.4000015258789</AltitudeMeters>
            <DistanceMeters>1163.699951171875</DistanceMeters>
            <HeartRateBpm>
              <Value>113</Value>
            </HeartRateBpm>
            <Extensions>
              <ns3:TPX>
                <ns3:Speed>1.4559999704360962</ns3:Speed>
              </ns3:TPX>
            </Extensions>
          </Trackpoint>
          <Trackpoint>
            <Time>2026-03-02T08:08:13.000Z</Time>
            <Position>
              <LatitudeDegrees>51.762036848813295</LatitudeDegrees>
              <LongitudeDegrees>-0.22922602482140064</LongitudeDegrees>
            </Position>
            <AltitudeMeters>80.4000015258789</AltitudeMeters>
            <DistanceMeters>1177.52001953125</DistanceMeters>
            <HeartRateBpm>
              <Value>114</Value>
            </HeartRateBpm>
            <Extensions>
              <ns3:TPX>
                <ns3:Speed>1.465000033378601</ns3:Speed>
              </ns3:TPX>
            </Extensions>
          </Trackpoint>
          <Trackpoint>
            <Time>2026-03-02T08:08:18.000Z</Time>
            <Position>
              <LatitudeDegrees>51.76205025985837</LatitudeDegrees>
              <LongitudeDegrees>-0.22933180443942547</LongitudeDegrees>
            </Position>
            <AltitudeMeters>80.5999984741211</AltitudeMeters>
            <DistanceMeters>1185.010009765625</DistanceMeters>
            <HeartRateBpm>
              <Value>117</Value>
            </HeartRateBpm>
            <Extensions>
              <ns3:TPX>
                <ns3:Speed>1.4739999771118164</ns3:Speed>
              </ns3:TPX>
            </Extensions>
          </Trackpoint>
          <Trackpoint>
            <Time>2026-03-02T08:08:21.000Z</Time>
            <Position>
              <LatitudeDegrees>51.76204456016421</LatitudeDegrees>
              <LongitudeDegrees>-0.22939282469451427</LongitudeDegrees>
            </Position>
            <AltitudeMeters>80.5999984741211</AltitudeMeters>
            <DistanceMeters>1189.1800537109375</DistanceMeters>
            <HeartRateBpm>
              <Value>118</Value>
            </HeartRateBpm>
            <Extensions>
              <ns3:TPX>
                <ns3:Speed>1.4739999771118164</ns3:Speed>
              </ns3:TPX>
            </Extensions>
          </Trackpoint>
          <Trackpoint>
            <Time>2026-03-02T08:08:29.000Z</Time>
            <Position>
              <LatitudeDegrees>51.76202435977757</LatitudeDegrees>
              <LongitudeDegrees>-0.22952266037464142</LongitudeDegrees>
            </Position>
            <AltitudeMeters>80.4000015258789</AltitudeMeters>
            <DistanceMeters>1198.27001953125</DistanceMeters>
            <HeartRateBpm>
              <Value>115</Value>
            </HeartRateBpm>
            <Extensions>
              <ns3:TPX>
                <ns3:Speed>1.4459999799728394</ns3:Speed>
              </ns3:TPX>
            </Extensions>
          </Trackpoint>
          <Trackpoint>
            <Time>2026-03-02T08:08:37.000Z</Time>
            <Position>
              <LatitudeDegrees>51.76201991736889</LatitudeDegrees>
              <LongitudeDegrees>-0.22970781661570072</LongitudeDegrees>
            </Position>
            <AltitudeMeters>80.19999694824219</AltitudeMeters>
            <DistanceMeters>1210.989990234375</DistanceMeters>
            <HeartRateBpm>
              <Value>113</Value>
            </HeartRateBpm>
            <Extensions>
              <ns3:TPX>
                <ns3:Speed>1.437000036239624</ns3:Speed>
              </ns3:TPX>
            </Extensions>
          </Trackpoint>
          <Trackpoint>
            <Time>2026-03-02T08:08:45.000Z</Time>
            <Position>
              <LatitudeDegrees>51.76205470226705</LatitudeDegrees>
              <LongitudeDegrees>-0.22985056042671204</LongitudeDegrees>
            </Position>
            <AltitudeMeters>80.0</AltitudeMeters>
            <DistanceMeters>1221.81005859375</DistanceMeters>
            <HeartRateBpm>
              <Value>111</Value>
            </HeartRateBpm>
            <Extensions>
              <ns3:TPX>
                <ns3:Speed>1.4459999799728394</ns3:Speed>
              </ns3:TPX>
            </Extensions>
          </Trackpoint>
          <Trackpoint>
            <Time>2026-03-02T08:08:57.000Z</Time>
            <Position>
              <LatitudeDegrees>51.762132067233324</LatitudeDegrees>
              <LongitudeDegrees>-0.23006421513855457</LongitudeDegrees>
            </Position>
            <AltitudeMeters>79.80000305175781</AltitudeMeters>
            <DistanceMeters>1238.300048828125</DistanceMeters>
            <HeartRateBpm>
              <Value>112</Value>
            </HeartRateBpm>
            <Extensions>
              <ns3:TPX>
                <ns3:Speed>1.4179999828338623</ns3:Speed>
              </ns3:TPX>
            </Extensions>
          </Trackpoint>
          <Trackpoint>
            <Time>2026-03-02T08:09:06.000Z</Time>
            <Position>
              <LatitudeDegrees>51.76219400949776</LatitudeDegrees>
              <LongitudeDegrees>-0.23022246547043324</LongitudeDegrees>
            </Position>
            <AltitudeMeters>79.80000305175781</AltitudeMeters>
            <DistanceMeters>1251.0899658203125</DistanceMeters>
            <HeartRateBpm>
              <Value>112</Value>
            </HeartRateBpm>
            <Extensions>
              <ns3:TPX>
                <ns3:Speed>1.4179999828338623</ns3:Speed>
              </ns3:TPX>
            </Extensions>
          </Trackpoint>
          <Trackpoint>
            <Time>2026-03-02T08:09:14.000Z</Time>
            <Position>
              <LatitudeDegrees>51.76224522292614</LatitudeDegrees>
              <LongitudeDegrees>-0.23035699501633644</LongitudeDegrees>
            </Position>
            <AltitudeMeters>80.0</AltitudeMeters>
            <DistanceMeters>1262.0999755859375</DistanceMeters>
            <HeartRateBpm>
              <Value>109</Value>
            </HeartRateBpm>
            <Extensions>
              <ns3:TPX>
                <ns3:Speed>1.409000039100647</ns3:Speed>
              </ns3:TPX>
            </Extensions>
          </Trackpoint>
          <Trackpoint>
            <Time>2026-03-02T08:09:15.000Z</Time>
            <Position>
              <LatitudeDegrees>51.76224522292614</LatitudeDegrees>
              <LongitudeDegrees>-0.23035699501633644</LongitudeDegrees>
            </Position>
            <AltitudeMeters>80.0</AltitudeMeters>
            <DistanceMeters>1262.0999755859375</DistanceMeters>
            <HeartRateBpm>
              <Value>109</Value>
            </HeartRateBpm>
            <Extensions>
              <ns3:TPX>
                <ns3:Speed>1.409000039100647</ns3:Speed>
              </ns3:TPX>
            </Extensions>
          </Trackpoint>
          <Trackpoint>
            <Time>2026-03-02T08:09:25.000Z</Time>
            <Position>
              <LatitudeDegrees>51.76226567476988</LatitudeDegrees>
              <LongitudeDegrees>-0.2305599208921194</LongitudeDegrees>
            </Position>
            <AltitudeMeters>79.80000305175781</AltitudeMeters>
            <DistanceMeters>1277.489990234375</DistanceMeters>
            <HeartRateBpm>
              <Value>109</Value>
            </HeartRateBpm>
            <Extensions>
              <ns3:TPX>
                <ns3:Speed>1.4179999828338623</ns3:Speed>
              </ns3:TPX>
            </Extensions>
          </Trackpoint>
          <Trackpoint>
            <Time>2026-03-02T08:09:32.000Z</Time>
            <Position>
              <LatitudeDegrees>51.76223633810878</LatitudeDegrees>
              <LongitudeDegrees>-0.23069855757057667</LongitudeDegrees>
            </Position>
            <AltitudeMeters>79.80000305175781</AltitudeMeters>
            <DistanceMeters>1287.0699462890625</DistanceMeters>
            <HeartRateBpm>
              <Value>108</Value>
            </HeartRateBpm>
            <Extensions>
              <ns3:TPX>
                <ns3:Speed>1.409000039100647</ns3:Speed>
              </ns3:TPX>
            </Extensions>
          </Trackpoint>
          <Trackpoint>
            <Time>2026-03-02T08:09:34.000Z</Time>
            <Position>
              <LatitudeDegrees>51.76223021931946</LatitudeDegrees>
              <LongitudeDegrees>-0.2307423111051321</LongitudeDegrees>
            </Position>
            <AltitudeMeters>79.5999984741211</AltitudeMeters>
            <DistanceMeters>1290.1700439453125</DistanceMeters>
            <HeartRateBpm>
              <Value>108</Value>
            </HeartRateBpm>
            <Extensions>
              <ns3:TPX>
                <ns3:Speed>1.409000039100647</ns3:Speed>
              </ns3:TPX>
            </Extensions>
          </Trackpoint>
          <Trackpoint>
            <Time>2026-03-02T08:09:44.000Z</Time>
            <Position>
              <LatitudeDegrees>51.7621851246804</LatitudeDegrees>
              <LongitudeDegrees>-0.23094079457223415</LongitudeDegrees>
            </Position>
            <AltitudeMeters>79.5999984741211</AltitudeMeters>
            <DistanceMeters>1304.8900146484375</DistanceMeters>
            <HeartRateBpm>
              <Value>109</Value>
            </HeartRateBpm>
            <Extensions>
              <ns3:TPX>
                <ns3:Speed>1.4179999828338623</ns3:Speed>
              </ns3:TPX>
            </Extensions>
          </Trackpoint>
          <Trackpoint>
            <Time>2026-03-02T08:09:50.000Z</Time>
            <Position>
              <LatitudeDegrees>51.76220163702965</LatitudeDegrees>
              <LongitudeDegrees>-0.2310624159872532</LongitudeDegrees>
            </Position>
            <AltitudeMeters>79.5999984741211</AltitudeMeters>
            <DistanceMeters>1313.93994140625</DistanceMeters>
            <HeartRateBpm>
              <Value>107</Value>
            </HeartRateBpm>
            <Extensions>
              <ns3:TPX>
                <ns3:Speed>1.4179999828338623</ns3:Speed>
              </ns3:TPX>
            </Extensions>
          </Trackpoint>
          <Trackpoint>
            <Time>2026-03-02T08:09:52.000Z</Time>
            <Position>
              <LatitudeDegrees>51.76222166977823</LatitudeDegrees>
              <LongitudeDegrees>-0.2310842927545309</LongitudeDegrees>
            </Position>
            <AltitudeMeters>79.5999984741211</AltitudeMeters>
            <DistanceMeters>1316.6400146484375</DistanceMeters>
            <HeartRateBpm>
              <Value>107</Value>
            </HeartRateBpm>
            <Extensions>
              <ns3:TPX>
                <ns3:Speed>1.4279999732971191</ns3:Speed>
              </ns3:TPX>
            </Extensions>
          </Trackpoint>
          <Trackpoint>
            <Time>2026-03-02T08:09:59.000Z</Time>
            <Position>
              <LatitudeDegrees>51.76223541609943</LatitudeDegrees>
              <LongitudeDegrees>-0.23113961331546307</LongitudeDegrees>
            </Position>
            <AltitudeMeters>79.80000305175781</AltitudeMeters>
            <DistanceMeters>1321.5400390625</DistanceMeters>
            <HeartRateBpm>
              <Value>107</Value>
            </HeartRateBpm>
            <Extensions>
              <ns3:TPX>
                <ns3:Speed>1.305999994277954</ns3:Speed>
              </ns3:TPX>
            </Extensions>
          </Trackpoint>
          <Trackpoint>
            <Time>2026-03-02T08:10:07.000Z</Time>
            <Position>
              <LatitudeDegrees>51.762210270389915</LatitudeDegrees>
              <LongitudeDegrees>-0.23125234991312027</LongitudeDegrees>
            </Position>
            <AltitudeMeters>79.80000305175781</AltitudeMeters>
            <DistanceMeters>1329.5699462890625</DistanceMeters>
            <HeartRateBpm>
              <Value>108</Value>
            </HeartRateBpm>
            <Extensions>
              <ns3:TPX>
                <ns3:Speed>0.9049999713897705</ns3:Speed>
              </ns3:TPX>
            </Extensions>
          </Trackpoint>
          <Trackpoint>
            <Time>2026-03-02T08:10:13.000Z</Time>
            <Position>
              <LatitudeDegrees>51.76219241693616</LatitudeDegrees>
              <LongitudeDegrees>-0.23137380369007587</LongitudeDegrees>
            </Position>
            <AltitudeMeters>79.5999984741211</AltitudeMeters>
            <DistanceMeters>1338.469970703125</DistanceMeters>
            <HeartRateBpm>
              <Value>106</Value>
            </HeartRateBpm>
            <Extensions>
              <ns3:TPX>
                <ns3:Speed>1.2130000591278076</ns3:Speed>
              </ns3:TPX>
            </Extensions>
          </Trackpoint>
          <Trackpoint>
            <Time>2026-03-02T08:10:20.000Z</Time>
            <Position>
              <LatitudeDegrees>51.762238685041666</LatitudeDegrees>
              <LongitudeDegrees>-0.23149986751377583</LongitudeDegrees>
            </Position>
            <AltitudeMeters>79.5999984741211</AltitudeMeters>
            <DistanceMeters>1349.7099609375</DistanceMeters>
            <HeartRateBpm>
              <Value>102</Value>
            </HeartRateBpm>
            <Extensions>
              <ns3:TPX>
                <ns3:Speed>1.4739999771118164</ns3:Speed>
              </ns3:TPX>
            </Extensions>
          </Trackpoint>
          <Trackpoint>
            <Time>2026-03-02T08:10:22.000Z</Time>
            <Position>
              <LatitudeDegrees>51.7622575443238</LatitudeDegrees>
              <LongitudeDegrees>-0.23152836598455906</LongitudeDegrees>
            </Position>
            <AltitudeMeters>79.5999984741211</AltitudeMeters>
            <DistanceMeters>1352.3499755859375</DistanceMeters>
            <HeartRateBpm>
              <Value>101</Value>
            </HeartRateBpm>
            <Extensions>
              <ns3:TPX>
                <ns3:Speed>1.409000039100647</ns3:Speed>
              </ns3:TPX>
            </Extensions>
          </Trackpoint>
          <Trackpoint>
            <Time>2026-03-02T08:10:30.000Z</Time>
            <Position>
              <LatitudeDegrees>51.76230967976153</LatitudeDegrees>
              <LongitudeDegrees>-0.23164311423897743</LongitudeDegrees>
            </Position>
            <AltitudeMeters>79.5999984741211</AltitudeMeters>
            <DistanceMeters>1362.3399658203125</DistanceMeters>
            <HeartRateBpm>
              <Value>102</Value>
            </HeartRateBpm>
            <Extensions>
              <ns3:TPX>
                <ns3:Speed>1.371999979019165</ns3:Speed>
              </ns3:TPX>
            </Extensions>
          </Trackpoint>
          <Trackpoint>
            <Time>2026-03-02T08:10:38.000Z</Time>
            <Position>
              <LatitudeDegrees>51.76228176802397</LatitudeDegrees>
              <LongitudeDegrees>-0.23180706426501274</LongitudeDegrees>
            </Position>
            <AltitudeMeters>79.4000015258789</AltitudeMeters>
            <DistanceMeters>1374.3199462890625</DistanceMeters>
            <HeartRateBpm>
              <Value>103</Value>
            </HeartRateBpm>
            <Extensions>
              <ns3:TPX>
                <ns3:Speed>1.315999984741211</ns3:Speed>
              </ns3:TPX>
            </Extensions>
          </Trackpoint>
          <Trackpoint>
            <Time>2026-03-02T08:10:47.000Z</Time>
            <Position>
              <LatitudeDegrees>51.7622419539839</LatitudeDegrees>
              <LongitudeDegrees>-0.23195408284664154</LongitudeDegrees>
            </Position>
            <AltitudeMeters>79.4000015258789</AltitudeMeters>
            <DistanceMeters>1385.81005859375</DistanceMeters>
            <HeartRateBpm>
              <Value>104</Value>
            </HeartRateBpm>
            <Extensions>
              <ns3:TPX>
                <ns3:Speed>1.3530000448226929</ns3:Speed>
              </ns3:TPX>
            </Extensions>
          </Trackpoint>
          <Trackpoint>
            <Time>2026-03-02T08:10:58.000Z</Time>
            <Position>
              <LatitudeDegrees>51.76222183741629</LatitudeDegrees>
              <LongitudeDegrees>-0.23215139284729958</LongitudeDegrees>
            </Position>
            <AltitudeMeters>79.0</AltitudeMeters>
            <DistanceMeters>1398.489990234375</DistanceMeters>
            <HeartRateBpm>
              <Value>104</Value>
            </HeartRateBpm>
            <Extensions>
              <ns3:TPX>
                <ns3:Speed>1.2879999876022339</ns3:Speed>
              </ns3:TPX>
            </Extensions>
          </Trackpoint>
          <Trackpoint>
            <Time>2026-03-02T08:11:06.000Z</Time>
            <Position>
              <LatitudeDegrees>51.762207336723804</LatitudeDegrees>
              <LongitudeDegrees>-0.2323458530008793</LongitudeDegrees>
            </Position>
            <AltitudeMeters>78.80000305175781</AltitudeMeters>
            <DistanceMeters>1412.9100341796875</DistanceMeters>
            <HeartRateBpm>
              <Value>106</Value>
            </HeartRateBpm>
            <Extensions>
              <ns3:TPX>
                <ns3:Speed>1.371999979019165</ns3:Speed>
              </ns3:TPX>
            </Extensions>
          </Trackpoint>
          <Trackpoint>
            <Time>2026-03-02T08:11:10.000Z</Time>
            <Position>
              <LatitudeDegrees>51.762203900143504</LatitudeDegrees>
              <LongitudeDegrees>-0.2324336115270853</LongitudeDegrees>
            </Position>
            <AltitudeMeters>78.5999984741211</AltitudeMeters>
            <DistanceMeters>1418.989990234375</DistanceMeters>
            <HeartRateBpm>
              <Value>107</Value>
            </HeartRateBpm>
            <Extensions>
              <ns3:TPX>
                <ns3:Speed>1.4179999828338623</ns3:Speed>
              </ns3:TPX>
            </Extensions>
          </Trackpoint>
          <Trackpoint>
            <Time>2026-03-02T08:11:14.000Z</Time>
            <Position>
              <LatitudeDegrees>51.762203481048346</LatitudeDegrees>
              <LongitudeDegrees>-0.23252706974744797</LongitudeDegrees>
            </Position>
            <AltitudeMeters>78.5999984741211</AltitudeMeters>
            <DistanceMeters>1425.719970703125</DistanceMeters>
            <HeartRateBpm>
              <Value>108</Value>
            </HeartRateBpm>
            <Extensions>
              <ns3:TPX>
                <ns3:Speed>1.437000036239624</ns3:Speed>
              </ns3:TPX>
            </Extensions>
          </Trackpoint>
          <Trackpoint>
            <Time>2026-03-02T08:11:25.000Z</Time>
            <Position>
              <LatitudeDegrees>51.76219333894551</LatitudeDegrees>
              <LongitudeDegrees>-0.23271105252206326</LongitudeDegrees>
            </Position>
            <AltitudeMeters>79.0</AltitudeMeters>
            <DistanceMeters>1439.4200439453125</DistanceMeters>
            <HeartRateBpm>
              <Value>108</Value>
            </HeartRateBpm>
            <Extensions>
              <ns3:TPX>
                <ns3:Speed>1.343999981880188</ns3:Speed>
              </ns3:TPX>
            </Extensions>
          </Trackpoint>
          <Trackpoint>
            <Time>2026-03-02T08:11:37.000Z</Time>
            <Position>
              <LatitudeDegrees>51.76220272667706</LatitudeDegrees>
              <LongitudeDegrees>-0.23297030478715897</LongitudeDegrees>
            </Position>
            <AltitudeMeters>78.4000015258789</AltitudeMeters>
            <DistanceMeters>1456.1700439453125</DistanceMeters>
            <HeartRateBpm>
              <Value>109</Value>
            </HeartRateBpm>
            <Extensions>
              <ns3:TPX>
                <ns3:Speed>1.3530000448226929</ns3:Speed>
              </ns3:TPX>
            </Extensions>
          </Trackpoint>
          <Trackpoint>
            <Time>2026-03-02T08:11:40.000Z</Time>
            <Position>
              <LatitudeDegrees>51.76218227483332</LatitudeDegrees>
              <LongitudeDegrees>-0.23302017711102962</LongitudeDegrees>
            </Position>
            <AltitudeMeters>78.19999694824219</AltitudeMeters>
            <DistanceMeters>1460.199951171875</DistanceMeters>
            <HeartRateBpm>
              <Value>109</Value>
            </HeartRateBpm>
            <Extensions>
              <ns3:TPX>
                <ns3:Speed>1.3619999885559082</ns3:Speed>
              </ns3:TPX>
            </Extensions>
          </Trackpoint>
          <Trackpoint>
            <Time>2026-03-02T08:11:44.000Z</Time>
            <Position>
              <LatitudeDegrees>51.762152602896094</LatitudeDegrees>
              <LongitudeDegrees>-0.2330793533474207</LongitudeDegrees>
            </Position>
            <AltitudeMeters>78.4000015258789</AltitudeMeters>
            <DistanceMeters>1467.8499755859375</DistanceMeters>
            <HeartRateBpm>
              <Value>109</Value>
            </HeartRateBpm>
            <Extensions>
              <ns3:TPX>
                <ns3:Speed>1.38100004196167</ns3:Speed>
              </ns3:TPX>
            </Extensions>
          </Trackpoint>
          <Trackpoint>
            <Time>2026-03-02T08:11:52.000Z</Time>
            <Position>
              <LatitudeDegrees>51.762073896825314</LatitudeDegrees>
              <LongitudeDegrees>-0.23321245796978474</LongitudeDegrees>
            </Position>
            <AltitudeMeters>78.19999694824219</AltitudeMeters>
            <DistanceMeters>1478.969970703125</DistanceMeters>
            <HeartRateBpm>
              <Value>109</Value>
            </HeartRateBpm>
            <Extensions>
              <ns3:TPX>
                <ns3:Speed>1.409000039100647</ns3:Speed>
              </ns3:TPX>
            </Extensions>
          </Trackpoint>
          <Trackpoint>
            <Time>2026-03-02T08:11:59.000Z</Time>
            <Position>
              <LatitudeDegrees>51.762005500495434</LatitudeDegrees>
              <LongitudeDegrees>-0.23329476825892925</LongitudeDegrees>
            </Position>
            <AltitudeMeters>78.19999694824219</AltitudeMeters>
            <DistanceMeters>1487.739990234375</DistanceMeters>
            <HeartRateBpm>
              <Value>106</Value>
            </HeartRateBpm>
            <Extensions>
              <ns3:TPX>
                <ns3:Speed>1.38100004196167</ns3:Speed>
              </ns3:TPX>
            </Extensions>
          </Trackpoint>
          <Trackpoint>
            <Time>2026-03-02T08:12:09.000Z</Time>
            <Position>
              <LatitudeDegrees>51.76187491044402</LatitudeDegrees>
              <LongitudeDegrees>-0.2333314809948206</LongitudeDegrees>
            </Position>
            <AltitudeMeters>77.80000305175781</AltitudeMeters>
            <DistanceMeters>1503.530029296875</DistanceMeters>
            <HeartRateBpm>
              <Value>107</Value>
            </HeartRateBpm>
            <Extensions>
              <ns3:TPX>
                <ns3:Speed>1.3899999856948853</ns3:Speed>
              </ns3:TPX>
            </Extensions>
          </Trackpoint>
          <Trackpoint>
            <Time>2026-03-02T08:12:12.000Z</Time>
            <Position>
              <LatitudeDegrees>51.76183685660362</LatitudeDegrees>
              <LongitudeDegrees>-0.23333005607128143</LongitudeDegrees>
            </Position>
            <AltitudeMeters>77.80000305175781</AltitudeMeters>
            <DistanceMeters>1507.719970703125</DistanceMeters>
            <HeartRateBpm>
              <Value>104</Value>
            </HeartRateBpm>
            <Extensions>
              <ns3:TPX>
                <ns3:Speed>1.399999976158142</ns3:Speed>
              </ns3:TPX>
            </Extensions>
          </Trackpoint>
          <Trackpoint>
            <Time>2026-03-02T08:12:18.000Z</Time>
            <Position>
              <LatitudeDegrees>51.76175965927541</LatitudeDegrees>
              <LongitudeDegrees>-0.2333494182676077</LongitudeDegrees>
            </Position>
            <AltitudeMeters>77.5999984741211</AltitudeMeters>
            <DistanceMeters>1516.199951171875</DistanceMeters>
            <HeartRateBpm>
              <Value>104</Value>
            </HeartRateBpm>
            <Extensions>
              <ns3:TPX>
                <ns3:Speed>1.399999976158142</ns3:Speed>
              </ns3:TPX>
            </Extensions>
          </Trackpoint>
          <Trackpoint>
            <Time>2026-03-02T08:12:22.000Z</Time>
            <Position>
              <LatitudeDegrees>51.76171758212149</LatitudeDegrees>
              <LongitudeDegrees>-0.2333886455744505</LongitudeDegrees>
            </Position>
            <AltitudeMeters>77.5999984741211</AltitudeMeters>
            <DistanceMeters>1521.1800537109375</DistanceMeters>
            <HeartRateBpm>
              <Value>103</Value>
            </HeartRateBpm>
            <Extensions>
              <ns3:TPX>
                <ns3:Speed>1.3899999856948853</ns3:Speed>
              </ns3:TPX>
            </Extensions>
          </Trackpoint>
          <Trackpoint>
            <Time>2026-03-02T08:12:27.000Z</Time>
            <Position>
              <LatitudeDegrees>51.7616895865649</LatitudeDegrees>
              <LongitudeDegrees>-0.23348528891801834</LongitudeDegrees>
            </Position>
            <AltitudeMeters>77.19999694824219</AltitudeMeters>
            <DistanceMeters>1528.31005859375</DistanceMeters>
            <HeartRateBpm>
              <Value>104</Value>
            </HeartRateBpm>
            <Extensions>
              <ns3:TPX>
                <ns3:Speed>1.3899999856948853</ns3:Speed>
              </ns3:TPX>
            </Extensions>
          </Trackpoint>
          <Trackpoint>
            <Time>2026-03-02T08:12:34.000Z</Time>
            <Position>
              <LatitudeDegrees>51.761643905192614</LatitudeDegrees>
              <LongitudeDegrees>-0.23360934108495712</LongitudeDegrees>
            </Position>
            <AltitudeMeters>77.0</AltitudeMeters>
            <DistanceMeters>1538.4200439453125</DistanceMeters>
            <HeartRateBpm>
              <Value>107</Value>
            </HeartRateBpm>
            <Extensions>
              <ns3:TPX>
                <ns3:Speed>1.409000039100647</ns3:Speed>
              </ns3:TPX>
            </Extensions>
          </Trackpoint>
          <Trackpoint>
            <Time>2026-03-02T08:12:38.000Z</Time>
            <Position>
              <LatitudeDegrees>51.761624459177256</LatitudeDegrees>
              <LongitudeDegrees>-0.23367555812001228</LongitudeDegrees>
            </Position>
            <AltitudeMeters>77.0</AltitudeMeters>
            <DistanceMeters>1543.260009765625</DistanceMeters>
            <HeartRateBpm>
              <Value>107</Value>
            </HeartRateBpm>
            <Extensions>
              <ns3:TPX>
                <ns3:Speed>1.399999976158142</ns3:Speed>
              </ns3:TPX>
            </Extensions>
          </Trackpoint>
          <Trackpoint>
            <Time>2026-03-02T08:12:48.000Z</Time>
            <Position>
              <LatitudeDegrees>51.761575508862734</LatitudeDegrees>
              <LongitudeDegrees>-0.23388225585222244</LongitudeDegrees>
            </Position>
            <AltitudeMeters>77.19999694824219</AltitudeMeters>
            <DistanceMeters>1558.8800048828125</DistanceMeters>
            <HeartRateBpm>
              <Value>107</Value>
            </HeartRateBpm>
            <Extensions>
              <ns3:TPX>
                <ns3:Speed>1.4559999704360962</ns3:Speed>
              </ns3:TPX>
            </Extensions>
          </Trackpoint>
          <Trackpoint>
            <Time>2026-03-02T08:12:58.000Z</Time>
            <Position>
              <LatitudeDegrees>51.761505268514156</LatitudeDegrees>
              <LongitudeDegrees>-0.23404310457408428</LongitudeDegrees>
            </Position>
            <AltitudeMeters>77.0</AltitudeMeters>
            <DistanceMeters>1572.489990234375</DistanceMeters>
            <HeartRateBpm>
              <Value>110</Value>
            </HeartRateBpm>
            <Extensions>
              <ns3:TPX>
                <ns3:Speed>1.4459999799728394</ns3:Speed>
              </ns3:TPX>
            </Extensions>
          </Trackpoint>
          <Trackpoint>
            <Time>2026-03-02T08:13:07.000Z</Time>
            <Position>
              <LatitudeDegrees>51.76143368706107</LatitudeDegrees>
              <LongitudeDegrees>-0.23421484977006912</LongitudeDegrees>
            </Position>
            <AltitudeMeters>77.19999694824219</AltitudeMeters>
            <DistanceMeters>1586.56005859375</DistanceMeters>
            <HeartRateBpm>
              <Value>109</Value>
            </HeartRateBpm>
            <Extensions>
              <ns3:TPX>
                <ns3:Speed>1.4459999799728394</ns3:Speed>
              </ns3:TPX>
            </Extensions>
          </Trackpoint>
          <Trackpoint>
            <Time>2026-03-02T08:13:08.000Z</Time>
            <Position>
              <LatitudeDegrees>51.76141415722668</LatitudeDegrees>
              <LongitudeDegrees>-0.23421568796038628</LongitudeDegrees>
            </Position>
            <AltitudeMeters>77.19999694824219</AltitudeMeters>
            <DistanceMeters>1588.72998046875</DistanceMeters>
            <HeartRateBpm>
              <Value>110</Value>
            </HeartRateBpm>
            <Extensions>
              <ns3:TPX>
                <ns3:Speed>1.4559999704360962</ns3:Speed>
              </ns3:TPX>
            </Extensions>
          </Trackpoint>
          <Trackpoint>
            <Time>2026-03-02T08:13:12.000Z</Time>
            <Position>
              <LatitudeDegrees>51.76137417554855</LatitudeDegrees>
              <LongitudeDegrees>-0.2341700065881014</LongitudeDegrees>
            </Position>
            <AltitudeMeters>77.19999694824219</AltitudeMeters>
            <DistanceMeters>1594.0799560546875</DistanceMeters>
            <HeartRateBpm>
              <Value>112</Value>
            </HeartRateBpm>
            <Extensions>
              <ns3:TPX>
                <ns3:Speed>1.4739999771118164</ns3:Speed>
              </ns3:TPX>
            </Extensions>
          </Trackpoint>
          <Trackpoint>
            <Time>2026-03-02T08:13:16.000Z</Time>
            <Position>
              <LatitudeDegrees>51.76133293658495</LatitudeDegrees>
              <LongitudeDegrees>-0.23411108180880547</LongitudeDegrees>
            </Position>
            <AltitudeMeters>77.5999984741211</AltitudeMeters>
            <DistanceMeters>1599.800048828125</DistanceMeters>
            <HeartRateBpm>
              <Value>115</Value>
            </HeartRateBpm>
            <Extensions>
              <ns3:TPX>
                <ns3:Speed>1.4739999771118164</ns3:Speed>
              </ns3:TPX>
            </Extensions>
          </Trackpoint>
          <Trackpoint>
            <Time>2026-03-02T08:13:21.000Z</Time>
            <Position>
              <LatitudeDegrees>51.761289266869426</LatitudeDegrees>
              <LongitudeDegrees>-0.23404469713568687</LongitudeDegrees>
            </Position>
            <AltitudeMeters>77.80000305175781</AltitudeMeters>
            <DistanceMeters>1606.550048828125</DistanceMeters>
            <HeartRateBpm>
              <Value>117</Value>
            </HeartRateBpm>
            <Extensions>
              <ns3:TPX>
                <ns3:Speed>1.4839999675750732</ns3:Speed>
              </ns3:TPX>
            </Extensions>
          </Trackpoint>
          <Trackpoint>
            <Time>2026-03-02T08:13:26.000Z</Time>
            <Position>
              <LatitudeDegrees>51.76124484278262</LatitudeDegrees>
              <LongitudeDegrees>-0.2339908853173256</LongitudeDegrees>
            </Position>
            <AltitudeMeters>78.0</AltitudeMeters>
            <DistanceMeters>1612.780029296875</DistanceMeters>
            <HeartRateBpm>
              <Value>120</Value>
            </HeartRateBpm>
            <Extensions>
              <ns3:TPX>
                <ns3:Speed>1.4559999704360962</ns3:Speed>
              </ns3:TPX>
            </Extensions>
          </Trackpoint>
          <Trackpoint>
            <Time>2026-03-02T08:13:32.000Z</Time>
            <Position>
              <LatitudeDegrees>51.761187175288796</LatitudeDegrees>
              <LongitudeDegrees>-0.23392600938677788</LongitudeDegrees>
            </Position>
            <AltitudeMeters>78.19999694824219</AltitudeMeters>
            <DistanceMeters>1620.550048828125</DistanceMeters>
            <HeartRateBpm>
              <Value>122</Value>
            </HeartRateBpm>
            <Extensions>
              <ns3:TPX>
                <ns3:Speed>1.437000036239624</ns3:Speed>
              </ns3:TPX>
            </Extensions>
          </Trackpoint>
          <Trackpoint>
            <Time>2026-03-02T08:13:33.000Z</Time>
            <Position>
              <LatitudeDegrees>51.761155324056745</LatitudeDegrees>
              <LongitudeDegrees>-0.23393087089061737</LongitudeDegrees>
            </Position>
            <AltitudeMeters>78.4000015258789</AltitudeMeters>
            <DistanceMeters>1623.9200439453125</DistanceMeters>
            <HeartRateBpm>
              <Value>121</Value>
            </HeartRateBpm>
            <Extensions>
              <ns3:TPX>
                <ns3:Speed>1.4459999799728394</ns3:Speed>
              </ns3:TPX>
            </Extensions>
          </Trackpoint>
          <Trackpoint>
            <Time>2026-03-02T08:13:34.000Z</Time>
            <Position>
              <LatitudeDegrees>51.761155324056745</LatitudeDegrees>
              <LongitudeDegrees>-0.23393087089061737</LongitudeDegrees>
            </Position>
            <AltitudeMeters>78.5999984741211</AltitudeMeters>
            <DistanceMeters>1623.9200439453125</DistanceMeters>
            <HeartRateBpm>
              <Value>121</Value>
            </HeartRateBpm>
            <Extensions>
              <ns3:TPX>
                <ns3:Speed>1.4459999799728394</ns3:Speed>
              </ns3:TPX>
            </Extensions>
          </Trackpoint>
          <Trackpoint>
            <Time>2026-03-02T08:13:35.000Z</Time>
            <Position>
              <LatitudeDegrees>51.76113956607878</LatitudeDegrees>
              <LongitudeDegrees>-0.2339723613113165</LongitudeDegrees>
            </Position>
            <AltitudeMeters>78.5999984741211</AltitudeMeters>
            <DistanceMeters>1627.4000244140625</DistanceMeters>
            <HeartRateBpm>
              <Value>121</Value>
            </HeartRateBpm>
            <Extensions>
              <ns3:TPX>
                <ns3:Speed>1.4559999704360962</ns3:Speed>
              </ns3:TPX>
            </Extensions>
          </Trackpoint>
          <Trackpoint>
            <Time>2026-03-02T08:13:37.000Z</Time>
            <Position>
              <LatitudeDegrees>51.76112573593855</LatitudeDegrees>
              <LongitudeDegrees>-0.23400546982884407</LongitudeDegrees>
            </Position>
            <AltitudeMeters>79.0</AltitudeMeters>
            <DistanceMeters>1630.0899658203125</DistanceMeters>
            <HeartRateBpm>
              <Value>121</Value>
            </HeartRateBpm>
            <Extensions>
              <ns3:TPX>
                <ns3:Speed>1.4559999704360962</ns3:Speed>
              </ns3:TPX>
            </Extensions>
          </Trackpoint>
          <Trackpoint>
            <Time>2026-03-02T08:13:45.000Z</Time>
            <Position>
              <LatitudeDegrees>51.7610574234277</LatitudeDegrees>
              <LongitudeDegrees>-0.23414293304085732</LongitudeDegrees>
            </Position>
            <AltitudeMeters>79.19999694824219</AltitudeMeters>
            <DistanceMeters>1642.3599853515625</DistanceMeters>
            <HeartRateBpm>
              <Value>124</Value>
            </HeartRateBpm>
            <Extensions>
              <ns3:TPX>
                <ns3:Speed>1.4739999771118164</ns3:Speed>
              </ns3:TPX>
            </Extensions>
          </Trackpoint>
          <Trackpoint>
            <Time>2026-03-02T08:13:47.000Z</Time>
            <Position>
              <LatitudeDegrees>51.76104116253555</LatitudeDegrees>
              <LongitudeDegrees>-0.2341782208532095</LongitudeDegrees>
            </Position>
            <AltitudeMeters>79.0</AltitudeMeters>
            <DistanceMeters>1645.3199462890625</DistanceMeters>
            <HeartRateBpm>
              <Value>124</Value>
            </HeartRateBpm>
            <Extensions>
              <ns3:TPX>
                <ns3:Speed>1.4739999771118164</ns3:Speed>
              </ns3:TPX>
            </Extensions>
          </Trackpoint>
          <Trackpoint>
            <Time>2026-03-02T08:13:56.000Z</Time>
            <Position>
              <LatitudeDegrees>51.76096446812153</LatitudeDegrees>
              <LongitudeDegrees>-0.23431744426488876</LongitudeDegrees>
            </Position>
            <AltitudeMeters>79.0</AltitudeMeters>
            <DistanceMeters>1658.18994140625</DistanceMeters>
            <HeartRateBpm>
              <Value>124</Value>
            </HeartRateBpm>
            <Extensions>
              <ns3:TPX>
                <ns3:Speed>1.4739999771118164</ns3:Speed>
              </ns3:TPX>
            </Extensions>
          </Trackpoint>
          <Trackpoint>
            <Time>2026-03-02T08:14:05.000Z</Time>
            <Position>
              <LatitudeDegrees>51.76090990193188</LatitudeDegrees>
              <LongitudeDegrees>-0.23445767350494862</LongitudeDegrees>
            </Position>
            <AltitudeMeters>79.4000015258789</AltitudeMeters>
            <DistanceMeters>1669.8399658203125</DistanceMeters>
            <HeartRateBpm>
              <Value>122</Value>
            </HeartRateBpm>
            <Extensions>
              <ns3:TPX>
                <ns3:Speed>1.4559999704360962</ns3:Speed>
              </ns3:TPX>
            </Extensions>
          </Trackpoint>
          <Trackpoint>
            <Time>2026-03-02T08:14:09.000Z</Time>
            <Position>
              <LatitudeDegrees>51.760876877233386</LatitudeDegrees>
              <LongitudeDegrees>-0.23452305234968662</LongitudeDegrees>
            </Position>
            <AltitudeMeters>79.5999984741211</AltitudeMeters>
            <DistanceMeters>1675.43994140625</DistanceMeters>
            <HeartRateBpm>
              <Value>121</Value>
            </HeartRateBpm>
            <Extensions>
              <ns3:TPX>
                <ns3:Speed>1.4459999799728394</ns3:Speed>
              </ns3:TPX>
            </Extensions>
          </Trackpoint>
          <Trackpoint>
            <Time>2026-03-02T08:14:16.000Z</Time>
            <Position>
              <LatitudeDegrees>51.76081191748381</LatitudeDegrees>
              <LongitudeDegrees>-0.23464199155569077</LongitudeDegrees>
            </Position>
            <AltitudeMeters>79.80000305175781</AltitudeMeters>
            <DistanceMeters>1686.469970703125</DistanceMeters>
            <HeartRateBpm>
              <Value>121</Value>
            </HeartRateBpm>
            <Extensions>
              <ns3:TPX>
                <ns3:Speed>1.4559999704360962</ns3:Speed>
              </ns3:TPX>
            </Extensions>
          </Trackpoint>
          <Trackpoint>
            <Time>2026-03-02T08:14:25.000Z</Time>
            <Position>
              <LatitudeDegrees>51.760741425678134</LatitudeDegrees>
              <LongitudeDegrees>-0.2347510401159525</LongitudeDegrees>
            </Position>
            <AltitudeMeters>80.0</AltitudeMeters>
            <DistanceMeters>1699.199951171875</DistanceMeters>
            <HeartRateBpm>
              <Value>118</Value>
            </HeartRateBpm>
            <Extensions>
              <ns3:TPX>
                <ns3:Speed>1.4459999799728394</ns3:Speed>
              </ns3:TPX>
            </Extensions>
          </Trackpoint>
          <Trackpoint>
            <Time>2026-03-02T08:14:26.000Z</Time>
            <Position>
              <LatitudeDegrees>51.76071988418698</LatitudeDegrees>
              <LongitudeDegrees>-0.23478666320443153</LongitudeDegrees>
            </Position>
            <AltitudeMeters>80.0</AltitudeMeters>
            <DistanceMeters>1700.8699951171875</DistanceMeters>
            <HeartRateBpm>
              <Value>118</Value>
            </HeartRateBpm>
            <Extensions>
              <ns3:TPX>
                <ns3:Speed>1.4459999799728394</ns3:Speed>
              </ns3:TPX>
            </Extensions>
          </Trackpoint>
          <Trackpoint>
            <Time>2026-03-02T08:14:35.000Z</Time>
            <Position>
              <LatitudeDegrees>51.76064318977296</LatitudeDegrees>
              <LongitudeDegrees>-0.2349280659109354</LongitudeDegrees>
            </Position>
            <AltitudeMeters>80.19999694824219</AltitudeMeters>
            <DistanceMeters>1713.6400146484375</DistanceMeters>
            <HeartRateBpm>
              <Value>121</Value>
            </HeartRateBpm>
            <Extensions>
              <ns3:TPX>
                <ns3:Speed>1.4559999704360962</ns3:Speed>
              </ns3:TPX>
            </Extensions>
          </Trackpoint>
          <Trackpoint>
            <Time>2026-03-02T08:14:39.000Z</Time>
            <Position>
              <LatitudeDegrees>51.76061167381704</LatitudeDegrees>
              <LongitudeDegrees>-0.23499897681176662</LongitudeDegrees>
            </Position>
            <AltitudeMeters>80.19999694824219</AltitudeMeters>
            <DistanceMeters>1719.760009765625</DistanceMeters>
            <HeartRateBpm>
              <Value>124</Value>
            </HeartRateBpm>
            <Extensions>
              <ns3:TPX>
                <ns3:Speed>1.4459999799728394</ns3:Speed>
              </ns3:TPX>
            </Extensions>
          </Trackpoint>
          <Trackpoint>
            <Time>2026-03-02T08:14:42.000Z</Time>
            <Position>
              <LatitudeDegrees>51.76059038378298</LatitudeDegrees>
              <LongitudeDegrees>-0.23503074422478676</LongitudeDegrees>
            </Position>
            <AltitudeMeters>80.19999694824219</AltitudeMeters>
            <DistanceMeters>1723.0400390625</DistanceMeters>
            <HeartRateBpm>
              <Value>127</Value>
            </HeartRateBpm>
            <Extensions>
              <ns3:TPX>
                <ns3:Speed>1.4459999799728394</ns3:Speed>
              </ns3:TPX>
            </Extensions>
          </Trackpoint>
          <Trackpoint>
            <Time>2026-03-02T08:14:44.000Z</Time>
            <Position>
              <LatitudeDegrees>51.760572446510196</LatitudeDegrees>
              <LongitudeDegrees>-0.23505622521042824</LongitudeDegrees>
            </Position>
            <AltitudeMeters>80.19999694824219</AltitudeMeters>
            <DistanceMeters>1725.6199951171875</DistanceMeters>
            <HeartRateBpm>
              <Value>128</Value>
            </HeartRateBpm>
            <Extensions>
              <ns3:TPX>
                <ns3:Speed>1.437000036239624</ns3:Speed>
              </ns3:TPX>
            </Extensions>
          </Trackpoint>
          <Trackpoint>
            <Time>2026-03-02T08:14:55.000Z</Time>
            <Position>
              <LatitudeDegrees>51.76047974266112</LatitudeDegrees>
              <LongitudeDegrees>-0.2352394536137581</LongitudeDegrees>
            </Position>
            <AltitudeMeters>80.0</AltitudeMeters>
            <DistanceMeters>1741.81005859375</DistanceMeters>
            <HeartRateBpm>
              <Value>128</Value>
            </HeartRateBpm>
            <Extensions>
              <ns3:TPX>
                <ns3:Speed>1.437000036239624</ns3:Speed>
              </ns3:TPX>
            </Extensions>
          </Trackpoint>
          <Trackpoint>
            <Time>2026-03-02T08:15:02.000Z</Time>
            <Position>
              <LatitudeDegrees>51.76042844541371</LatitudeDegrees>
              <LongitudeDegrees>-0.2353505976498127</LongitudeDegrees>
            </Position>
            <AltitudeMeters>80.0</AltitudeMeters>
            <DistanceMeters>1750.8800048828125</DistanceMeters>
            <HeartRateBpm>
              <Value>125</Value>
            </HeartRateBpm>
            <Extensions>
              <ns3:TPX>
                <ns3:Speed>1.437000036239624</ns3:Speed>
              </ns3:TPX>
            </Extensions>
          </Trackpoint>
          <Trackpoint>
            <Time>2026-03-02T08:15:04.000Z</Time>
            <Position>
              <LatitudeDegrees>51.76041251979768</LatitudeDegrees>
              <LongitudeDegrees>-0.23537909612059593</LongitudeDegrees>
            </Position>
            <AltitudeMeters>80.0</AltitudeMeters>
            <DistanceMeters>1753.760009765625</DistanceMeters>
            <HeartRateBpm>
              <Value>122</Value>
            </HeartRateBpm>
            <Extensions>
              <ns3:TPX>
                <ns3:Speed>1.4279999732971191</ns3:Speed>
              </ns3:TPX>
            </Extensions>
          </Trackpoint>
          <Trackpoint>
            <Time>2026-03-02T08:15:06.000Z</Time>
            <Position>
              <LatitudeDegrees>51.76039491780102</LatitudeDegrees>
              <LongitudeDegrees>-0.2354121208190918</LongitudeDegrees>
            </Position>
            <AltitudeMeters>80.0</AltitudeMeters>
            <DistanceMeters>1756.6700439453125</DistanceMeters>
            <HeartRateBpm>
              <Value>118</Value>
            </HeartRateBpm>
            <Extensions>
              <ns3:TPX>
                <ns3:Speed>1.4279999732971191</ns3:Speed>
              </ns3:TPX>
            </Extensions>
          </Trackpoint>
          <Trackpoint>
            <Time>2026-03-02T08:15:10.000Z</Time>
            <Position>
              <LatitudeDegrees>51.76036834716797</LatitudeDegrees>
              <LongitudeDegrees>-0.23546526208519936</LongitudeDegrees>
            </Position>
            <AltitudeMeters>80.19999694824219</AltitudeMeters>
            <DistanceMeters>1763.300048828125</DistanceMeters>
            <HeartRateBpm>
              <Value>115</Value>
            </HeartRateBpm>
            <Extensions>
              <ns3:TPX>
                <ns3:Speed>1.4279999732971191</ns3:Speed>
              </ns3:TPX>
            </Extensions>
          </Trackpoint>
          <Trackpoint>
            <Time>2026-03-02T08:15:14.000Z</Time>
            <Position>
              <LatitudeDegrees>51.7603303771466</LatitudeDegrees>
              <LongitudeDegrees>-0.2355531882494688</LongitudeDegrees>
            </Position>
            <AltitudeMeters>80.0</AltitudeMeters>
            <DistanceMeters>1769.3800048828125</DistanceMeters>
            <HeartRateBpm>
              <Value>114</Value>
            </HeartRateBpm>
            <Extensions>
              <ns3:TPX>
                <ns3:Speed>1.437000036239624</ns3:Speed>
              </ns3:TPX>
            </Extensions>
          </Trackpoint>
          <Trackpoint>
            <Time>2026-03-02T08:15:23.000Z</Time>
            <Position>
              <LatitudeDegrees>51.76026348955929</LatitudeDegrees>
              <LongitudeDegrees>-0.2357100136578083</LongitudeDegrees>
            </Position>
            <AltitudeMeters>79.80000305175781</AltitudeMeters>
            <DistanceMeters>1782.56005859375</DistanceMeters>
            <HeartRateBpm>
              <Value>113</Value>
            </HeartRateBpm>
            <Extensions>
              <ns3:TPX>
                <ns3:Speed>1.437000036239624</ns3:Speed>
              </ns3:TPX>
            </Extensions>
          </Trackpoint>
          <Trackpoint>
            <Time>2026-03-02T08:15:32.000Z</Time>
            <Position>
              <LatitudeDegrees>51.76020515151322</LatitudeDegrees>
              <LongitudeDegrees>-0.2358667552471161</LongitudeDegrees>
            </Position>
            <AltitudeMeters>79.4000015258789</AltitudeMeters>
            <DistanceMeters>1794.77001953125</DistanceMeters>
            <HeartRateBpm>
              <Value>110</Value>
            </HeartRateBpm>
            <Extensions>
              <ns3:TPX>
                <ns3:Speed>1.437000036239624</ns3:Speed>
              </ns3:TPX>
            </Extensions>
          </Trackpoint>
          <Trackpoint>
            <Time>2026-03-02T08:15:43.000Z</Time>
            <Position>
              <LatitudeDegrees>51.76012326031923</LatitudeDegrees>
              <LongitudeDegrees>-0.2360709384083748</LongitudeDegrees>
            </Position>
            <AltitudeMeters>79.19999694824219</AltitudeMeters>
            <DistanceMeters>1811.22998046875</DistanceMeters>
            <HeartRateBpm>
              <Value>108</Value>
            </HeartRateBpm>
            <Extensions>
              <ns3:TPX>
                <ns3:Speed>1.4279999732971191</ns3:Speed>
              </ns3:TPX>
            </Extensions>
          </Trackpoint>
          <Trackpoint>
            <Time>2026-03-02T08:15:52.000Z</Time>
            <Position>
              <LatitudeDegrees>51.76008847542107</LatitudeDegrees>
              <LongitudeDegrees>-0.23627151735126972</LongitudeDegrees>
            </Position>
            <AltitudeMeters>79.0</AltitudeMeters>
            <DistanceMeters>1825.77001953125</DistanceMeters>
            <HeartRateBpm>
              <Value>108</Value>
            </HeartRateBpm>
            <Extensions>
              <ns3:TPX>
                <ns3:Speed>1.4459999799728394</ns3:Speed>
              </ns3:TPX>
            </Extensions>
          </Trackpoint>
          <Trackpoint>
            <Time>2026-03-02T08:16:01.000Z</Time>
            <Position>
              <LatitudeDegrees>51.760032484307885</LatitudeDegrees>
              <LongitudeDegrees>-0.23642079904675484</LongitudeDegrees>
            </Position>
            <AltitudeMeters>78.80000305175781</AltitudeMeters>
            <DistanceMeters>1837.7099609375</DistanceMeters>
            <HeartRateBpm>
              <Value>107</Value>
            </HeartRateBpm>
            <Extensions>
              <ns3:TPX>
                <ns3:Speed>1.4559999704360962</ns3:Speed>
              </ns3:TPX>
            </Extensions>
          </Trackpoint>
          <Trackpoint>
            <Time>2026-03-02T08:16:09.000Z</Time>
            <Position>
              <LatitudeDegrees>51.75998026505113</LatitudeDegrees>
              <LongitudeDegrees>-0.23655809462070465</LongitudeDegrees>
            </Position>
            <AltitudeMeters>78.80000305175781</AltitudeMeters>
            <DistanceMeters>1848.9599609375</DistanceMeters>
            <HeartRateBpm>
              <Value>107</Value>
            </HeartRateBpm>
            <Extensions>
              <ns3:TPX>
                <ns3:Speed>1.4459999799728394</ns3:Speed>
              </ns3:TPX>
            </Extensions>
          </Trackpoint>
          <Trackpoint>
            <Time>2026-03-02T08:16:16.000Z</Time>
            <Position>
              <LatitudeDegrees>51.759938104078174</LatitudeDegrees>
              <LongitudeDegrees>-0.23669354617595673</LongitudeDegrees>
            </Position>
            <AltitudeMeters>78.5999984741211</AltitudeMeters>
            <DistanceMeters>1859.6800537109375</DistanceMeters>
            <HeartRateBpm>
              <Value>105</Value>
            </HeartRateBpm>
            <Extensions>
              <ns3:TPX>
                <ns3:Speed>1.4459999799728394</ns3:Speed>
              </ns3:TPX>
            </Extensions>
          </Trackpoint>
          <Trackpoint>
            <Time>2026-03-02T08:16:18.000Z</Time>
            <Position>
              <LatitudeDegrees>51.75992326810956</LatitudeDegrees>
              <LongitudeDegrees>-0.2367288339883089</LongitudeDegrees>
            </Position>
            <AltitudeMeters>78.4000015258789</AltitudeMeters>
            <DistanceMeters>1862.699951171875</DistanceMeters>
            <HeartRateBpm>
              <Value>105</Value>
            </HeartRateBpm>
            <Extensions>
              <ns3:TPX>
                <ns3:Speed>1.4459999799728394</ns3:Speed>
              </ns3:TPX>
            </Extensions>
          </Trackpoint>
          <Trackpoint>
            <Time>2026-03-02T08:16:28.000Z</Time>
            <Position>
              <LatitudeDegrees>51.759860906749964</LatitudeDegrees>
              <LongitudeDegrees>-0.23690124973654747</LongitudeDegrees>
            </Position>
            <AltitudeMeters>78.4000015258789</AltitudeMeters>
            <DistanceMeters>1876.06005859375</DistanceMeters>
            <HeartRateBpm>
              <Value>104</Value>
            </HeartRateBpm>
            <Extensions>
              <ns3:TPX>
                <ns3:Speed>1.4459999799728394</ns3:Speed>
              </ns3:TPX>
            </Extensions>
          </Trackpoint>
          <Trackpoint>
            <Time>2026-03-02T08:16:37.000Z</Time>
            <Position>
              <LatitudeDegrees>51.75981271080673</LatitudeDegrees>
              <LongitudeDegrees>-0.2370854001492262</LongitudeDegrees>
            </Position>
            <AltitudeMeters>78.0</AltitudeMeters>
            <DistanceMeters>1890.3199462890625</DistanceMeters>
            <HeartRateBpm>
              <Value>104</Value>
            </HeartRateBpm>
            <Extensions>
              <ns3:TPX>
                <ns3:Speed>1.4279999732971191</ns3:Speed>
              </ns3:TPX>
            </Extensions>
          </Trackpoint>
          <Trackpoint>
            <Time>2026-03-02T08:16:45.000Z</Time>
            <Position>
              <LatitudeDegrees>51.75977515988052</LatitudeDegrees>
              <LongitudeDegrees>-0.23722780868411064</LongitudeDegrees>
            </Position>
            <AltitudeMeters>78.0</AltitudeMeters>
            <DistanceMeters>1900.97998046875</DistanceMeters>
            <HeartRateBpm>
              <Value>104</Value>
            </HeartRateBpm>
            <Extensions>
              <ns3:TPX>
                <ns3:Speed>1.437000036239624</ns3:Speed>
              </ns3:TPX>
            </Extensions>
          </Trackpoint>
          <Trackpoint>
            <Time>2026-03-02T08:16:50.000Z</Time>
            <Position>
              <LatitudeDegrees>51.75975085236132</LatitudeDegrees>
              <LongitudeDegrees>-0.23731439374387264</LongitudeDegrees>
            </Position>
            <AltitudeMeters>78.0</AltitudeMeters>
            <DistanceMeters>1907.489990234375</DistanceMeters>
            <HeartRateBpm>
              <Value>107</Value>
            </HeartRateBpm>
            <Extensions>
              <ns3:TPX>
                <ns3:Speed>1.4279999732971191</ns3:Speed>
              </ns3:TPX>
            </Extensions>
          </Trackpoint>
          <Trackpoint>
            <Time>2026-03-02T08:16:52.000Z</Time>
            <Position>
              <LatitudeDegrees>51.759738866239786</LatitudeDegrees>
              <LongitudeDegrees>-0.23734540678560734</LongitudeDegrees>
            </Position>
            <AltitudeMeters>78.0</AltitudeMeters>
            <DistanceMeters>1910.06005859375</DistanceMeters>
            <HeartRateBpm>
              <Value>110</Value>
            </HeartRateBpm>
            <Extensions>
              <ns3:TPX>
                <ns3:Speed>1.4279999732971191</ns3:Speed>
              </ns3:TPX>
            </Extensions>
          </Trackpoint>
          <Trackpoint>
            <Time>2026-03-02T08:16:56.000Z</Time>
            <Position>
              <LatitudeDegrees>51.759721767157316</LatitudeDegrees>
              <LongitudeDegrees>-0.23741371929645538</LongitudeDegrees>
            </Position>
            <AltitudeMeters>77.80000305175781</AltitudeMeters>
            <DistanceMeters>1914.949951171875</DistanceMeters>
            <HeartRateBpm>
              <Value>109</Value>
            </HeartRateBpm>
            <Extensions>
              <ns3:TPX>
                <ns3:Speed>1.4179999828338623</ns3:Speed>
              </ns3:TPX>
            </Extensions>
          </Trackpoint>
          <Trackpoint>
            <Time>2026-03-02T08:17:06.000Z</Time>
            <Position>
              <LatitudeDegrees>51.75964783877134</LatitudeDegrees>
              <LongitudeDegrees>-0.2375897392630577</LongitudeDegrees>
            </Position>
            <AltitudeMeters>77.5999984741211</AltitudeMeters>
            <DistanceMeters>1929.6099853515625</DistanceMeters>
            <HeartRateBpm>
              <Value>108</Value>
            </HeartRateBpm>
            <Extensions>
              <ns3:TPX>
                <ns3:Speed>1.409000039100647</ns3:Speed>
              </ns3:TPX>
            </Extensions>
          </Trackpoint>
          <Trackpoint>
            <Time>2026-03-02T08:17:13.000Z</Time>
            <Position>
              <LatitudeDegrees>51.75960601307452</LatitudeDegrees>
              <LongitudeDegrees>-0.23771806620061398</LongitudeDegrees>
            </Position>
            <AltitudeMeters>77.5999984741211</AltitudeMeters>
            <DistanceMeters>1939.800048828125</DistanceMeters>
            <HeartRateBpm>
              <Value>107</Value>
            </HeartRateBpm>
            <Extensions>
              <ns3:TPX>
                <ns3:Speed>1.409000039100647</ns3:Speed>
              </ns3:TPX>
            </Extensions>
          </Trackpoint>
          <Trackpoint>
            <Time>2026-03-02T08:17:15.000Z</Time>
            <Position>
              <LatitudeDegrees>51.75959017127752</LatitudeDegrees>
              <LongitudeDegrees>-0.23775603622198105</LongitudeDegrees>
            </Position>
            <AltitudeMeters>77.4000015258789</AltitudeMeters>
            <DistanceMeters>1943.06005859375</DistanceMeters>
            <HeartRateBpm>
              <Value>107</Value>
            </HeartRateBpm>
            <Extensions>
              <ns3:TPX>
                <ns3:Speed>1.409000039100647</ns3:Speed>
              </ns3:TPX>
            </Extensions>
          </Trackpoint>
          <Trackpoint>
            <Time>2026-03-02T08:17:23.000Z</Time>
            <Position>
              <LatitudeDegrees>51.75954423844814</LatitudeDegrees>
              <LongitudeDegrees>-0.23789148777723312</LongitudeDegrees>
            </Position>
            <AltitudeMeters>77.5999984741211</AltitudeMeters>
            <DistanceMeters>1953.6199951171875</DistanceMeters>
            <HeartRateBpm>
              <Value>107</Value>
            </HeartRateBpm>
            <Extensions>
              <ns3:TPX>
                <ns3:Speed>1.409000039100647</ns3:Speed>
              </ns3:TPX>
            </Extensions>
          </Trackpoint>
          <Trackpoint>
            <Time>2026-03-02T08:17:32.000Z</Time>
            <Position>
              <LatitudeDegrees>51.75950953736901</LatitudeDegrees>
              <LongitudeDegrees>-0.23808829486370087</LongitudeDegrees>
            </Position>
            <AltitudeMeters>77.5999984741211</AltitudeMeters>
            <DistanceMeters>1967.739990234375</DistanceMeters>
            <HeartRateBpm>
              <Value>106</Value>
            </HeartRateBpm>
            <Extensions>
              <ns3:TPX>
                <ns3:Speed>1.4179999828338623</ns3:Speed>
              </ns3:TPX>
            </Extensions>
          </Trackpoint>
          <Trackpoint>
            <Time>2026-03-02T08:17:42.000Z</Time>
            <Position>
              <LatitudeDegrees>51.7594497743994</LatitudeDegrees>
              <LongitudeDegrees>-0.23828686214983463</LongitudeDegrees>
            </Position>
            <AltitudeMeters>77.5999984741211</AltitudeMeters>
            <DistanceMeters>1982.8800048828125</DistanceMeters>
            <HeartRateBpm>
              <Value>106</Value>
            </HeartRateBpm>
            <Extensions>
              <ns3:TPX>
                <ns3:Speed>1.4279999732971191</ns3:Speed>
              </ns3:TPX>
            </Extensions>
          </Trackpoint>
          <Trackpoint>
            <Time>2026-03-02T08:17:51.000Z</Time>
            <Position>
              <LatitudeDegrees>51.75939361564815</LatitudeDegrees>
              <LongitudeDegrees>-0.23843924514949322</LongitudeDegrees>
            </Position>
            <AltitudeMeters>77.19999694824219</AltitudeMeters>
            <DistanceMeters>1995.27001953125</DistanceMeters>
            <HeartRateBpm>
              <Value>107</Value>
            </HeartRateBpm>
            <Extensions>
              <ns3:TPX>
                <ns3:Speed>1.437000036239624</ns3:Speed>
              </ns3:TPX>
            </Extensions>
          </Trackpoint>
          <Trackpoint>
            <Time>2026-03-02T08:17:57.000Z</Time>
            <Position>
              <LatitudeDegrees>51.75937064923346</LatitudeDegrees>
              <LongitudeDegrees>-0.23854896426200867</LongitudeDegrees>
            </Position>
            <AltitudeMeters>77.19999694824219</AltitudeMeters>
            <DistanceMeters>2003.280029296875</DistanceMeters>
            <HeartRateBpm>
              <Value>110</Value>
            </HeartRateBpm>
            <Extensions>
              <ns3:TPX>
                <ns3:Speed>1.4279999732971191</ns3:Speed>
              </ns3:TPX>
            </Extensions>
          </Trackpoint>
        </Track>
        <Extensions>
          <ns3:LX>
            <ns3:AvgSpeed>1.399999976158142</ns3:AvgSpeed>
            <ns3:AvgRunCadence>52</ns3:AvgRunCadence>
            <ns3:MaxRunCadence>64</ns3:MaxRunCadence>
          </ns3:LX>
        </Extensions>
      </Lap>
      <Lap StartTime="2026-03-02T08:17:57.000Z">
        <TotalTimeSeconds>723.577</TotalTimeSeconds>
        <DistanceMeters>1000.0</DistanceMeters>
        <MaximumSpeed>1.5399999618530273</MaximumSpeed>
        <Calories>63</Calories>
        <AverageHeartRateBpm>
          <Value>116</Value>
        </AverageHeartRateBpm>
        <MaximumHeartRateBpm>
          <Value>130</Value>
        </MaximumHeartRateBpm>
        <Intensity>Active</Intensity>
        <TriggerMethod>Manual</TriggerMethod>
        <Track>
          <Trackpoint>
            <Time>2026-03-02T08:17:57.000Z</Time>
            <Position>
              <LatitudeDegrees>51.75937064923346</LatitudeDegrees>
              <LongitudeDegrees>-0.23854896426200867</LongitudeDegrees>
            </Position>
            <AltitudeMeters>77.19999694824219</AltitudeMeters>
            <DistanceMeters>2003.280029296875</DistanceMeters>
            <HeartRateBpm>
              <Value>110</Value>
            </HeartRateBpm>
            <Extensions>
              <ns3:TPX>
                <ns3:Speed>1.4279999732971191</ns3:Speed>
              </ns3:TPX>
            </Extensions>
          </Trackpoint>
          <Trackpoint>
            <Time>2026-03-02T08:18:00.000Z</Time>
            <Position>
              <LatitudeDegrees>51.75935589708388</LatitudeDegrees>
              <LongitudeDegrees>-0.23859288543462753</LongitudeDegrees>
            </Position>
            <AltitudeMeters>77.0</AltitudeMeters>
            <DistanceMeters>2006.6099853515625</DistanceMeters>
            <HeartRateBpm>
              <Value>110</Value>
            </HeartRateBpm>
            <Extensions>
              <ns3:TPX>
                <ns3:Speed>1.4279999732971191</ns3:Speed>
              </ns3:TPX>
            </Extensions>
          </Trackpoint>
          <Trackpoint>
            <Time>2026-03-02T08:18:07.000Z</Time>
            <Position>
              <LatitudeDegrees>51.759319016709924</LatitudeDegrees>
              <LongitudeDegrees>-0.23872909136116505</LongitudeDegrees>
            </Position>
            <AltitudeMeters>77.0</AltitudeMeters>
            <DistanceMeters>2017.050048828125</DistanceMeters>
            <HeartRateBpm>
              <Value>109</Value>
            </HeartRateBpm>
            <Extensions>
              <ns3:TPX>
                <ns3:Speed>1.4179999828338623</ns3:Speed>
              </ns3:TPX>
            </Extensions>
          </Trackpoint>
          <Trackpoint>
            <Time>2026-03-02T08:18:11.000Z</Time>
            <Position>
              <LatitudeDegrees>51.7593097127974</LatitudeDegrees>
              <LongitudeDegrees>-0.23880251683294773</LongitudeDegrees>
            </Position>
            <AltitudeMeters>76.80000305175781</AltitudeMeters>
            <DistanceMeters>2021.989990234375</DistanceMeters>
            <HeartRateBpm>
              <Value>106</Value>
            </HeartRateBpm>
            <Extensions>
              <ns3:TPX>
                <ns3:Speed>1.4179999828338623</ns3:Speed>
              </ns3:TPX>
            </Extensions>
          </Trackpoint>
          <Trackpoint>
            <Time>2026-03-02T08:18:18.000Z</Time>
            <Position>
              <LatitudeDegrees>51.75929848104715</LatitudeDegrees>
              <LongitudeDegrees>-0.23890377022325993</LongitudeDegrees>
            </Position>
            <AltitudeMeters>77.0</AltitudeMeters>
            <DistanceMeters>2029.6099853515625</DistanceMeters>
            <HeartRateBpm>
              <Value>107</Value>
            </HeartRateBpm>
            <Extensions>
              <ns3:TPX>
                <ns3:Speed>1.409000039100647</ns3:Speed>
              </ns3:TPX>
            </Extensions>
          </Trackpoint>
          <Trackpoint>
            <Time>2026-03-02T08:18:28.000Z</Time>
            <Position>
              <LatitudeDegrees>51.75932228565216</LatitudeDegrees>
              <LongitudeDegrees>-0.2391214482486248</LongitudeDegrees>
            </Position>
            <AltitudeMeters>77.0</AltitudeMeters>
            <DistanceMeters>2045.030029296875</DistanceMeters>
            <HeartRateBpm>
              <Value>107</Value>
            </HeartRateBpm>
            <Extensions>
              <ns3:TPX>
                <ns3:Speed>1.3899999856948853</ns3:Speed>
              </ns3:TPX>
            </Extensions>
          </Trackpoint>
          <Trackpoint>
            <Time>2026-03-02T08:18:30.000Z</Time>
            <Position>
              <LatitudeDegrees>51.75932320766151</LatitudeDegrees>
              <LongitudeDegrees>-0.2391638606786728</LongitudeDegrees>
            </Position>
            <AltitudeMeters>77.19999694824219</AltitudeMeters>
            <DistanceMeters>2047.780029296875</DistanceMeters>
            <HeartRateBpm>
              <Value>111</Value>
            </HeartRateBpm>
            <Extensions>
              <ns3:TPX>
                <ns3:Speed>1.3899999856948853</ns3:Speed>
              </ns3:TPX>
            </Extensions>
          </Trackpoint>
          <Trackpoint>
            <Time>2026-03-02T08:18:36.000Z</Time>
            <Position>
              <LatitudeDegrees>51.759318094700575</LatitudeDegrees>
              <LongitudeDegrees>-0.2392923552542925</LongitudeDegrees>
            </Position>
            <AltitudeMeters>77.0</AltitudeMeters>
            <DistanceMeters>2056.679931640625</DistanceMeters>
            <HeartRateBpm>
              <Value>114</Value>
            </HeartRateBpm>
            <Extensions>
              <ns3:TPX>
                <ns3:Speed>1.399999976158142</ns3:Speed>
              </ns3:TPX>
            </Extensions>
          </Trackpoint>
          <Trackpoint>
            <Time>2026-03-02T08:18:38.000Z</Time>
            <Position>
              <LatitudeDegrees>51.7593149933964</LatitudeDegrees>
              <LongitudeDegrees>-0.2393327560275793</LongitudeDegrees>
            </Position>
            <AltitudeMeters>77.0</AltitudeMeters>
            <DistanceMeters>2059.239990234375</DistanceMeters>
            <HeartRateBpm>
              <Value>115</Value>
            </HeartRateBpm>
            <Extensions>
              <ns3:TPX>
                <ns3:Speed>1.399999976158142</ns3:Speed>
              </ns3:TPX>
            </Extensions>
          </Trackpoint>
          <Trackpoint>
            <Time>2026-03-02T08:18:48.000Z</Time>
            <Position>
              <LatitudeDegrees>51.75935363397002</LatitudeDegrees>
              <LongitudeDegrees>-0.23950768634676933</LongitudeDegrees>
            </Position>
            <AltitudeMeters>77.19999694824219</AltitudeMeters>
            <DistanceMeters>2072.419921875</DistanceMeters>
            <HeartRateBpm>
              <Value>113</Value>
            </HeartRateBpm>
            <Extensions>
              <ns3:TPX>
                <ns3:Speed>1.38100004196167</ns3:Speed>
              </ns3:TPX>
            </Extensions>
          </Trackpoint>
          <Trackpoint>
            <Time>2026-03-02T08:18:50.000Z</Time>
            <Position>
              <LatitudeDegrees>51.75936142913997</LatitudeDegrees>
              <LongitudeDegrees>-0.2395112905651331</LongitudeDegrees>
            </Position>
            <AltitudeMeters>77.19999694824219</AltitudeMeters>
            <DistanceMeters>2073.5400390625</DistanceMeters>
            <HeartRateBpm>
              <Value>110</Value>
            </HeartRateBpm>
            <Extensions>
              <ns3:TPX>
                <ns3:Speed>1.38100004196167</ns3:Speed>
              </ns3:TPX>
            </Extensions>
          </Trackpoint>
          <Trackpoint>
            <Time>2026-03-02T08:18:55.000Z</Time>
            <Position>
              <LatitudeDegrees>51.75935019738972</LatitudeDegrees>
              <LongitudeDegrees>-0.23952696472406387</LongitudeDegrees>
            </Position>
            <AltitudeMeters>77.19999694824219</AltitudeMeters>
            <DistanceMeters>2074.7099609375</DistanceMeters>
            <HeartRateBpm>
              <Value>109</Value>
            </HeartRateBpm>
            <Extensions>
              <ns3:TPX>
                <ns3:Speed>1.2970000505447388</ns3:Speed>
              </ns3:TPX>
            </Extensions>
          </Trackpoint>
          <Trackpoint>
            <Time>2026-03-02T08:19:00.000Z</Time>
            <Position>
              <LatitudeDegrees>51.75930116325617</LatitudeDegrees>
              <LongitudeDegrees>-0.23959309794008732</LongitudeDegrees>
            </Position>
            <AltitudeMeters>77.0</AltitudeMeters>
            <DistanceMeters>2082.090087890625</DistanceMeters>
            <HeartRateBpm>
              <Value>112</Value>
            </HeartRateBpm>
            <Extensions>
              <ns3:TPX>
                <ns3:Speed>1.343999981880188</ns3:Speed>
              </ns3:TPX>
            </Extensions>
          </Trackpoint>
          <Trackpoint>
            <Time>2026-03-02T08:19:03.000Z</Time>
            <Position>
              <LatitudeDegrees>51.75928322598338</LatitudeDegrees>
              <LongitudeDegrees>-0.23961220867931843</LongitudeDegrees>
            </Position>
            <AltitudeMeters>77.19999694824219</AltitudeMeters>
            <DistanceMeters>2085.3701171875</DistanceMeters>
            <HeartRateBpm>
              <Value>115</Value>
            </HeartRateBpm>
            <Extensions>
              <ns3:TPX>
                <ns3:Speed>1.5119999647140503</ns3:Speed>
              </ns3:TPX>
            </Extensions>
          </Trackpoint>
          <Trackpoint>
            <Time>2026-03-02T08:19:07.000Z</Time>
            <Position>
              <LatitudeDegrees>51.75926897674799</LatitudeDegrees>
              <LongitudeDegrees>-0.23967943154275417</LongitudeDegrees>
            </Position>
            <AltitudeMeters>77.5999984741211</AltitudeMeters>
            <DistanceMeters>2089.85009765625</DistanceMeters>
            <HeartRateBpm>
              <Value>118</Value>
            </HeartRateBpm>
            <Extensions>
              <ns3:TPX>
                <ns3:Speed>0.0</ns3:Speed>
              </ns3:TPX>
            </Extensions>
          </Trackpoint>
          <Trackpoint>
            <Time>2026-03-02T08:19:09.000Z</Time>
            <Position>
              <LatitudeDegrees>51.75925581716001</LatitudeDegrees>
              <LongitudeDegrees>-0.23971421644091606</LongitudeDegrees>
            </Position>
            <AltitudeMeters>77.4000015258789</AltitudeMeters>
            <DistanceMeters>2092.0</DistanceMeters>
            <HeartRateBpm>
              <Value>118</Value>
            </HeartRateBpm>
            <Extensions>
              <ns3:TPX>
                <ns3:Speed>0.0</ns3:Speed>
              </ns3:TPX>
            </Extensions>
          </Trackpoint>
          <Trackpoint>
            <Time>2026-03-02T08:19:14.000Z</Time>
            <Position>
              <LatitudeDegrees>51.75919823348522</LatitudeDegrees>
              <LongitudeDegrees>-0.23973701521754265</LongitudeDegrees>
            </Position>
            <AltitudeMeters>77.4000015258789</AltitudeMeters>
            <DistanceMeters>2098.97998046875</DistanceMeters>
            <HeartRateBpm>
              <Value>117</Value>
            </HeartRateBpm>
            <Extensions>
              <ns3:TPX>
                <ns3:Speed>1.3619999885559082</ns3:Speed>
              </ns3:TPX>
            </Extensions>
          </Trackpoint>
          <Trackpoint>
            <Time>2026-03-02T08:19:16.000Z</Time>
            <Position>
              <LatitudeDegrees>51.75917845219374</LatitudeDegrees>
              <LongitudeDegrees>-0.23972058668732643</LongitudeDegrees>
            </Position>
            <AltitudeMeters>77.5999984741211</AltitudeMeters>
            <DistanceMeters>2101.75</DistanceMeters>
            <HeartRateBpm>
              <Value>117</Value>
            </HeartRateBpm>
            <Extensions>
              <ns3:TPX>
                <ns3:Speed>1.3530000448226929</ns3:Speed>
              </ns3:TPX>
            </Extensions>
          </Trackpoint>
          <Trackpoint>
            <Time>2026-03-02T08:19:26.000Z</Time>
            <Position>
              <LatitudeDegrees>51.75905121490359</LatitudeDegrees>
              <LongitudeDegrees>-0.23969460278749466</LongitudeDegrees>
            </Position>
            <AltitudeMeters>77.4000015258789</AltitudeMeters>
            <DistanceMeters>2115.64990234375</DistanceMeters>
            <HeartRateBpm>
              <Value>116</Value>
            </HeartRateBpm>
            <Extensions>
              <ns3:TPX>
                <ns3:Speed>1.38100004196167</ns3:Speed>
              </ns3:TPX>
            </Extensions>
          </Trackpoint>
          <Trackpoint>
            <Time>2026-03-02T08:19:36.000Z</Time>
            <Position>
              <LatitudeDegrees>51.758927246555686</LatitudeDegrees>
              <LongitudeDegrees>-0.23973533883690834</LongitudeDegrees>
            </Position>
            <AltitudeMeters>77.4000015258789</AltitudeMeters>
            <DistanceMeters>2130.389892578125</DistanceMeters>
            <HeartRateBpm>
              <Value>116</Value>
            </HeartRateBpm>
            <Extensions>
              <ns3:TPX>
                <ns3:Speed>1.4279999732971191</ns3:Speed>
              </ns3:TPX>
            </Extensions>
          </Trackpoint>
          <Trackpoint>
            <Time>2026-03-02T08:19:43.000Z</Time>
            <Position>
              <LatitudeDegrees>51.75885013304651</LatitudeDegrees>
              <LongitudeDegrees>-0.23984220810234547</LongitudeDegrees>
            </Position>
            <AltitudeMeters>77.4000015258789</AltitudeMeters>
            <DistanceMeters>2142.0</DistanceMeters>
            <HeartRateBpm>
              <Value>115</Value>
            </HeartRateBpm>
            <Extensions>
              <ns3:TPX>
                <ns3:Speed>1.465000033378601</ns3:Speed>
              </ns3:TPX>
            </Extensions>
          </Trackpoint>
          <Trackpoint>
            <Time>2026-03-02T08:19:52.000Z</Time>
            <Position>
              <LatitudeDegrees>51.758795231580734</LatitudeDegrees>
              <LongitudeDegrees>-0.23998922668397427</LongitudeDegrees>
            </Position>
            <AltitudeMeters>77.0</AltitudeMeters>
            <DistanceMeters>2153.340087890625</DistanceMeters>
            <HeartRateBpm>
              <Value>115</Value>
            </HeartRateBpm>
            <Extensions>
              <ns3:TPX>
                <ns3:Speed>1.4279999732971191</ns3:Speed>
              </ns3:TPX>
            </Extensions>
          </Trackpoint>
          <Trackpoint>
            <Time>2026-03-02T08:19:59.000Z</Time>
            <Position>
              <LatitudeDegrees>51.75874795764685</LatitudeDegrees>
              <LongitudeDegrees>-0.24013389833271503</LongitudeDegrees>
            </Position>
            <AltitudeMeters>76.80000305175781</AltitudeMeters>
            <DistanceMeters>2164.47998046875</DistanceMeters>
            <HeartRateBpm>
              <Value>112</Value>
            </HeartRateBpm>
            <Extensions>
              <ns3:TPX>
                <ns3:Speed>1.4179999828338623</ns3:Speed>
              </ns3:TPX>
            </Extensions>
          </Trackpoint>
          <Trackpoint>
            <Time>2026-03-02T08:20:04.000Z</Time>
            <Position>
              <LatitudeDegrees>51.75870948471129</LatitudeDegrees>
              <LongitudeDegrees>-0.24020631797611713</LongitudeDegrees>
            </Position>
            <AltitudeMeters>76.5999984741211</AltitudeMeters>
            <DistanceMeters>2171.139892578125</DistanceMeters>
            <HeartRateBpm>
              <Value>111</Value>
            </HeartRateBpm>
            <Extensions>
              <ns3:TPX>
                <ns3:Speed>1.437000036239624</ns3:Speed>
              </ns3:TPX>
            </Extensions>
          </Trackpoint>
          <Trackpoint>
            <Time>2026-03-02T08:20:14.000Z</Time>
            <Position>
              <LatitudeDegrees>51.75863614305854</LatitudeDegrees>
              <LongitudeDegrees>-0.24035836569964886</LongitudeDegrees>
            </Position>
            <AltitudeMeters>76.5999984741211</AltitudeMeters>
            <DistanceMeters>2184.489990234375</DistanceMeters>
            <HeartRateBpm>
              <Value>109</Value>
            </HeartRateBpm>
            <Extensions>
              <ns3:TPX>
                <ns3:Speed>1.4179999828338623</ns3:Speed>
              </ns3:TPX>
            </Extensions>
          </Trackpoint>
          <Trackpoint>
            <Time>2026-03-02T08:20:16.000Z</Time>
            <Position>
              <LatitudeDegrees>51.758620301261544</LatitudeDegrees>
              <LongitudeDegrees>-0.24038669653236866</LongitudeDegrees>
            </Position>
            <AltitudeMeters>76.4000015258789</AltitudeMeters>
            <DistanceMeters>2187.139892578125</DistanceMeters>
            <HeartRateBpm>
              <Value>109</Value>
            </HeartRateBpm>
            <Extensions>
              <ns3:TPX>
                <ns3:Speed>1.409000039100647</ns3:Speed>
              </ns3:TPX>
            </Extensions>
          </Trackpoint>
          <Trackpoint>
            <Time>2026-03-02T08:20:24.000Z</Time>
            <Position>
              <LatitudeDegrees>51.7585551738739</LatitudeDegrees>
              <LongitudeDegrees>-0.24052340537309647</LongitudeDegrees>
            </Position>
            <AltitudeMeters>76.19999694824219</AltitudeMeters>
            <DistanceMeters>2198.969970703125</DistanceMeters>
            <HeartRateBpm>
              <Value>109</Value>
            </HeartRateBpm>
            <Extensions>
              <ns3:TPX>
                <ns3:Speed>1.409000039100647</ns3:Speed>
              </ns3:TPX>
            </Extensions>
          </Trackpoint>
          <Trackpoint>
            <Time>2026-03-02T08:20:35.000Z</Time>
            <Position>
              <LatitudeDegrees>51.75846112892032</LatitudeDegrees>
              <LongitudeDegrees>-0.24071023799479008</LongitudeDegrees>
            </Position>
            <AltitudeMeters>76.19999694824219</AltitudeMeters>
            <DistanceMeters>2216.070068359375</DistanceMeters>
            <HeartRateBpm>
              <Value>109</Value>
            </HeartRateBpm>
            <Extensions>
              <ns3:TPX>
                <ns3:Speed>1.4179999828338623</ns3:Speed>
              </ns3:TPX>
            </Extensions>
          </Trackpoint>
          <Trackpoint>
            <Time>2026-03-02T08:20:46.000Z</Time>
            <Position>
              <LatitudeDegrees>51.75836498849094</LatitudeDegrees>
              <LongitudeDegrees>-0.24088860489428043</LongitudeDegrees>
            </Position>
            <AltitudeMeters>76.0</AltitudeMeters>
            <DistanceMeters>2232.43994140625</DistanceMeters>
            <HeartRateBpm>
              <Value>108</Value>
            </HeartRateBpm>
            <Extensions>
              <ns3:TPX>
                <ns3:Speed>1.4279999732971191</ns3:Speed>
              </ns3:TPX>
            </Extensions>
          </Trackpoint>
          <Trackpoint>
            <Time>2026-03-02T08:20:55.000Z</Time>
            <Position>
              <LatitudeDegrees>51.7583030462265</LatitudeDegrees>
              <LongitudeDegrees>-0.24102833122015</LongitudeDegrees>
            </Position>
            <AltitudeMeters>76.19999694824219</AltitudeMeters>
            <DistanceMeters>2244.14990234375</DistanceMeters>
            <HeartRateBpm>
              <Value>108</Value>
            </HeartRateBpm>
            <Extensions>
              <ns3:TPX>
                <ns3:Speed>1.4279999732971191</ns3:Speed>
              </ns3:TPX>
            </Extensions>
          </Trackpoint>
          <Trackpoint>
            <Time>2026-03-02T08:21:04.000Z</Time>
            <Position>
              <LatitudeDegrees>51.75821495242417</LatitudeDegrees>
              <LongitudeDegrees>-0.24117191322147846</LongitudeDegrees>
            </Position>
            <AltitudeMeters>76.19999694824219</AltitudeMeters>
            <DistanceMeters>2258.139892578125</DistanceMeters>
            <HeartRateBpm>
              <Value>109</Value>
            </HeartRateBpm>
            <Extensions>
              <ns3:TPX>
                <ns3:Speed>1.4179999828338623</ns3:Speed>
              </ns3:TPX>
            </Extensions>
          </Trackpoint>
          <Trackpoint>
            <Time>2026-03-02T08:21:11.000Z</Time>
            <Position>
              <LatitudeDegrees>51.758144376799464</LatitudeDegrees>
              <LongitudeDegrees>-0.24128397926688194</LongitudeDegrees>
            </Position>
            <AltitudeMeters>76.0</AltitudeMeters>
            <DistanceMeters>2269.72998046875</DistanceMeters>
            <HeartRateBpm>
              <Value>106</Value>
            </HeartRateBpm>
            <Extensions>
              <ns3:TPX>
                <ns3:Speed>1.4459999799728394</ns3:Speed>
              </ns3:TPX>
            </Extensions>
          </Trackpoint>
          <Trackpoint>
            <Time>2026-03-02T08:21:14.000Z</Time>
            <Position>
              <LatitudeDegrees>51.75811956636608</LatitudeDegrees>
              <LongitudeDegrees>-0.24133569560945034</LongitudeDegrees>
            </Position>
            <AltitudeMeters>76.19999694824219</AltitudeMeters>
            <DistanceMeters>2274.300048828125</DistanceMeters>
            <HeartRateBpm>
              <Value>105</Value>
            </HeartRateBpm>
            <Extensions>
              <ns3:TPX>
                <ns3:Speed>1.4459999799728394</ns3:Speed>
              </ns3:TPX>
            </Extensions>
          </Trackpoint>
          <Trackpoint>
            <Time>2026-03-02T08:21:24.000Z</Time>
            <Position>
              <LatitudeDegrees>51.75801990553737</LatitudeDegrees>
              <LongitudeDegrees>-0.2414716500788927</LongitudeDegrees>
            </Position>
            <AltitudeMeters>76.19999694824219</AltitudeMeters>
            <DistanceMeters>2288.800048828125</DistanceMeters>
            <HeartRateBpm>
              <Value>106</Value>
            </HeartRateBpm>
            <Extensions>
              <ns3:TPX>
                <ns3:Speed>1.4559999704360962</ns3:Speed>
              </ns3:TPX>
            </Extensions>
          </Trackpoint>
          <Trackpoint>
            <Time>2026-03-02T08:21:27.000Z</Time>
            <Position>
              <LatitudeDegrees>51.75798797048628</LatitudeDegrees>
              <LongitudeDegrees>-0.24150718934834003</LongitudeDegrees>
            </Position>
            <AltitudeMeters>76.19999694824219</AltitudeMeters>
            <DistanceMeters>2293.52001953125</DistanceMeters>
            <HeartRateBpm>
              <Value>109</Value>
            </HeartRateBpm>
            <Extensions>
              <ns3:TPX>
                <ns3:Speed>1.4559999704360962</ns3:Speed>
              </ns3:TPX>
            </Extensions>
          </Trackpoint>
          <Trackpoint>
            <Time>2026-03-02T08:21:30.000Z</Time>
            <Position>
              <LatitudeDegrees>51.757955867797136</LatitudeDegrees>
              <LongitudeDegrees>-0.24152420461177826</LongitudeDegrees>
            </Position>
            <AltitudeMeters>76.4000015258789</AltitudeMeters>
            <DistanceMeters>2296.840087890625</DistanceMeters>
            <HeartRateBpm>
              <Value>112</Value>
            </HeartRateBpm>
            <Extensions>
              <ns3:TPX>
                <ns3:Speed>1.4559999704360962</ns3:Speed>
              </ns3:TPX>
            </Extensions>
          </Trackpoint>
          <Trackpoint>
            <Time>2026-03-02T08:21:33.000Z</Time>
            <Position>
              <LatitudeDegrees>51.757927034050226</LatitudeDegrees>
              <LongitudeDegrees>-0.24154490791261196</LongitudeDegrees>
            </Position>
            <AltitudeMeters>76.4000015258789</AltitudeMeters>
            <DistanceMeters>2300.27001953125</DistanceMeters>
            <HeartRateBpm>
              <Value>113</Value>
            </HeartRateBpm>
            <Extensions>
              <ns3:TPX>
                <ns3:Speed>1.4459999799728394</ns3:Speed>
              </ns3:TPX>
            </Extensions>
          </Trackpoint>
          <Trackpoint>
            <Time>2026-03-02T08:21:42.000Z</Time>
            <Position>
              <LatitudeDegrees>51.75783039070666</LatitudeDegrees>
              <LongitudeDegrees>-0.24161447770893574</LongitudeDegrees>
            </Position>
            <AltitudeMeters>76.19999694824219</AltitudeMeters>
            <DistanceMeters>2311.090087890625</DistanceMeters>
            <HeartRateBpm>
              <Value>112</Value>
            </HeartRateBpm>
            <Extensions>
              <ns3:TPX>
                <ns3:Speed>1.399999976158142</ns3:Speed>
              </ns3:TPX>
            </Extensions>
          </Trackpoint>
          <Trackpoint>
            <Time>2026-03-02T08:21:50.000Z</Time>
            <Position>
              <LatitudeDegrees>51.757709104567766</LatitudeDegrees>
              <LongitudeDegrees>-0.24168094620108604</LongitudeDegrees>
            </Position>
            <AltitudeMeters>76.4000015258789</AltitudeMeters>
            <DistanceMeters>2325.85009765625</DistanceMeters>
            <HeartRateBpm>
              <Value>110</Value>
            </HeartRateBpm>
            <Extensions>
              <ns3:TPX>
                <ns3:Speed>1.4279999732971191</ns3:Speed>
              </ns3:TPX>
            </Extensions>
          </Trackpoint>
          <Trackpoint>
            <Time>2026-03-02T08:22:00.000Z</Time>
            <Position>
              <LatitudeDegrees>51.75760282203555</LatitudeDegrees>
              <LongitudeDegrees>-0.2418179903179407</LongitudeDegrees>
            </Position>
            <AltitudeMeters>76.5999984741211</AltitudeMeters>
            <DistanceMeters>2341.39990234375</DistanceMeters>
            <HeartRateBpm>
              <Value>109</Value>
            </HeartRateBpm>
            <Extensions>
              <ns3:TPX>
                <ns3:Speed>1.4559999704360962</ns3:Speed>
              </ns3:TPX>
            </Extensions>
          </Trackpoint>
          <Trackpoint>
            <Time>2026-03-02T08:22:07.000Z</Time>
            <Position>
              <LatitudeDegrees>51.75752554088831</LatitudeDegrees>
              <LongitudeDegrees>-0.2418745681643486</LongitudeDegrees>
            </Position>
            <AltitudeMeters>76.4000015258789</AltitudeMeters>
            <DistanceMeters>2351.06005859375</DistanceMeters>
            <HeartRateBpm>
              <Value>112</Value>
            </HeartRateBpm>
            <Extensions>
              <ns3:TPX>
                <ns3:Speed>1.4839999675750732</ns3:Speed>
              </ns3:TPX>
            </Extensions>
          </Trackpoint>
          <Trackpoint>
            <Time>2026-03-02T08:22:08.000Z</Time>
            <Position>
              <LatitudeDegrees>51.75751741044223</LatitudeDegrees>
              <LongitudeDegrees>-0.24187968112528324</LongitudeDegrees>
            </Position>
            <AltitudeMeters>76.4000015258789</AltitudeMeters>
            <DistanceMeters>2352.050048828125</DistanceMeters>
            <HeartRateBpm>
              <Value>117</Value>
            </HeartRateBpm>
            <Extensions>
              <ns3:TPX>
                <ns3:Speed>1.4739999771118164</ns3:Speed>
              </ns3:TPX>
            </Extensions>
          </Trackpoint>
          <Trackpoint>
            <Time>2026-03-02T08:22:09.000Z</Time>
            <Position>
              <LatitudeDegrees>51.75750911235809</LatitudeDegrees>
              <LongitudeDegrees>-0.2418859675526619</LongitudeDegrees>
            </Position>
            <AltitudeMeters>76.4000015258789</AltitudeMeters>
            <DistanceMeters>2353.070068359375</DistanceMeters>
            <HeartRateBpm>
              <Value>118</Value>
            </HeartRateBpm>
            <Extensions>
              <ns3:TPX>
                <ns3:Speed>1.465000033378601</ns3:Speed>
              </ns3:TPX>
            </Extensions>
          </Trackpoint>
          <Trackpoint>
            <Time>2026-03-02T08:22:20.000Z</Time>
            <Position>
              <LatitudeDegrees>51.757371900603175</LatitudeDegrees>
              <LongitudeDegrees>-0.24201605468988419</LongitudeDegrees>
            </Position>
            <AltitudeMeters>76.4000015258789</AltitudeMeters>
            <DistanceMeters>2370.469970703125</DistanceMeters>
            <HeartRateBpm>
              <Value>119</Value>
            </HeartRateBpm>
            <Extensions>
              <ns3:TPX>
                <ns3:Speed>1.4559999704360962</ns3:Speed>
              </ns3:TPX>
            </Extensions>
          </Trackpoint>
          <Trackpoint>
            <Time>2026-03-02T08:22:32.000Z</Time>
            <Position>
              <LatitudeDegrees>51.75722002051771</LatitudeDegrees>
              <LongitudeDegrees>-0.2421065792441368</LongitudeDegrees>
            </Position>
            <AltitudeMeters>77.19999694824219</AltitudeMeters>
            <DistanceMeters>2388.260009765625</DistanceMeters>
            <HeartRateBpm>
              <Value>119</Value>
            </HeartRateBpm>
            <Extensions>
              <ns3:TPX>
                <ns3:Speed>1.465000033378601</ns3:Speed>
              </ns3:TPX>
            </Extensions>
          </Trackpoint>
          <Trackpoint>
            <Time>2026-03-02T08:22:41.000Z</Time>
            <Position>
              <LatitudeDegrees>51.757119270041585</LatitudeDegrees>
              <LongitudeDegrees>-0.24222644045948982</LongitudeDegrees>
            </Position>
            <AltitudeMeters>76.80000305175781</AltitudeMeters>
            <DistanceMeters>2402.159912109375</DistanceMeters>
            <HeartRateBpm>
              <Value>121</Value>
            </HeartRateBpm>
            <Extensions>
              <ns3:TPX>
                <ns3:Speed>1.4930000305175781</ns3:Speed>
              </ns3:TPX>
            </Extensions>
          </Trackpoint>
          <Trackpoint>
            <Time>2026-03-02T08:22:51.000Z</Time>
            <Position>
              <LatitudeDegrees>51.757014160975814</LatitudeDegrees>
              <LongitudeDegrees>-0.24234320037066936</LongitudeDegrees>
            </Position>
            <AltitudeMeters>76.5999984741211</AltitudeMeters>
            <DistanceMeters>2416.139892578125</DistanceMeters>
            <HeartRateBpm>
              <Value>120</Value>
            </HeartRateBpm>
            <Extensions>
              <ns3:TPX>
                <ns3:Speed>1.4839999675750732</ns3:Speed>
              </ns3:TPX>
            </Extensions>
          </Trackpoint>
          <Trackpoint>
            <Time>2026-03-02T08:23:02.000Z</Time>
            <Position>
              <LatitudeDegrees>51.75688658840954</LatitudeDegrees>
              <LongitudeDegrees>-0.24247546680271626</LongitudeDegrees>
            </Position>
            <AltitudeMeters>76.5999984741211</AltitudeMeters>
            <DistanceMeters>2433.010009765625</DistanceMeters>
            <HeartRateBpm>
              <Value>119</Value>
            </HeartRateBpm>
            <Extensions>
              <ns3:TPX>
                <ns3:Speed>1.4839999675750732</ns3:Speed>
              </ns3:TPX>
            </Extensions>
          </Trackpoint>
          <Trackpoint>
            <Time>2026-03-02T08:23:13.000Z</Time>
            <Position>
              <LatitudeDegrees>51.75677024759352</LatitudeDegrees>
              <LongitudeDegrees>-0.24257940240204334</LongitudeDegrees>
            </Position>
            <AltitudeMeters>77.0</AltitudeMeters>
            <DistanceMeters>2449.570068359375</DistanceMeters>
            <HeartRateBpm>
              <Value>120</Value>
            </HeartRateBpm>
            <Extensions>
              <ns3:TPX>
                <ns3:Speed>1.4930000305175781</ns3:Speed>
              </ns3:TPX>
            </Extensions>
          </Trackpoint>
          <Trackpoint>
            <Time>2026-03-02T08:23:23.000Z</Time>
            <Position>
              <LatitudeDegrees>51.756632616743445</LatitudeDegrees>
              <LongitudeDegrees>-0.24267001077532768</LongitudeDegrees>
            </Position>
            <AltitudeMeters>76.80000305175781</AltitudeMeters>
            <DistanceMeters>2464.949951171875</DistanceMeters>
            <HeartRateBpm>
              <Value>121</Value>
            </HeartRateBpm>
            <Extensions>
              <ns3:TPX>
                <ns3:Speed>1.5019999742507935</ns3:Speed>
              </ns3:TPX>
            </Extensions>
          </Trackpoint>
          <Trackpoint>
            <Time>2026-03-02T08:23:34.000Z</Time>
            <Position>
              <LatitudeDegrees>51.75651149824262</LatitudeDegrees>
              <LongitudeDegrees>-0.2427790593355894</LongitudeDegrees>
            </Position>
            <AltitudeMeters>76.80000305175781</AltitudeMeters>
            <DistanceMeters>2480.280029296875</DistanceMeters>
            <HeartRateBpm>
              <Value>118</Value>
            </HeartRateBpm>
            <Extensions>
              <ns3:TPX>
                <ns3:Speed>1.5019999742507935</ns3:Speed>
              </ns3:TPX>
            </Extensions>
          </Trackpoint>
          <Trackpoint>
            <Time>2026-03-02T08:23:44.000Z</Time>
            <Position>
              <LatitudeDegrees>51.7563864402473</LatitudeDegrees>
              <LongitudeDegrees>-0.2428808156400919</LongitudeDegrees>
            </Position>
            <AltitudeMeters>77.0</AltitudeMeters>
            <DistanceMeters>2497.1201171875</DistanceMeters>
            <HeartRateBpm>
              <Value>118</Value>
            </HeartRateBpm>
            <Extensions>
              <ns3:TPX>
                <ns3:Speed>1.5399999618530273</ns3:Speed>
              </ns3:TPX>
            </Extensions>
          </Trackpoint>
          <Trackpoint>
            <Time>2026-03-02T08:23:50.000Z</Time>
            <Position>
              <LatitudeDegrees>51.75633187405765</LatitudeDegrees>
              <LongitudeDegrees>-0.24292523972690105</LongitudeDegrees>
            </Position>
            <AltitudeMeters>76.80000305175781</AltitudeMeters>
            <DistanceMeters>2505.110107421875</DistanceMeters>
            <HeartRateBpm>
              <Value>115</Value>
            </HeartRateBpm>
            <Extensions>
              <ns3:TPX>
                <ns3:Speed>1.5299999713897705</ns3:Speed>
              </ns3:TPX>
            </Extensions>
          </Trackpoint>
          <Trackpoint>
            <Time>2026-03-02T08:23:52.000Z</Time>
            <Position>
              <LatitudeDegrees>51.756301280111074</LatitudeDegrees>
              <LongitudeDegrees>-0.24295533075928688</LongitudeDegrees>
            </Position>
            <AltitudeMeters>77.0</AltitudeMeters>
            <DistanceMeters>2507.75</DistanceMeters>
            <HeartRateBpm>
              <Value>114</Value>
            </HeartRateBpm>
            <Extensions>
              <ns3:TPX>
                <ns3:Speed>1.5210000276565552</ns3:Speed>
              </ns3:TPX>
            </Extensions>
          </Trackpoint>
          <Trackpoint>
            <Time>2026-03-02T08:24:00.000Z</Time>
            <Position>
              <LatitudeDegrees>51.756204133853316</LatitudeDegrees>
              <LongitudeDegrees>-0.24303353391587734</LongitudeDegrees>
            </Position>
            <AltitudeMeters>76.5999984741211</AltitudeMeters>
            <DistanceMeters>2519.050048828125</DistanceMeters>
            <HeartRateBpm>
              <Value>115</Value>
            </HeartRateBpm>
            <Extensions>
              <ns3:TPX>
                <ns3:Speed>1.5019999742507935</ns3:Speed>
              </ns3:TPX>
            </Extensions>
          </Trackpoint>
          <Trackpoint>
            <Time>2026-03-02T08:24:11.000Z</Time>
            <Position>
              <LatitudeDegrees>51.75605887547135</LatitudeDegrees>
              <LongitudeDegrees>-0.24308868683874607</LongitudeDegrees>
            </Position>
            <AltitudeMeters>77.0</AltitudeMeters>
            <DistanceMeters>2535.52001953125</DistanceMeters>
            <HeartRateBpm>
              <Value>116</Value>
            </HeartRateBpm>
            <Extensions>
              <ns3:TPX>
                <ns3:Speed>1.5210000276565552</ns3:Speed>
              </ns3:TPX>
            </Extensions>
          </Trackpoint>
          <Trackpoint>
            <Time>2026-03-02T08:24:22.000Z</Time>
            <Position>
              <LatitudeDegrees>51.75592384301126</LatitudeDegrees>
              <LongitudeDegrees>-0.24311106652021408</LongitudeDegrees>
            </Position>
            <AltitudeMeters>76.5999984741211</AltitudeMeters>
            <DistanceMeters>2549.7099609375</DistanceMeters>
            <HeartRateBpm>
              <Value>116</Value>
            </HeartRateBpm>
            <Extensions>
              <ns3:TPX>
                <ns3:Speed>1.465000033378601</ns3:Speed>
              </ns3:TPX>
            </Extensions>
          </Trackpoint>
          <Trackpoint>
            <Time>2026-03-02T08:24:32.000Z</Time>
            <Position>
              <LatitudeDegrees>51.75579618662596</LatitudeDegrees>
              <LongitudeDegrees>-0.2431302610784769</LongitudeDegrees>
            </Position>
            <AltitudeMeters>77.0</AltitudeMeters>
            <DistanceMeters>2564.9599609375</DistanceMeters>
            <HeartRateBpm>
              <Value>118</Value>
            </HeartRateBpm>
            <Extensions>
              <ns3:TPX>
                <ns3:Speed>1.4739999771118164</ns3:Speed>
              </ns3:TPX>
            </Extensions>
          </Trackpoint>
          <Trackpoint>
            <Time>2026-03-02T08:24:35.000Z</Time>
            <Position>
              <LatitudeDegrees>51.75576408393681</LatitudeDegrees>
              <LongitudeDegrees>-0.24312296882271767</LongitudeDegrees>
            </Position>
            <AltitudeMeters>77.19999694824219</AltitudeMeters>
            <DistanceMeters>2568.909912109375</DistanceMeters>
            <HeartRateBpm>
              <Value>115</Value>
            </HeartRateBpm>
            <Extensions>
              <ns3:TPX>
                <ns3:Speed>1.4839999675750732</ns3:Speed>
              </ns3:TPX>
            </Extensions>
          </Trackpoint>
          <Trackpoint>
            <Time>2026-03-02T08:24:40.000Z</Time>
            <Position>
              <LatitudeDegrees>51.75569971092045</LatitudeDegrees>
              <LongitudeDegrees>-0.24310779757797718</LongitudeDegrees>
            </Position>
            <AltitudeMeters>76.80000305175781</AltitudeMeters>
            <DistanceMeters>2576.360107421875</DistanceMeters>
            <HeartRateBpm>
              <Value>113</Value>
            </HeartRateBpm>
            <Extensions>
              <ns3:TPX>
                <ns3:Speed>1.4739999771118164</ns3:Speed>
              </ns3:TPX>
            </Extensions>
          </Trackpoint>
          <Trackpoint>
            <Time>2026-03-02T08:24:48.000Z</Time>
            <Position>
              <LatitudeDegrees>51.75558865070343</LatitudeDegrees>
              <LongitudeDegrees>-0.2430578414350748</LongitudeDegrees>
            </Position>
            <AltitudeMeters>77.19999694824219</AltitudeMeters>
            <DistanceMeters>2589.570068359375</DistanceMeters>
            <HeartRateBpm>
              <Value>114</Value>
            </HeartRateBpm>
            <Extensions>
              <ns3:TPX>
                <ns3:Speed>1.4839999675750732</ns3:Speed>
              </ns3:TPX>
            </Extensions>
          </Trackpoint>
          <Trackpoint>
            <Time>2026-03-02T08:24:56.000Z</Time>
            <Position>
              <LatitudeDegrees>51.75549787469208</LatitudeDegrees>
              <LongitudeDegrees>-0.2430687379091978</LongitudeDegrees>
            </Position>
            <AltitudeMeters>77.4000015258789</AltitudeMeters>
            <DistanceMeters>2598.949951171875</DistanceMeters>
            <HeartRateBpm>
              <Value>116</Value>
            </HeartRateBpm>
            <Extensions>
              <ns3:TPX>
                <ns3:Speed>1.4739999771118164</ns3:Speed>
              </ns3:TPX>
            </Extensions>
          </Trackpoint>
          <Trackpoint>
            <Time>2026-03-02T08:25:07.000Z</Time>
            <Position>
              <LatitudeDegrees>51.75535295158625</LatitudeDegrees>
              <LongitudeDegrees>-0.24308592081069946</LongitudeDegrees>
            </Position>
            <AltitudeMeters>77.4000015258789</AltitudeMeters>
            <DistanceMeters>2615.080078125</DistanceMeters>
            <HeartRateBpm>
              <Value>118</Value>
            </HeartRateBpm>
            <Extensions>
              <ns3:TPX>
                <ns3:Speed>1.465000033378601</ns3:Speed>
              </ns3:TPX>
            </Extensions>
          </Trackpoint>
          <Trackpoint>
            <Time>2026-03-02T08:25:12.000Z</Time>
            <Position>
              <LatitudeDegrees>51.755291847512126</LatitudeDegrees>
              <LongitudeDegrees>-0.24308650754392147</LongitudeDegrees>
            </Position>
            <AltitudeMeters>77.4000015258789</AltitudeMeters>
            <DistanceMeters>2621.489990234375</DistanceMeters>
            <HeartRateBpm>
              <Value>118</Value>
            </HeartRateBpm>
            <Extensions>
              <ns3:TPX>
                <ns3:Speed>1.4559999704360962</ns3:Speed>
              </ns3:TPX>
            </Extensions>
          </Trackpoint>
          <Trackpoint>
            <Time>2026-03-02T08:25:17.000Z</Time>
            <Position>
              <LatitudeDegrees>51.75522420555353</LatitudeDegrees>
              <LongitudeDegrees>-0.24308298714458942</LongitudeDegrees>
            </Position>
            <AltitudeMeters>77.80000305175781</AltitudeMeters>
            <DistanceMeters>2628.989990234375</DistanceMeters>
            <HeartRateBpm>
              <Value>118</Value>
            </HeartRateBpm>
            <Extensions>
              <ns3:TPX>
                <ns3:Speed>1.4459999799728394</ns3:Speed>
              </ns3:TPX>
            </Extensions>
          </Trackpoint>
          <Trackpoint>
            <Time>2026-03-02T08:25:25.000Z</Time>
            <Position>
              <LatitudeDegrees>51.75512504763901</LatitudeDegrees>
              <LongitudeDegrees>-0.24307225830852985</LongitudeDegrees>
            </Position>
            <AltitudeMeters>78.0</AltitudeMeters>
            <DistanceMeters>2640.18994140625</DistanceMeters>
            <HeartRateBpm>
              <Value>120</Value>
            </HeartRateBpm>
            <Extensions>
              <ns3:TPX>
                <ns3:Speed>1.4459999799728394</ns3:Speed>
              </ns3:TPX>
            </Extensions>
          </Trackpoint>
          <Trackpoint>
            <Time>2026-03-02T08:25:29.000Z</Time>
            <Position>
              <LatitudeDegrees>51.75507542677224</LatitudeDegrees>
              <LongitudeDegrees>-0.24307284504175186</LongitudeDegrees>
            </Position>
            <AltitudeMeters>77.80000305175781</AltitudeMeters>
            <DistanceMeters>2646.139892578125</DistanceMeters>
            <HeartRateBpm>
              <Value>117</Value>
            </HeartRateBpm>
            <Extensions>
              <ns3:TPX>
                <ns3:Speed>1.4459999799728394</ns3:Speed>
              </ns3:TPX>
            </Extensions>
          </Trackpoint>
          <Trackpoint>
            <Time>2026-03-02T08:25:33.000Z</Time>
            <Position>
              <LatitudeDegrees>51.755014322698116</LatitudeDegrees>
              <LongitudeDegrees>-0.24307041428983212</LongitudeDegrees>
            </Position>
            <AltitudeMeters>78.0</AltitudeMeters>
            <DistanceMeters>2653.02001953125</DistanceMeters>
            <HeartRateBpm>
              <Value>115</Value>
            </HeartRateBpm>
            <Extensions>
              <ns3:TPX>
                <ns3:Speed>1.4459999799728394</ns3:Speed>
              </ns3:TPX>
            </Extensions>
          </Trackpoint>
          <Trackpoint>
            <Time>2026-03-02T08:25:41.000Z</Time>
            <Position>
              <LatitudeDegrees>51.754914075136185</LatitudeDegrees>
              <LongitudeDegrees>-0.2430664747953415</LongitudeDegrees>
            </Position>
            <AltitudeMeters>77.5999984741211</AltitudeMeters>
            <DistanceMeters>2664.159912109375</DistanceMeters>
            <HeartRateBpm>
              <Value>115</Value>
            </HeartRateBpm>
            <Extensions>
              <ns3:TPX>
                <ns3:Speed>1.4459999799728394</ns3:Speed>
              </ns3:TPX>
            </Extensions>
          </Trackpoint>
          <Trackpoint>
            <Time>2026-03-02T08:25:44.000Z</Time>
            <Position>
              <LatitudeDegrees>51.75488758832216</LatitudeDegrees>
              <LongitudeDegrees>-0.24306940846145153</LongitudeDegrees>
            </Position>
            <AltitudeMeters>78.0</AltitudeMeters>
            <DistanceMeters>2667.02001953125</DistanceMeters>
            <HeartRateBpm>
              <Value>118</Value>
            </HeartRateBpm>
            <Extensions>
              <ns3:TPX>
                <ns3:Speed>1.437000036239624</ns3:Speed>
              </ns3:TPX>
            </Extensions>
          </Trackpoint>
          <Trackpoint>
            <Time>2026-03-02T08:25:48.000Z</Time>
            <Position>
              <LatitudeDegrees>51.7548493668437</LatitudeDegrees>
              <LongitudeDegrees>-0.24307653307914734</LongitudeDegrees>
            </Position>
            <AltitudeMeters>78.19999694824219</AltitudeMeters>
            <DistanceMeters>2671.840087890625</DistanceMeters>
            <HeartRateBpm>
              <Value>120</Value>
            </HeartRateBpm>
            <Extensions>
              <ns3:TPX>
                <ns3:Speed>1.4179999828338623</ns3:Speed>
              </ns3:TPX>
            </Extensions>
          </Trackpoint>
          <Trackpoint>
            <Time>2026-03-02T08:25:50.000Z</Time>
            <Position>
              <LatitudeDegrees>51.75484039820731</LatitudeDegrees>
              <LongitudeDegrees>-0.2430730126798153</LongitudeDegrees>
            </Position>
            <AltitudeMeters>78.4000015258789</AltitudeMeters>
            <DistanceMeters>2672.6298828125</DistanceMeters>
            <HeartRateBpm>
              <Value>120</Value>
            </HeartRateBpm>
            <Extensions>
              <ns3:TPX>
                <ns3:Speed>1.4179999828338623</ns3:Speed>
              </ns3:TPX>
            </Extensions>
          </Trackpoint>
          <Trackpoint>
            <Time>2026-03-02T08:25:58.000Z</Time>
            <Position>
              <LatitudeDegrees>51.754738222807646</LatitudeDegrees>
              <LongitudeDegrees>-0.2430735994130373</LongitudeDegrees>
            </Position>
            <AltitudeMeters>78.80000305175781</AltitudeMeters>
            <DistanceMeters>2683.0400390625</DistanceMeters>
            <HeartRateBpm>
              <Value>121</Value>
            </HeartRateBpm>
            <Extensions>
              <ns3:TPX>
                <ns3:Speed>1.3339999914169312</ns3:Speed>
              </ns3:TPX>
            </Extensions>
          </Trackpoint>
          <Trackpoint>
            <Time>2026-03-02T08:26:02.000Z</Time>
            <Position>
              <LatitudeDegrees>51.75469706766307</LatitudeDegrees>
              <LongitudeDegrees>-0.24307158775627613</LongitudeDegrees>
            </Position>
            <AltitudeMeters>78.5999984741211</AltitudeMeters>
            <DistanceMeters>2689.360107421875</DistanceMeters>
            <HeartRateBpm>
              <Value>118</Value>
            </HeartRateBpm>
            <Extensions>
              <ns3:TPX>
                <ns3:Speed>1.3250000476837158</ns3:Speed>
              </ns3:TPX>
            </Extensions>
          </Trackpoint>
          <Trackpoint>
            <Time>2026-03-02T08:26:06.000Z</Time>
            <Position>
              <LatitudeDegrees>51.75463906489313</LatitudeDegrees>
              <LongitudeDegrees>-0.24308256804943085</LongitudeDegrees>
            </Position>
            <AltitudeMeters>78.80000305175781</AltitudeMeters>
            <DistanceMeters>2695.169921875</DistanceMeters>
            <HeartRateBpm>
              <Value>119</Value>
            </HeartRateBpm>
            <Extensions>
              <ns3:TPX>
                <ns3:Speed>1.3339999914169312</ns3:Speed>
              </ns3:TPX>
            </Extensions>
          </Trackpoint>
          <Trackpoint>
            <Time>2026-03-02T08:26:14.000Z</Time>
            <Position>
              <LatitudeDegrees>51.75454636104405</LatitudeDegrees>
              <LongitudeDegrees>-0.24307494051754475</LongitudeDegrees>
            </Position>
            <AltitudeMeters>79.0</AltitudeMeters>
            <DistanceMeters>2704.639892578125</DistanceMeters>
            <HeartRateBpm>
              <Value>120</Value>
            </HeartRateBpm>
            <Extensions>
              <ns3:TPX>
                <ns3:Speed>1.315999984741211</ns3:Speed>
              </ns3:TPX>
            </Extensions>
          </Trackpoint>
          <Trackpoint>
            <Time>2026-03-02T08:26:23.000Z</Time>
            <Position>
              <LatitudeDegrees>51.75443882122636</LatitudeDegrees>
              <LongitudeDegrees>-0.243082819506526</LongitudeDegrees>
            </Position>
            <AltitudeMeters>79.19999694824219</AltitudeMeters>
            <DistanceMeters>2716.570068359375</DistanceMeters>
            <HeartRateBpm>
              <Value>120</Value>
            </HeartRateBpm>
            <Extensions>
              <ns3:TPX>
                <ns3:Speed>1.2970000505447388</ns3:Speed>
              </ns3:TPX>
            </Extensions>
          </Trackpoint>
          <Trackpoint>
            <Time>2026-03-02T08:26:31.000Z</Time>
            <Position>
              <LatitudeDegrees>51.75432323478162</LatitudeDegrees>
              <LongitudeDegrees>-0.2431035228073597</LongitudeDegrees>
            </Position>
            <AltitudeMeters>79.5999984741211</AltitudeMeters>
            <DistanceMeters>2730.219970703125</DistanceMeters>
            <HeartRateBpm>
              <Value>119</Value>
            </HeartRateBpm>
            <Extensions>
              <ns3:TPX>
                <ns3:Speed>1.3339999914169312</ns3:Speed>
              </ns3:TPX>
            </Extensions>
          </Trackpoint>
          <Trackpoint>
            <Time>2026-03-02T08:26:36.000Z</Time>
            <Position>
              <LatitudeDegrees>51.754256933927536</LatitudeDegrees>
              <LongitudeDegrees>-0.24311483837664127</LongitudeDegrees>
            </Position>
            <AltitudeMeters>79.4000015258789</AltitudeMeters>
            <DistanceMeters>2737.39990234375</DistanceMeters>
            <HeartRateBpm>
              <Value>116</Value>
            </HeartRateBpm>
            <Extensions>
              <ns3:TPX>
                <ns3:Speed>1.343999981880188</ns3:Speed>
              </ns3:TPX>
            </Extensions>
          </Trackpoint>
          <Trackpoint>
            <Time>2026-03-02T08:26:40.000Z</Time>
            <Position>
              <LatitudeDegrees>51.75420521758497</LatitudeDegrees>
              <LongitudeDegrees>-0.24312162771821022</LongitudeDegrees>
            </Position>
            <AltitudeMeters>79.19999694824219</AltitudeMeters>
            <DistanceMeters>2742.739990234375</DistanceMeters>
            <HeartRateBpm>
              <Value>116</Value>
            </HeartRateBpm>
            <Extensions>
              <ns3:TPX>
                <ns3:Speed>1.3530000448226929</ns3:Speed>
              </ns3:TPX>
            </Extensions>
          </Trackpoint>
          <Trackpoint>
            <Time>2026-03-02T08:26:47.000Z</Time>
            <Position>
              <LatitudeDegrees>51.75414629280567</LatitudeDegrees>
              <LongitudeDegrees>-0.24308927357196808</LongitudeDegrees>
            </Position>
            <AltitudeMeters>79.5999984741211</AltitudeMeters>
            <DistanceMeters>2749.610107421875</DistanceMeters>
            <HeartRateBpm>
              <Value>117</Value>
            </HeartRateBpm>
            <Extensions>
              <ns3:TPX>
                <ns3:Speed>1.343999981880188</ns3:Speed>
              </ns3:TPX>
            </Extensions>
          </Trackpoint>
          <Trackpoint>
            <Time>2026-03-02T08:26:55.000Z</Time>
            <Position>
              <LatitudeDegrees>51.7540654912591</LatitudeDegrees>
              <LongitudeDegrees>-0.24298600852489471</LongitudeDegrees>
            </Position>
            <AltitudeMeters>79.5999984741211</AltitudeMeters>
            <DistanceMeters>2762.159912109375</DistanceMeters>
            <HeartRateBpm>
              <Value>117</Value>
            </HeartRateBpm>
            <Extensions>
              <ns3:TPX>
                <ns3:Speed>1.343999981880188</ns3:Speed>
              </ns3:TPX>
            </Extensions>
          </Trackpoint>
          <Trackpoint>
            <Time>2026-03-02T08:27:02.000Z</Time>
            <Position>
              <LatitudeDegrees>51.75397865474224</LatitudeDegrees>
              <LongitudeDegrees>-0.2429842483252287</LongitudeDegrees>
            </Position>
            <AltitudeMeters>79.5999984741211</AltitudeMeters>
            <DistanceMeters>2771.2900390625</DistanceMeters>
            <HeartRateBpm>
              <Value>117</Value>
            </HeartRateBpm>
            <Extensions>
              <ns3:TPX>
                <ns3:Speed>1.343999981880188</ns3:Speed>
              </ns3:TPX>
            </Extensions>
          </Trackpoint>
          <Trackpoint>
            <Time>2026-03-02T08:27:07.000Z</Time>
            <Position>
              <LatitudeDegrees>51.75395652651787</LatitudeDegrees>
              <LongitudeDegrees>-0.24292808957397938</LongitudeDegrees>
            </Position>
            <AltitudeMeters>79.80000305175781</AltitudeMeters>
            <DistanceMeters>2776.260009765625</DistanceMeters>
            <HeartRateBpm>
              <Value>118</Value>
            </HeartRateBpm>
            <Extensions>
              <ns3:TPX>
                <ns3:Speed>1.3339999914169312</ns3:Speed>
              </ns3:TPX>
            </Extensions>
          </Trackpoint>
          <Trackpoint>
            <Time>2026-03-02T08:27:08.000Z</Time>
            <Position>
              <LatitudeDegrees>51.75395652651787</LatitudeDegrees>
              <LongitudeDegrees>-0.24292808957397938</LongitudeDegrees>
            </Position>
            <AltitudeMeters>80.0</AltitudeMeters>
            <DistanceMeters>2777.4599609375</DistanceMeters>
            <HeartRateBpm>
              <Value>117</Value>
            </HeartRateBpm>
            <Extensions>
              <ns3:TPX>
                <ns3:Speed>1.3339999914169312</ns3:Speed>
              </ns3:TPX>
            </Extensions>
          </Trackpoint>
          <Trackpoint>
            <Time>2026-03-02T08:27:11.000Z</Time>
            <Position>
              <LatitudeDegrees>51.75393397919834</LatitudeDegrees>
              <LongitudeDegrees>-0.24286908097565174</LongitudeDegrees>
            </Position>
            <AltitudeMeters>80.19999694824219</AltitudeMeters>
            <DistanceMeters>2780.7099609375</DistanceMeters>
            <HeartRateBpm>
              <Value>114</Value>
            </HeartRateBpm>
            <Extensions>
              <ns3:TPX>
                <ns3:Speed>1.277999997138977</ns3:Speed>
              </ns3:TPX>
            </Extensions>
          </Trackpoint>
          <Trackpoint>
            <Time>2026-03-02T08:27:15.000Z</Time>
            <Position>
              <LatitudeDegrees>51.753892907872796</LatitudeDegrees>
              <LongitudeDegrees>-0.24283102713525295</LongitudeDegrees>
            </Position>
            <AltitudeMeters>80.19999694824219</AltitudeMeters>
            <DistanceMeters>2786.6201171875</DistanceMeters>
            <HeartRateBpm>
              <Value>112</Value>
            </HeartRateBpm>
            <Extensions>
              <ns3:TPX>
                <ns3:Speed>1.25</ns3:Speed>
              </ns3:TPX>
            </Extensions>
          </Trackpoint>
          <Trackpoint>
            <Time>2026-03-02T08:27:23.000Z</Time>
            <Position>
              <LatitudeDegrees>51.75381210632622</LatitudeDegrees>
              <LongitudeDegrees>-0.24270253255963326</LongitudeDegrees>
            </Position>
            <AltitudeMeters>80.5999984741211</AltitudeMeters>
            <DistanceMeters>2798.659912109375</DistanceMeters>
            <HeartRateBpm>
              <Value>109</Value>
            </HeartRateBpm>
            <Extensions>
              <ns3:TPX>
                <ns3:Speed>1.315999984741211</ns3:Speed>
              </ns3:TPX>
            </Extensions>
          </Trackpoint>
          <Trackpoint>
            <Time>2026-03-02T08:27:27.000Z</Time>
            <Position>
              <LatitudeDegrees>51.75377237610519</LatitudeDegrees>
              <LongitudeDegrees>-0.24267923086881638</LongitudeDegrees>
            </Position>
            <AltitudeMeters>81.19999694824219</AltitudeMeters>
            <DistanceMeters>2803.43994140625</DistanceMeters>
            <HeartRateBpm>
              <Value>112</Value>
            </HeartRateBpm>
            <Extensions>
              <ns3:TPX>
                <ns3:Speed>1.3530000448226929</ns3:Speed>
              </ns3:TPX>
            </Extensions>
          </Trackpoint>
          <Trackpoint>
            <Time>2026-03-02T08:27:31.000Z</Time>
            <Position>
              <LatitudeDegrees>51.75370012409985</LatitudeDegrees>
              <LongitudeDegrees>-0.2426423504948616</LongitudeDegrees>
            </Position>
            <AltitudeMeters>81.5999984741211</AltitudeMeters>
            <DistanceMeters>2811.320068359375</DistanceMeters>
            <HeartRateBpm>
              <Value>113</Value>
            </HeartRateBpm>
            <Extensions>
              <ns3:TPX>
                <ns3:Speed>1.3619999885559082</ns3:Speed>
              </ns3:TPX>
            </Extensions>
          </Trackpoint>
          <Trackpoint>
            <Time>2026-03-02T08:27:32.000Z</Time>
            <Position>
              <LatitudeDegrees>51.75368579104543</LatitudeDegrees>
              <LongitudeDegrees>-0.24263832718133926</LongitudeDegrees>
            </Position>
            <AltitudeMeters>81.5999984741211</AltitudeMeters>
            <DistanceMeters>2813.510009765625</DistanceMeters>
            <HeartRateBpm>
              <Value>113</Value>
            </HeartRateBpm>
            <Extensions>
              <ns3:TPX>
                <ns3:Speed>1.3619999885559082</ns3:Speed>
              </ns3:TPX>
            </Extensions>
          </Trackpoint>
          <Trackpoint>
            <Time>2026-03-02T08:27:37.000Z</Time>
            <Position>
              <LatitudeDegrees>51.753647653386</LatitudeDegrees>
              <LongitudeDegrees>-0.24262634105980396</LongitudeDegrees>
            </Position>
            <AltitudeMeters>81.4000015258789</AltitudeMeters>
            <DistanceMeters>2818.10009765625</DistanceMeters>
            <HeartRateBpm>
              <Value>116</Value>
            </HeartRateBpm>
            <Extensions>
              <ns3:TPX>
                <ns3:Speed>1.371999979019165</ns3:Speed>
              </ns3:TPX>
            </Extensions>
          </Trackpoint>
          <Trackpoint>
            <Time>2026-03-02T08:27:41.000Z</Time>
            <Position>
              <LatitudeDegrees>51.75362644717097</LatitudeDegrees>
              <LongitudeDegrees>-0.2425949089229107</LongitudeDegrees>
            </Position>
            <AltitudeMeters>81.19999694824219</AltitudeMeters>
            <DistanceMeters>2821.81005859375</DistanceMeters>
            <HeartRateBpm>
              <Value>118</Value>
            </HeartRateBpm>
            <Extensions>
              <ns3:TPX>
                <ns3:Speed>1.3619999885559082</ns3:Speed>
              </ns3:TPX>
            </Extensions>
          </Trackpoint>
          <Trackpoint>
            <Time>2026-03-02T08:27:44.000Z</Time>
            <Position>
              <LatitudeDegrees>51.7536215018481</LatitudeDegrees>
              <LongitudeDegrees>-0.24255023337900639</LongitudeDegrees>
            </Position>
            <AltitudeMeters>81.19999694824219</AltitudeMeters>
            <DistanceMeters>2825.429931640625</DistanceMeters>
            <HeartRateBpm>
              <Value>121</Value>
            </HeartRateBpm>
            <Extensions>
              <ns3:TPX>
                <ns3:Speed>1.3339999914169312</ns3:Speed>
              </ns3:TPX>
            </Extensions>
          </Trackpoint>
          <Trackpoint>
            <Time>2026-03-02T08:27:49.000Z</Time>
            <Position>
              <LatitudeDegrees>51.75359786488116</LatitudeDegrees>
              <LongitudeDegrees>-0.24248778820037842</LongitudeDegrees>
            </Position>
            <AltitudeMeters>80.80000305175781</AltitudeMeters>
            <DistanceMeters>2829.550048828125</DistanceMeters>
            <HeartRateBpm>
              <Value>124</Value>
            </HeartRateBpm>
            <Extensions>
              <ns3:TPX>
                <ns3:Speed>1.184999942779541</ns3:Speed>
              </ns3:TPX>
            </Extensions>
          </Trackpoint>
          <Trackpoint>
            <Time>2026-03-02T08:27:56.000Z</Time>
            <Position>
              <LatitudeDegrees>51.75354975275695</LatitudeDegrees>
              <LongitudeDegrees>-0.2423406019806862</LongitudeDegrees>
            </Position>
            <AltitudeMeters>81.5999984741211</AltitudeMeters>
            <DistanceMeters>2841.56005859375</DistanceMeters>
            <HeartRateBpm>
              <Value>123</Value>
            </HeartRateBpm>
            <Extensions>
              <ns3:TPX>
                <ns3:Speed>1.4179999828338623</ns3:Speed>
              </ns3:TPX>
            </Extensions>
          </Trackpoint>
          <Trackpoint>
            <Time>2026-03-02T08:28:05.000Z</Time>
            <Position>
              <LatitudeDegrees>51.75357582047582</LatitudeDegrees>
              <LongitudeDegrees>-0.24221587926149368</LongitudeDegrees>
            </Position>
            <AltitudeMeters>81.5999984741211</AltitudeMeters>
            <DistanceMeters>2850.469970703125</DistanceMeters>
            <HeartRateBpm>
              <Value>125</Value>
            </HeartRateBpm>
            <Extensions>
              <ns3:TPX>
                <ns3:Speed>1.2970000505447388</ns3:Speed>
              </ns3:TPX>
            </Extensions>
          </Trackpoint>
          <Trackpoint>
            <Time>2026-03-02T08:28:10.000Z</Time>
            <Position>
              <LatitudeDegrees>51.753583615645766</LatitudeDegrees>
              <LongitudeDegrees>-0.24210456758737564</LongitudeDegrees>
            </Position>
            <AltitudeMeters>82.0</AltitudeMeters>
            <DistanceMeters>2858.590087890625</DistanceMeters>
            <HeartRateBpm>
              <Value>127</Value>
            </HeartRateBpm>
            <Extensions>
              <ns3:TPX>
                <ns3:Speed>1.2690000534057617</ns3:Speed>
              </ns3:TPX>
            </Extensions>
          </Trackpoint>
          <Trackpoint>
            <Time>2026-03-02T08:28:14.000Z</Time>
            <Position>
              <LatitudeDegrees>51.75357364118099</LatitudeDegrees>
              <LongitudeDegrees>-0.2420368418097496</LongitudeDegrees>
            </Position>
            <AltitudeMeters>82.80000305175781</AltitudeMeters>
            <DistanceMeters>2863.360107421875</DistanceMeters>
            <HeartRateBpm>
              <Value>129</Value>
            </HeartRateBpm>
            <Extensions>
              <ns3:TPX>
                <ns3:Speed>1.315999984741211</ns3:Speed>
              </ns3:TPX>
            </Extensions>
          </Trackpoint>
          <Trackpoint>
            <Time>2026-03-02T08:28:15.000Z</Time>
            <Position>
              <LatitudeDegrees>51.75357062369585</LatitudeDegrees>
              <LongitudeDegrees>-0.24202443659305573</LongitudeDegrees>
            </Position>
            <AltitudeMeters>82.80000305175781</AltitudeMeters>
            <DistanceMeters>2863.760009765625</DistanceMeters>
            <HeartRateBpm>
              <Value>129</Value>
            </HeartRateBpm>
            <Extensions>
              <ns3:TPX>
                <ns3:Speed>1.315999984741211</ns3:Speed>
              </ns3:TPX>
            </Extensions>
          </Trackpoint>
          <Trackpoint>
            <Time>2026-03-02T08:28:20.000Z</Time>
            <Position>
              <LatitudeDegrees>51.75355310551822</LatitudeDegrees>
              <LongitudeDegrees>-0.24193190038204193</LongitudeDegrees>
            </Position>
            <AltitudeMeters>83.19999694824219</AltitudeMeters>
            <DistanceMeters>2869.89990234375</DistanceMeters>
            <HeartRateBpm>
              <Value>126</Value>
            </HeartRateBpm>
            <Extensions>
              <ns3:TPX>
                <ns3:Speed>1.2690000534057617</ns3:Speed>
              </ns3:TPX>
            </Extensions>
          </Trackpoint>
          <Trackpoint>
            <Time>2026-03-02T08:28:23.000Z</Time>
            <Position>
              <LatitudeDegrees>51.75353826954961</LatitudeDegrees>
              <LongitudeDegrees>-0.2418554574251175</LongitudeDegrees>
            </Position>
            <AltitudeMeters>83.19999694824219</AltitudeMeters>
            <DistanceMeters>2875.72998046875</DistanceMeters>
            <HeartRateBpm>
              <Value>124</Value>
            </HeartRateBpm>
            <Extensions>
              <ns3:TPX>
                <ns3:Speed>1.2879999876022339</ns3:Speed>
              </ns3:TPX>
            </Extensions>
          </Trackpoint>
          <Trackpoint>
            <Time>2026-03-02T08:28:33.000Z</Time>
            <Position>
              <LatitudeDegrees>51.753502395004034</LatitudeDegrees>
              <LongitudeDegrees>-0.24163526482880116</LongitudeDegrees>
            </Position>
            <AltitudeMeters>83.5999984741211</AltitudeMeters>
            <DistanceMeters>2891.469970703125</DistanceMeters>
            <HeartRateBpm>
              <Value>121</Value>
            </HeartRateBpm>
            <Extensions>
              <ns3:TPX>
                <ns3:Speed>1.4839999675750732</ns3:Speed>
              </ns3:TPX>
            </Extensions>
          </Trackpoint>
          <Trackpoint>
            <Time>2026-03-02T08:28:35.000Z</Time>
            <Position>
              <LatitudeDegrees>51.753500970080495</LatitudeDegrees>
              <LongitudeDegrees>-0.2416142262518406</LongitudeDegrees>
            </Position>
            <AltitudeMeters>83.5999984741211</AltitudeMeters>
            <DistanceMeters>2894.669921875</DistanceMeters>
            <HeartRateBpm>
              <Value>120</Value>
            </HeartRateBpm>
            <Extensions>
              <ns3:TPX>
                <ns3:Speed>1.4839999675750732</ns3:Speed>
              </ns3:TPX>
            </Extensions>
          </Trackpoint>
          <Trackpoint>
            <Time>2026-03-02T08:28:36.000Z</Time>
            <Position>
              <LatitudeDegrees>51.75350080244243</LatitudeDegrees>
              <LongitudeDegrees>-0.2415941935032606</LongitudeDegrees>
            </Position>
            <AltitudeMeters>83.80000305175781</AltitudeMeters>
            <DistanceMeters>2894.669921875</DistanceMeters>
            <HeartRateBpm>
              <Value>120</Value>
            </HeartRateBpm>
            <Extensions>
              <ns3:TPX>
                <ns3:Speed>1.4839999675750732</ns3:Speed>
              </ns3:TPX>
            </Extensions>
          </Trackpoint>
          <Trackpoint>
            <Time>2026-03-02T08:28:44.000Z</Time>
            <Position>
              <LatitudeDegrees>51.75351505167782</LatitudeDegrees>
              <LongitudeDegrees>-0.24142026901245117</LongitudeDegrees>
            </Position>
            <AltitudeMeters>84.4000015258789</AltitudeMeters>
            <DistanceMeters>2906.3701171875</DistanceMeters>
            <HeartRateBpm>
              <Value>119</Value>
            </HeartRateBpm>
            <Extensions>
              <ns3:TPX>
                <ns3:Speed>1.4739999771118164</ns3:Speed>
              </ns3:TPX>
            </Extensions>
          </Trackpoint>
          <Trackpoint>
            <Time>2026-03-02T08:28:54.000Z</Time>
            <Position>
              <LatitudeDegrees>51.75352033227682</LatitudeDegrees>
              <LongitudeDegrees>-0.24121658876538277</LongitudeDegrees>
            </Position>
            <AltitudeMeters>84.5999984741211</AltitudeMeters>
            <DistanceMeters>2920.77001953125</DistanceMeters>
            <HeartRateBpm>
              <Value>122</Value>
            </HeartRateBpm>
            <Extensions>
              <ns3:TPX>
                <ns3:Speed>1.4279999732971191</ns3:Speed>
              </ns3:TPX>
            </Extensions>
          </Trackpoint>
          <Trackpoint>
            <Time>2026-03-02T08:28:55.000Z</Time>
            <Position>
              <LatitudeDegrees>51.753519577905536</LatitudeDegrees>
              <LongitudeDegrees>-0.2412030939012766</LongitudeDegrees>
            </Position>
            <AltitudeMeters>84.80000305175781</AltitudeMeters>
            <DistanceMeters>2921.610107421875</DistanceMeters>
            <HeartRateBpm>
              <Value>122</Value>
            </HeartRateBpm>
            <Extensions>
              <ns3:TPX>
                <ns3:Speed>1.4279999732971191</ns3:Speed>
              </ns3:TPX>
            </Extensions>
          </Trackpoint>
          <Trackpoint>
            <Time>2026-03-02T08:28:59.000Z</Time>
            <Position>
              <LatitudeDegrees>51.75352066755295</LatitudeDegrees>
              <LongitudeDegrees>-0.2411438338458538</LongitudeDegrees>
            </Position>
            <AltitudeMeters>85.0</AltitudeMeters>
            <DistanceMeters>2925.510009765625</DistanceMeters>
            <HeartRateBpm>
              <Value>125</Value>
            </HeartRateBpm>
            <Extensions>
              <ns3:TPX>
                <ns3:Speed>1.399999976158142</ns3:Speed>
              </ns3:TPX>
            </Extensions>
          </Trackpoint>
          <Trackpoint>
            <Time>2026-03-02T08:29:05.000Z</Time>
            <Position>
              <LatitudeDegrees>51.75351915881038</LatitudeDegrees>
              <LongitudeDegrees>-0.24101844057440758</LongitudeDegrees>
            </Position>
            <AltitudeMeters>85.0</AltitudeMeters>
            <DistanceMeters>2934.6201171875</DistanceMeters>
            <HeartRateBpm>
              <Value>125</Value>
            </HeartRateBpm>
            <Extensions>
              <ns3:TPX>
                <ns3:Speed>1.38100004196167</ns3:Speed>
              </ns3:TPX>
            </Extensions>
          </Trackpoint>
          <Trackpoint>
            <Time>2026-03-02T08:29:12.000Z</Time>
            <Position>
              <LatitudeDegrees>51.753520080819726</LatitudeDegrees>
              <LongitudeDegrees>-0.24087611585855484</LongitudeDegrees>
            </Position>
            <AltitudeMeters>85.19999694824219</AltitudeMeters>
            <DistanceMeters>2944.18994140625</DistanceMeters>
            <HeartRateBpm>
              <Value>123</Value>
            </HeartRateBpm>
            <Extensions>
              <ns3:TPX>
                <ns3:Speed>1.371999979019165</ns3:Speed>
              </ns3:TPX>
            </Extensions>
          </Trackpoint>
          <Trackpoint>
            <Time>2026-03-02T08:29:23.000Z</Time>
            <Position>
              <LatitudeDegrees>51.75352653488517</LatitudeDegrees>
              <LongitudeDegrees>-0.24066036567091942</LongitudeDegrees>
            </Position>
            <AltitudeMeters>85.4000015258789</AltitudeMeters>
            <DistanceMeters>2958.77001953125</DistanceMeters>
            <HeartRateBpm>
              <Value>122</Value>
            </HeartRateBpm>
            <Extensions>
              <ns3:TPX>
                <ns3:Speed>1.3619999885559082</ns3:Speed>
              </ns3:TPX>
            </Extensions>
          </Trackpoint>
          <Trackpoint>
            <Time>2026-03-02T08:29:29.000Z</Time>
            <Position>
              <LatitudeDegrees>51.75353064201772</LatitudeDegrees>
              <LongitudeDegrees>-0.24053949862718582</LongitudeDegrees>
            </Position>
            <AltitudeMeters>85.4000015258789</AltitudeMeters>
            <DistanceMeters>2967.340087890625</DistanceMeters>
            <HeartRateBpm>
              <Value>119</Value>
            </HeartRateBpm>
            <Extensions>
              <ns3:TPX>
                <ns3:Speed>1.3619999885559082</ns3:Speed>
              </ns3:TPX>
            </Extensions>
          </Trackpoint>
          <Trackpoint>
            <Time>2026-03-02T08:29:34.000Z</Time>
            <Position>
              <LatitudeDegrees>51.75352745689452</LatitudeDegrees>
              <LongitudeDegrees>-0.24044419638812542</LongitudeDegrees>
            </Position>
            <AltitudeMeters>85.4000015258789</AltitudeMeters>
            <DistanceMeters>2974.010009765625</DistanceMeters>
            <HeartRateBpm>
              <Value>118</Value>
            </HeartRateBpm>
            <Extensions>
              <ns3:TPX>
                <ns3:Speed>1.3530000448226929</ns3:Speed>
              </ns3:TPX>
            </Extensions>
          </Trackpoint>
          <Trackpoint>
            <Time>2026-03-02T08:29:42.000Z</Time>
            <Position>
              <LatitudeDegrees>51.75350021570921</LatitudeDegrees>
              <LongitudeDegrees>-0.24030505679547787</LongitudeDegrees>
            </Position>
            <AltitudeMeters>85.19999694824219</AltitudeMeters>
            <DistanceMeters>2983.5400390625</DistanceMeters>
            <HeartRateBpm>
              <Value>115</Value>
            </HeartRateBpm>
            <Extensions>
              <ns3:TPX>
                <ns3:Speed>1.3339999914169312</ns3:Speed>
              </ns3:TPX>
            </Extensions>
          </Trackpoint>
          <Trackpoint>
            <Time>2026-03-02T08:29:44.000Z</Time>
            <Position>
              <LatitudeDegrees>51.75349493511021</LatitudeDegrees>
              <LongitudeDegrees>-0.24028410203754902</LongitudeDegrees>
            </Position>
            <AltitudeMeters>85.19999694824219</AltitudeMeters>
            <DistanceMeters>2985.409912109375</DistanceMeters>
            <HeartRateBpm>
              <Value>114</Value>
            </HeartRateBpm>
            <Extensions>
              <ns3:TPX>
                <ns3:Speed>1.3339999914169312</ns3:Speed>
              </ns3:TPX>
            </Extensions>
          </Trackpoint>
          <Trackpoint>
            <Time>2026-03-02T08:29:50.000Z</Time>
            <Position>
              <LatitudeDegrees>51.75347733311355</LatitudeDegrees>
              <LongitudeDegrees>-0.24021201767027378</LongitudeDegrees>
            </Position>
            <AltitudeMeters>85.80000305175781</AltitudeMeters>
            <DistanceMeters>2990.550048828125</DistanceMeters>
            <HeartRateBpm>
              <Value>111</Value>
            </HeartRateBpm>
            <Extensions>
              <ns3:TPX>
                <ns3:Speed>1.2879999876022339</ns3:Speed>
              </ns3:TPX>
            </Extensions>
          </Trackpoint>
          <Trackpoint>
            <Time>2026-03-02T08:29:53.000Z</Time>
            <Position>
              <LatitudeDegrees>51.753474650904536</LatitudeDegrees>
              <LongitudeDegrees>-0.24018284864723682</LongitudeDegrees>
            </Position>
            <AltitudeMeters>86.19999694824219</AltitudeMeters>
            <DistanceMeters>2992.68994140625</DistanceMeters>
            <HeartRateBpm>
              <Value>111</Value>
            </HeartRateBpm>
            <Extensions>
              <ns3:TPX>
                <ns3:Speed>1.222000002861023</ns3:Speed>
              </ns3:TPX>
            </Extensions>
          </Trackpoint>
          <Trackpoint>
            <Time>2026-03-02T08:29:58.000Z</Time>
            <Position>
              <LatitudeDegrees>51.75342972390354</LatitudeDegrees>
              <LongitudeDegrees>-0.24011612869799137</LongitudeDegrees>
            </Position>
            <AltitudeMeters>86.80000305175781</AltitudeMeters>
            <DistanceMeters>2998.989990234375</DistanceMeters>
            <HeartRateBpm>
              <Value>111</Value>
            </HeartRateBpm>
            <Extensions>
              <ns3:TPX>
                <ns3:Speed>1.0920000076293945</ns3:Speed>
              </ns3:TPX>
            </Extensions>
          </Trackpoint>
          <Trackpoint>
            <Time>2026-03-02T08:29:59.000Z</Time>
            <Position>
              <LatitudeDegrees>51.75341631285846</LatitudeDegrees>
              <LongitudeDegrees>-0.24010389111936092</LongitudeDegrees>
            </Position>
            <AltitudeMeters>87.0</AltitudeMeters>
            <DistanceMeters>3000.669921875</DistanceMeters>
            <HeartRateBpm>
              <Value>111</Value>
            </HeartRateBpm>
            <Extensions>
              <ns3:TPX>
                <ns3:Speed>1.0640000104904175</ns3:Speed>
              </ns3:TPX>
            </Extensions>
          </Trackpoint>
          <Trackpoint>
            <Time>2026-03-02T08:30:00.000Z</Time>
            <Position>
              <LatitudeDegrees>51.75341631285846</LatitudeDegrees>
              <LongitudeDegrees>-0.24010389111936092</LongitudeDegrees>
            </Position>
            <AltitudeMeters>87.19999694824219</AltitudeMeters>
            <DistanceMeters>3001.739990234375</DistanceMeters>
            <HeartRateBpm>
              <Value>112</Value>
            </HeartRateBpm>
            <Extensions>
              <ns3:TPX>
                <ns3:Speed>1.0640000104904175</ns3:Speed>
              </ns3:TPX>
            </Extensions>
          </Trackpoint>
        </Track>
        <Extensions>
          <ns3:LX>
            <ns3:AvgSpeed>1.3819999694824219</ns3:AvgSpeed>
            <ns3:AvgRunCadence>55</ns3:AvgRunCadence>
            <ns3:MaxRunCadence>65</ns3:MaxRunCadence>
          </ns3:LX>
        </Extensions>
      </Lap>
      <Lap StartTime="2026-03-02T08:30:00.000Z">
        <TotalTimeSeconds>44.341</TotalTimeSeconds>
        <DistanceMeters>57.91</DistanceMeters>
        <MaximumSpeed>1.3059999942779539</MaximumSpeed>
        <Calories>4</Calories>
        <AverageHeartRateBpm>
          <Value>124</Value>
        </AverageHeartRateBpm>
        <MaximumHeartRateBpm>
          <Value>128</Value>
        </MaximumHeartRateBpm>
        <Intensity>Active</Intensity>
        <TriggerMethod>Manual</TriggerMethod>
        <Track>
          <Trackpoint>
            <Time>2026-03-02T08:30:00.000Z</Time>
            <Position>
              <LatitudeDegrees>51.75341631285846</LatitudeDegrees>
              <LongitudeDegrees>-0.24010389111936092</LongitudeDegrees>
            </Position>
            <AltitudeMeters>87.19999694824219</AltitudeMeters>
            <DistanceMeters>3001.739990234375</DistanceMeters>
            <HeartRateBpm>
              <Value>112</Value>
            </HeartRateBpm>
            <Extensions>
              <ns3:TPX>
                <ns3:Speed>1.0640000104904175</ns3:Speed>
              </ns3:TPX>
            </Extensions>
          </Trackpoint>
          <Trackpoint>
            <Time>2026-03-02T08:30:02.000Z</Time>
            <Position>
              <LatitudeDegrees>51.75339720211923</LatitudeDegrees>
              <LongitudeDegrees>-0.24008930660784245</LongitudeDegrees>
            </Position>
            <AltitudeMeters>87.5999984741211</AltitudeMeters>
            <DistanceMeters>3002.929931640625</DistanceMeters>
            <HeartRateBpm>
              <Value>114</Value>
            </HeartRateBpm>
            <Extensions>
              <ns3:TPX>
                <ns3:Speed>1.128999948501587</ns3:Speed>
              </ns3:TPX>
            </Extensions>
          </Trackpoint>
          <Trackpoint>
            <Time>2026-03-02T08:30:05.000Z</Time>
            <Position>
              <LatitudeDegrees>51.75334791652858</LatitudeDegrees>
              <LongitudeDegrees>-0.24005007930099964</LongitudeDegrees>
            </Position>
            <AltitudeMeters>87.80000305175781</AltitudeMeters>
            <DistanceMeters>3009.510009765625</DistanceMeters>
            <HeartRateBpm>
              <Value>117</Value>
            </HeartRateBpm>
            <Extensions>
              <ns3:TPX>
                <ns3:Speed>1.2130000591278076</ns3:Speed>
              </ns3:TPX>
            </Extensions>
          </Trackpoint>
          <Trackpoint>
            <Time>2026-03-02T08:30:07.000Z</Time>
            <Position>
              <LatitudeDegrees>51.75334129482508</LatitudeDegrees>
              <LongitudeDegrees>-0.2400448825210333</LongitudeDegrees>
            </Position>
            <AltitudeMeters>88.0</AltitudeMeters>
            <DistanceMeters>3010.60009765625</DistanceMeters>
            <HeartRateBpm>
              <Value>119</Value>
            </HeartRateBpm>
            <Extensions>
              <ns3:TPX>
                <ns3:Speed>1.222000002861023</ns3:Speed>
              </ns3:TPX>
            </Extensions>
          </Trackpoint>
          <Trackpoint>
            <Time>2026-03-02T08:30:11.000Z</Time>
            <Position>
              <LatitudeDegrees>51.75330391153693</LatitudeDegrees>
              <LongitudeDegrees>-0.2400172222405672</LongitudeDegrees>
            </Position>
            <AltitudeMeters>88.4000015258789</AltitudeMeters>
            <DistanceMeters>3014.969970703125</DistanceMeters>
            <HeartRateBpm>
              <Value>121</Value>
            </HeartRateBpm>
            <Extensions>
              <ns3:TPX>
                <ns3:Speed>1.1480000019073486</ns3:Speed>
              </ns3:TPX>
            </Extensions>
          </Trackpoint>
          <Trackpoint>
            <Time>2026-03-02T08:30:15.000Z</Time>
            <Position>
              <LatitudeDegrees>51.753251273185015</LatitudeDegrees>
              <LongitudeDegrees>-0.23996684700250626</LongitudeDegrees>
            </Position>
            <AltitudeMeters>88.80000305175781</AltitudeMeters>
            <DistanceMeters>3021.449951171875</DistanceMeters>
            <HeartRateBpm>
              <Value>124</Value>
            </HeartRateBpm>
            <Extensions>
              <ns3:TPX>
                <ns3:Speed>1.222000002861023</ns3:Speed>
              </ns3:TPX>
            </Extensions>
          </Trackpoint>
          <Trackpoint>
            <Time>2026-03-02T08:30:18.000Z</Time>
            <Position>
              <LatitudeDegrees>51.75322067923844</LatitudeDegrees>
              <LongitudeDegrees>-0.2399376779794693</LongitudeDegrees>
            </Position>
            <AltitudeMeters>89.0</AltitudeMeters>
            <DistanceMeters>3025.6298828125</DistanceMeters>
            <HeartRateBpm>
              <Value>125</Value>
            </HeartRateBpm>
            <Extensions>
              <ns3:TPX>
                <ns3:Speed>1.2690000534057617</ns3:Speed>
              </ns3:TPX>
            </Extensions>
          </Trackpoint>
          <Trackpoint>
            <Time>2026-03-02T08:30:24.000Z</Time>
            <Position>
              <LatitudeDegrees>51.75314985215664</LatitudeDegrees>
              <LongitudeDegrees>-0.23990700021386147</LongitudeDegrees>
            </Position>
            <AltitudeMeters>89.5999984741211</AltitudeMeters>
            <DistanceMeters>3035.169921875</DistanceMeters>
            <HeartRateBpm>
              <Value>127</Value>
            </HeartRateBpm>
            <Extensions>
              <ns3:TPX>
                <ns3:Speed>1.305999994277954</ns3:Speed>
              </ns3:TPX>
            </Extensions>
          </Trackpoint>
          <Trackpoint>
            <Time>2026-03-02T08:30:31.000Z</Time>
            <Position>
              <LatitudeDegrees>51.753080785274506</LatitudeDegrees>
              <LongitudeDegrees>-0.23983173072338104</LongitudeDegrees>
            </Position>
            <AltitudeMeters>89.80000305175781</AltitudeMeters>
            <DistanceMeters>3043.110107421875</DistanceMeters>
            <HeartRateBpm>
              <Value>128</Value>
            </HeartRateBpm>
            <Extensions>
              <ns3:TPX>
                <ns3:Speed>1.2879999876022339</ns3:Speed>
              </ns3:TPX>
            </Extensions>
          </Trackpoint>
          <Trackpoint>
            <Time>2026-03-02T08:30:37.000Z</Time>
            <Position>
              <LatitudeDegrees>51.75303854048252</LatitudeDegrees>
              <LongitudeDegrees>-0.2397928386926651</LongitudeDegrees>
            </Position>
            <AltitudeMeters>90.0</AltitudeMeters>
            <DistanceMeters>3049.570068359375</DistanceMeters>
            <HeartRateBpm>
              <Value>127</Value>
            </HeartRateBpm>
            <Extensions>
              <ns3:TPX>
                <ns3:Speed>1.2599999904632568</ns3:Speed>
              </ns3:TPX>
            </Extensions>
          </Trackpoint>
          <Trackpoint>
            <Time>2026-03-02T08:30:43.000Z</Time>
            <Position>
              <LatitudeDegrees>51.75301347859204</LatitudeDegrees>
              <LongitudeDegrees>-0.23967490531504154</LongitudeDegrees>
            </Position>
            <AltitudeMeters>90.19999694824219</AltitudeMeters>
            <DistanceMeters>3057.909912109375</DistanceMeters>
            <HeartRateBpm>
              <Value>126</Value>
            </HeartRateBpm>
            <Extensions>
              <ns3:TPX>
                <ns3:Speed>1.25</ns3:Speed>
              </ns3:TPX>
            </Extensions>
          </Trackpoint>
        </Track>
        <Extensions>
          <ns3:LX>
            <ns3:AvgSpeed>1.3059999942779539</ns3:AvgSpeed>
            <ns3:AvgRunCadence>55</ns3:AvgRunCadence>
            <ns3:MaxRunCadence>59</ns3:MaxRunCadence>
          </ns3:LX>
        </Extensions>
      </Lap>
      <Creator xsi:type="Device_t">
        <Name>Venu 3</Name>
        <UnitId>3514695726</UnitId>
        <ProductID>4260</ProductID>
        <Version>
          <VersionMajor>17</VersionMajor>
          <VersionMinor>5</VersionMinor>
          <BuildMajor>0</BuildMajor>
          <BuildMinor>0</BuildMinor>
        </Version>
      </Creator>
    </Activity>
  </Activities>
  <Author xsi:type="Application_t">
    <Name>Connect Api</Name>
    <Build>
      <Version>
        <VersionMajor>26</VersionMajor>
        <VersionMinor>3</VersionMinor>
        <BuildMajor>0</BuildMajor>
        <BuildMinor>0</BuildMinor>
      </Version>
    </Build>
    <LangID>en</LangID>
    <PartNumber>006-D2449-00</PartNumber>
  </Author>
</TrainingCenterDatabase>
