<?xml version="1.0" encoding="UTF-8"?>
<TrainingCenterDatabase
  xsi:schemaLocation="http://www.garmin.com/xmlschemas/TrainingCenterDatabase/v2 http://www.garmin.com/xmlschemas/TrainingCenterDatabasev2.xsd"
  xmlns:ns5="http://www.garmin.com/xmlschemas/ActivityGoals/v1"
  xmlns:ns3="http://www.garmin.com/xmlschemas/ActivityExtension/v2"
  xmlns:ns2="http://www.garmin.com/xmlschemas/UserProfile/v2"
  xmlns="http://www.garmin.com/xmlschemas/TrainingCenterDatabase/v2"
  xmlns:xsi="http://www.w3.org/2001/XMLSchema-instance" xmlns:ns4="http://www.garmin.com/xmlschemas/ProfileExtension/v1">
  <Activities>
    <Activity Sport="Other">
      <Id>2026-02-26T07:48:09.000Z</Id>
      <Lap StartTime="2026-02-26T07:48:09.000Z">
        <TotalTimeSeconds>720.264</TotalTimeSeconds>
        <DistanceMeters>1000.0</DistanceMeters>
        <MaximumSpeed>1.5859999656677248</MaximumSpeed>
        <Calories>63</Calories>
        <AverageHeartRateBpm>
          <Value>121</Value>
        </AverageHeartRateBpm>
        <MaximumHeartRateBpm>
          <Value>131</Value>
        </MaximumHeartRateBpm>
        <Intensity>Active</Intensity>
        <TriggerMethod>Manual</TriggerMethod>
        <Track>
          <Trackpoint>
            <Time>2026-02-26T07:48:09.000Z</Time>
            <AltitudeMeters>80.19999694824219</AltitudeMeters>
            <DistanceMeters>0.0</DistanceMeters>
            <HeartRateBpm>
              <Value>102</Value>
            </HeartRateBpm>
            <Extensions>
              <ns3:TPX>
                <ns3:Speed>0.0</ns3:Speed>
              </ns3:TPX>
            </Extensions>
          </Trackpoint>
          <Trackpoint>
            <Time>2026-02-26T07:48:10.000Z</Time>
            <AltitudeMeters>80.19999694824219</AltitudeMeters>
            <DistanceMeters>0.0</DistanceMeters>
            <HeartRateBpm>
              <Value>102</Value>
            </HeartRateBpm>
            <Extensions>
              <ns3:TPX>
                <ns3:Speed>0.0</ns3:Speed>
              </ns3:TPX>
            </Extensions>
          </Trackpoint>
          <Trackpoint>
            <Time>2026-02-26T07:48:25.000Z</Time>
            <Position>
              <LatitudeDegrees>51.76595153287053</LatitudeDegrees>
              <LongitudeDegrees>-0.2177760936319828</LongitudeDegrees>
            </Position>
            <AltitudeMeters>79.5999984741211</AltitudeMeters>
            <DistanceMeters>11.029999732971191</DistanceMeters>
            <HeartRateBpm>
              <Value>102</Value>
            </HeartRateBpm>
            <Extensions>
              <ns3:TPX>
                <ns3:Speed>1.409000039100647</ns3:Speed>
              </ns3:TPX>
            </Extensions>
          </Trackpoint>
          <Trackpoint>
            <Time>2026-02-26T07:48:31.000Z</Time>
            <Position>
              <LatitudeDegrees>51.765916580334306</LatitudeDegrees>
              <LongitudeDegrees>-0.21774985827505589</LongitudeDegrees>
            </Position>
            <AltitudeMeters>79.5999984741211</AltitudeMeters>
            <DistanceMeters>17.790000915527344</DistanceMeters>
            <HeartRateBpm>
              <Value>100</Value>
            </HeartRateBpm>
            <Extensions>
              <ns3:TPX>
                <ns3:Speed>1.4930000305175781</ns3:Speed>
              </ns3:TPX>
            </Extensions>
          </Trackpoint>
          <Trackpoint>
            <Time>2026-02-26T07:48:39.000Z</Time>
            <Position>
              <LatitudeDegrees>51.76584189757705</LatitudeDegrees>
              <LongitudeDegrees>-0.21777131594717503</LongitudeDegrees>
            </Position>
            <AltitudeMeters>79.0</AltitudeMeters>
            <DistanceMeters>25.770000457763672</DistanceMeters>
            <HeartRateBpm>
              <Value>100</Value>
            </HeartRateBpm>
            <Extensions>
              <ns3:TPX>
                <ns3:Speed>1.3619999885559082</ns3:Speed>
              </ns3:TPX>
            </Extensions>
          </Trackpoint>
          <Trackpoint>
            <Time>2026-02-26T07:48:48.000Z</Time>
            <Position>
              <LatitudeDegrees>51.76573796197772</LatitudeDegrees>
              <LongitudeDegrees>-0.21780241280794144</LongitudeDegrees>
            </Position>
            <AltitudeMeters>79.0</AltitudeMeters>
            <DistanceMeters>37.18000030517578</DistanceMeters>
            <HeartRateBpm>
              <Value>102</Value>
            </HeartRateBpm>
            <Extensions>
              <ns3:TPX>
                <ns3:Speed>1.371999979019165</ns3:Speed>
              </ns3:TPX>
            </Extensions>
          </Trackpoint>
          <Trackpoint>
            <Time>2026-02-26T07:48:55.000Z</Time>
            <Position>
              <LatitudeDegrees>51.765659591183066</LatitudeDegrees>
              <LongitudeDegrees>-0.21779763512313366</LongitudeDegrees>
            </Position>
            <AltitudeMeters>79.5999984741211</AltitudeMeters>
            <DistanceMeters>45.040000915527344</DistanceMeters>
            <HeartRateBpm>
              <Value>105</Value>
            </HeartRateBpm>
            <Extensions>
              <ns3:TPX>
                <ns3:Speed>1.277999997138977</ns3:Speed>
              </ns3:TPX>
            </Extensions>
          </Trackpoint>
          <Trackpoint>
            <Time>2026-02-26T07:48:57.000Z</Time>
            <Position>
              <LatitudeDegrees>51.76563687622547</LatitudeDegrees>
              <LongitudeDegrees>-0.21779931150376797</LongitudeDegrees>
            </Position>
            <AltitudeMeters>79.5999984741211</AltitudeMeters>
            <DistanceMeters>47.56999969482422</DistanceMeters>
            <HeartRateBpm>
              <Value>105</Value>
            </HeartRateBpm>
            <Extensions>
              <ns3:TPX>
                <ns3:Speed>1.277999997138977</ns3:Speed>
              </ns3:TPX>
            </Extensions>
          </Trackpoint>
          <Trackpoint>
            <Time>2026-02-26T07:49:09.000Z</Time>
            <Position>
              <LatitudeDegrees>51.76548541523516</LatitudeDegrees>
              <LongitudeDegrees>-0.21781406365334988</LongitudeDegrees>
            </Position>
            <AltitudeMeters>80.4000015258789</AltitudeMeters>
            <DistanceMeters>65.2699966430664</DistanceMeters>
            <HeartRateBpm>
              <Value>104</Value>
            </HeartRateBpm>
            <Extensions>
              <ns3:TPX>
                <ns3:Speed>1.3530000448226929</ns3:Speed>
              </ns3:TPX>
            </Extensions>
          </Trackpoint>
          <Trackpoint>
            <Time>2026-02-26T07:49:15.000Z</Time>
            <Position>
              <LatitudeDegrees>51.76541483961046</LatitudeDegrees>
              <LongitudeDegrees>-0.21783191710710526</LongitudeDegrees>
            </Position>
            <AltitudeMeters>80.19999694824219</AltitudeMeters>
            <DistanceMeters>73.33000183105469</DistanceMeters>
            <HeartRateBpm>
              <Value>107</Value>
            </HeartRateBpm>
            <Extensions>
              <ns3:TPX>
                <ns3:Speed>1.371999979019165</ns3:Speed>
              </ns3:TPX>
            </Extensions>
          </Trackpoint>
          <Trackpoint>
            <Time>2026-02-26T07:49:16.000Z</Time>
            <Position>
              <LatitudeDegrees>51.7654038593173</LatitudeDegrees>
              <LongitudeDegrees>-0.21783418022096157</LongitudeDegrees>
            </Position>
            <AltitudeMeters>80.19999694824219</AltitudeMeters>
            <DistanceMeters>74.73999786376953</DistanceMeters>
            <HeartRateBpm>
              <Value>107</Value>
            </HeartRateBpm>
            <Extensions>
              <ns3:TPX>
                <ns3:Speed>1.371999979019165</ns3:Speed>
              </ns3:TPX>
            </Extensions>
          </Trackpoint>
          <Trackpoint>
            <Time>2026-02-26T07:49:24.000Z</Time>
            <Position>
              <LatitudeDegrees>51.765315849334</LatitudeDegrees>
              <LongitudeDegrees>-0.217854967340827</LongitudeDegrees>
            </Position>
            <AltitudeMeters>80.5999984741211</AltitudeMeters>
            <DistanceMeters>84.11000061035156</DistanceMeters>
            <HeartRateBpm>
              <Value>109</Value>
            </HeartRateBpm>
            <Extensions>
              <ns3:TPX>
                <ns3:Speed>1.3339999914169312</ns3:Speed>
              </ns3:TPX>
            </Extensions>
          </Trackpoint>
          <Trackpoint>
            <Time>2026-02-26T07:49:27.000Z</Time>
            <Position>
              <LatitudeDegrees>51.76527427509427</LatitudeDegrees>
              <LongitudeDegrees>-0.21785630844533443</LongitudeDegrees>
            </Position>
            <AltitudeMeters>80.5999984741211</AltitudeMeters>
            <DistanceMeters>88.70999908447266</DistanceMeters>
            <HeartRateBpm>
              <Value>117</Value>
            </HeartRateBpm>
            <Extensions>
              <ns3:TPX>
                <ns3:Speed>1.3250000476837158</ns3:Speed>
              </ns3:TPX>
            </Extensions>
          </Trackpoint>
          <Trackpoint>
            <Time>2026-02-26T07:49:28.000Z</Time>
            <Position>
              <LatitudeDegrees>51.76525910384953</LatitudeDegrees>
              <LongitudeDegrees>-0.21785354241728783</LongitudeDegrees>
            </Position>
            <AltitudeMeters>80.5999984741211</AltitudeMeters>
            <DistanceMeters>90.36000061035156</DistanceMeters>
            <HeartRateBpm>
              <Value>121</Value>
            </HeartRateBpm>
            <Extensions>
              <ns3:TPX>
                <ns3:Speed>1.3250000476837158</ns3:Speed>
              </ns3:TPX>
            </Extensions>
          </Trackpoint>
          <Trackpoint>
            <Time>2026-02-26T07:49:29.000Z</Time>
            <Position>
              <LatitudeDegrees>51.765245692804456</LatitudeDegrees>
              <LongitudeDegrees>-0.21785194985568523</LongitudeDegrees>
            </Position>
            <AltitudeMeters>80.4000015258789</AltitudeMeters>
            <DistanceMeters>91.91999816894531</DistanceMeters>
            <HeartRateBpm>
              <Value>121</Value>
            </HeartRateBpm>
            <Extensions>
              <ns3:TPX>
                <ns3:Speed>1.3339999914169312</ns3:Speed>
              </ns3:TPX>
            </Extensions>
          </Trackpoint>
          <Trackpoint>
            <Time>2026-02-26T07:49:33.000Z</Time>
            <Position>
              <LatitudeDegrees>51.76519112661481</LatitudeDegrees>
              <LongitudeDegrees>-0.2178511954843998</LongitudeDegrees>
            </Position>
            <AltitudeMeters>80.0</AltitudeMeters>
            <DistanceMeters>98.12999725341797</DistanceMeters>
            <HeartRateBpm>
              <Value>124</Value>
            </HeartRateBpm>
            <Extensions>
              <ns3:TPX>
                <ns3:Speed>1.343999981880188</ns3:Speed>
              </ns3:TPX>
            </Extensions>
          </Trackpoint>
          <Trackpoint>
            <Time>2026-02-26T07:49:42.000Z</Time>
            <Position>
              <LatitudeDegrees>51.765080485492945</LatitudeDegrees>
              <LongitudeDegrees>-0.2178620919585228</LongitudeDegrees>
            </Position>
            <AltitudeMeters>81.0</AltitudeMeters>
            <DistanceMeters>110.62000274658203</DistanceMeters>
            <HeartRateBpm>
              <Value>123</Value>
            </HeartRateBpm>
            <Extensions>
              <ns3:TPX>
                <ns3:Speed>1.38100004196167</ns3:Speed>
              </ns3:TPX>
            </Extensions>
          </Trackpoint>
          <Trackpoint>
            <Time>2026-02-26T07:49:51.000Z</Time>
            <Position>
              <LatitudeDegrees>51.76497311331332</LatitudeDegrees>
              <LongitudeDegrees>-0.21785681135952473</LongitudeDegrees>
            </Position>
            <AltitudeMeters>81.80000305175781</AltitudeMeters>
            <DistanceMeters>122.45999908447266</DistanceMeters>
            <HeartRateBpm>
              <Value>124</Value>
            </HeartRateBpm>
            <Extensions>
              <ns3:TPX>
                <ns3:Speed>1.3619999885559082</ns3:Speed>
              </ns3:TPX>
            </Extensions>
          </Trackpoint>
          <Trackpoint>
            <Time>2026-02-26T07:50:01.000Z</Time>
            <Position>
              <LatitudeDegrees>51.76484671421349</LatitudeDegrees>
              <LongitudeDegrees>-0.2178653609007597</LongitudeDegrees>
            </Position>
            <AltitudeMeters>81.80000305175781</AltitudeMeters>
            <DistanceMeters>136.6300048828125</DistanceMeters>
            <HeartRateBpm>
              <Value>124</Value>
            </HeartRateBpm>
            <Extensions>
              <ns3:TPX>
                <ns3:Speed>1.38100004196167</ns3:Speed>
              </ns3:TPX>
            </Extensions>
          </Trackpoint>
          <Trackpoint>
            <Time>2026-02-26T07:50:07.000Z</Time>
            <Position>
              <LatitudeDegrees>51.76476834341884</LatitudeDegrees>
              <LongitudeDegrees>-0.21786879748106003</LongitudeDegrees>
            </Position>
            <AltitudeMeters>81.19999694824219</AltitudeMeters>
            <DistanceMeters>145.33999633789062</DistanceMeters>
            <HeartRateBpm>
              <Value>121</Value>
            </HeartRateBpm>
            <Extensions>
              <ns3:TPX>
                <ns3:Speed>1.371999979019165</ns3:Speed>
              </ns3:TPX>
            </Extensions>
          </Trackpoint>
          <Trackpoint>
            <Time>2026-02-26T07:50:08.000Z</Time>
            <Position>
              <LatitudeDegrees>51.764756105840206</LatitudeDegrees>
              <LongitudeDegrees>-0.217866450548172</LongitudeDegrees>
            </Position>
            <AltitudeMeters>81.4000015258789</AltitudeMeters>
            <DistanceMeters>146.86000061035156</DistanceMeters>
            <HeartRateBpm>
              <Value>121</Value>
            </HeartRateBpm>
            <Extensions>
              <ns3:TPX>
                <ns3:Speed>1.3619999885559082</ns3:Speed>
              </ns3:TPX>
            </Extensions>
          </Trackpoint>
          <Trackpoint>
            <Time>2026-02-26T07:50:16.000Z</Time>
            <Position>
              <LatitudeDegrees>51.76466449163854</LatitudeDegrees>
              <LongitudeDegrees>-0.21788572892546654</LongitudeDegrees>
            </Position>
            <AltitudeMeters>82.0</AltitudeMeters>
            <DistanceMeters>157.16000366210938</DistanceMeters>
            <HeartRateBpm>
              <Value>120</Value>
            </HeartRateBpm>
            <Extensions>
              <ns3:TPX>
                <ns3:Speed>1.3619999885559082</ns3:Speed>
              </ns3:TPX>
            </Extensions>
          </Trackpoint>
          <Trackpoint>
            <Time>2026-02-26T07:50:25.000Z</Time>
            <Position>
              <LatitudeDegrees>51.76453750580549</LatitudeDegrees>
              <LongitudeDegrees>-0.21788690239191055</LongitudeDegrees>
            </Position>
            <AltitudeMeters>82.0</AltitudeMeters>
            <DistanceMeters>171.00999450683594</DistanceMeters>
            <HeartRateBpm>
              <Value>120</Value>
            </HeartRateBpm>
            <Extensions>
              <ns3:TPX>
                <ns3:Speed>1.371999979019165</ns3:Speed>
              </ns3:TPX>
            </Extensions>
          </Trackpoint>
          <Trackpoint>
            <Time>2026-02-26T07:50:35.000Z</Time>
            <Position>
              <LatitudeDegrees>51.76440264098346</LatitudeDegrees>
              <LongitudeDegrees>-0.21789436228573322</LongitudeDegrees>
            </Position>
            <AltitudeMeters>81.80000305175781</AltitudeMeters>
            <DistanceMeters>186.3300018310547</DistanceMeters>
            <HeartRateBpm>
              <Value>117</Value>
            </HeartRateBpm>
            <Extensions>
              <ns3:TPX>
                <ns3:Speed>1.3899999856948853</ns3:Speed>
              </ns3:TPX>
            </Extensions>
          </Trackpoint>
          <Trackpoint>
            <Time>2026-02-26T07:50:37.000Z</Time>
            <Position>
              <LatitudeDegrees>51.76437598653138</LatitudeDegrees>
              <LongitudeDegrees>-0.21789629012346268</LongitudeDegrees>
            </Position>
            <AltitudeMeters>81.80000305175781</AltitudeMeters>
            <DistanceMeters>189.47999572753906</DistanceMeters>
            <HeartRateBpm>
              <Value>116</Value>
            </HeartRateBpm>
            <Extensions>
              <ns3:TPX>
                <ns3:Speed>1.399999976158142</ns3:Speed>
              </ns3:TPX>
            </Extensions>
          </Trackpoint>
          <Trackpoint>
            <Time>2026-02-26T07:50:47.000Z</Time>
            <Position>
              <LatitudeDegrees>51.76425268873572</LatitudeDegrees>
              <LongitudeDegrees>-0.2179132215678692</LongitudeDegrees>
            </Position>
            <AltitudeMeters>82.5999984741211</AltitudeMeters>
            <DistanceMeters>202.6199951171875</DistanceMeters>
            <HeartRateBpm>
              <Value>117</Value>
            </HeartRateBpm>
            <Extensions>
              <ns3:TPX>
                <ns3:Speed>1.409000039100647</ns3:Speed>
              </ns3:TPX>
            </Extensions>
          </Trackpoint>
          <Trackpoint>
            <Time>2026-02-26T07:50:48.000Z</Time>
            <Position>
              <LatitudeDegrees>51.764238607138395</LatitudeDegrees>
              <LongitudeDegrees>-0.2179143950343132</LongitudeDegrees>
            </Position>
            <AltitudeMeters>83.0</AltitudeMeters>
            <DistanceMeters>203.8300018310547</DistanceMeters>
            <HeartRateBpm>
              <Value>117</Value>
            </HeartRateBpm>
            <Extensions>
              <ns3:TPX>
                <ns3:Speed>1.399999976158142</ns3:Speed>
              </ns3:TPX>
            </Extensions>
          </Trackpoint>
          <Trackpoint>
            <Time>2026-02-26T07:50:50.000Z</Time>
            <Position>
              <LatitudeDegrees>51.76421295851469</LatitudeDegrees>
              <LongitudeDegrees>-0.21791405975818634</LongitudeDegrees>
            </Position>
            <AltitudeMeters>83.0</AltitudeMeters>
            <DistanceMeters>206.97000122070312</DistanceMeters>
            <HeartRateBpm>
              <Value>120</Value>
            </HeartRateBpm>
            <Extensions>
              <ns3:TPX>
                <ns3:Speed>1.399999976158142</ns3:Speed>
              </ns3:TPX>
            </Extensions>
          </Trackpoint>
          <Trackpoint>
            <Time>2026-02-26T07:50:57.000Z</Time>
            <Position>
              <LatitudeDegrees>51.76412117667496</LatitudeDegrees>
              <LongitudeDegrees>-0.2179258782416582</LongitudeDegrees>
            </Position>
            <AltitudeMeters>82.4000015258789</AltitudeMeters>
            <DistanceMeters>218.27999877929688</DistanceMeters>
            <HeartRateBpm>
              <Value>122</Value>
            </HeartRateBpm>
            <Extensions>
              <ns3:TPX>
                <ns3:Speed>1.409000039100647</ns3:Speed>
              </ns3:TPX>
            </Extensions>
          </Trackpoint>
          <Trackpoint>
            <Time>2026-02-26T07:51:08.000Z</Time>
            <Position>
              <LatitudeDegrees>51.763978181406856</LatitudeDegrees>
              <LongitudeDegrees>-0.21793811582028866</LongitudeDegrees>
            </Position>
            <AltitudeMeters>82.0</AltitudeMeters>
            <DistanceMeters>233.49000549316406</DistanceMeters>
            <HeartRateBpm>
              <Value>121</Value>
            </HeartRateBpm>
            <Extensions>
              <ns3:TPX>
                <ns3:Speed>1.409000039100647</ns3:Speed>
              </ns3:TPX>
            </Extensions>
          </Trackpoint>
          <Trackpoint>
            <Time>2026-02-26T07:51:19.000Z</Time>
            <Position>
              <LatitudeDegrees>51.76383711397648</LatitudeDegrees>
              <LongitudeDegrees>-0.21793543361127377</LongitudeDegrees>
            </Position>
            <AltitudeMeters>82.4000015258789</AltitudeMeters>
            <DistanceMeters>248.72000122070312</DistanceMeters>
            <HeartRateBpm>
              <Value>120</Value>
            </HeartRateBpm>
            <Extensions>
              <ns3:TPX>
                <ns3:Speed>1.437000036239624</ns3:Speed>
              </ns3:TPX>
            </Extensions>
          </Trackpoint>
          <Trackpoint>
            <Time>2026-02-26T07:51:26.000Z</Time>
            <Position>
              <LatitudeDegrees>51.76374248228967</LatitudeDegrees>
              <LongitudeDegrees>-0.21794624626636505</LongitudeDegrees>
            </Position>
            <AltitudeMeters>83.19999694824219</AltitudeMeters>
            <DistanceMeters>260.2200012207031</DistanceMeters>
            <HeartRateBpm>
              <Value>123</Value>
            </HeartRateBpm>
            <Extensions>
              <ns3:TPX>
                <ns3:Speed>1.4459999799728394</ns3:Speed>
              </ns3:TPX>
            </Extensions>
          </Trackpoint>
          <Trackpoint>
            <Time>2026-02-26T07:51:28.000Z</Time>
            <Position>
              <LatitudeDegrees>51.76371783949435</LatitudeDegrees>
              <LongitudeDegrees>-0.21795236505568027</LongitudeDegrees>
            </Position>
            <AltitudeMeters>83.0</AltitudeMeters>
            <DistanceMeters>263.2799987792969</DistanceMeters>
            <HeartRateBpm>
              <Value>124</Value>
            </HeartRateBpm>
            <Extensions>
              <ns3:TPX>
                <ns3:Speed>1.4459999799728394</ns3:Speed>
              </ns3:TPX>
            </Extensions>
          </Trackpoint>
          <Trackpoint>
            <Time>2026-02-26T07:51:42.000Z</Time>
            <Position>
              <LatitudeDegrees>51.763550117611885</LatitudeDegrees>
              <LongitudeDegrees>-0.21794716827571392</LongitudeDegrees>
            </Position>
            <AltitudeMeters>82.5999984741211</AltitudeMeters>
            <DistanceMeters>280.8699951171875</DistanceMeters>
            <HeartRateBpm>
              <Value>124</Value>
            </HeartRateBpm>
            <Extensions>
              <ns3:TPX>
                <ns3:Speed>1.409000039100647</ns3:Speed>
              </ns3:TPX>
            </Extensions>
          </Trackpoint>
          <Trackpoint>
            <Time>2026-02-26T07:51:53.000Z</Time>
            <Position>
              <LatitudeDegrees>51.76339262165129</LatitudeDegrees>
              <LongitudeDegrees>-0.21798178553581238</LongitudeDegrees>
            </Position>
            <AltitudeMeters>83.19999694824219</AltitudeMeters>
            <DistanceMeters>299.45001220703125</DistanceMeters>
            <HeartRateBpm>
              <Value>125</Value>
            </HeartRateBpm>
            <Extensions>
              <ns3:TPX>
                <ns3:Speed>1.465000033378601</ns3:Speed>
              </ns3:TPX>
            </Extensions>
          </Trackpoint>
          <Trackpoint>
            <Time>2026-02-26T07:51:58.000Z</Time>
            <Position>
              <LatitudeDegrees>51.76334358751774</LatitudeDegrees>
              <LongitudeDegrees>-0.21805713884532452</LongitudeDegrees>
            </Position>
            <AltitudeMeters>82.80000305175781</AltitudeMeters>
            <DistanceMeters>306.45001220703125</DistanceMeters>
            <HeartRateBpm>
              <Value>129</Value>
            </HeartRateBpm>
            <Extensions>
              <ns3:TPX>
                <ns3:Speed>1.465000033378601</ns3:Speed>
              </ns3:TPX>
            </Extensions>
          </Trackpoint>
          <Trackpoint>
            <Time>2026-02-26T07:52:02.000Z</Time>
            <Position>
              <LatitudeDegrees>51.76332330331206</LatitudeDegrees>
              <LongitudeDegrees>-0.2181365992873907</LongitudeDegrees>
            </Position>
            <AltitudeMeters>82.5999984741211</AltitudeMeters>
            <DistanceMeters>312.5799865722656</DistanceMeters>
            <HeartRateBpm>
              <Value>129</Value>
            </HeartRateBpm>
            <Extensions>
              <ns3:TPX>
                <ns3:Speed>1.465000033378601</ns3:Speed>
              </ns3:TPX>
            </Extensions>
          </Trackpoint>
          <Trackpoint>
            <Time>2026-02-26T07:52:09.000Z</Time>
            <Position>
              <LatitudeDegrees>51.76332598552108</LatitudeDegrees>
              <LongitudeDegrees>-0.21828068420290947</LongitudeDegrees>
            </Position>
            <AltitudeMeters>81.80000305175781</AltitudeMeters>
            <DistanceMeters>322.19000244140625</DistanceMeters>
            <HeartRateBpm>
              <Value>129</Value>
            </HeartRateBpm>
            <Extensions>
              <ns3:TPX>
                <ns3:Speed>1.465000033378601</ns3:Speed>
              </ns3:TPX>
            </Extensions>
          </Trackpoint>
          <Trackpoint>
            <Time>2026-02-26T07:52:10.000Z</Time>
            <Position>
              <LatitudeDegrees>51.763326320797205</LatitudeDegrees>
              <LongitudeDegrees>-0.21830448880791664</LongitudeDegrees>
            </Position>
            <AltitudeMeters>81.80000305175781</AltitudeMeters>
            <DistanceMeters>323.8699951171875</DistanceMeters>
            <HeartRateBpm>
              <Value>129</Value>
            </HeartRateBpm>
            <Extensions>
              <ns3:TPX>
                <ns3:Speed>1.465000033378601</ns3:Speed>
              </ns3:TPX>
            </Extensions>
          </Trackpoint>
          <Trackpoint>
            <Time>2026-02-26T07:52:19.000Z</Time>
            <Position>
              <LatitudeDegrees>51.76333537325263</LatitudeDegrees>
              <LongitudeDegrees>-0.21851018071174622</LongitudeDegrees>
            </Position>
            <AltitudeMeters>82.19999694824219</AltitudeMeters>
            <DistanceMeters>338.739990234375</DistanceMeters>
            <HeartRateBpm>
              <Value>127</Value>
            </HeartRateBpm>
            <Extensions>
              <ns3:TPX>
                <ns3:Speed>1.4839999675750732</ns3:Speed>
              </ns3:TPX>
            </Extensions>
          </Trackpoint>
          <Trackpoint>
            <Time>2026-02-26T07:52:28.000Z</Time>
            <Position>
              <LatitudeDegrees>51.763325398787856</LatitudeDegrees>
              <LongitudeDegrees>-0.21869600750505924</LongitudeDegrees>
            </Position>
            <AltitudeMeters>82.80000305175781</AltitudeMeters>
            <DistanceMeters>351.1300048828125</DistanceMeters>
            <HeartRateBpm>
              <Value>127</Value>
            </HeartRateBpm>
            <Extensions>
              <ns3:TPX>
                <ns3:Speed>1.4739999771118164</ns3:Speed>
              </ns3:TPX>
            </Extensions>
          </Trackpoint>
          <Trackpoint>
            <Time>2026-02-26T07:52:33.000Z</Time>
            <Position>
              <LatitudeDegrees>51.76332254894078</LatitudeDegrees>
              <LongitudeDegrees>-0.21881268359720707</LongitudeDegrees>
            </Position>
            <AltitudeMeters>82.80000305175781</AltitudeMeters>
            <DistanceMeters>359.7799987792969</DistanceMeters>
            <HeartRateBpm>
              <Value>126</Value>
            </HeartRateBpm>
            <Extensions>
              <ns3:TPX>
                <ns3:Speed>1.4839999675750732</ns3:Speed>
              </ns3:TPX>
            </Extensions>
          </Trackpoint>
          <Trackpoint>
            <Time>2026-02-26T07:52:37.000Z</Time>
            <Position>
              <LatitudeDegrees>51.76332330331206</LatitudeDegrees>
              <LongitudeDegrees>-0.21889256313443184</LongitudeDegrees>
            </Position>
            <AltitudeMeters>82.80000305175781</AltitudeMeters>
            <DistanceMeters>365.2300109863281</DistanceMeters>
            <HeartRateBpm>
              <Value>126</Value>
            </HeartRateBpm>
            <Extensions>
              <ns3:TPX>
                <ns3:Speed>1.4839999675750732</ns3:Speed>
              </ns3:TPX>
            </Extensions>
          </Trackpoint>
          <Trackpoint>
            <Time>2026-02-26T07:52:46.000Z</Time>
            <Position>
              <LatitudeDegrees>51.76332891918719</LatitudeDegrees>
              <LongitudeDegrees>-0.219065984711051</LongitudeDegrees>
            </Position>
            <AltitudeMeters>82.80000305175781</AltitudeMeters>
            <DistanceMeters>376.9599914550781</DistanceMeters>
            <HeartRateBpm>
              <Value>127</Value>
            </HeartRateBpm>
            <Extensions>
              <ns3:TPX>
                <ns3:Speed>1.4739999771118164</ns3:Speed>
              </ns3:TPX>
            </Extensions>
          </Trackpoint>
          <Trackpoint>
            <Time>2026-02-26T07:52:56.000Z</Time>
            <Position>
              <LatitudeDegrees>51.7633316013962</LatitudeDegrees>
              <LongitudeDegrees>-0.21928994916379452</LongitudeDegrees>
            </Position>
            <AltitudeMeters>82.80000305175781</AltitudeMeters>
            <DistanceMeters>392.6700134277344</DistanceMeters>
            <HeartRateBpm>
              <Value>127</Value>
            </HeartRateBpm>
            <Extensions>
              <ns3:TPX>
                <ns3:Speed>1.4739999771118164</ns3:Speed>
              </ns3:TPX>
            </Extensions>
          </Trackpoint>
          <Trackpoint>
            <Time>2026-02-26T07:52:59.000Z</Time>
            <Position>
              <LatitudeDegrees>51.763324392959476</LatitudeDegrees>
              <LongitudeDegrees>-0.21935884840786457</LongitudeDegrees>
            </Position>
            <AltitudeMeters>81.80000305175781</AltitudeMeters>
            <DistanceMeters>397.70001220703125</DistanceMeters>
            <HeartRateBpm>
              <Value>127</Value>
            </HeartRateBpm>
            <Extensions>
              <ns3:TPX>
                <ns3:Speed>1.4839999675750732</ns3:Speed>
              </ns3:TPX>
            </Extensions>
          </Trackpoint>
          <Trackpoint>
            <Time>2026-02-26T07:53:03.000Z</Time>
            <Position>
              <LatitudeDegrees>51.76331056281924</LatitudeDegrees>
              <LongitudeDegrees>-0.2194411586970091</LongitudeDegrees>
            </Position>
            <AltitudeMeters>82.0</AltitudeMeters>
            <DistanceMeters>403.8399963378906</DistanceMeters>
            <HeartRateBpm>
              <Value>122</Value>
            </HeartRateBpm>
            <Extensions>
              <ns3:TPX>
                <ns3:Speed>1.4930000305175781</ns3:Speed>
              </ns3:TPX>
            </Extensions>
          </Trackpoint>
          <Trackpoint>
            <Time>2026-02-26T07:53:05.000Z</Time>
            <Position>
              <LatitudeDegrees>51.76330704241991</LatitudeDegrees>
              <LongitudeDegrees>-0.2194821462035179</LongitudeDegrees>
            </Position>
            <AltitudeMeters>82.19999694824219</AltitudeMeters>
            <DistanceMeters>406.3399963378906</DistanceMeters>
            <HeartRateBpm>
              <Value>121</Value>
            </HeartRateBpm>
            <Extensions>
              <ns3:TPX>
                <ns3:Speed>1.4930000305175781</ns3:Speed>
              </ns3:TPX>
            </Extensions>
          </Trackpoint>
          <Trackpoint>
            <Time>2026-02-26T07:53:15.000Z</Time>
            <Position>
              <LatitudeDegrees>51.76329690031707</LatitudeDegrees>
              <LongitudeDegrees>-0.21967937238514423</LongitudeDegrees>
            </Position>
            <AltitudeMeters>82.19999694824219</AltitudeMeters>
            <DistanceMeters>419.760009765625</DistanceMeters>
            <HeartRateBpm>
              <Value>122</Value>
            </HeartRateBpm>
            <Extensions>
              <ns3:TPX>
                <ns3:Speed>1.4839999675750732</ns3:Speed>
              </ns3:TPX>
            </Extensions>
          </Trackpoint>
          <Trackpoint>
            <Time>2026-02-26T07:53:24.000Z</Time>
            <Position>
              <LatitudeDegrees>51.763256918638945</LatitudeDegrees>
              <LongitudeDegrees>-0.21985053084790707</LongitudeDegrees>
            </Position>
            <AltitudeMeters>82.0</AltitudeMeters>
            <DistanceMeters>432.8599853515625</DistanceMeters>
            <HeartRateBpm>
              <Value>122</Value>
            </HeartRateBpm>
            <Extensions>
              <ns3:TPX>
                <ns3:Speed>1.4839999675750732</ns3:Speed>
              </ns3:TPX>
            </Extensions>
          </Trackpoint>
          <Trackpoint>
            <Time>2026-02-26T07:53:32.000Z</Time>
            <Position>
              <LatitudeDegrees>51.76322355866432</LatitudeDegrees>
              <LongitudeDegrees>-0.22002948448061943</LongitudeDegrees>
            </Position>
            <AltitudeMeters>82.0</AltitudeMeters>
            <DistanceMeters>445.5</DistanceMeters>
            <HeartRateBpm>
              <Value>121</Value>
            </HeartRateBpm>
            <Extensions>
              <ns3:TPX>
                <ns3:Speed>1.4739999771118164</ns3:Speed>
              </ns3:TPX>
            </Extensions>
          </Trackpoint>
          <Trackpoint>
            <Time>2026-02-26T07:53:40.000Z</Time>
            <Position>
              <LatitudeDegrees>51.76318743266165</LatitudeDegrees>
              <LongitudeDegrees>-0.22016183473169804</LongitudeDegrees>
            </Position>
            <AltitudeMeters>81.5999984741211</AltitudeMeters>
            <DistanceMeters>455.6099853515625</DistanceMeters>
            <HeartRateBpm>
              <Value>122</Value>
            </HeartRateBpm>
            <Extensions>
              <ns3:TPX>
                <ns3:Speed>1.4739999771118164</ns3:Speed>
              </ns3:TPX>
            </Extensions>
          </Trackpoint>
          <Trackpoint>
            <Time>2026-02-26T07:53:49.000Z</Time>
            <Position>
              <LatitudeDegrees>51.763147953897715</LatitudeDegrees>
              <LongitudeDegrees>-0.22034271620213985</LongitudeDegrees>
            </Position>
            <AltitudeMeters>81.4000015258789</AltitudeMeters>
            <DistanceMeters>469.05999755859375</DistanceMeters>
            <HeartRateBpm>
              <Value>122</Value>
            </HeartRateBpm>
            <Extensions>
              <ns3:TPX>
                <ns3:Speed>1.465000033378601</ns3:Speed>
              </ns3:TPX>
            </Extensions>
          </Trackpoint>
          <Trackpoint>
            <Time>2026-02-26T07:54:00.000Z</Time>
            <Position>
              <LatitudeDegrees>51.76309447735548</LatitudeDegrees>
              <LongitudeDegrees>-0.22057204507291317</LongitudeDegrees>
            </Position>
            <AltitudeMeters>81.80000305175781</AltitudeMeters>
            <DistanceMeters>485.67999267578125</DistanceMeters>
            <HeartRateBpm>
              <Value>121</Value>
            </HeartRateBpm>
            <Extensions>
              <ns3:TPX>
                <ns3:Speed>1.4739999771118164</ns3:Speed>
              </ns3:TPX>
            </Extensions>
          </Trackpoint>
          <Trackpoint>
            <Time>2026-02-26T07:54:08.000Z</Time>
            <Position>
              <LatitudeDegrees>51.76309246569872</LatitudeDegrees>
              <LongitudeDegrees>-0.22073850966989994</LongitudeDegrees>
            </Position>
            <AltitudeMeters>81.5999984741211</AltitudeMeters>
            <DistanceMeters>497.8699951171875</DistanceMeters>
            <HeartRateBpm>
              <Value>120</Value>
            </HeartRateBpm>
            <Extensions>
              <ns3:TPX>
                <ns3:Speed>1.465000033378601</ns3:Speed>
              </ns3:TPX>
            </Extensions>
          </Trackpoint>
          <Trackpoint>
            <Time>2026-02-26T07:54:17.000Z</Time>
            <Position>
              <LatitudeDegrees>51.76313269883394</LatitudeDegrees>
              <LongitudeDegrees>-0.2209332212805748</LongitudeDegrees>
            </Position>
            <AltitudeMeters>82.0</AltitudeMeters>
            <DistanceMeters>512.2000122070312</DistanceMeters>
            <HeartRateBpm>
              <Value>120</Value>
            </HeartRateBpm>
            <Extensions>
              <ns3:TPX>
                <ns3:Speed>1.4839999675750732</ns3:Speed>
              </ns3:TPX>
            </Extensions>
          </Trackpoint>
          <Trackpoint>
            <Time>2026-02-26T07:54:19.000Z</Time>
            <Position>
              <LatitudeDegrees>51.76313613541424</LatitudeDegrees>
              <LongitudeDegrees>-0.22097554989159107</LongitudeDegrees>
            </Position>
            <AltitudeMeters>82.0</AltitudeMeters>
            <DistanceMeters>515.0700073242188</DistanceMeters>
            <HeartRateBpm>
              <Value>123</Value>
            </HeartRateBpm>
            <Extensions>
              <ns3:TPX>
                <ns3:Speed>1.4839999675750732</ns3:Speed>
              </ns3:TPX>
            </Extensions>
          </Trackpoint>
          <Trackpoint>
            <Time>2026-02-26T07:54:20.000Z</Time>
            <Position>
              <LatitudeDegrees>51.76313730888069</LatitudeDegrees>
              <LongitudeDegrees>-0.22099189460277557</LongitudeDegrees>
            </Position>
            <AltitudeMeters>81.80000305175781</AltitudeMeters>
            <DistanceMeters>516.2899780273438</DistanceMeters>
            <HeartRateBpm>
              <Value>126</Value>
            </HeartRateBpm>
            <Extensions>
              <ns3:TPX>
                <ns3:Speed>1.4839999675750732</ns3:Speed>
              </ns3:TPX>
            </Extensions>
          </Trackpoint>
          <Trackpoint>
            <Time>2026-02-26T07:54:23.000Z</Time>
            <Position>
              <LatitudeDegrees>51.76313856616616</LatitudeDegrees>
              <LongitudeDegrees>-0.22105291485786438</LongitudeDegrees>
            </Position>
            <AltitudeMeters>81.5999984741211</AltitudeMeters>
            <DistanceMeters>520.1900024414062</DistanceMeters>
            <HeartRateBpm>
              <Value>126</Value>
            </HeartRateBpm>
            <Extensions>
              <ns3:TPX>
                <ns3:Speed>1.4839999675750732</ns3:Speed>
              </ns3:TPX>
            </Extensions>
          </Trackpoint>
          <Trackpoint>
            <Time>2026-02-26T07:54:28.000Z</Time>
            <Position>
              <LatitudeDegrees>51.76313932053745</LatitudeDegrees>
              <LongitudeDegrees>-0.22115115076303482</LongitudeDegrees>
            </Position>
            <AltitudeMeters>80.80000305175781</AltitudeMeters>
            <DistanceMeters>526.8499755859375</DistanceMeters>
            <HeartRateBpm>
              <Value>127</Value>
            </HeartRateBpm>
            <Extensions>
              <ns3:TPX>
                <ns3:Speed>1.4739999771118164</ns3:Speed>
              </ns3:TPX>
            </Extensions>
          </Trackpoint>
          <Trackpoint>
            <Time>2026-02-26T07:54:31.000Z</Time>
            <Position>
              <LatitudeDegrees>51.76315197721124</LatitudeDegrees>
              <LongitudeDegrees>-0.2212213072925806</LongitudeDegrees>
            </Position>
            <AltitudeMeters>81.19999694824219</AltitudeMeters>
            <DistanceMeters>532.0399780273438</DistanceMeters>
            <HeartRateBpm>
              <Value>126</Value>
            </HeartRateBpm>
            <Extensions>
              <ns3:TPX>
                <ns3:Speed>1.4739999771118164</ns3:Speed>
              </ns3:TPX>
            </Extensions>
          </Trackpoint>
          <Trackpoint>
            <Time>2026-02-26T07:54:33.000Z</Time>
            <Position>
              <LatitudeDegrees>51.76315449178219</LatitudeDegrees>
              <LongitudeDegrees>-0.22126573137938976</LongitudeDegrees>
            </Position>
            <AltitudeMeters>82.0</AltitudeMeters>
            <DistanceMeters>535.280029296875</DistanceMeters>
            <HeartRateBpm>
              <Value>123</Value>
            </HeartRateBpm>
            <Extensions>
              <ns3:TPX>
                <ns3:Speed>1.4839999675750732</ns3:Speed>
              </ns3:TPX>
            </Extensions>
          </Trackpoint>
          <Trackpoint>
            <Time>2026-02-26T07:54:35.000Z</Time>
            <Position>
              <LatitudeDegrees>51.76315935328603</LatitudeDegrees>
              <LongitudeDegrees>-0.221305126324296</LongitudeDegrees>
            </Position>
            <AltitudeMeters>82.4000015258789</AltitudeMeters>
            <DistanceMeters>538.6099853515625</DistanceMeters>
            <HeartRateBpm>
              <Value>119</Value>
            </HeartRateBpm>
            <Extensions>
              <ns3:TPX>
                <ns3:Speed>1.4839999675750732</ns3:Speed>
              </ns3:TPX>
            </Extensions>
          </Trackpoint>
          <Trackpoint>
            <Time>2026-02-26T07:54:41.000Z</Time>
            <Position>
              <LatitudeDegrees>51.76315935328603</LatitudeDegrees>
              <LongitudeDegrees>-0.22142188623547554</LongitudeDegrees>
            </Position>
            <AltitudeMeters>82.5999984741211</AltitudeMeters>
            <DistanceMeters>546.1599731445312</DistanceMeters>
            <HeartRateBpm>
              <Value>117</Value>
            </HeartRateBpm>
            <Extensions>
              <ns3:TPX>
                <ns3:Speed>1.4839999675750732</ns3:Speed>
              </ns3:TPX>
            </Extensions>
          </Trackpoint>
          <Trackpoint>
            <Time>2026-02-26T07:54:48.000Z</Time>
            <Position>
              <LatitudeDegrees>51.76317368634045</LatitudeDegrees>
              <LongitudeDegrees>-0.22156932391226292</LongitudeDegrees>
            </Position>
            <AltitudeMeters>81.80000305175781</AltitudeMeters>
            <DistanceMeters>556.1300048828125</DistanceMeters>
            <HeartRateBpm>
              <Value>118</Value>
            </HeartRateBpm>
            <Extensions>
              <ns3:TPX>
                <ns3:Speed>1.465000033378601</ns3:Speed>
              </ns3:TPX>
            </Extensions>
          </Trackpoint>
          <Trackpoint>
            <Time>2026-02-26T07:54:56.000Z</Time>
            <Position>
              <LatitudeDegrees>51.76319430582225</LatitudeDegrees>
              <LongitudeDegrees>-0.2217429969459772</LongitudeDegrees>
            </Position>
            <AltitudeMeters>82.4000015258789</AltitudeMeters>
            <DistanceMeters>568.6400146484375</DistanceMeters>
            <HeartRateBpm>
              <Value>121</Value>
            </HeartRateBpm>
            <Extensions>
              <ns3:TPX>
                <ns3:Speed>1.465000033378601</ns3:Speed>
              </ns3:TPX>
            </Extensions>
          </Trackpoint>
          <Trackpoint>
            <Time>2026-02-26T07:54:57.000Z</Time>
            <Position>
              <LatitudeDegrees>51.76319455727935</LatitudeDegrees>
              <LongitudeDegrees>-0.22176923230290413</LongitudeDegrees>
            </Position>
            <AltitudeMeters>82.4000015258789</AltitudeMeters>
            <DistanceMeters>570.5800170898438</DistanceMeters>
            <HeartRateBpm>
              <Value>122</Value>
            </HeartRateBpm>
            <Extensions>
              <ns3:TPX>
                <ns3:Speed>1.4739999771118164</ns3:Speed>
              </ns3:TPX>
            </Extensions>
          </Trackpoint>
          <Trackpoint>
            <Time>2026-02-26T07:55:01.000Z</Time>
            <Position>
              <LatitudeDegrees>51.763196820393205</LatitudeDegrees>
              <LongitudeDegrees>-0.221847016364336</LongitudeDegrees>
            </Position>
            <AltitudeMeters>82.5999984741211</AltitudeMeters>
            <DistanceMeters>576.8900146484375</DistanceMeters>
            <HeartRateBpm>
              <Value>125</Value>
            </HeartRateBpm>
            <Extensions>
              <ns3:TPX>
                <ns3:Speed>1.4930000305175781</ns3:Speed>
              </ns3:TPX>
            </Extensions>
          </Trackpoint>
          <Trackpoint>
            <Time>2026-02-26T07:55:07.000Z</Time>
            <Position>
              <LatitudeDegrees>51.76320277154446</LatitudeDegrees>
              <LongitudeDegrees>-0.22195128723978996</LongitudeDegrees>
            </Position>
            <AltitudeMeters>82.5999984741211</AltitudeMeters>
            <DistanceMeters>582.7000122070312</DistanceMeters>
            <HeartRateBpm>
              <Value>126</Value>
            </HeartRateBpm>
            <Extensions>
              <ns3:TPX>
                <ns3:Speed>1.4559999704360962</ns3:Speed>
              </ns3:TPX>
            </Extensions>
          </Trackpoint>
          <Trackpoint>
            <Time>2026-02-26T07:55:15.000Z</Time>
            <Position>
              <LatitudeDegrees>51.763220289722085</LatitudeDegrees>
              <LongitudeDegrees>-0.2221071906387806</LongitudeDegrees>
            </Position>
            <AltitudeMeters>83.0</AltitudeMeters>
            <DistanceMeters>594.0499877929688</DistanceMeters>
            <HeartRateBpm>
              <Value>128</Value>
            </HeartRateBpm>
            <Extensions>
              <ns3:TPX>
                <ns3:Speed>1.465000033378601</ns3:Speed>
              </ns3:TPX>
            </Extensions>
          </Trackpoint>
          <Trackpoint>
            <Time>2026-02-26T07:55:17.000Z</Time>
            <Position>
              <LatitudeDegrees>51.76320687867701</LatitudeDegrees>
              <LongitudeDegrees>-0.22214792668819427</LongitudeDegrees>
            </Position>
            <AltitudeMeters>83.4000015258789</AltitudeMeters>
            <DistanceMeters>596.8200073242188</DistanceMeters>
            <HeartRateBpm>
              <Value>129</Value>
            </HeartRateBpm>
            <Extensions>
              <ns3:TPX>
                <ns3:Speed>1.4559999704360962</ns3:Speed>
              </ns3:TPX>
            </Extensions>
          </Trackpoint>
          <Trackpoint>
            <Time>2026-02-26T07:55:25.000Z</Time>
            <Position>
              <LatitudeDegrees>51.76316320896149</LatitudeDegrees>
              <LongitudeDegrees>-0.22230584174394608</LongitudeDegrees>
            </Position>
            <AltitudeMeters>83.5999984741211</AltitudeMeters>
            <DistanceMeters>608.8699951171875</DistanceMeters>
            <HeartRateBpm>
              <Value>129</Value>
            </HeartRateBpm>
            <Extensions>
              <ns3:TPX>
                <ns3:Speed>1.4559999704360962</ns3:Speed>
              </ns3:TPX>
            </Extensions>
          </Trackpoint>
          <Trackpoint>
            <Time>2026-02-26T07:55:32.000Z</Time>
            <Position>
              <LatitudeDegrees>51.76319497637451</LatitudeDegrees>
              <LongitudeDegrees>-0.22244892083108425</LongitudeDegrees>
            </Position>
            <AltitudeMeters>83.4000015258789</AltitudeMeters>
            <DistanceMeters>619.6300048828125</DistanceMeters>
            <HeartRateBpm>
              <Value>128</Value>
            </HeartRateBpm>
            <Extensions>
              <ns3:TPX>
                <ns3:Speed>1.4559999704360962</ns3:Speed>
              </ns3:TPX>
            </Extensions>
          </Trackpoint>
          <Trackpoint>
            <Time>2026-02-26T07:55:42.000Z</Time>
            <Position>
              <LatitudeDegrees>51.76320821978152</LatitudeDegrees>
              <LongitudeDegrees>-0.22268235683441162</LongitudeDegrees>
            </Position>
            <AltitudeMeters>82.80000305175781</AltitudeMeters>
            <DistanceMeters>635.719970703125</DistanceMeters>
            <HeartRateBpm>
              <Value>129</Value>
            </HeartRateBpm>
            <Extensions>
              <ns3:TPX>
                <ns3:Speed>1.465000033378601</ns3:Speed>
              </ns3:TPX>
            </Extensions>
          </Trackpoint>
          <Trackpoint>
            <Time>2026-02-26T07:55:50.000Z</Time>
            <Position>
              <LatitudeDegrees>51.76320629194379</LatitudeDegrees>
              <LongitudeDegrees>-0.22283968515694141</LongitudeDegrees>
            </Position>
            <AltitudeMeters>82.80000305175781</AltitudeMeters>
            <DistanceMeters>646.27001953125</DistanceMeters>
            <HeartRateBpm>
              <Value>130</Value>
            </HeartRateBpm>
            <Extensions>
              <ns3:TPX>
                <ns3:Speed>1.4739999771118164</ns3:Speed>
              </ns3:TPX>
            </Extensions>
          </Trackpoint>
          <Trackpoint>
            <Time>2026-02-26T07:55:58.000Z</Time>
            <Position>
              <LatitudeDegrees>51.763211488723755</LatitudeDegrees>
              <LongitudeDegrees>-0.22300162352621555</LongitudeDegrees>
            </Position>
            <AltitudeMeters>83.4000015258789</AltitudeMeters>
            <DistanceMeters>658.3900146484375</DistanceMeters>
            <HeartRateBpm>
              <Value>127</Value>
            </HeartRateBpm>
            <Extensions>
              <ns3:TPX>
                <ns3:Speed>1.465000033378601</ns3:Speed>
              </ns3:TPX>
            </Extensions>
          </Trackpoint>
          <Trackpoint>
            <Time>2026-02-26T07:55:59.000Z</Time>
            <Position>
              <LatitudeDegrees>51.76321132108569</LatitudeDegrees>
              <LongitudeDegrees>-0.22301780059933662</LongitudeDegrees>
            </Position>
            <AltitudeMeters>83.5999984741211</AltitudeMeters>
            <DistanceMeters>659.3599853515625</DistanceMeters>
            <HeartRateBpm>
              <Value>127</Value>
            </HeartRateBpm>
            <Extensions>
              <ns3:TPX>
                <ns3:Speed>1.465000033378601</ns3:Speed>
              </ns3:TPX>
            </Extensions>
          </Trackpoint>
          <Trackpoint>
            <Time>2026-02-26T07:56:07.000Z</Time>
            <Position>
              <LatitudeDegrees>51.76322833634913</LatitudeDegrees>
              <LongitudeDegrees>-0.22318418137729168</LongitudeDegrees>
            </Position>
            <AltitudeMeters>83.4000015258789</AltitudeMeters>
            <DistanceMeters>670.280029296875</DistanceMeters>
            <HeartRateBpm>
              <Value>126</Value>
            </HeartRateBpm>
            <Extensions>
              <ns3:TPX>
                <ns3:Speed>1.4559999704360962</ns3:Speed>
              </ns3:TPX>
            </Extensions>
          </Trackpoint>
          <Trackpoint>
            <Time>2026-02-26T07:56:08.000Z</Time>
            <Position>
              <LatitudeDegrees>51.76322833634913</LatitudeDegrees>
              <LongitudeDegrees>-0.22320354357361794</LongitudeDegrees>
            </Position>
            <AltitudeMeters>83.4000015258789</AltitudeMeters>
            <DistanceMeters>671.8099975585938</DistanceMeters>
            <HeartRateBpm>
              <Value>126</Value>
            </HeartRateBpm>
            <Extensions>
              <ns3:TPX>
                <ns3:Speed>1.4559999704360962</ns3:Speed>
              </ns3:TPX>
            </Extensions>
          </Trackpoint>
          <Trackpoint>
            <Time>2026-02-26T07:56:16.000Z</Time>
            <Position>
              <LatitudeDegrees>51.76323227584362</LatitudeDegrees>
              <LongitudeDegrees>-0.22337093017995358</LongitudeDegrees>
            </Position>
            <AltitudeMeters>82.80000305175781</AltitudeMeters>
            <DistanceMeters>683.6300048828125</DistanceMeters>
            <HeartRateBpm>
              <Value>127</Value>
            </HeartRateBpm>
            <Extensions>
              <ns3:TPX>
                <ns3:Speed>1.4459999799728394</ns3:Speed>
              </ns3:TPX>
            </Extensions>
          </Trackpoint>
          <Trackpoint>
            <Time>2026-02-26T07:56:26.000Z</Time>
            <Position>
              <LatitudeDegrees>51.763232024386525</LatitudeDegrees>
              <LongitudeDegrees>-0.22360612638294697</LongitudeDegrees>
            </Position>
            <AltitudeMeters>82.80000305175781</AltitudeMeters>
            <DistanceMeters>700.1300048828125</DistanceMeters>
            <HeartRateBpm>
              <Value>127</Value>
            </HeartRateBpm>
            <Extensions>
              <ns3:TPX>
                <ns3:Speed>1.465000033378601</ns3:Speed>
              </ns3:TPX>
            </Extensions>
          </Trackpoint>
          <Trackpoint>
            <Time>2026-02-26T07:56:35.000Z</Time>
            <Position>
              <LatitudeDegrees>51.763242753222585</LatitudeDegrees>
              <LongitudeDegrees>-0.2237674780189991</LongitudeDegrees>
            </Position>
            <AltitudeMeters>83.4000015258789</AltitudeMeters>
            <DistanceMeters>710.97998046875</DistanceMeters>
            <HeartRateBpm>
              <Value>128</Value>
            </HeartRateBpm>
            <Extensions>
              <ns3:TPX>
                <ns3:Speed>1.4559999704360962</ns3:Speed>
              </ns3:TPX>
            </Extensions>
          </Trackpoint>
          <Trackpoint>
            <Time>2026-02-26T07:56:45.000Z</Time>
            <Position>
              <LatitudeDegrees>51.7631849180907</LatitudeDegrees>
              <LongitudeDegrees>-0.22393000312149525</LongitudeDegrees>
            </Position>
            <AltitudeMeters>84.19999694824219</AltitudeMeters>
            <DistanceMeters>724.0700073242188</DistanceMeters>
            <HeartRateBpm>
              <Value>129</Value>
            </HeartRateBpm>
            <Extensions>
              <ns3:TPX>
                <ns3:Speed>1.4279999732971191</ns3:Speed>
              </ns3:TPX>
            </Extensions>
          </Trackpoint>
          <Trackpoint>
            <Time>2026-02-26T07:56:54.000Z</Time>
            <Position>
              <LatitudeDegrees>51.76306899636984</LatitudeDegrees>
              <LongitudeDegrees>-0.22401264868676662</LongitudeDegrees>
            </Position>
            <AltitudeMeters>83.5999984741211</AltitudeMeters>
            <DistanceMeters>737.8699951171875</DistanceMeters>
            <HeartRateBpm>
              <Value>129</Value>
            </HeartRateBpm>
            <Extensions>
              <ns3:TPX>
                <ns3:Speed>1.437000036239624</ns3:Speed>
              </ns3:TPX>
            </Extensions>
          </Trackpoint>
          <Trackpoint>
            <Time>2026-02-26T07:57:03.000Z</Time>
            <Position>
              <LatitudeDegrees>51.762971095740795</LatitudeDegrees>
              <LongitudeDegrees>-0.224105603992939</LongitudeDegrees>
            </Position>
            <AltitudeMeters>83.80000305175781</AltitudeMeters>
            <DistanceMeters>750.8300170898438</DistanceMeters>
            <HeartRateBpm>
              <Value>128</Value>
            </HeartRateBpm>
            <Extensions>
              <ns3:TPX>
                <ns3:Speed>1.4459999799728394</ns3:Speed>
              </ns3:TPX>
            </Extensions>
          </Trackpoint>
          <Trackpoint>
            <Time>2026-02-26T07:57:10.000Z</Time>
            <Position>
              <LatitudeDegrees>51.762909069657326</LatitudeDegrees>
              <LongitudeDegrees>-0.22416695952415466</LongitudeDegrees>
            </Position>
            <AltitudeMeters>84.4000015258789</AltitudeMeters>
            <DistanceMeters>758.0</DistanceMeters>
            <HeartRateBpm>
              <Value>129</Value>
            </HeartRateBpm>
            <Extensions>
              <ns3:TPX>
                <ns3:Speed>1.4179999828338623</ns3:Speed>
              </ns3:TPX>
            </Extensions>
          </Trackpoint>
          <Trackpoint>
            <Time>2026-02-26T07:57:13.000Z</Time>
            <Position>
              <LatitudeDegrees>51.76286322064698</LatitudeDegrees>
              <LongitudeDegrees>-0.22417760454118252</LongitudeDegrees>
            </Position>
            <AltitudeMeters>84.4000015258789</AltitudeMeters>
            <DistanceMeters>762.7899780273438</DistanceMeters>
            <HeartRateBpm>
              <Value>129</Value>
            </HeartRateBpm>
            <Extensions>
              <ns3:TPX>
                <ns3:Speed>1.409000039100647</ns3:Speed>
              </ns3:TPX>
            </Extensions>
          </Trackpoint>
          <Trackpoint>
            <Time>2026-02-26T07:57:25.000Z</Time>
            <Position>
              <LatitudeDegrees>51.76271083764732</LatitudeDegrees>
              <LongitudeDegrees>-0.2242303267121315</LongitudeDegrees>
            </Position>
            <AltitudeMeters>84.0</AltitudeMeters>
            <DistanceMeters>780.6400146484375</DistanceMeters>
            <HeartRateBpm>
              <Value>130</Value>
            </HeartRateBpm>
            <Extensions>
              <ns3:TPX>
                <ns3:Speed>1.4179999828338623</ns3:Speed>
              </ns3:TPX>
            </Extensions>
          </Trackpoint>
          <Trackpoint>
            <Time>2026-02-26T07:57:33.000Z</Time>
            <Position>
              <LatitudeDegrees>51.762628611177206</LatitudeDegrees>
              <LongitudeDegrees>-0.22435764782130718</LongitudeDegrees>
            </Position>
            <AltitudeMeters>83.4000015258789</AltitudeMeters>
            <DistanceMeters>794.02001953125</DistanceMeters>
            <HeartRateBpm>
              <Value>130</Value>
            </HeartRateBpm>
            <Extensions>
              <ns3:TPX>
                <ns3:Speed>1.4179999828338623</ns3:Speed>
              </ns3:TPX>
            </Extensions>
          </Trackpoint>
          <Trackpoint>
            <Time>2026-02-26T07:57:39.000Z</Time>
            <Position>
              <LatitudeDegrees>51.762567423284054</LatitudeDegrees>
              <LongitudeDegrees>-0.22447030059993267</LongitudeDegrees>
            </Position>
            <AltitudeMeters>83.0</AltitudeMeters>
            <DistanceMeters>803.969970703125</DistanceMeters>
            <HeartRateBpm>
              <Value>127</Value>
            </HeartRateBpm>
            <Extensions>
              <ns3:TPX>
                <ns3:Speed>1.4459999799728394</ns3:Speed>
              </ns3:TPX>
            </Extensions>
          </Trackpoint>
          <Trackpoint>
            <Time>2026-02-26T07:57:40.000Z</Time>
            <Position>
              <LatitudeDegrees>51.76255594007671</LatitudeDegrees>
              <LongitudeDegrees>-0.2244905848056078</LongitudeDegrees>
            </Position>
            <AltitudeMeters>83.0</AltitudeMeters>
            <DistanceMeters>806.02001953125</DistanceMeters>
            <HeartRateBpm>
              <Value>124</Value>
            </HeartRateBpm>
            <Extensions>
              <ns3:TPX>
                <ns3:Speed>1.4559999704360962</ns3:Speed>
              </ns3:TPX>
            </Extensions>
          </Trackpoint>
          <Trackpoint>
            <Time>2026-02-26T07:57:42.000Z</Time>
            <Position>
              <LatitudeDegrees>51.762539092451334</LatitudeDegrees>
              <LongitudeDegrees>-0.22452352568507195</LongitudeDegrees>
            </Position>
            <AltitudeMeters>83.0</AltitudeMeters>
            <DistanceMeters>809.0399780273438</DistanceMeters>
            <HeartRateBpm>
              <Value>122</Value>
            </HeartRateBpm>
            <Extensions>
              <ns3:TPX>
                <ns3:Speed>1.465000033378601</ns3:Speed>
              </ns3:TPX>
            </Extensions>
          </Trackpoint>
          <Trackpoint>
            <Time>2026-02-26T07:57:51.000Z</Time>
            <Position>
              <LatitudeDegrees>51.762473126873374</LatitudeDegrees>
              <LongitudeDegrees>-0.22464824840426445</LongitudeDegrees>
            </Position>
            <AltitudeMeters>83.0</AltitudeMeters>
            <DistanceMeters>820.3400268554688</DistanceMeters>
            <HeartRateBpm>
              <Value>121</Value>
            </HeartRateBpm>
            <Extensions>
              <ns3:TPX>
                <ns3:Speed>1.4559999704360962</ns3:Speed>
              </ns3:TPX>
            </Extensions>
          </Trackpoint>
          <Trackpoint>
            <Time>2026-02-26T07:58:01.000Z</Time>
            <Position>
              <LatitudeDegrees>51.76241026259959</LatitudeDegrees>
              <LongitudeDegrees>-0.2248189877718687</LongitudeDegrees>
            </Position>
            <AltitudeMeters>83.4000015258789</AltitudeMeters>
            <DistanceMeters>834.4000244140625</DistanceMeters>
            <HeartRateBpm>
              <Value>120</Value>
            </HeartRateBpm>
            <Extensions>
              <ns3:TPX>
                <ns3:Speed>1.4459999799728394</ns3:Speed>
              </ns3:TPX>
            </Extensions>
          </Trackpoint>
          <Trackpoint>
            <Time>2026-02-26T07:58:10.000Z</Time>
            <Position>
              <LatitudeDegrees>51.76235024817288</LatitudeDegrees>
              <LongitudeDegrees>-0.22498712874948978</LongitudeDegrees>
            </Position>
            <AltitudeMeters>83.4000015258789</AltitudeMeters>
            <DistanceMeters>847.6500244140625</DistanceMeters>
            <HeartRateBpm>
              <Value>120</Value>
            </HeartRateBpm>
            <Extensions>
              <ns3:TPX>
                <ns3:Speed>1.4459999799728394</ns3:Speed>
              </ns3:TPX>
            </Extensions>
          </Trackpoint>
          <Trackpoint>
            <Time>2026-02-26T07:58:20.000Z</Time>
            <Position>
              <LatitudeDegrees>51.76227145828307</LatitudeDegrees>
              <LongitudeDegrees>-0.2251881267875433</LongitudeDegrees>
            </Position>
            <AltitudeMeters>83.5999984741211</AltitudeMeters>
            <DistanceMeters>864.1300048828125</DistanceMeters>
            <HeartRateBpm>
              <Value>119</Value>
            </HeartRateBpm>
            <Extensions>
              <ns3:TPX>
                <ns3:Speed>1.4459999799728394</ns3:Speed>
              </ns3:TPX>
            </Extensions>
          </Trackpoint>
          <Trackpoint>
            <Time>2026-02-26T07:58:26.000Z</Time>
            <Position>
              <LatitudeDegrees>51.762220999225974</LatitudeDegrees>
              <LongitudeDegrees>-0.22527990862727165</LongitudeDegrees>
            </Position>
            <AltitudeMeters>83.80000305175781</AltitudeMeters>
            <DistanceMeters>872.5399780273438</DistanceMeters>
            <HeartRateBpm>
              <Value>116</Value>
            </HeartRateBpm>
            <Extensions>
              <ns3:TPX>
                <ns3:Speed>1.4559999704360962</ns3:Speed>
              </ns3:TPX>
            </Extensions>
          </Trackpoint>
          <Trackpoint>
            <Time>2026-02-26T07:58:29.000Z</Time>
            <Position>
              <LatitudeDegrees>51.76221094094217</LatitudeDegrees>
              <LongitudeDegrees>-0.22534579038619995</LongitudeDegrees>
            </Position>
            <AltitudeMeters>83.5999984741211</AltitudeMeters>
            <DistanceMeters>877.739990234375</DistanceMeters>
            <HeartRateBpm>
              <Value>115</Value>
            </HeartRateBpm>
            <Extensions>
              <ns3:TPX>
                <ns3:Speed>1.465000033378601</ns3:Speed>
              </ns3:TPX>
            </Extensions>
          </Trackpoint>
          <Trackpoint>
            <Time>2026-02-26T07:58:32.000Z</Time>
            <Position>
              <LatitudeDegrees>51.76223063841462</LatitudeDegrees>
              <LongitudeDegrees>-0.22538946010172367</LongitudeDegrees>
            </Position>
            <AltitudeMeters>83.0</AltitudeMeters>
            <DistanceMeters>881.2100219726562</DistanceMeters>
            <HeartRateBpm>
              <Value>117</Value>
            </HeartRateBpm>
            <Extensions>
              <ns3:TPX>
                <ns3:Speed>1.465000033378601</ns3:Speed>
              </ns3:TPX>
            </Extensions>
          </Trackpoint>
          <Trackpoint>
            <Time>2026-02-26T07:58:34.000Z</Time>
            <Position>
              <LatitudeDegrees>51.76223063841462</LatitudeDegrees>
              <LongitudeDegrees>-0.2253918070346117</LongitudeDegrees>
            </Position>
            <AltitudeMeters>83.0</AltitudeMeters>
            <DistanceMeters>881.8800048828125</DistanceMeters>
            <HeartRateBpm>
              <Value>118</Value>
            </HeartRateBpm>
            <Extensions>
              <ns3:TPX>
                <ns3:Speed>1.465000033378601</ns3:Speed>
              </ns3:TPX>
            </Extensions>
          </Trackpoint>
          <Trackpoint>
            <Time>2026-02-26T07:58:36.000Z</Time>
            <Position>
              <LatitudeDegrees>51.76222468726337</LatitudeDegrees>
              <LongitudeDegrees>-0.2254000212997198</LongitudeDegrees>
            </Position>
            <AltitudeMeters>83.0</AltitudeMeters>
            <DistanceMeters>882.2000122070312</DistanceMeters>
            <HeartRateBpm>
              <Value>118</Value>
            </HeartRateBpm>
            <Extensions>
              <ns3:TPX>
                <ns3:Speed>1.409000039100647</ns3:Speed>
              </ns3:TPX>
            </Extensions>
          </Trackpoint>
          <Trackpoint>
            <Time>2026-02-26T07:58:41.000Z</Time>
            <Position>
              <LatitudeDegrees>51.762227453291416</LatitudeDegrees>
              <LongitudeDegrees>-0.22540354169905186</LongitudeDegrees>
            </Position>
            <AltitudeMeters>82.80000305175781</AltitudeMeters>
            <DistanceMeters>882.969970703125</DistanceMeters>
            <HeartRateBpm>
              <Value>118</Value>
            </HeartRateBpm>
            <Extensions>
              <ns3:TPX>
                <ns3:Speed>0.0</ns3:Speed>
              </ns3:TPX>
            </Extensions>
          </Trackpoint>
          <Trackpoint>
            <Time>2026-02-26T07:58:44.000Z</Time>
            <Position>
              <LatitudeDegrees>51.762228794395924</LatitudeDegrees>
              <LongitudeDegrees>-0.2254070620983839</LongitudeDegrees>
            </Position>
            <AltitudeMeters>82.80000305175781</AltitudeMeters>
            <DistanceMeters>883.0999755859375</DistanceMeters>
            <HeartRateBpm>
              <Value>122</Value>
            </HeartRateBpm>
            <Extensions>
              <ns3:TPX>
                <ns3:Speed>0.0</ns3:Speed>
              </ns3:TPX>
            </Extensions>
          </Trackpoint>
          <Trackpoint>
            <Time>2026-02-26T07:58:49.000Z</Time>
            <Position>
              <LatitudeDegrees>51.76225192844868</LatitudeDegrees>
              <LongitudeDegrees>-0.2254402544349432</LongitudeDegrees>
            </Position>
            <AltitudeMeters>82.5999984741211</AltitudeMeters>
            <DistanceMeters>886.510009765625</DistanceMeters>
            <HeartRateBpm>
              <Value>119</Value>
            </HeartRateBpm>
            <Extensions>
              <ns3:TPX>
                <ns3:Speed>0.0</ns3:Speed>
              </ns3:TPX>
            </Extensions>
          </Trackpoint>
          <Trackpoint>
            <Time>2026-02-26T07:58:50.000Z</Time>
            <Position>
              <LatitudeDegrees>51.76226517185569</LatitudeDegrees>
              <LongitudeDegrees>-0.2254539169371128</LongitudeDegrees>
            </Position>
            <AltitudeMeters>82.4000015258789</AltitudeMeters>
            <DistanceMeters>888.1099853515625</DistanceMeters>
            <HeartRateBpm>
              <Value>119</Value>
            </HeartRateBpm>
            <Extensions>
              <ns3:TPX>
                <ns3:Speed>1.5019999742507935</ns3:Speed>
              </ns3:TPX>
            </Extensions>
          </Trackpoint>
          <Trackpoint>
            <Time>2026-02-26T07:58:51.000Z</Time>
            <Position>
              <LatitudeDegrees>51.762278666719794</LatitudeDegrees>
              <LongitudeDegrees>-0.22546464577317238</LongitudeDegrees>
            </Position>
            <AltitudeMeters>82.4000015258789</AltitudeMeters>
            <DistanceMeters>889.8400268554688</DistanceMeters>
            <HeartRateBpm>
              <Value>118</Value>
            </HeartRateBpm>
            <Extensions>
              <ns3:TPX>
                <ns3:Speed>1.5859999656677246</ns3:Speed>
              </ns3:TPX>
            </Extensions>
          </Trackpoint>
          <Trackpoint>
            <Time>2026-02-26T07:58:58.000Z</Time>
            <Position>
              <LatitudeDegrees>51.76233608275652</LatitudeDegrees>
              <LongitudeDegrees>-0.2255590260028839</LongitudeDegrees>
            </Position>
            <AltitudeMeters>82.19999694824219</AltitudeMeters>
            <DistanceMeters>899.6400146484375</DistanceMeters>
            <HeartRateBpm>
              <Value>118</Value>
            </HeartRateBpm>
            <Extensions>
              <ns3:TPX>
                <ns3:Speed>1.4839999675750732</ns3:Speed>
              </ns3:TPX>
            </Extensions>
          </Trackpoint>
          <Trackpoint>
            <Time>2026-02-26T07:59:04.000Z</Time>
            <Position>
              <LatitudeDegrees>51.762307500466704</LatitudeDegrees>
              <LongitudeDegrees>-0.2256646379828453</LongitudeDegrees>
            </Position>
            <AltitudeMeters>82.5999984741211</AltitudeMeters>
            <DistanceMeters>907.6199951171875</DistanceMeters>
            <HeartRateBpm>
              <Value>115</Value>
            </HeartRateBpm>
            <Extensions>
              <ns3:TPX>
                <ns3:Speed>1.4279999732971191</ns3:Speed>
              </ns3:TPX>
            </Extensions>
          </Trackpoint>
          <Trackpoint>
            <Time>2026-02-26T07:59:12.000Z</Time>
            <Position>
              <LatitudeDegrees>51.76226927898824</LatitudeDegrees>
              <LongitudeDegrees>-0.225825235247612</LongitudeDegrees>
            </Position>
            <AltitudeMeters>82.4000015258789</AltitudeMeters>
            <DistanceMeters>920.010009765625</DistanceMeters>
            <HeartRateBpm>
              <Value>115</Value>
            </HeartRateBpm>
            <Extensions>
              <ns3:TPX>
                <ns3:Speed>1.4459999799728394</ns3:Speed>
              </ns3:TPX>
            </Extensions>
          </Trackpoint>
          <Trackpoint>
            <Time>2026-02-26T07:59:17.000Z</Time>
            <Position>
              <LatitudeDegrees>51.762245977297425</LatitudeDegrees>
              <LongitudeDegrees>-0.2259155921638012</LongitudeDegrees>
            </Position>
            <AltitudeMeters>82.4000015258789</AltitudeMeters>
            <DistanceMeters>927.0399780273438</DistanceMeters>
            <HeartRateBpm>
              <Value>118</Value>
            </HeartRateBpm>
            <Extensions>
              <ns3:TPX>
                <ns3:Speed>1.465000033378601</ns3:Speed>
              </ns3:TPX>
            </Extensions>
          </Trackpoint>
          <Trackpoint>
            <Time>2026-02-26T07:59:20.000Z</Time>
            <Position>
              <LatitudeDegrees>51.762226447463036</LatitudeDegrees>
              <LongitudeDegrees>-0.2259722538292408</LongitudeDegrees>
            </Position>
            <AltitudeMeters>82.5999984741211</AltitudeMeters>
            <DistanceMeters>931.4099731445312</DistanceMeters>
            <HeartRateBpm>
              <Value>121</Value>
            </HeartRateBpm>
            <Extensions>
              <ns3:TPX>
                <ns3:Speed>1.4559999704360962</ns3:Speed>
              </ns3:TPX>
            </Extensions>
          </Trackpoint>
          <Trackpoint>
            <Time>2026-02-26T07:59:21.000Z</Time>
            <Position>
              <LatitudeDegrees>51.76222032867372</LatitudeDegrees>
              <LongitudeDegrees>-0.22598742507398129</LongitudeDegrees>
            </Position>
            <AltitudeMeters>82.5999984741211</AltitudeMeters>
            <DistanceMeters>932.760009765625</DistanceMeters>
            <HeartRateBpm>
              <Value>122</Value>
            </HeartRateBpm>
            <Extensions>
              <ns3:TPX>
                <ns3:Speed>1.4559999704360962</ns3:Speed>
              </ns3:TPX>
            </Extensions>
          </Trackpoint>
          <Trackpoint>
            <Time>2026-02-26T07:59:26.000Z</Time>
            <Position>
              <LatitudeDegrees>51.762202559039</LatitudeDegrees>
              <LongitudeDegrees>-0.22606898099184036</LongitudeDegrees>
            </Position>
            <AltitudeMeters>83.5999984741211</AltitudeMeters>
            <DistanceMeters>937.9500122070312</DistanceMeters>
            <HeartRateBpm>
              <Value>123</Value>
            </HeartRateBpm>
            <Extensions>
              <ns3:TPX>
                <ns3:Speed>1.399999976158142</ns3:Speed>
              </ns3:TPX>
            </Extensions>
          </Trackpoint>
          <Trackpoint>
            <Time>2026-02-26T07:59:29.000Z</Time>
            <Position>
              <LatitudeDegrees>51.762191662564874</LatitudeDegrees>
              <LongitudeDegrees>-0.22612027823925018</LongitudeDegrees>
            </Position>
            <AltitudeMeters>84.5999984741211</AltitudeMeters>
            <DistanceMeters>941.739990234375</DistanceMeters>
            <HeartRateBpm>
              <Value>123</Value>
            </HeartRateBpm>
            <Extensions>
              <ns3:TPX>
                <ns3:Speed>1.371999979019165</ns3:Speed>
              </ns3:TPX>
            </Extensions>
          </Trackpoint>
          <Trackpoint>
            <Time>2026-02-26T07:59:35.000Z</Time>
            <Position>
              <LatitudeDegrees>51.76218520849943</LatitudeDegrees>
              <LongitudeDegrees>-0.22623435594141483</LongitudeDegrees>
            </Position>
            <AltitudeMeters>83.4000015258789</AltitudeMeters>
            <DistanceMeters>949.77001953125</DistanceMeters>
            <HeartRateBpm>
              <Value>122</Value>
            </HeartRateBpm>
            <Extensions>
              <ns3:TPX>
                <ns3:Speed>1.3619999885559082</ns3:Speed>
              </ns3:TPX>
            </Extensions>
          </Trackpoint>
          <Trackpoint>
            <Time>2026-02-26T07:59:38.000Z</Time>
            <Position>
              <LatitudeDegrees>51.76218177191913</LatitudeDegrees>
              <LongitudeDegrees>-0.22630996070802212</LongitudeDegrees>
            </Position>
            <AltitudeMeters>83.0</AltitudeMeters>
            <DistanceMeters>955.22998046875</DistanceMeters>
            <HeartRateBpm>
              <Value>122</Value>
            </HeartRateBpm>
            <Extensions>
              <ns3:TPX>
                <ns3:Speed>1.3619999885559082</ns3:Speed>
              </ns3:TPX>
            </Extensions>
          </Trackpoint>
          <Trackpoint>
            <Time>2026-02-26T07:59:44.000Z</Time>
            <Position>
              <LatitudeDegrees>51.76216316409409</LatitudeDegrees>
              <LongitudeDegrees>-0.22644021548330784</LongitudeDegrees>
            </Position>
            <AltitudeMeters>83.19999694824219</AltitudeMeters>
            <DistanceMeters>964.9500122070312</DistanceMeters>
            <HeartRateBpm>
              <Value>125</Value>
            </HeartRateBpm>
            <Extensions>
              <ns3:TPX>
                <ns3:Speed>1.3899999856948853</ns3:Speed>
              </ns3:TPX>
            </Extensions>
          </Trackpoint>
          <Trackpoint>
            <Time>2026-02-26T07:59:47.000Z</Time>
            <Position>
              <LatitudeDegrees>51.762148747220635</LatitudeDegrees>
              <LongitudeDegrees>-0.226496122777462</LongitudeDegrees>
            </Position>
            <AltitudeMeters>83.80000305175781</AltitudeMeters>
            <DistanceMeters>968.969970703125</DistanceMeters>
            <HeartRateBpm>
              <Value>126</Value>
            </HeartRateBpm>
            <Extensions>
              <ns3:TPX>
                <ns3:Speed>1.399999976158142</ns3:Speed>
              </ns3:TPX>
            </Extensions>
          </Trackpoint>
          <Trackpoint>
            <Time>2026-02-26T07:59:48.000Z</Time>
            <Position>
              <LatitudeDegrees>51.762143382802606</LatitudeDegrees>
              <LongitudeDegrees>-0.22651447914540768</LongitudeDegrees>
            </Position>
            <AltitudeMeters>84.4000015258789</AltitudeMeters>
            <DistanceMeters>970.27001953125</DistanceMeters>
            <HeartRateBpm>
              <Value>126</Value>
            </HeartRateBpm>
            <Extensions>
              <ns3:TPX>
                <ns3:Speed>1.399999976158142</ns3:Speed>
              </ns3:TPX>
            </Extensions>
          </Trackpoint>
          <Trackpoint>
            <Time>2026-02-26T07:59:58.000Z</Time>
            <Position>
              <LatitudeDegrees>51.762126786634326</LatitudeDegrees>
              <LongitudeDegrees>-0.22671598009765148</LongitudeDegrees>
            </Position>
            <AltitudeMeters>84.80000305175781</AltitudeMeters>
            <DistanceMeters>983.77001953125</DistanceMeters>
            <HeartRateBpm>
              <Value>127</Value>
            </HeartRateBpm>
            <Extensions>
              <ns3:TPX>
                <ns3:Speed>1.399999976158142</ns3:Speed>
              </ns3:TPX>
            </Extensions>
          </Trackpoint>
          <Trackpoint>
            <Time>2026-02-26T08:00:06.000Z</Time>
            <Position>
              <LatitudeDegrees>51.76214614883065</LatitudeDegrees>
              <LongitudeDegrees>-0.22688521072268486</LongitudeDegrees>
            </Position>
            <AltitudeMeters>84.4000015258789</AltitudeMeters>
            <DistanceMeters>996.2100219726562</DistanceMeters>
            <HeartRateBpm>
              <Value>124</Value>
            </HeartRateBpm>
            <Extensions>
              <ns3:TPX>
                <ns3:Speed>1.409000039100647</ns3:Speed>
              </ns3:TPX>
            </Extensions>
          </Trackpoint>
          <Trackpoint>
            <Time>2026-02-26T08:00:08.000Z</Time>
            <Position>
              <LatitudeDegrees>51.76215201616287</LatitudeDegrees>
              <LongitudeDegrees>-0.22693357430398464</LongitudeDegrees>
            </Position>
            <AltitudeMeters>83.19999694824219</AltitudeMeters>
            <DistanceMeters>999.5900268554688</DistanceMeters>
            <HeartRateBpm>
              <Value>124</Value>
            </HeartRateBpm>
            <Extensions>
              <ns3:TPX>
                <ns3:Speed>1.4179999828338623</ns3:Speed>
              </ns3:TPX>
            </Extensions>
          </Trackpoint>
          <Trackpoint>
            <Time>2026-02-26T08:00:10.000Z</Time>
            <Position>
              <LatitudeDegrees>51.762155033648014</LatitudeDegrees>
              <LongitudeDegrees>-0.22697221487760544</LongitudeDegrees>
            </Position>
            <AltitudeMeters>82.4000015258789</AltitudeMeters>
            <DistanceMeters>1002.75</DistanceMeters>
            <HeartRateBpm>
              <Value>125</Value>
            </HeartRateBpm>
            <Extensions>
              <ns3:TPX>
                <ns3:Speed>1.4179999828338623</ns3:Speed>
              </ns3:TPX>
            </Extensions>
          </Trackpoint>
        </Track>
        <Extensions>
          <ns3:LX>
            <ns3:AvgSpeed>1.3880000114440918</ns3:AvgSpeed>
            <ns3:AvgRunCadence>55</ns3:AvgRunCadence>
            <ns3:MaxRunCadence>60</ns3:MaxRunCadence>
          </ns3:LX>
        </Extensions>
      </Lap>
      <Lap StartTime="2026-02-26T08:00:10.000Z">
        <TotalTimeSeconds>688.135</TotalTimeSeconds>
        <DistanceMeters>1000.0</DistanceMeters>
        <MaximumSpeed>1.5399999618530273</MaximumSpeed>
        <Calories>59</Calories>
        <AverageHeartRateBpm>
          <Value>122</Value>
        </AverageHeartRateBpm>
        <MaximumHeartRateBpm>
          <Value>136</Value>
        </MaximumHeartRateBpm>
        <Intensity>Active</Intensity>
        <TriggerMethod>Manual</TriggerMethod>
        <Track>
          <Trackpoint>
            <Time>2026-02-26T08:00:10.000Z</Time>
            <Position>
              <LatitudeDegrees>51.762155033648014</LatitudeDegrees>
              <LongitudeDegrees>-0.22697221487760544</LongitudeDegrees>
            </Position>
            <AltitudeMeters>82.4000015258789</AltitudeMeters>
            <DistanceMeters>1002.75</DistanceMeters>
            <HeartRateBpm>
              <Value>125</Value>
            </HeartRateBpm>
            <Extensions>
              <ns3:TPX>
                <ns3:Speed>1.4179999828338623</ns3:Speed>
              </ns3:TPX>
            </Extensions>
          </Trackpoint>
          <Trackpoint>
            <Time>2026-02-26T08:00:11.000Z</Time>
            <Position>
              <LatitudeDegrees>51.762158973142505</LatitudeDegrees>
              <LongitudeDegrees>-0.2269992046058178</LongitudeDegrees>
            </Position>
            <AltitudeMeters>82.19999694824219</AltitudeMeters>
            <DistanceMeters>1004.6599731445312</DistanceMeters>
            <HeartRateBpm>
              <Value>124</Value>
            </HeartRateBpm>
            <Extensions>
              <ns3:TPX>
                <ns3:Speed>1.4279999732971191</ns3:Speed>
              </ns3:TPX>
            </Extensions>
          </Trackpoint>
          <Trackpoint>
            <Time>2026-02-26T08:00:15.000Z</Time>
            <Position>
              <LatitudeDegrees>51.76215386018157</LatitudeDegrees>
              <LongitudeDegrees>-0.2270781621336937</LongitudeDegrees>
            </Position>
            <AltitudeMeters>82.19999694824219</AltitudeMeters>
            <DistanceMeters>1009.780029296875</DistanceMeters>
            <HeartRateBpm>
              <Value>124</Value>
            </HeartRateBpm>
            <Extensions>
              <ns3:TPX>
                <ns3:Speed>1.4279999732971191</ns3:Speed>
              </ns3:TPX>
            </Extensions>
          </Trackpoint>
          <Trackpoint>
            <Time>2026-02-26T08:00:16.000Z</Time>
            <Position>
              <LatitudeDegrees>51.76215092651546</LatitudeDegrees>
              <LongitudeDegrees>-0.22709735669195652</LongitudeDegrees>
            </Position>
            <AltitudeMeters>82.19999694824219</AltitudeMeters>
            <DistanceMeters>1011.02001953125</DistanceMeters>
            <HeartRateBpm>
              <Value>127</Value>
            </HeartRateBpm>
            <Extensions>
              <ns3:TPX>
                <ns3:Speed>1.4279999732971191</ns3:Speed>
              </ns3:TPX>
            </Extensions>
          </Trackpoint>
          <Trackpoint>
            <Time>2026-02-26T08:00:23.000Z</Time>
            <Position>
              <LatitudeDegrees>51.762135084718466</LatitudeDegrees>
              <LongitudeDegrees>-0.22726088762283325</LongitudeDegrees>
            </Position>
            <AltitudeMeters>82.80000305175781</AltitudeMeters>
            <DistanceMeters>1021.7100219726562</DistanceMeters>
            <HeartRateBpm>
              <Value>130</Value>
            </HeartRateBpm>
            <Extensions>
              <ns3:TPX>
                <ns3:Speed>1.437000036239624</ns3:Speed>
              </ns3:TPX>
            </Extensions>
          </Trackpoint>
          <Trackpoint>
            <Time>2026-02-26T08:00:28.000Z</Time>
            <Position>
              <LatitudeDegrees>51.7621246073395</LatitudeDegrees>
              <LongitudeDegrees>-0.22734847851097584</LongitudeDegrees>
            </Position>
            <AltitudeMeters>83.19999694824219</AltitudeMeters>
            <DistanceMeters>1027.9300537109375</DistanceMeters>
            <HeartRateBpm>
              <Value>131</Value>
            </HeartRateBpm>
            <Extensions>
              <ns3:TPX>
                <ns3:Speed>1.437000036239624</ns3:Speed>
              </ns3:TPX>
            </Extensions>
          </Trackpoint>
          <Trackpoint>
            <Time>2026-02-26T08:00:33.000Z</Time>
            <Position>
              <LatitudeDegrees>51.76212594844401</LatitudeDegrees>
              <LongitudeDegrees>-0.22745727561414242</LongitudeDegrees>
            </Position>
            <AltitudeMeters>83.19999694824219</AltitudeMeters>
            <DistanceMeters>1036.02001953125</DistanceMeters>
            <HeartRateBpm>
              <Value>129</Value>
            </HeartRateBpm>
            <Extensions>
              <ns3:TPX>
                <ns3:Speed>1.437000036239624</ns3:Speed>
              </ns3:TPX>
            </Extensions>
          </Trackpoint>
          <Trackpoint>
            <Time>2026-02-26T08:00:41.000Z</Time>
            <Position>
              <LatitudeDegrees>51.76213910803199</LatitudeDegrees>
              <LongitudeDegrees>-0.22760496474802494</LongitudeDegrees>
            </Position>
            <AltitudeMeters>83.80000305175781</AltitudeMeters>
            <DistanceMeters>1046.0899658203125</DistanceMeters>
            <HeartRateBpm>
              <Value>130</Value>
            </HeartRateBpm>
            <Extensions>
              <ns3:TPX>
                <ns3:Speed>1.437000036239624</ns3:Speed>
              </ns3:TPX>
            </Extensions>
          </Trackpoint>
          <Trackpoint>
            <Time>2026-02-26T08:00:48.000Z</Time>
            <Position>
              <LatitudeDegrees>51.762171713635325</LatitudeDegrees>
              <LongitudeDegrees>-0.22773077711462975</LongitudeDegrees>
            </Position>
            <AltitudeMeters>83.4000015258789</AltitudeMeters>
            <DistanceMeters>1055.81005859375</DistanceMeters>
            <HeartRateBpm>
              <Value>131</Value>
            </HeartRateBpm>
            <Extensions>
              <ns3:TPX>
                <ns3:Speed>1.4179999828338623</ns3:Speed>
              </ns3:TPX>
            </Extensions>
          </Trackpoint>
          <Trackpoint>
            <Time>2026-02-26T08:00:56.000Z</Time>
            <Position>
              <LatitudeDegrees>51.762160900980234</LatitudeDegrees>
              <LongitudeDegrees>-0.22791601717472076</LongitudeDegrees>
            </Position>
            <AltitudeMeters>82.80000305175781</AltitudeMeters>
            <DistanceMeters>1068.7099609375</DistanceMeters>
            <HeartRateBpm>
              <Value>129</Value>
            </HeartRateBpm>
            <Extensions>
              <ns3:TPX>
                <ns3:Speed>1.4279999732971191</ns3:Speed>
              </ns3:TPX>
            </Extensions>
          </Trackpoint>
          <Trackpoint>
            <Time>2026-02-26T08:01:03.000Z</Time>
            <Position>
              <LatitudeDegrees>51.762178083881736</LatitudeDegrees>
              <LongitudeDegrees>-0.22804610431194305</LongitudeDegrees>
            </Position>
            <AltitudeMeters>82.5999984741211</AltitudeMeters>
            <DistanceMeters>1078.1400146484375</DistanceMeters>
            <HeartRateBpm>
              <Value>128</Value>
            </HeartRateBpm>
            <Extensions>
              <ns3:TPX>
                <ns3:Speed>1.437000036239624</ns3:Speed>
              </ns3:TPX>
            </Extensions>
          </Trackpoint>
          <Trackpoint>
            <Time>2026-02-26T08:01:11.000Z</Time>
            <Position>
              <LatitudeDegrees>51.76215151324868</LatitudeDegrees>
              <LongitudeDegrees>-0.2281982358545065</LongitudeDegrees>
            </Position>
            <AltitudeMeters>82.80000305175781</AltitudeMeters>
            <DistanceMeters>1088.93994140625</DistanceMeters>
            <HeartRateBpm>
              <Value>126</Value>
            </HeartRateBpm>
            <Extensions>
              <ns3:TPX>
                <ns3:Speed>1.409000039100647</ns3:Speed>
              </ns3:TPX>
            </Extensions>
          </Trackpoint>
          <Trackpoint>
            <Time>2026-02-26T08:01:19.000Z</Time>
            <Position>
              <LatitudeDegrees>51.76213541999459</LatitudeDegrees>
              <LongitudeDegrees>-0.22837769240140915</LongitudeDegrees>
            </Position>
            <AltitudeMeters>82.5999984741211</AltitudeMeters>
            <DistanceMeters>1101.75</DistanceMeters>
            <HeartRateBpm>
              <Value>126</Value>
            </HeartRateBpm>
            <Extensions>
              <ns3:TPX>
                <ns3:Speed>1.4279999732971191</ns3:Speed>
              </ns3:TPX>
            </Extensions>
          </Trackpoint>
          <Trackpoint>
            <Time>2026-02-26T08:01:28.000Z</Time>
            <Position>
              <LatitudeDegrees>51.762112034484744</LatitudeDegrees>
              <LongitudeDegrees>-0.22856561467051506</LongitudeDegrees>
            </Position>
            <AltitudeMeters>82.4000015258789</AltitudeMeters>
            <DistanceMeters>1115.1400146484375</DistanceMeters>
            <HeartRateBpm>
              <Value>123</Value>
            </HeartRateBpm>
            <Extensions>
              <ns3:TPX>
                <ns3:Speed>1.4279999732971191</ns3:Speed>
              </ns3:TPX>
            </Extensions>
          </Trackpoint>
          <Trackpoint>
            <Time>2026-02-26T08:01:29.000Z</Time>
            <Position>
              <LatitudeDegrees>51.76210943609476</LatitudeDegrees>
              <LongitudeDegrees>-0.22858573123812675</LongitudeDegrees>
            </Position>
            <AltitudeMeters>82.4000015258789</AltitudeMeters>
            <DistanceMeters>1116.3699951171875</DistanceMeters>
            <HeartRateBpm>
              <Value>123</Value>
            </HeartRateBpm>
            <Extensions>
              <ns3:TPX>
                <ns3:Speed>1.4279999732971191</ns3:Speed>
              </ns3:TPX>
            </Extensions>
          </Trackpoint>
          <Trackpoint>
            <Time>2026-02-26T08:01:38.000Z</Time>
            <Position>
              <LatitudeDegrees>51.76208554767072</LatitudeDegrees>
              <LongitudeDegrees>-0.22876594215631485</LongitudeDegrees>
            </Position>
            <AltitudeMeters>82.4000015258789</AltitudeMeters>
            <DistanceMeters>1128.8199462890625</DistanceMeters>
            <HeartRateBpm>
              <Value>121</Value>
            </HeartRateBpm>
            <Extensions>
              <ns3:TPX>
                <ns3:Speed>1.4279999732971191</ns3:Speed>
              </ns3:TPX>
            </Extensions>
          </Trackpoint>
          <Trackpoint>
            <Time>2026-02-26T08:01:42.000Z</Time>
            <Position>
              <LatitudeDegrees>51.76207599230111</LatitudeDegrees>
              <LongitudeDegrees>-0.22884833626449108</LongitudeDegrees>
            </Position>
            <AltitudeMeters>82.19999694824219</AltitudeMeters>
            <DistanceMeters>1134.8299560546875</DistanceMeters>
            <HeartRateBpm>
              <Value>121</Value>
            </HeartRateBpm>
            <Extensions>
              <ns3:TPX>
                <ns3:Speed>1.4279999732971191</ns3:Speed>
              </ns3:TPX>
            </Extensions>
          </Trackpoint>
          <Trackpoint>
            <Time>2026-02-26T08:01:46.000Z</Time>
            <Position>
              <LatitudeDegrees>51.76205411553383</LatitudeDegrees>
              <LongitudeDegrees>-0.22892863489687443</LongitudeDegrees>
            </Position>
            <AltitudeMeters>82.0</AltitudeMeters>
            <DistanceMeters>1140.9300537109375</DistanceMeters>
            <HeartRateBpm>
              <Value>121</Value>
            </HeartRateBpm>
            <Extensions>
              <ns3:TPX>
                <ns3:Speed>1.4279999732971191</ns3:Speed>
              </ns3:TPX>
            </Extensions>
          </Trackpoint>
          <Trackpoint>
            <Time>2026-02-26T08:01:55.000Z</Time>
            <Position>
              <LatitudeDegrees>51.762022683396935</LatitudeDegrees>
              <LongitudeDegrees>-0.22911513224244118</LongitudeDegrees>
            </Position>
            <AltitudeMeters>82.0</AltitudeMeters>
            <DistanceMeters>1154.2900390625</DistanceMeters>
            <HeartRateBpm>
              <Value>122</Value>
            </HeartRateBpm>
            <Extensions>
              <ns3:TPX>
                <ns3:Speed>1.4459999799728394</ns3:Speed>
              </ns3:TPX>
            </Extensions>
          </Trackpoint>
          <Trackpoint>
            <Time>2026-02-26T08:02:02.000Z</Time>
            <Position>
              <LatitudeDegrees>51.76204254850745</LatitudeDegrees>
              <LongitudeDegrees>-0.22926055826246738</LongitudeDegrees>
            </Position>
            <AltitudeMeters>82.19999694824219</AltitudeMeters>
            <DistanceMeters>1164.5999755859375</DistanceMeters>
            <HeartRateBpm>
              <Value>121</Value>
            </HeartRateBpm>
            <Extensions>
              <ns3:TPX>
                <ns3:Speed>1.4559999704360962</ns3:Speed>
              </ns3:TPX>
            </Extensions>
          </Trackpoint>
          <Trackpoint>
            <Time>2026-02-26T08:02:12.000Z</Time>
            <Position>
              <LatitudeDegrees>51.76206048578024</LatitudeDegrees>
              <LongitudeDegrees>-0.2294500730931759</LongitudeDegrees>
            </Position>
            <AltitudeMeters>81.80000305175781</AltitudeMeters>
            <DistanceMeters>1178.0400390625</DistanceMeters>
            <HeartRateBpm>
              <Value>122</Value>
            </HeartRateBpm>
            <Extensions>
              <ns3:TPX>
                <ns3:Speed>1.4459999799728394</ns3:Speed>
              </ns3:TPX>
            </Extensions>
          </Trackpoint>
          <Trackpoint>
            <Time>2026-02-26T08:02:19.000Z</Time>
            <Position>
              <LatitudeDegrees>51.7621142975986</LatitudeDegrees>
              <LongitudeDegrees>-0.2296015340834856</LongitudeDegrees>
            </Position>
            <AltitudeMeters>81.80000305175781</AltitudeMeters>
            <DistanceMeters>1190.22998046875</DistanceMeters>
            <HeartRateBpm>
              <Value>119</Value>
            </HeartRateBpm>
            <Extensions>
              <ns3:TPX>
                <ns3:Speed>1.4559999704360962</ns3:Speed>
              </ns3:TPX>
            </Extensions>
          </Trackpoint>
          <Trackpoint>
            <Time>2026-02-26T08:02:20.000Z</Time>
            <Position>
              <LatitudeDegrees>51.76212167367339</LatitudeDegrees>
              <LongitudeDegrees>-0.22961041890084743</LongitudeDegrees>
            </Position>
            <AltitudeMeters>82.0</AltitudeMeters>
            <DistanceMeters>1190.989990234375</DistanceMeters>
            <HeartRateBpm>
              <Value>118</Value>
            </HeartRateBpm>
            <Extensions>
              <ns3:TPX>
                <ns3:Speed>1.4559999704360962</ns3:Speed>
              </ns3:TPX>
            </Extensions>
          </Trackpoint>
          <Trackpoint>
            <Time>2026-02-26T08:02:30.000Z</Time>
            <Position>
              <LatitudeDegrees>51.762190321460366</LatitudeDegrees>
              <LongitudeDegrees>-0.22976967506110668</LongitudeDegrees>
            </Position>
            <AltitudeMeters>82.0</AltitudeMeters>
            <DistanceMeters>1204.949951171875</DistanceMeters>
            <HeartRateBpm>
              <Value>115</Value>
            </HeartRateBpm>
            <Extensions>
              <ns3:TPX>
                <ns3:Speed>1.4459999799728394</ns3:Speed>
              </ns3:TPX>
            </Extensions>
          </Trackpoint>
          <Trackpoint>
            <Time>2026-02-26T08:02:31.000Z</Time>
            <Position>
              <LatitudeDegrees>51.762194680050015</LatitudeDegrees>
              <LongitudeDegrees>-0.22978853434324265</LongitudeDegrees>
            </Position>
            <AltitudeMeters>81.80000305175781</AltitudeMeters>
            <DistanceMeters>1206.4100341796875</DistanceMeters>
            <HeartRateBpm>
              <Value>115</Value>
            </HeartRateBpm>
            <Extensions>
              <ns3:TPX>
                <ns3:Speed>1.4459999799728394</ns3:Speed>
              </ns3:TPX>
            </Extensions>
          </Trackpoint>
          <Trackpoint>
            <Time>2026-02-26T08:02:38.000Z</Time>
            <Position>
              <LatitudeDegrees>51.76224119961262</LatitudeDegrees>
              <LongitudeDegrees>-0.22991652600467205</LongitudeDegrees>
            </Position>
            <AltitudeMeters>81.80000305175781</AltitudeMeters>
            <DistanceMeters>1216.8299560546875</DistanceMeters>
            <HeartRateBpm>
              <Value>119</Value>
            </HeartRateBpm>
            <Extensions>
              <ns3:TPX>
                <ns3:Speed>1.4559999704360962</ns3:Speed>
              </ns3:TPX>
            </Extensions>
          </Trackpoint>
          <Trackpoint>
            <Time>2026-02-26T08:02:40.000Z</Time>
            <Position>
              <LatitudeDegrees>51.76225343719125</LatitudeDegrees>
              <LongitudeDegrees>-0.2299549151211977</LongitudeDegrees>
            </Position>
            <AltitudeMeters>81.80000305175781</AltitudeMeters>
            <DistanceMeters>1219.52001953125</DistanceMeters>
            <HeartRateBpm>
              <Value>121</Value>
            </HeartRateBpm>
            <Extensions>
              <ns3:TPX>
                <ns3:Speed>1.4559999704360962</ns3:Speed>
              </ns3:TPX>
            </Extensions>
          </Trackpoint>
          <Trackpoint>
            <Time>2026-02-26T08:02:50.000Z</Time>
            <Position>
              <LatitudeDegrees>51.762303644791245</LatitudeDegrees>
              <LongitudeDegrees>-0.2301476988941431</LongitudeDegrees>
            </Position>
            <AltitudeMeters>81.80000305175781</AltitudeMeters>
            <DistanceMeters>1233.43994140625</DistanceMeters>
            <HeartRateBpm>
              <Value>121</Value>
            </HeartRateBpm>
            <Extensions>
              <ns3:TPX>
                <ns3:Speed>1.4459999799728394</ns3:Speed>
              </ns3:TPX>
            </Extensions>
          </Trackpoint>
          <Trackpoint>
            <Time>2026-02-26T08:02:59.000Z</Time>
            <Position>
              <LatitudeDegrees>51.76232141442597</LatitudeDegrees>
              <LongitudeDegrees>-0.23032539524137974</LongitudeDegrees>
            </Position>
            <AltitudeMeters>81.80000305175781</AltitudeMeters>
            <DistanceMeters>1246.260009765625</DistanceMeters>
            <HeartRateBpm>
              <Value>124</Value>
            </HeartRateBpm>
            <Extensions>
              <ns3:TPX>
                <ns3:Speed>1.437000036239624</ns3:Speed>
              </ns3:TPX>
            </Extensions>
          </Trackpoint>
          <Trackpoint>
            <Time>2026-02-26T08:03:03.000Z</Time>
            <Position>
              <LatitudeDegrees>51.762308506295085</LatitudeDegrees>
              <LongitudeDegrees>-0.23038817569613457</LongitudeDegrees>
            </Position>
            <AltitudeMeters>81.0</AltitudeMeters>
            <DistanceMeters>1250.6099853515625</DistanceMeters>
            <HeartRateBpm>
              <Value>124</Value>
            </HeartRateBpm>
            <Extensions>
              <ns3:TPX>
                <ns3:Speed>1.437000036239624</ns3:Speed>
              </ns3:TPX>
            </Extensions>
          </Trackpoint>
          <Trackpoint>
            <Time>2026-02-26T08:03:09.000Z</Time>
            <Position>
              <LatitudeDegrees>51.76228076219559</LatitudeDegrees>
              <LongitudeDegrees>-0.2305201068520546</LongitudeDegrees>
            </Position>
            <AltitudeMeters>81.4000015258789</AltitudeMeters>
            <DistanceMeters>1259.9300537109375</DistanceMeters>
            <HeartRateBpm>
              <Value>123</Value>
            </HeartRateBpm>
            <Extensions>
              <ns3:TPX>
                <ns3:Speed>1.437000036239624</ns3:Speed>
              </ns3:TPX>
            </Extensions>
          </Trackpoint>
          <Trackpoint>
            <Time>2026-02-26T08:03:14.000Z</Time>
            <Position>
              <LatitudeDegrees>51.762254694476724</LatitudeDegrees>
              <LongitudeDegrees>-0.23060493171215057</LongitudeDegrees>
            </Position>
            <AltitudeMeters>81.0</AltitudeMeters>
            <DistanceMeters>1266.8900146484375</DistanceMeters>
            <HeartRateBpm>
              <Value>120</Value>
            </HeartRateBpm>
            <Extensions>
              <ns3:TPX>
                <ns3:Speed>1.437000036239624</ns3:Speed>
              </ns3:TPX>
            </Extensions>
          </Trackpoint>
          <Trackpoint>
            <Time>2026-02-26T08:03:17.000Z</Time>
            <Position>
              <LatitudeDegrees>51.76224295981228</LatitudeDegrees>
              <LongitudeDegrees>-0.23065824061632156</LongitudeDegrees>
            </Position>
            <AltitudeMeters>81.19999694824219</AltitudeMeters>
            <DistanceMeters>1270.5999755859375</DistanceMeters>
            <HeartRateBpm>
              <Value>116</Value>
            </HeartRateBpm>
            <Extensions>
              <ns3:TPX>
                <ns3:Speed>1.437000036239624</ns3:Speed>
              </ns3:TPX>
            </Extensions>
          </Trackpoint>
          <Trackpoint>
            <Time>2026-02-26T08:03:18.000Z</Time>
            <Position>
              <LatitudeDegrees>51.762238685041666</LatitudeDegrees>
              <LongitudeDegrees>-0.23068305104970932</LongitudeDegrees>
            </Position>
            <AltitudeMeters>81.19999694824219</AltitudeMeters>
            <DistanceMeters>1272.27001953125</DistanceMeters>
            <HeartRateBpm>
              <Value>115</Value>
            </HeartRateBpm>
            <Extensions>
              <ns3:TPX>
                <ns3:Speed>1.4279999732971191</ns3:Speed>
              </ns3:TPX>
            </Extensions>
          </Trackpoint>
          <Trackpoint>
            <Time>2026-02-26T08:03:25.000Z</Time>
            <Position>
              <LatitudeDegrees>51.762205408886075</LatitudeDegrees>
              <LongitudeDegrees>-0.23085647262632847</LongitudeDegrees>
            </Position>
            <AltitudeMeters>81.0</AltitudeMeters>
            <DistanceMeters>1284.8599853515625</DistanceMeters>
            <HeartRateBpm>
              <Value>112</Value>
            </HeartRateBpm>
            <Extensions>
              <ns3:TPX>
                <ns3:Speed>1.437000036239624</ns3:Speed>
              </ns3:TPX>
            </Extensions>
          </Trackpoint>
          <Trackpoint>
            <Time>2026-02-26T08:03:27.000Z</Time>
            <Position>
              <LatitudeDegrees>51.762211276218295</LatitudeDegrees>
              <LongitudeDegrees>-0.23090056143701077</LongitudeDegrees>
            </Position>
            <AltitudeMeters>81.0</AltitudeMeters>
            <DistanceMeters>1288.010009765625</DistanceMeters>
            <HeartRateBpm>
              <Value>113</Value>
            </HeartRateBpm>
            <Extensions>
              <ns3:TPX>
                <ns3:Speed>1.4459999799728394</ns3:Speed>
              </ns3:TPX>
            </Extensions>
          </Trackpoint>
          <Trackpoint>
            <Time>2026-02-26T08:03:31.000Z</Time>
            <Position>
              <LatitudeDegrees>51.762221585959196</LatitudeDegrees>
              <LongitudeDegrees>-0.2309824526309967</LongitudeDegrees>
            </Position>
            <AltitudeMeters>81.0</AltitudeMeters>
            <DistanceMeters>1293.5</DistanceMeters>
            <HeartRateBpm>
              <Value>117</Value>
            </HeartRateBpm>
            <Extensions>
              <ns3:TPX>
                <ns3:Speed>1.4559999704360962</ns3:Speed>
              </ns3:TPX>
            </Extensions>
          </Trackpoint>
          <Trackpoint>
            <Time>2026-02-26T08:03:34.000Z</Time>
            <Position>
              <LatitudeDegrees>51.76222519017756</LatitudeDegrees>
              <LongitudeDegrees>-0.2310505136847496</LongitudeDegrees>
            </Position>
            <AltitudeMeters>80.80000305175781</AltitudeMeters>
            <DistanceMeters>1298.3299560546875</DistanceMeters>
            <HeartRateBpm>
              <Value>120</Value>
            </HeartRateBpm>
            <Extensions>
              <ns3:TPX>
                <ns3:Speed>1.4559999704360962</ns3:Speed>
              </ns3:TPX>
            </Extensions>
          </Trackpoint>
          <Trackpoint>
            <Time>2026-02-26T08:03:37.000Z</Time>
            <Position>
              <LatitudeDegrees>51.76222703419626</LatitudeDegrees>
              <LongitudeDegrees>-0.23111161775887012</LongitudeDegrees>
            </Position>
            <AltitudeMeters>80.5999984741211</AltitudeMeters>
            <DistanceMeters>1303.0999755859375</DistanceMeters>
            <HeartRateBpm>
              <Value>120</Value>
            </HeartRateBpm>
            <Extensions>
              <ns3:TPX>
                <ns3:Speed>1.465000033378601</ns3:Speed>
              </ns3:TPX>
            </Extensions>
          </Trackpoint>
          <Trackpoint>
            <Time>2026-02-26T08:03:45.000Z</Time>
            <Position>
              <LatitudeDegrees>51.762201469391584</LatitudeDegrees>
              <LongitudeDegrees>-0.23127330467104912</LongitudeDegrees>
            </Position>
            <AltitudeMeters>81.0</AltitudeMeters>
            <DistanceMeters>1314.27001953125</DistanceMeters>
            <HeartRateBpm>
              <Value>119</Value>
            </HeartRateBpm>
            <Extensions>
              <ns3:TPX>
                <ns3:Speed>1.465000033378601</ns3:Speed>
              </ns3:TPX>
            </Extensions>
          </Trackpoint>
          <Trackpoint>
            <Time>2026-02-26T08:03:54.000Z</Time>
            <Position>
              <LatitudeDegrees>51.76223943941295</LatitudeDegrees>
              <LongitudeDegrees>-0.23144572041928768</LongitudeDegrees>
            </Position>
            <AltitudeMeters>81.0</AltitudeMeters>
            <DistanceMeters>1326.52001953125</DistanceMeters>
            <HeartRateBpm>
              <Value>121</Value>
            </HeartRateBpm>
            <Extensions>
              <ns3:TPX>
                <ns3:Speed>1.4459999799728394</ns3:Speed>
              </ns3:TPX>
            </Extensions>
          </Trackpoint>
          <Trackpoint>
            <Time>2026-02-26T08:04:04.000Z</Time>
            <Position>
              <LatitudeDegrees>51.7622593883425</LatitudeDegrees>
              <LongitudeDegrees>-0.23165199905633926</LongitudeDegrees>
            </Position>
            <AltitudeMeters>80.4000015258789</AltitudeMeters>
            <DistanceMeters>1341.47998046875</DistanceMeters>
            <HeartRateBpm>
              <Value>121</Value>
            </HeartRateBpm>
            <Extensions>
              <ns3:TPX>
                <ns3:Speed>1.4459999799728394</ns3:Speed>
              </ns3:TPX>
            </Extensions>
          </Trackpoint>
          <Trackpoint>
            <Time>2026-02-26T08:04:15.000Z</Time>
            <Position>
              <LatitudeDegrees>51.762238685041666</LatitudeDegrees>
              <LongitudeDegrees>-0.23186414502561092</LongitudeDegrees>
            </Position>
            <AltitudeMeters>81.0</AltitudeMeters>
            <DistanceMeters>1356.27001953125</DistanceMeters>
            <HeartRateBpm>
              <Value>120</Value>
            </HeartRateBpm>
            <Extensions>
              <ns3:TPX>
                <ns3:Speed>1.4559999704360962</ns3:Speed>
              </ns3:TPX>
            </Extensions>
          </Trackpoint>
          <Trackpoint>
            <Time>2026-02-26T08:04:23.000Z</Time>
            <Position>
              <LatitudeDegrees>51.76222435198724</LatitudeDegrees>
              <LongitudeDegrees>-0.232031112536788</LongitudeDegrees>
            </Position>
            <AltitudeMeters>80.19999694824219</AltitudeMeters>
            <DistanceMeters>1367.9100341796875</DistanceMeters>
            <HeartRateBpm>
              <Value>120</Value>
            </HeartRateBpm>
            <Extensions>
              <ns3:TPX>
                <ns3:Speed>1.437000036239624</ns3:Speed>
              </ns3:TPX>
            </Extensions>
          </Trackpoint>
          <Trackpoint>
            <Time>2026-02-26T08:04:33.000Z</Time>
            <Position>
              <LatitudeDegrees>51.76218747161329</LatitudeDegrees>
              <LongitudeDegrees>-0.23224744945764542</LongitudeDegrees>
            </Position>
            <AltitudeMeters>80.4000015258789</AltitudeMeters>
            <DistanceMeters>1383.5699462890625</DistanceMeters>
            <HeartRateBpm>
              <Value>122</Value>
            </HeartRateBpm>
            <Extensions>
              <ns3:TPX>
                <ns3:Speed>1.4559999704360962</ns3:Speed>
              </ns3:TPX>
            </Extensions>
          </Trackpoint>
          <Trackpoint>
            <Time>2026-02-26T08:04:37.000Z</Time>
            <Position>
              <LatitudeDegrees>51.7621935904026</LatitudeDegrees>
              <LongitudeDegrees>-0.2323295921087265</LongitudeDegrees>
            </Position>
            <AltitudeMeters>80.0</AltitudeMeters>
            <DistanceMeters>1389.0799560546875</DistanceMeters>
            <HeartRateBpm>
              <Value>120</Value>
            </HeartRateBpm>
            <Extensions>
              <ns3:TPX>
                <ns3:Speed>1.4559999704360962</ns3:Speed>
              </ns3:TPX>
            </Extensions>
          </Trackpoint>
          <Trackpoint>
            <Time>2026-02-26T08:04:40.000Z</Time>
            <Position>
              <LatitudeDegrees>51.76220180466771</LatitudeDegrees>
              <LongitudeDegrees>-0.23239505477249622</LongitudeDegrees>
            </Position>
            <AltitudeMeters>80.0</AltitudeMeters>
            <DistanceMeters>1393.81005859375</DistanceMeters>
            <HeartRateBpm>
              <Value>117</Value>
            </HeartRateBpm>
            <Extensions>
              <ns3:TPX>
                <ns3:Speed>1.465000033378601</ns3:Speed>
              </ns3:TPX>
            </Extensions>
          </Trackpoint>
          <Trackpoint>
            <Time>2026-02-26T08:04:42.000Z</Time>
            <Position>
              <LatitudeDegrees>51.76220373250544</LatitudeDegrees>
              <LongitudeDegrees>-0.2324330247938633</LongitudeDegrees>
            </Position>
            <AltitudeMeters>80.0</AltitudeMeters>
            <DistanceMeters>1396.2900390625</DistanceMeters>
            <HeartRateBpm>
              <Value>116</Value>
            </HeartRateBpm>
            <Extensions>
              <ns3:TPX>
                <ns3:Speed>1.465000033378601</ns3:Speed>
              </ns3:TPX>
            </Extensions>
          </Trackpoint>
          <Trackpoint>
            <Time>2026-02-26T08:04:51.000Z</Time>
            <Position>
              <LatitudeDegrees>51.762198032811284</LatitudeDegrees>
              <LongitudeDegrees>-0.23262270726263523</LongitudeDegrees>
            </Position>
            <AltitudeMeters>80.0</AltitudeMeters>
            <DistanceMeters>1409.6400146484375</DistanceMeters>
            <HeartRateBpm>
              <Value>116</Value>
            </HeartRateBpm>
            <Extensions>
              <ns3:TPX>
                <ns3:Speed>1.4559999704360962</ns3:Speed>
              </ns3:TPX>
            </Extensions>
          </Trackpoint>
          <Trackpoint>
            <Time>2026-02-26T08:05:02.000Z</Time>
            <Position>
              <LatitudeDegrees>51.762183364480734</LatitudeDegrees>
              <LongitudeDegrees>-0.23285379633307457</LongitudeDegrees>
            </Position>
            <AltitudeMeters>79.80000305175781</AltitudeMeters>
            <DistanceMeters>1425.6199951171875</DistanceMeters>
            <HeartRateBpm>
              <Value>116</Value>
            </HeartRateBpm>
            <Extensions>
              <ns3:TPX>
                <ns3:Speed>1.4739999771118164</ns3:Speed>
              </ns3:TPX>
            </Extensions>
          </Trackpoint>
          <Trackpoint>
            <Time>2026-02-26T08:05:11.000Z</Time>
            <Position>
              <LatitudeDegrees>51.762181017547846</LatitudeDegrees>
              <LongitudeDegrees>-0.23302964866161346</LongitudeDegrees>
            </Position>
            <AltitudeMeters>79.4000015258789</AltitudeMeters>
            <DistanceMeters>1437.8900146484375</DistanceMeters>
            <HeartRateBpm>
              <Value>116</Value>
            </HeartRateBpm>
            <Extensions>
              <ns3:TPX>
                <ns3:Speed>1.4459999799728394</ns3:Speed>
              </ns3:TPX>
            </Extensions>
          </Trackpoint>
          <Trackpoint>
            <Time>2026-02-26T08:05:18.000Z</Time>
            <Position>
              <LatitudeDegrees>51.762099880725145</LatitudeDegrees>
              <LongitudeDegrees>-0.23310793563723564</LongitudeDegrees>
            </Position>
            <AltitudeMeters>79.19999694824219</AltitudeMeters>
            <DistanceMeters>1448.5699462890625</DistanceMeters>
            <HeartRateBpm>
              <Value>116</Value>
            </HeartRateBpm>
            <Extensions>
              <ns3:TPX>
                <ns3:Speed>1.465000033378601</ns3:Speed>
              </ns3:TPX>
            </Extensions>
          </Trackpoint>
          <Trackpoint>
            <Time>2026-02-26T08:05:27.000Z</Time>
            <Position>
              <LatitudeDegrees>51.76203215494752</LatitudeDegrees>
              <LongitudeDegrees>-0.23323936387896538</LongitudeDegrees>
            </Position>
            <AltitudeMeters>79.4000015258789</AltitudeMeters>
            <DistanceMeters>1460.0899658203125</DistanceMeters>
            <HeartRateBpm>
              <Value>116</Value>
            </HeartRateBpm>
            <Extensions>
              <ns3:TPX>
                <ns3:Speed>1.4459999799728394</ns3:Speed>
              </ns3:TPX>
            </Extensions>
          </Trackpoint>
          <Trackpoint>
            <Time>2026-02-26T08:05:32.000Z</Time>
            <Position>
              <LatitudeDegrees>51.76197205670178</LatitudeDegrees>
              <LongitudeDegrees>-0.23330164141952991</LongitudeDegrees>
            </Position>
            <AltitudeMeters>78.80000305175781</AltitudeMeters>
            <DistanceMeters>1468.4200439453125</DistanceMeters>
            <HeartRateBpm>
              <Value>116</Value>
            </HeartRateBpm>
            <Extensions>
              <ns3:TPX>
                <ns3:Speed>1.465000033378601</ns3:Speed>
              </ns3:TPX>
            </Extensions>
          </Trackpoint>
          <Trackpoint>
            <Time>2026-02-26T08:05:34.000Z</Time>
            <Position>
              <LatitudeDegrees>51.761946491897106</LatitudeDegrees>
              <LongitudeDegrees>-0.2333096880465746</LongitudeDegrees>
            </Position>
            <AltitudeMeters>78.5999984741211</AltitudeMeters>
            <DistanceMeters>1471.260009765625</DistanceMeters>
            <HeartRateBpm>
              <Value>117</Value>
            </HeartRateBpm>
            <Extensions>
              <ns3:TPX>
                <ns3:Speed>1.465000033378601</ns3:Speed>
              </ns3:TPX>
            </Extensions>
          </Trackpoint>
          <Trackpoint>
            <Time>2026-02-26T08:05:45.000Z</Time>
            <Position>
              <LatitudeDegrees>51.76180601119995</LatitudeDegrees>
              <LongitudeDegrees>-0.23331580683588982</LongitudeDegrees>
            </Position>
            <AltitudeMeters>78.5999984741211</AltitudeMeters>
            <DistanceMeters>1487.1600341796875</DistanceMeters>
            <HeartRateBpm>
              <Value>120</Value>
            </HeartRateBpm>
            <Extensions>
              <ns3:TPX>
                <ns3:Speed>1.4739999771118164</ns3:Speed>
              </ns3:TPX>
            </Extensions>
          </Trackpoint>
          <Trackpoint>
            <Time>2026-02-26T08:05:46.000Z</Time>
            <Position>
              <LatitudeDegrees>51.76179436035454</LatitudeDegrees>
              <LongitudeDegrees>-0.23331890814006329</LongitudeDegrees>
            </Position>
            <AltitudeMeters>78.80000305175781</AltitudeMeters>
            <DistanceMeters>1488.3900146484375</DistanceMeters>
            <HeartRateBpm>
              <Value>120</Value>
            </HeartRateBpm>
            <Extensions>
              <ns3:TPX>
                <ns3:Speed>1.465000033378601</ns3:Speed>
              </ns3:TPX>
            </Extensions>
          </Trackpoint>
          <Trackpoint>
            <Time>2026-02-26T08:05:55.000Z</Time>
            <Position>
              <LatitudeDegrees>51.76169780083001</LatitudeDegrees>
              <LongitudeDegrees>-0.23342544212937355</LongitudeDegrees>
            </Position>
            <AltitudeMeters>78.0</AltitudeMeters>
            <DistanceMeters>1501.3599853515625</DistanceMeters>
            <HeartRateBpm>
              <Value>122</Value>
            </HeartRateBpm>
            <Extensions>
              <ns3:TPX>
                <ns3:Speed>1.437000036239624</ns3:Speed>
              </ns3:TPX>
            </Extensions>
          </Trackpoint>
          <Trackpoint>
            <Time>2026-02-26T08:05:59.000Z</Time>
            <Position>
              <LatitudeDegrees>51.761671314015985</LatitudeDegrees>
              <LongitudeDegrees>-0.23350926116108894</LongitudeDegrees>
            </Position>
            <AltitudeMeters>78.19999694824219</AltitudeMeters>
            <DistanceMeters>1507.5999755859375</DistanceMeters>
            <HeartRateBpm>
              <Value>119</Value>
            </HeartRateBpm>
            <Extensions>
              <ns3:TPX>
                <ns3:Speed>1.4459999799728394</ns3:Speed>
              </ns3:TPX>
            </Extensions>
          </Trackpoint>
          <Trackpoint>
            <Time>2026-02-26T08:06:03.000Z</Time>
            <Position>
              <LatitudeDegrees>51.76165530458093</LatitudeDegrees>
              <LongitudeDegrees>-0.23358008824288845</LongitudeDegrees>
            </Position>
            <AltitudeMeters>78.19999694824219</AltitudeMeters>
            <DistanceMeters>1512.52001953125</DistanceMeters>
            <HeartRateBpm>
              <Value>120</Value>
            </HeartRateBpm>
            <Extensions>
              <ns3:TPX>
                <ns3:Speed>1.4459999799728394</ns3:Speed>
              </ns3:TPX>
            </Extensions>
          </Trackpoint>
          <Trackpoint>
            <Time>2026-02-26T08:06:08.000Z</Time>
            <Position>
              <LatitudeDegrees>51.76163284108043</LatitudeDegrees>
              <LongitudeDegrees>-0.23368477821350098</LongitudeDegrees>
            </Position>
            <AltitudeMeters>77.80000305175781</AltitudeMeters>
            <DistanceMeters>1520.52001953125</DistanceMeters>
            <HeartRateBpm>
              <Value>119</Value>
            </HeartRateBpm>
            <Extensions>
              <ns3:TPX>
                <ns3:Speed>1.4459999799728394</ns3:Speed>
              </ns3:TPX>
            </Extensions>
          </Trackpoint>
          <Trackpoint>
            <Time>2026-02-26T08:06:13.000Z</Time>
            <Position>
              <LatitudeDegrees>51.761607276275754</LatitudeDegrees>
              <LongitudeDegrees>-0.23377706296741962</LongitudeDegrees>
            </Position>
            <AltitudeMeters>77.19999694824219</AltitudeMeters>
            <DistanceMeters>1527.9300537109375</DistanceMeters>
            <HeartRateBpm>
              <Value>117</Value>
            </HeartRateBpm>
            <Extensions>
              <ns3:TPX>
                <ns3:Speed>1.4459999799728394</ns3:Speed>
              </ns3:TPX>
            </Extensions>
          </Trackpoint>
          <Trackpoint>
            <Time>2026-02-26T08:06:22.000Z</Time>
            <Position>
              <LatitudeDegrees>51.76155220717192</LatitudeDegrees>
              <LongitudeDegrees>-0.23395467549562454</LongitudeDegrees>
            </Position>
            <AltitudeMeters>77.5999984741211</AltitudeMeters>
            <DistanceMeters>1541.9100341796875</DistanceMeters>
            <HeartRateBpm>
              <Value>116</Value>
            </HeartRateBpm>
            <Extensions>
              <ns3:TPX>
                <ns3:Speed>1.4559999704360962</ns3:Speed>
              </ns3:TPX>
            </Extensions>
          </Trackpoint>
          <Trackpoint>
            <Time>2026-02-26T08:06:30.000Z</Time>
            <Position>
              <LatitudeDegrees>51.761498311534524</LatitudeDegrees>
              <LongitudeDegrees>-0.23407654836773872</LongitudeDegrees>
            </Position>
            <AltitudeMeters>77.80000305175781</AltitudeMeters>
            <DistanceMeters>1551.6099853515625</DistanceMeters>
            <HeartRateBpm>
              <Value>115</Value>
            </HeartRateBpm>
            <Extensions>
              <ns3:TPX>
                <ns3:Speed>1.4459999799728394</ns3:Speed>
              </ns3:TPX>
            </Extensions>
          </Trackpoint>
          <Trackpoint>
            <Time>2026-02-26T08:06:38.000Z</Time>
            <Position>
              <LatitudeDegrees>51.761408876627684</LatitudeDegrees>
              <LongitudeDegrees>-0.23416874930262566</LongitudeDegrees>
            </Position>
            <AltitudeMeters>77.80000305175781</AltitudeMeters>
            <DistanceMeters>1563.949951171875</DistanceMeters>
            <HeartRateBpm>
              <Value>114</Value>
            </HeartRateBpm>
            <Extensions>
              <ns3:TPX>
                <ns3:Speed>1.4459999799728394</ns3:Speed>
              </ns3:TPX>
            </Extensions>
          </Trackpoint>
          <Trackpoint>
            <Time>2026-02-26T08:06:45.000Z</Time>
            <Position>
              <LatitudeDegrees>51.7613336071372</LatitudeDegrees>
              <LongitudeDegrees>-0.23410647176206112</LongitudeDegrees>
            </Position>
            <AltitudeMeters>78.0</AltitudeMeters>
            <DistanceMeters>1573.780029296875</DistanceMeters>
            <HeartRateBpm>
              <Value>114</Value>
            </HeartRateBpm>
            <Extensions>
              <ns3:TPX>
                <ns3:Speed>1.4459999799728394</ns3:Speed>
              </ns3:TPX>
            </Extensions>
          </Trackpoint>
          <Trackpoint>
            <Time>2026-02-26T08:06:50.000Z</Time>
            <Position>
              <LatitudeDegrees>51.76128474064171</LatitudeDegrees>
              <LongitudeDegrees>-0.23405333049595356</LongitudeDegrees>
            </Position>
            <AltitudeMeters>78.80000305175781</AltitudeMeters>
            <DistanceMeters>1580.3399658203125</DistanceMeters>
            <HeartRateBpm>
              <Value>115</Value>
            </HeartRateBpm>
            <Extensions>
              <ns3:TPX>
                <ns3:Speed>1.437000036239624</ns3:Speed>
              </ns3:TPX>
            </Extensions>
          </Trackpoint>
          <Trackpoint>
            <Time>2026-02-26T08:07:00.000Z</Time>
            <Position>
              <LatitudeDegrees>51.761187091469765</LatitudeDegrees>
              <LongitudeDegrees>-0.23395090363919735</LongitudeDegrees>
            </Position>
            <AltitudeMeters>79.4000015258789</AltitudeMeters>
            <DistanceMeters>1592.9599609375</DistanceMeters>
            <HeartRateBpm>
              <Value>115</Value>
            </HeartRateBpm>
            <Extensions>
              <ns3:TPX>
                <ns3:Speed>1.4179999828338623</ns3:Speed>
              </ns3:TPX>
            </Extensions>
          </Trackpoint>
          <Trackpoint>
            <Time>2026-02-26T08:07:06.000Z</Time>
            <Position>
              <LatitudeDegrees>51.761122550815344</LatitudeDegrees>
              <LongitudeDegrees>-0.23399122059345245</LongitudeDegrees>
            </Position>
            <AltitudeMeters>79.80000305175781</AltitudeMeters>
            <DistanceMeters>1600.8399658203125</DistanceMeters>
            <HeartRateBpm>
              <Value>118</Value>
            </HeartRateBpm>
            <Extensions>
              <ns3:TPX>
                <ns3:Speed>1.399999976158142</ns3:Speed>
              </ns3:TPX>
            </Extensions>
          </Trackpoint>
          <Trackpoint>
            <Time>2026-02-26T08:07:09.000Z</Time>
            <Position>
              <LatitudeDegrees>51.7610954772681</LatitudeDegrees>
              <LongitudeDegrees>-0.2340491395443678</LongitudeDegrees>
            </Position>
            <AltitudeMeters>79.80000305175781</AltitudeMeters>
            <DistanceMeters>1605.97998046875</DistanceMeters>
            <HeartRateBpm>
              <Value>121</Value>
            </HeartRateBpm>
            <Extensions>
              <ns3:TPX>
                <ns3:Speed>1.399999976158142</ns3:Speed>
              </ns3:TPX>
            </Extensions>
          </Trackpoint>
          <Trackpoint>
            <Time>2026-02-26T08:07:12.000Z</Time>
            <Position>
              <LatitudeDegrees>51.76108080893755</LatitudeDegrees>
              <LongitudeDegrees>-0.2340938150882721</LongitudeDegrees>
            </Position>
            <AltitudeMeters>79.80000305175781</AltitudeMeters>
            <DistanceMeters>1609.5799560546875</DistanceMeters>
            <HeartRateBpm>
              <Value>124</Value>
            </HeartRateBpm>
            <Extensions>
              <ns3:TPX>
                <ns3:Speed>1.399999976158142</ns3:Speed>
              </ns3:TPX>
            </Extensions>
          </Trackpoint>
          <Trackpoint>
            <Time>2026-02-26T08:07:13.000Z</Time>
            <Position>
              <LatitudeDegrees>51.76107628270984</LatitudeDegrees>
              <LongitudeDegrees>-0.23411057889461517</LongitudeDegrees>
            </Position>
            <AltitudeMeters>79.80000305175781</AltitudeMeters>
            <DistanceMeters>1610.780029296875</DistanceMeters>
            <HeartRateBpm>
              <Value>124</Value>
            </HeartRateBpm>
            <Extensions>
              <ns3:TPX>
                <ns3:Speed>1.38100004196167</ns3:Speed>
              </ns3:TPX>
            </Extensions>
          </Trackpoint>
          <Trackpoint>
            <Time>2026-02-26T08:07:15.000Z</Time>
            <Position>
              <LatitudeDegrees>51.76106412895024</LatitudeDegrees>
              <LongitudeDegrees>-0.23414217866957188</LongitudeDegrees>
            </Position>
            <AltitudeMeters>80.0</AltitudeMeters>
            <DistanceMeters>1613.2900390625</DistanceMeters>
            <HeartRateBpm>
              <Value>125</Value>
            </HeartRateBpm>
            <Extensions>
              <ns3:TPX>
                <ns3:Speed>1.371999979019165</ns3:Speed>
              </ns3:TPX>
            </Extensions>
          </Trackpoint>
          <Trackpoint>
            <Time>2026-02-26T08:07:24.000Z</Time>
            <Position>
              <LatitudeDegrees>51.76099833101034</LatitudeDegrees>
              <LongitudeDegrees>-0.2342931367456913</LongitudeDegrees>
            </Position>
            <AltitudeMeters>79.80000305175781</AltitudeMeters>
            <DistanceMeters>1625.969970703125</DistanceMeters>
            <HeartRateBpm>
              <Value>128</Value>
            </HeartRateBpm>
            <Extensions>
              <ns3:TPX>
                <ns3:Speed>1.3530000448226929</ns3:Speed>
              </ns3:TPX>
            </Extensions>
          </Trackpoint>
          <Trackpoint>
            <Time>2026-02-26T08:07:26.000Z</Time>
            <Position>
              <LatitudeDegrees>51.760982908308506</LatitudeDegrees>
              <LongitudeDegrees>-0.23431937210261822</LongitudeDegrees>
            </Position>
            <AltitudeMeters>80.0</AltitudeMeters>
            <DistanceMeters>1628.4300537109375</DistanceMeters>
            <HeartRateBpm>
              <Value>128</Value>
            </HeartRateBpm>
            <Extensions>
              <ns3:TPX>
                <ns3:Speed>1.3530000448226929</ns3:Speed>
              </ns3:TPX>
            </Extensions>
          </Trackpoint>
          <Trackpoint>
            <Time>2026-02-26T08:07:29.000Z</Time>
            <Position>
              <LatitudeDegrees>51.76095482893288</LatitudeDegrees>
              <LongitudeDegrees>-0.2343655563890934</LongitudeDegrees>
            </Position>
            <AltitudeMeters>80.0</AltitudeMeters>
            <DistanceMeters>1632.8800048828125</DistanceMeters>
            <HeartRateBpm>
              <Value>131</Value>
            </HeartRateBpm>
            <Extensions>
              <ns3:TPX>
                <ns3:Speed>1.343999981880188</ns3:Speed>
              </ns3:TPX>
            </Extensions>
          </Trackpoint>
          <Trackpoint>
            <Time>2026-02-26T08:07:35.000Z</Time>
            <Position>
              <LatitudeDegrees>51.76090001128614</LatitudeDegrees>
              <LongitudeDegrees>-0.23447535932064056</LongitudeDegrees>
            </Position>
            <AltitudeMeters>80.5999984741211</AltitudeMeters>
            <DistanceMeters>1642.6199951171875</DistanceMeters>
            <HeartRateBpm>
              <Value>132</Value>
            </HeartRateBpm>
            <Extensions>
              <ns3:TPX>
                <ns3:Speed>1.3530000448226929</ns3:Speed>
              </ns3:TPX>
            </Extensions>
          </Trackpoint>
          <Trackpoint>
            <Time>2026-02-26T08:07:44.000Z</Time>
            <Position>
              <LatitudeDegrees>51.76083270460367</LatitudeDegrees>
              <LongitudeDegrees>-0.23461215198040009</LongitudeDegrees>
            </Position>
            <AltitudeMeters>80.4000015258789</AltitudeMeters>
            <DistanceMeters>1654.530029296875</DistanceMeters>
            <HeartRateBpm>
              <Value>130</Value>
            </HeartRateBpm>
            <Extensions>
              <ns3:TPX>
                <ns3:Speed>1.371999979019165</ns3:Speed>
              </ns3:TPX>
            </Extensions>
          </Trackpoint>
          <Trackpoint>
            <Time>2026-02-26T08:07:49.000Z</Time>
            <Position>
              <LatitudeDegrees>51.76079171709716</LatitudeDegrees>
              <LongitudeDegrees>-0.2346901036798954</LongitudeDegrees>
            </Position>
            <AltitudeMeters>81.0</AltitudeMeters>
            <DistanceMeters>1661.5699462890625</DistanceMeters>
            <HeartRateBpm>
              <Value>132</Value>
            </HeartRateBpm>
            <Extensions>
              <ns3:TPX>
                <ns3:Speed>1.3619999885559082</ns3:Speed>
              </ns3:TPX>
            </Extensions>
          </Trackpoint>
          <Trackpoint>
            <Time>2026-02-26T08:07:58.000Z</Time>
            <Position>
              <LatitudeDegrees>51.76071418449283</LatitudeDegrees>
              <LongitudeDegrees>-0.234832763671875</LongitudeDegrees>
            </Position>
            <AltitudeMeters>81.0</AltitudeMeters>
            <DistanceMeters>1674.6400146484375</DistanceMeters>
            <HeartRateBpm>
              <Value>134</Value>
            </HeartRateBpm>
            <Extensions>
              <ns3:TPX>
                <ns3:Speed>1.3619999885559082</ns3:Speed>
              </ns3:TPX>
            </Extensions>
          </Trackpoint>
          <Trackpoint>
            <Time>2026-02-26T08:08:08.000Z</Time>
            <Position>
              <LatitudeDegrees>51.76062282174826</LatitudeDegrees>
              <LongitudeDegrees>-0.2349917683750391</LongitudeDegrees>
            </Position>
            <AltitudeMeters>81.19999694824219</AltitudeMeters>
            <DistanceMeters>1689.68994140625</DistanceMeters>
            <HeartRateBpm>
              <Value>136</Value>
            </HeartRateBpm>
            <Extensions>
              <ns3:TPX>
                <ns3:Speed>1.38100004196167</ns3:Speed>
              </ns3:TPX>
            </Extensions>
          </Trackpoint>
          <Trackpoint>
            <Time>2026-02-26T08:08:16.000Z</Time>
            <Position>
              <LatitudeDegrees>51.76055492833257</LatitudeDegrees>
              <LongitudeDegrees>-0.23512344807386398</LongitudeDegrees>
            </Position>
            <AltitudeMeters>80.5999984741211</AltitudeMeters>
            <DistanceMeters>1701.739990234375</DistanceMeters>
            <HeartRateBpm>
              <Value>133</Value>
            </HeartRateBpm>
            <Extensions>
              <ns3:TPX>
                <ns3:Speed>1.399999976158142</ns3:Speed>
              </ns3:TPX>
            </Extensions>
          </Trackpoint>
          <Trackpoint>
            <Time>2026-02-26T08:08:28.000Z</Time>
            <Position>
              <LatitudeDegrees>51.76045677624643</LatitudeDegrees>
              <LongitudeDegrees>-0.2353179082274437</LongitudeDegrees>
            </Position>
            <AltitudeMeters>80.80000305175781</AltitudeMeters>
            <DistanceMeters>1718.6700439453125</DistanceMeters>
            <HeartRateBpm>
              <Value>132</Value>
            </HeartRateBpm>
            <Extensions>
              <ns3:TPX>
                <ns3:Speed>1.399999976158142</ns3:Speed>
              </ns3:TPX>
            </Extensions>
          </Trackpoint>
          <Trackpoint>
            <Time>2026-02-26T08:08:32.000Z</Time>
            <Position>
              <LatitudeDegrees>51.760417968034744</LatitudeDegrees>
              <LongitudeDegrees>-0.2353805210441351</LongitudeDegrees>
            </Position>
            <AltitudeMeters>80.80000305175781</AltitudeMeters>
            <DistanceMeters>1725.18994140625</DistanceMeters>
            <HeartRateBpm>
              <Value>129</Value>
            </HeartRateBpm>
            <Extensions>
              <ns3:TPX>
                <ns3:Speed>1.399999976158142</ns3:Speed>
              </ns3:TPX>
            </Extensions>
          </Trackpoint>
          <Trackpoint>
            <Time>2026-02-26T08:08:37.000Z</Time>
            <Position>
              <LatitudeDegrees>51.76038016565144</LatitudeDegrees>
              <LongitudeDegrees>-0.23545176722109318</LongitudeDegrees>
            </Position>
            <AltitudeMeters>80.80000305175781</AltitudeMeters>
            <DistanceMeters>1731.8599853515625</DistanceMeters>
            <HeartRateBpm>
              <Value>128</Value>
            </HeartRateBpm>
            <Extensions>
              <ns3:TPX>
                <ns3:Speed>1.409000039100647</ns3:Speed>
              </ns3:TPX>
            </Extensions>
          </Trackpoint>
          <Trackpoint>
            <Time>2026-02-26T08:08:44.000Z</Time>
            <Position>
              <LatitudeDegrees>51.760325599461794</LatitudeDegrees>
              <LongitudeDegrees>-0.23557045497000217</LongitudeDegrees>
            </Position>
            <AltitudeMeters>81.0</AltitudeMeters>
            <DistanceMeters>1741.5799560546875</DistanceMeters>
            <HeartRateBpm>
              <Value>125</Value>
            </HeartRateBpm>
            <Extensions>
              <ns3:TPX>
                <ns3:Speed>1.399999976158142</ns3:Speed>
              </ns3:TPX>
            </Extensions>
          </Trackpoint>
          <Trackpoint>
            <Time>2026-02-26T08:08:47.000Z</Time>
            <Position>
              <LatitudeDegrees>51.76030489616096</LatitudeDegrees>
              <LongitudeDegrees>-0.23562351241707802</LongitudeDegrees>
            </Position>
            <AltitudeMeters>81.0</AltitudeMeters>
            <DistanceMeters>1745.77001953125</DistanceMeters>
            <HeartRateBpm>
              <Value>123</Value>
            </HeartRateBpm>
            <Extensions>
              <ns3:TPX>
                <ns3:Speed>1.409000039100647</ns3:Speed>
              </ns3:TPX>
            </Extensions>
          </Trackpoint>
          <Trackpoint>
            <Time>2026-02-26T08:08:55.000Z</Time>
            <Position>
              <LatitudeDegrees>51.760242115706205</LatitudeDegrees>
              <LongitudeDegrees>-0.23577773943543434</LongitudeDegrees>
            </Position>
            <AltitudeMeters>80.19999694824219</AltitudeMeters>
            <DistanceMeters>1758.6400146484375</DistanceMeters>
            <HeartRateBpm>
              <Value>119</Value>
            </HeartRateBpm>
            <Extensions>
              <ns3:TPX>
                <ns3:Speed>1.4179999828338623</ns3:Speed>
              </ns3:TPX>
            </Extensions>
          </Trackpoint>
          <Trackpoint>
            <Time>2026-02-26T08:09:06.000Z</Time>
            <Position>
              <LatitudeDegrees>51.7601699475199</LatitudeDegrees>
              <LongitudeDegrees>-0.23599348962306976</LongitudeDegrees>
            </Position>
            <AltitudeMeters>80.0</AltitudeMeters>
            <DistanceMeters>1775.800048828125</DistanceMeters>
            <HeartRateBpm>
              <Value>119</Value>
            </HeartRateBpm>
            <Extensions>
              <ns3:TPX>
                <ns3:Speed>1.4459999799728394</ns3:Speed>
              </ns3:TPX>
            </Extensions>
          </Trackpoint>
          <Trackpoint>
            <Time>2026-02-26T08:09:10.000Z</Time>
            <Position>
              <LatitudeDegrees>51.76015083678067</LatitudeDegrees>
              <LongitudeDegrees>-0.23606423288583755</LongitudeDegrees>
            </Position>
            <AltitudeMeters>79.80000305175781</AltitudeMeters>
            <DistanceMeters>1781.18994140625</DistanceMeters>
            <HeartRateBpm>
              <Value>120</Value>
            </HeartRateBpm>
            <Extensions>
              <ns3:TPX>
                <ns3:Speed>1.4459999799728394</ns3:Speed>
              </ns3:TPX>
            </Extensions>
          </Trackpoint>
          <Trackpoint>
            <Time>2026-02-26T08:09:15.000Z</Time>
            <Position>
              <LatitudeDegrees>51.76012644544244</LatitudeDegrees>
              <LongitudeDegrees>-0.23613732308149338</LongitudeDegrees>
            </Position>
            <AltitudeMeters>80.0</AltitudeMeters>
            <DistanceMeters>1786.760009765625</DistanceMeters>
            <HeartRateBpm>
              <Value>122</Value>
            </HeartRateBpm>
            <Extensions>
              <ns3:TPX>
                <ns3:Speed>1.437000036239624</ns3:Speed>
              </ns3:TPX>
            </Extensions>
          </Trackpoint>
          <Trackpoint>
            <Time>2026-02-26T08:09:21.000Z</Time>
            <Position>
              <LatitudeDegrees>51.76009803079069</LatitudeDegrees>
              <LongitudeDegrees>-0.23628023453056812</LongitudeDegrees>
            </Position>
            <AltitudeMeters>79.80000305175781</AltitudeMeters>
            <DistanceMeters>1797.02001953125</DistanceMeters>
            <HeartRateBpm>
              <Value>121</Value>
            </HeartRateBpm>
            <Extensions>
              <ns3:TPX>
                <ns3:Speed>1.4279999732971191</ns3:Speed>
              </ns3:TPX>
            </Extensions>
          </Trackpoint>
          <Trackpoint>
            <Time>2026-02-26T08:09:27.000Z</Time>
            <Position>
              <LatitudeDegrees>51.760060815140605</LatitudeDegrees>
              <LongitudeDegrees>-0.23638710379600525</LongitudeDegrees>
            </Position>
            <AltitudeMeters>79.4000015258789</AltitudeMeters>
            <DistanceMeters>1805.3399658203125</DistanceMeters>
            <HeartRateBpm>
              <Value>121</Value>
            </HeartRateBpm>
            <Extensions>
              <ns3:TPX>
                <ns3:Speed>1.437000036239624</ns3:Speed>
              </ns3:TPX>
            </Extensions>
          </Trackpoint>
          <Trackpoint>
            <Time>2026-02-26T08:09:38.000Z</Time>
            <Position>
              <LatitudeDegrees>51.759985126554966</LatitudeDegrees>
              <LongitudeDegrees>-0.23659078404307365</LongitudeDegrees>
            </Position>
            <AltitudeMeters>79.4000015258789</AltitudeMeters>
            <DistanceMeters>1822.260009765625</DistanceMeters>
            <HeartRateBpm>
              <Value>119</Value>
            </HeartRateBpm>
            <Extensions>
              <ns3:TPX>
                <ns3:Speed>1.4559999704360962</ns3:Speed>
              </ns3:TPX>
            </Extensions>
          </Trackpoint>
          <Trackpoint>
            <Time>2026-02-26T08:09:49.000Z</Time>
            <Position>
              <LatitudeDegrees>51.75991899333894</LatitudeDegrees>
              <LongitudeDegrees>-0.23682799190282822</LongitudeDegrees>
            </Position>
            <AltitudeMeters>79.0</AltitudeMeters>
            <DistanceMeters>1840.030029296875</DistanceMeters>
            <HeartRateBpm>
              <Value>119</Value>
            </HeartRateBpm>
            <Extensions>
              <ns3:TPX>
                <ns3:Speed>1.4839999675750732</ns3:Speed>
              </ns3:TPX>
            </Extensions>
          </Trackpoint>
          <Trackpoint>
            <Time>2026-02-26T08:09:54.000Z</Time>
            <Position>
              <LatitudeDegrees>51.759896194562316</LatitudeDegrees>
              <LongitudeDegrees>-0.23691080510616302</LongitudeDegrees>
            </Position>
            <AltitudeMeters>78.80000305175781</AltitudeMeters>
            <DistanceMeters>1845.8299560546875</DistanceMeters>
            <HeartRateBpm>
              <Value>119</Value>
            </HeartRateBpm>
            <Extensions>
              <ns3:TPX>
                <ns3:Speed>1.4839999675750732</ns3:Speed>
              </ns3:TPX>
            </Extensions>
          </Trackpoint>
          <Trackpoint>
            <Time>2026-02-26T08:09:57.000Z</Time>
            <Position>
              <LatitudeDegrees>51.75987582653761</LatitudeDegrees>
              <LongitudeDegrees>-0.23696696385741234</LongitudeDegrees>
            </Position>
            <AltitudeMeters>78.5999984741211</AltitudeMeters>
            <DistanceMeters>1850.510009765625</DistanceMeters>
            <HeartRateBpm>
              <Value>118</Value>
            </HeartRateBpm>
            <Extensions>
              <ns3:TPX>
                <ns3:Speed>1.4739999771118164</ns3:Speed>
              </ns3:TPX>
            </Extensions>
          </Trackpoint>
          <Trackpoint>
            <Time>2026-02-26T08:10:01.000Z</Time>
            <Position>
              <LatitudeDegrees>51.75984112545848</LatitudeDegrees>
              <LongitudeDegrees>-0.237039215862751</LongitudeDegrees>
            </Position>
            <AltitudeMeters>78.4000015258789</AltitudeMeters>
            <DistanceMeters>1856.5</DistanceMeters>
            <HeartRateBpm>
              <Value>121</Value>
            </HeartRateBpm>
            <Extensions>
              <ns3:TPX>
                <ns3:Speed>1.4739999771118164</ns3:Speed>
              </ns3:TPX>
            </Extensions>
          </Trackpoint>
          <Trackpoint>
            <Time>2026-02-26T08:10:05.000Z</Time>
            <Position>
              <LatitudeDegrees>51.75980994477868</LatitudeDegrees>
              <LongitudeDegrees>-0.2371056005358696</LongitudeDegrees>
            </Position>
            <AltitudeMeters>78.19999694824219</AltitudeMeters>
            <DistanceMeters>1862.719970703125</DistanceMeters>
            <HeartRateBpm>
              <Value>121</Value>
            </HeartRateBpm>
            <Extensions>
              <ns3:TPX>
                <ns3:Speed>1.4839999675750732</ns3:Speed>
              </ns3:TPX>
            </Extensions>
          </Trackpoint>
          <Trackpoint>
            <Time>2026-02-26T08:10:15.000Z</Time>
            <Position>
              <LatitudeDegrees>51.75974892452359</LatitudeDegrees>
              <LongitudeDegrees>-0.23731045424938202</LongitudeDegrees>
            </Position>
            <AltitudeMeters>78.5999984741211</AltitudeMeters>
            <DistanceMeters>1878.6099853515625</DistanceMeters>
            <HeartRateBpm>
              <Value>122</Value>
            </HeartRateBpm>
            <Extensions>
              <ns3:TPX>
                <ns3:Speed>1.4930000305175781</ns3:Speed>
              </ns3:TPX>
            </Extensions>
          </Trackpoint>
          <Trackpoint>
            <Time>2026-02-26T08:10:19.000Z</Time>
            <Position>
              <LatitudeDegrees>51.75972210243344</LatitudeDegrees>
              <LongitudeDegrees>-0.23739184252917767</LongitudeDegrees>
            </Position>
            <AltitudeMeters>78.4000015258789</AltitudeMeters>
            <DistanceMeters>1885.1099853515625</DistanceMeters>
            <HeartRateBpm>
              <Value>119</Value>
            </HeartRateBpm>
            <Extensions>
              <ns3:TPX>
                <ns3:Speed>1.5019999742507935</ns3:Speed>
              </ns3:TPX>
            </Extensions>
          </Trackpoint>
          <Trackpoint>
            <Time>2026-02-26T08:10:24.000Z</Time>
            <Position>
              <LatitudeDegrees>51.759692849591374</LatitudeDegrees>
              <LongitudeDegrees>-0.2374769188463688</LongitudeDegrees>
            </Position>
            <AltitudeMeters>78.5999984741211</AltitudeMeters>
            <DistanceMeters>1891.72998046875</DistanceMeters>
            <HeartRateBpm>
              <Value>118</Value>
            </HeartRateBpm>
            <Extensions>
              <ns3:TPX>
                <ns3:Speed>1.5019999742507935</ns3:Speed>
              </ns3:TPX>
            </Extensions>
          </Trackpoint>
          <Trackpoint>
            <Time>2026-02-26T08:10:32.000Z</Time>
            <Position>
              <LatitudeDegrees>51.75964926369488</LatitudeDegrees>
              <LongitudeDegrees>-0.23762695491313934</LongitudeDegrees>
            </Position>
            <AltitudeMeters>78.19999694824219</AltitudeMeters>
            <DistanceMeters>1902.77001953125</DistanceMeters>
            <HeartRateBpm>
              <Value>121</Value>
            </HeartRateBpm>
            <Extensions>
              <ns3:TPX>
                <ns3:Speed>1.5019999742507935</ns3:Speed>
              </ns3:TPX>
            </Extensions>
          </Trackpoint>
          <Trackpoint>
            <Time>2026-02-26T08:10:34.000Z</Time>
            <Position>
              <LatitudeDegrees>51.75963627174497</LatitudeDegrees>
              <LongitudeDegrees>-0.23766551166772842</LongitudeDegrees>
            </Position>
            <AltitudeMeters>77.80000305175781</AltitudeMeters>
            <DistanceMeters>1906.010009765625</DistanceMeters>
            <HeartRateBpm>
              <Value>121</Value>
            </HeartRateBpm>
            <Extensions>
              <ns3:TPX>
                <ns3:Speed>1.5019999742507935</ns3:Speed>
              </ns3:TPX>
            </Extensions>
          </Trackpoint>
          <Trackpoint>
            <Time>2026-02-26T08:10:44.000Z</Time>
            <Position>
              <LatitudeDegrees>51.75957391038537</LatitudeDegrees>
              <LongitudeDegrees>-0.23788025602698326</LongitudeDegrees>
            </Position>
            <AltitudeMeters>78.19999694824219</AltitudeMeters>
            <DistanceMeters>1922.6099853515625</DistanceMeters>
            <HeartRateBpm>
              <Value>120</Value>
            </HeartRateBpm>
            <Extensions>
              <ns3:TPX>
                <ns3:Speed>1.5299999713897705</ns3:Speed>
              </ns3:TPX>
            </Extensions>
          </Trackpoint>
          <Trackpoint>
            <Time>2026-02-26T08:10:55.000Z</Time>
            <Position>
              <LatitudeDegrees>51.7595190089196</LatitudeDegrees>
              <LongitudeDegrees>-0.23808217607438564</LongitudeDegrees>
            </Position>
            <AltitudeMeters>77.80000305175781</AltitudeMeters>
            <DistanceMeters>1937.72998046875</DistanceMeters>
            <HeartRateBpm>
              <Value>120</Value>
            </HeartRateBpm>
            <Extensions>
              <ns3:TPX>
                <ns3:Speed>1.5210000276565552</ns3:Speed>
              </ns3:TPX>
            </Extensions>
          </Trackpoint>
          <Trackpoint>
            <Time>2026-02-26T08:11:04.000Z</Time>
            <Position>
              <LatitudeDegrees>51.759452037513256</LatitudeDegrees>
              <LongitudeDegrees>-0.23825325071811676</LongitudeDegrees>
            </Position>
            <AltitudeMeters>78.0</AltitudeMeters>
            <DistanceMeters>1951.4300537109375</DistanceMeters>
            <HeartRateBpm>
              <Value>120</Value>
            </HeartRateBpm>
            <Extensions>
              <ns3:TPX>
                <ns3:Speed>1.5119999647140503</ns3:Speed>
              </ns3:TPX>
            </Extensions>
          </Trackpoint>
          <Trackpoint>
            <Time>2026-02-26T08:11:08.000Z</Time>
            <Position>
              <LatitudeDegrees>51.75943032838404</LatitudeDegrees>
              <LongitudeDegrees>-0.23833321407437325</LongitudeDegrees>
            </Position>
            <AltitudeMeters>78.19999694824219</AltitudeMeters>
            <DistanceMeters>1957.8199462890625</DistanceMeters>
            <HeartRateBpm>
              <Value>117</Value>
            </HeartRateBpm>
            <Extensions>
              <ns3:TPX>
                <ns3:Speed>1.5210000276565552</ns3:Speed>
              </ns3:TPX>
            </Extensions>
          </Trackpoint>
          <Trackpoint>
            <Time>2026-02-26T08:11:12.000Z</Time>
            <Position>
              <LatitudeDegrees>51.75940643996</LatitudeDegrees>
              <LongitudeDegrees>-0.2384124230593443</LongitudeDegrees>
            </Position>
            <AltitudeMeters>77.80000305175781</AltitudeMeters>
            <DistanceMeters>1964.1099853515625</DistanceMeters>
            <HeartRateBpm>
              <Value>114</Value>
            </HeartRateBpm>
            <Extensions>
              <ns3:TPX>
                <ns3:Speed>1.5210000276565552</ns3:Speed>
              </ns3:TPX>
            </Extensions>
          </Trackpoint>
          <Trackpoint>
            <Time>2026-02-26T08:11:13.000Z</Time>
            <Position>
              <LatitudeDegrees>51.75939990207553</LatitudeDegrees>
              <LongitudeDegrees>-0.23843128234148026</LongitudeDegrees>
            </Position>
            <AltitudeMeters>77.80000305175781</AltitudeMeters>
            <DistanceMeters>1965.72998046875</DistanceMeters>
            <HeartRateBpm>
              <Value>114</Value>
            </HeartRateBpm>
            <Extensions>
              <ns3:TPX>
                <ns3:Speed>1.5210000276565552</ns3:Speed>
              </ns3:TPX>
            </Extensions>
          </Trackpoint>
          <Trackpoint>
            <Time>2026-02-26T08:11:16.000Z</Time>
            <Position>
              <LatitudeDegrees>51.75937836058438</LatitudeDegrees>
              <LongitudeDegrees>-0.23847042582929134</LongitudeDegrees>
            </Position>
            <AltitudeMeters>77.80000305175781</AltitudeMeters>
            <DistanceMeters>1969.1500244140625</DistanceMeters>
            <HeartRateBpm>
              <Value>117</Value>
            </HeartRateBpm>
            <Extensions>
              <ns3:TPX>
                <ns3:Speed>1.5210000276565552</ns3:Speed>
              </ns3:TPX>
            </Extensions>
          </Trackpoint>
          <Trackpoint>
            <Time>2026-02-26T08:11:19.000Z</Time>
            <Position>
              <LatitudeDegrees>51.75936218351126</LatitudeDegrees>
              <LongitudeDegrees>-0.2385251596570015</LongitudeDegrees>
            </Position>
            <AltitudeMeters>77.80000305175781</AltitudeMeters>
            <DistanceMeters>1973.1099853515625</DistanceMeters>
            <HeartRateBpm>
              <Value>120</Value>
            </HeartRateBpm>
            <Extensions>
              <ns3:TPX>
                <ns3:Speed>1.5119999647140503</ns3:Speed>
              </ns3:TPX>
            </Extensions>
          </Trackpoint>
          <Trackpoint>
            <Time>2026-02-26T08:11:21.000Z</Time>
            <Position>
              <LatitudeDegrees>51.75934667699039</LatitudeDegrees>
              <LongitudeDegrees>-0.2385676559060812</LongitudeDegrees>
            </Position>
            <AltitudeMeters>78.0</AltitudeMeters>
            <DistanceMeters>1976.6199951171875</DistanceMeters>
            <HeartRateBpm>
              <Value>120</Value>
            </HeartRateBpm>
            <Extensions>
              <ns3:TPX>
                <ns3:Speed>1.5119999647140503</ns3:Speed>
              </ns3:TPX>
            </Extensions>
          </Trackpoint>
          <Trackpoint>
            <Time>2026-02-26T08:11:29.000Z</Time>
            <Position>
              <LatitudeDegrees>51.759301917627454</LatitudeDegrees>
              <LongitudeDegrees>-0.2387347910553217</LongitudeDegrees>
            </Position>
            <AltitudeMeters>77.4000015258789</AltitudeMeters>
            <DistanceMeters>1989.0400390625</DistanceMeters>
            <HeartRateBpm>
              <Value>117</Value>
            </HeartRateBpm>
            <Extensions>
              <ns3:TPX>
                <ns3:Speed>1.5210000276565552</ns3:Speed>
              </ns3:TPX>
            </Extensions>
          </Trackpoint>
          <Trackpoint>
            <Time>2026-02-26T08:11:32.000Z</Time>
            <Position>
              <LatitudeDegrees>51.75929546356201</LatitudeDegrees>
              <LongitudeDegrees>-0.23878851905465126</LongitudeDegrees>
            </Position>
            <AltitudeMeters>77.19999694824219</AltitudeMeters>
            <DistanceMeters>1992.780029296875</DistanceMeters>
            <HeartRateBpm>
              <Value>115</Value>
            </HeartRateBpm>
            <Extensions>
              <ns3:TPX>
                <ns3:Speed>1.5210000276565552</ns3:Speed>
              </ns3:TPX>
            </Extensions>
          </Trackpoint>
          <Trackpoint>
            <Time>2026-02-26T08:11:38.000Z</Time>
            <Position>
              <LatitudeDegrees>51.75929135642946</LatitudeDegrees>
              <LongitudeDegrees>-0.2389357890933752</LongitudeDegrees>
            </Position>
            <AltitudeMeters>77.5999984741211</AltitudeMeters>
            <DistanceMeters>2003.1400146484375</DistanceMeters>
            <HeartRateBpm>
              <Value>115</Value>
            </HeartRateBpm>
            <Extensions>
              <ns3:TPX>
                <ns3:Speed>1.5210000276565552</ns3:Speed>
              </ns3:TPX>
            </Extensions>
          </Trackpoint>
        </Track>
        <Extensions>
          <ns3:LX>
            <ns3:AvgSpeed>1.452999949455261</ns3:AvgSpeed>
            <ns3:AvgRunCadence>54</ns3:AvgRunCadence>
            <ns3:MaxRunCadence>60</ns3:MaxRunCadence>
          </ns3:LX>
        </Extensions>
      </Lap>
      <Lap StartTime="2026-02-26T08:11:38.000Z">
        <TotalTimeSeconds>682.151</TotalTimeSeconds>
        <DistanceMeters>1000.0</DistanceMeters>
        <MaximumSpeed>1.968999981880188</MaximumSpeed>
        <Calories>65</Calories>
        <AverageHeartRateBpm>
          <Value>129</Value>
        </AverageHeartRateBpm>
        <MaximumHeartRateBpm>
          <Value>142</Value>
        </MaximumHeartRateBpm>
        <Intensity>Active</Intensity>
        <TriggerMethod>Manual</TriggerMethod>
        <Track>
          <Trackpoint>
            <Time>2026-02-26T08:11:38.000Z</Time>
            <Position>
              <LatitudeDegrees>51.75929135642946</LatitudeDegrees>
              <LongitudeDegrees>-0.2389357890933752</LongitudeDegrees>
            </Position>
            <AltitudeMeters>77.5999984741211</AltitudeMeters>
            <DistanceMeters>2003.1400146484375</DistanceMeters>
            <HeartRateBpm>
              <Value>115</Value>
            </HeartRateBpm>
            <Extensions>
              <ns3:TPX>
                <ns3:Speed>1.5210000276565552</ns3:Speed>
              </ns3:TPX>
            </Extensions>
          </Trackpoint>
          <Trackpoint>
            <Time>2026-02-26T08:11:40.000Z</Time>
            <Position>
              <LatitudeDegrees>51.75929403863847</LatitudeDegrees>
              <LongitudeDegrees>-0.23898163810372353</LongitudeDegrees>
            </Position>
            <AltitudeMeters>77.4000015258789</AltitudeMeters>
            <DistanceMeters>2005.2900390625</DistanceMeters>
            <HeartRateBpm>
              <Value>115</Value>
            </HeartRateBpm>
            <Extensions>
              <ns3:TPX>
                <ns3:Speed>1.5299999713897705</ns3:Speed>
              </ns3:TPX>
            </Extensions>
          </Trackpoint>
          <Trackpoint>
            <Time>2026-02-26T08:11:48.000Z</Time>
            <Position>
              <LatitudeDegrees>51.75931968726218</LatitudeDegrees>
              <LongitudeDegrees>-0.23912480100989342</LongitudeDegrees>
            </Position>
            <AltitudeMeters>77.19999694824219</AltitudeMeters>
            <DistanceMeters>2016.800048828125</DistanceMeters>
            <HeartRateBpm>
              <Value>116</Value>
            </HeartRateBpm>
            <Extensions>
              <ns3:TPX>
                <ns3:Speed>1.5210000276565552</ns3:Speed>
              </ns3:TPX>
            </Extensions>
          </Trackpoint>
          <Trackpoint>
            <Time>2026-02-26T08:11:49.000Z</Time>
            <Position>
              <LatitudeDegrees>51.7593221180141</LatitudeDegrees>
              <LongitudeDegrees>-0.23915179073810577</LongitudeDegrees>
            </Position>
            <AltitudeMeters>77.4000015258789</AltitudeMeters>
            <DistanceMeters>2018.8399658203125</DistanceMeters>
            <HeartRateBpm>
              <Value>119</Value>
            </HeartRateBpm>
            <Extensions>
              <ns3:TPX>
                <ns3:Speed>1.5210000276565552</ns3:Speed>
              </ns3:TPX>
            </Extensions>
          </Trackpoint>
          <Trackpoint>
            <Time>2026-02-26T08:11:51.000Z</Time>
            <Position>
              <LatitudeDegrees>51.75932463258505</LatitudeDegrees>
              <LongitudeDegrees>-0.23920132778584957</LongitudeDegrees>
            </Position>
            <AltitudeMeters>77.5999984741211</AltitudeMeters>
            <DistanceMeters>2022.239990234375</DistanceMeters>
            <HeartRateBpm>
              <Value>122</Value>
            </HeartRateBpm>
            <Extensions>
              <ns3:TPX>
                <ns3:Speed>1.5299999713897705</ns3:Speed>
              </ns3:TPX>
            </Extensions>
          </Trackpoint>
          <Trackpoint>
            <Time>2026-02-26T08:11:58.000Z</Time>
            <Position>
              <LatitudeDegrees>51.75931675359607</LatitudeDegrees>
              <LongitudeDegrees>-0.23935002274811268</LongitudeDegrees>
            </Position>
            <AltitudeMeters>77.4000015258789</AltitudeMeters>
            <DistanceMeters>2033.030029296875</DistanceMeters>
            <HeartRateBpm>
              <Value>124</Value>
            </HeartRateBpm>
            <Extensions>
              <ns3:TPX>
                <ns3:Speed>1.5399999618530273</ns3:Speed>
              </ns3:TPX>
            </Extensions>
          </Trackpoint>
          <Trackpoint>
            <Time>2026-02-26T08:12:06.000Z</Time>
            <Position>
              <LatitudeDegrees>51.759327398613095</LatitudeDegrees>
              <LongitudeDegrees>-0.23952294141054153</LongitudeDegrees>
            </Position>
            <AltitudeMeters>77.5999984741211</AltitudeMeters>
            <DistanceMeters>2044.8199462890625</DistanceMeters>
            <HeartRateBpm>
              <Value>124</Value>
            </HeartRateBpm>
            <Extensions>
              <ns3:TPX>
                <ns3:Speed>1.5399999618530273</ns3:Speed>
              </ns3:TPX>
            </Extensions>
          </Trackpoint>
          <Trackpoint>
            <Time>2026-02-26T08:12:14.000Z</Time>
            <Position>
              <LatitudeDegrees>51.759284315630794</LatitudeDegrees>
              <LongitudeDegrees>-0.2396191656589508</LongitudeDegrees>
            </Position>
            <AltitudeMeters>77.80000305175781</AltitudeMeters>
            <DistanceMeters>2052.780029296875</DistanceMeters>
            <HeartRateBpm>
              <Value>126</Value>
            </HeartRateBpm>
            <Extensions>
              <ns3:TPX>
                <ns3:Speed>1.5119999647140503</ns3:Speed>
              </ns3:TPX>
            </Extensions>
          </Trackpoint>
          <Trackpoint>
            <Time>2026-02-26T08:12:20.000Z</Time>
            <Position>
              <LatitudeDegrees>51.75928012467921</LatitudeDegrees>
              <LongitudeDegrees>-0.23962159641087055</LongitudeDegrees>
            </Position>
            <AltitudeMeters>77.19999694824219</AltitudeMeters>
            <DistanceMeters>2053.14990234375</DistanceMeters>
            <HeartRateBpm>
              <Value>123</Value>
            </HeartRateBpm>
            <Extensions>
              <ns3:TPX>
                <ns3:Speed>0.0</ns3:Speed>
              </ns3:TPX>
            </Extensions>
          </Trackpoint>
          <Trackpoint>
            <Time>2026-02-26T08:12:25.000Z</Time>
            <Position>
              <LatitudeDegrees>51.75928012467921</LatitudeDegrees>
              <LongitudeDegrees>-0.23962159641087055</LongitudeDegrees>
            </Position>
            <AltitudeMeters>77.4000015258789</AltitudeMeters>
            <DistanceMeters>2053.14990234375</DistanceMeters>
            <HeartRateBpm>
              <Value>121</Value>
            </HeartRateBpm>
            <Extensions>
              <ns3:TPX>
                <ns3:Speed>0.0</ns3:Speed>
              </ns3:TPX>
            </Extensions>
          </Trackpoint>
          <Trackpoint>
            <Time>2026-02-26T08:12:28.000Z</Time>
            <Position>
              <LatitudeDegrees>51.75926009193063</LatitudeDegrees>
              <LongitudeDegrees>-0.23966442793607712</LongitudeDegrees>
            </Position>
            <AltitudeMeters>78.0</AltitudeMeters>
            <DistanceMeters>2056.93994140625</DistanceMeters>
            <HeartRateBpm>
              <Value>118</Value>
            </HeartRateBpm>
            <Extensions>
              <ns3:TPX>
                <ns3:Speed>0.0</ns3:Speed>
              </ns3:TPX>
            </Extensions>
          </Trackpoint>
          <Trackpoint>
            <Time>2026-02-26T08:12:29.000Z</Time>
            <Position>
              <LatitudeDegrees>51.75925137475133</LatitudeDegrees>
              <LongitudeDegrees>-0.23968538269400597</LongitudeDegrees>
            </Position>
            <AltitudeMeters>78.19999694824219</AltitudeMeters>
            <DistanceMeters>2058.909912109375</DistanceMeters>
            <HeartRateBpm>
              <Value>116</Value>
            </HeartRateBpm>
            <Extensions>
              <ns3:TPX>
                <ns3:Speed>1.399999976158142</ns3:Speed>
              </ns3:TPX>
            </Extensions>
          </Trackpoint>
          <Trackpoint>
            <Time>2026-02-26T08:12:36.000Z</Time>
            <Position>
              <LatitudeDegrees>51.7591701541096</LatitudeDegrees>
              <LongitudeDegrees>-0.2397106122225523</LongitudeDegrees>
            </Position>
            <AltitudeMeters>77.5999984741211</AltitudeMeters>
            <DistanceMeters>2068.89990234375</DistanceMeters>
            <HeartRateBpm>
              <Value>117</Value>
            </HeartRateBpm>
            <Extensions>
              <ns3:TPX>
                <ns3:Speed>1.38100004196167</ns3:Speed>
              </ns3:TPX>
            </Extensions>
          </Trackpoint>
          <Trackpoint>
            <Time>2026-02-26T08:12:48.000Z</Time>
            <Position>
              <LatitudeDegrees>51.75899639725685</LatitudeDegrees>
              <LongitudeDegrees>-0.23967985063791275</LongitudeDegrees>
            </Position>
            <AltitudeMeters>77.80000305175781</AltitudeMeters>
            <DistanceMeters>2088.39990234375</DistanceMeters>
            <HeartRateBpm>
              <Value>119</Value>
            </HeartRateBpm>
            <Extensions>
              <ns3:TPX>
                <ns3:Speed>1.6699999570846558</ns3:Speed>
              </ns3:TPX>
            </Extensions>
          </Trackpoint>
          <Trackpoint>
            <Time>2026-02-26T08:12:54.000Z</Time>
            <Position>
              <LatitudeDegrees>51.75892355851829</LatitudeDegrees>
              <LongitudeDegrees>-0.23970256559550762</LongitudeDegrees>
            </Position>
            <AltitudeMeters>78.0</AltitudeMeters>
            <DistanceMeters>2096.64990234375</DistanceMeters>
            <HeartRateBpm>
              <Value>124</Value>
            </HeartRateBpm>
            <Extensions>
              <ns3:TPX>
                <ns3:Speed>1.6050000190734863</ns3:Speed>
              </ns3:TPX>
            </Extensions>
          </Trackpoint>
          <Trackpoint>
            <Time>2026-02-26T08:12:57.000Z</Time>
            <Position>
              <LatitudeDegrees>51.758887600153685</LatitudeDegrees>
              <LongitudeDegrees>-0.2397520188242197</LongitudeDegrees>
            </Position>
            <AltitudeMeters>78.5999984741211</AltitudeMeters>
            <DistanceMeters>2101.7099609375</DistanceMeters>
            <HeartRateBpm>
              <Value>125</Value>
            </HeartRateBpm>
            <Extensions>
              <ns3:TPX>
                <ns3:Speed>1.5770000219345093</ns3:Speed>
              </ns3:TPX>
            </Extensions>
          </Trackpoint>
          <Trackpoint>
            <Time>2026-02-26T08:13:02.000Z</Time>
            <Position>
              <LatitudeDegrees>51.75884837284684</LatitudeDegrees>
              <LongitudeDegrees>-0.23984313011169434</LongitudeDegrees>
            </Position>
            <AltitudeMeters>77.80000305175781</AltitudeMeters>
            <DistanceMeters>2109.590087890625</DistanceMeters>
            <HeartRateBpm>
              <Value>122</Value>
            </HeartRateBpm>
            <Extensions>
              <ns3:TPX>
                <ns3:Speed>1.5959999561309814</ns3:Speed>
              </ns3:TPX>
            </Extensions>
          </Trackpoint>
          <Trackpoint>
            <Time>2026-02-26T08:13:06.000Z</Time>
            <Position>
              <LatitudeDegrees>51.75881694070995</LatitudeDegrees>
              <LongitudeDegrees>-0.23990649729967117</LongitudeDegrees>
            </Position>
            <AltitudeMeters>77.5999984741211</AltitudeMeters>
            <DistanceMeters>2114.89990234375</DistanceMeters>
            <HeartRateBpm>
              <Value>121</Value>
            </HeartRateBpm>
            <Extensions>
              <ns3:TPX>
                <ns3:Speed>1.5859999656677246</ns3:Speed>
              </ns3:TPX>
            </Extensions>
          </Trackpoint>
          <Trackpoint>
            <Time>2026-02-26T08:13:14.000Z</Time>
            <Position>
              <LatitudeDegrees>51.75874552689493</LatitudeDegrees>
              <LongitudeDegrees>-0.24007773958146572</LongitudeDegrees>
            </Position>
            <AltitudeMeters>77.0</AltitudeMeters>
            <DistanceMeters>2129.469970703125</DistanceMeters>
            <HeartRateBpm>
              <Value>120</Value>
            </HeartRateBpm>
            <Extensions>
              <ns3:TPX>
                <ns3:Speed>1.5859999656677246</ns3:Speed>
              </ns3:TPX>
            </Extensions>
          </Trackpoint>
          <Trackpoint>
            <Time>2026-02-26T08:13:22.000Z</Time>
            <Position>
              <LatitudeDegrees>51.75868174061179</LatitudeDegrees>
              <LongitudeDegrees>-0.2402333915233612</LongitudeDegrees>
            </Position>
            <AltitudeMeters>77.19999694824219</AltitudeMeters>
            <DistanceMeters>2142.179931640625</DistanceMeters>
            <HeartRateBpm>
              <Value>120</Value>
            </HeartRateBpm>
            <Extensions>
              <ns3:TPX>
                <ns3:Speed>1.6139999628067017</ns3:Speed>
              </ns3:TPX>
            </Extensions>
          </Trackpoint>
          <Trackpoint>
            <Time>2026-02-26T08:13:26.000Z</Time>
            <Position>
              <LatitudeDegrees>51.758647710084915</LatitudeDegrees>
              <LongitudeDegrees>-0.2403074037283659</LongitudeDegrees>
            </Position>
            <AltitudeMeters>76.80000305175781</AltitudeMeters>
            <DistanceMeters>2148.68994140625</DistanceMeters>
            <HeartRateBpm>
              <Value>120</Value>
            </HeartRateBpm>
            <Extensions>
              <ns3:TPX>
                <ns3:Speed>1.6239999532699585</ns3:Speed>
              </ns3:TPX>
            </Extensions>
          </Trackpoint>
          <Trackpoint>
            <Time>2026-02-26T08:13:33.000Z</Time>
            <Position>
              <LatitudeDegrees>51.75859716720879</LatitudeDegrees>
              <LongitudeDegrees>-0.24043941870331764</LongitudeDegrees>
            </Position>
            <AltitudeMeters>76.4000015258789</AltitudeMeters>
            <DistanceMeters>2159.6298828125</DistanceMeters>
            <HeartRateBpm>
              <Value>120</Value>
            </HeartRateBpm>
            <Extensions>
              <ns3:TPX>
                <ns3:Speed>1.6139999628067017</ns3:Speed>
              </ns3:TPX>
            </Extensions>
          </Trackpoint>
          <Trackpoint>
            <Time>2026-02-26T08:13:44.000Z</Time>
            <Position>
              <LatitudeDegrees>51.75849943421781</LatitudeDegrees>
              <LongitudeDegrees>-0.24063806980848312</LongitudeDegrees>
            </Position>
            <AltitudeMeters>76.4000015258789</AltitudeMeters>
            <DistanceMeters>2177.2099609375</DistanceMeters>
            <HeartRateBpm>
              <Value>120</Value>
            </HeartRateBpm>
            <Extensions>
              <ns3:TPX>
                <ns3:Speed>1.6239999532699585</ns3:Speed>
              </ns3:TPX>
            </Extensions>
          </Trackpoint>
          <Trackpoint>
            <Time>2026-02-26T08:13:52.000Z</Time>
            <Position>
              <LatitudeDegrees>51.75842651166022</LatitudeDegrees>
              <LongitudeDegrees>-0.24077335372567177</LongitudeDegrees>
            </Position>
            <AltitudeMeters>76.19999694824219</AltitudeMeters>
            <DistanceMeters>2189.699951171875</DistanceMeters>
            <HeartRateBpm>
              <Value>121</Value>
            </HeartRateBpm>
            <Extensions>
              <ns3:TPX>
                <ns3:Speed>1.6139999628067017</ns3:Speed>
              </ns3:TPX>
            </Extensions>
          </Trackpoint>
          <Trackpoint>
            <Time>2026-02-26T08:14:01.000Z</Time>
            <Position>
              <LatitudeDegrees>51.75835048779845</LatitudeDegrees>
              <LongitudeDegrees>-0.24092883802950382</LongitudeDegrees>
            </Position>
            <AltitudeMeters>76.19999694824219</AltitudeMeters>
            <DistanceMeters>2203.25</DistanceMeters>
            <HeartRateBpm>
              <Value>122</Value>
            </HeartRateBpm>
            <Extensions>
              <ns3:TPX>
                <ns3:Speed>1.6139999628067017</ns3:Speed>
              </ns3:TPX>
            </Extensions>
          </Trackpoint>
          <Trackpoint>
            <Time>2026-02-26T08:14:13.000Z</Time>
            <Position>
              <LatitudeDegrees>51.75824085250497</LatitudeDegrees>
              <LongitudeDegrees>-0.241125812754035</LongitudeDegrees>
            </Position>
            <AltitudeMeters>76.4000015258789</AltitudeMeters>
            <DistanceMeters>2221.320068359375</DistanceMeters>
            <HeartRateBpm>
              <Value>122</Value>
            </HeartRateBpm>
            <Extensions>
              <ns3:TPX>
                <ns3:Speed>1.5859999656677246</ns3:Speed>
              </ns3:TPX>
            </Extensions>
          </Trackpoint>
          <Trackpoint>
            <Time>2026-02-26T08:14:18.000Z</Time>
            <Position>
              <LatitudeDegrees>51.75820045173168</LatitudeDegrees>
              <LongitudeDegrees>-0.24120435118675232</LongitudeDegrees>
            </Position>
            <AltitudeMeters>75.5999984741211</AltitudeMeters>
            <DistanceMeters>2228.419921875</DistanceMeters>
            <HeartRateBpm>
              <Value>121</Value>
            </HeartRateBpm>
            <Extensions>
              <ns3:TPX>
                <ns3:Speed>1.5859999656677246</ns3:Speed>
              </ns3:TPX>
            </Extensions>
          </Trackpoint>
          <Trackpoint>
            <Time>2026-02-26T08:14:23.000Z</Time>
            <Position>
              <LatitudeDegrees>51.75815041176975</LatitudeDegrees>
              <LongitudeDegrees>-0.2412820514291525</LongitudeDegrees>
            </Position>
            <AltitudeMeters>75.80000305175781</AltitudeMeters>
            <DistanceMeters>2236.219970703125</DistanceMeters>
            <HeartRateBpm>
              <Value>119</Value>
            </HeartRateBpm>
            <Extensions>
              <ns3:TPX>
                <ns3:Speed>1.5770000219345093</ns3:Speed>
              </ns3:TPX>
            </Extensions>
          </Trackpoint>
          <Trackpoint>
            <Time>2026-02-26T08:14:27.000Z</Time>
            <Position>
              <LatitudeDegrees>51.75810565240681</LatitudeDegrees>
              <LongitudeDegrees>-0.24134181439876556</LongitudeDegrees>
            </Position>
            <AltitudeMeters>76.0</AltitudeMeters>
            <DistanceMeters>2242.60009765625</DistanceMeters>
            <HeartRateBpm>
              <Value>116</Value>
            </HeartRateBpm>
            <Extensions>
              <ns3:TPX>
                <ns3:Speed>1.5679999589920044</ns3:Speed>
              </ns3:TPX>
            </Extensions>
          </Trackpoint>
          <Trackpoint>
            <Time>2026-02-26T08:14:32.000Z</Time>
            <Position>
              <LatitudeDegrees>51.75805477425456</LatitudeDegrees>
              <LongitudeDegrees>-0.24141909554600716</LongitudeDegrees>
            </Position>
            <AltitudeMeters>75.5999984741211</AltitudeMeters>
            <DistanceMeters>2250.60009765625</DistanceMeters>
            <HeartRateBpm>
              <Value>117</Value>
            </HeartRateBpm>
            <Extensions>
              <ns3:TPX>
                <ns3:Speed>1.5679999589920044</ns3:Speed>
              </ns3:TPX>
            </Extensions>
          </Trackpoint>
          <Trackpoint>
            <Time>2026-02-26T08:14:41.000Z</Time>
            <Position>
              <LatitudeDegrees>51.75795209594071</LatitudeDegrees>
              <LongitudeDegrees>-0.2415288146585226</LongitudeDegrees>
            </Position>
            <AltitudeMeters>76.4000015258789</AltitudeMeters>
            <DistanceMeters>2264.070068359375</DistanceMeters>
            <HeartRateBpm>
              <Value>115</Value>
            </HeartRateBpm>
            <Extensions>
              <ns3:TPX>
                <ns3:Speed>1.5679999589920044</ns3:Speed>
              </ns3:TPX>
            </Extensions>
          </Trackpoint>
          <Trackpoint>
            <Time>2026-02-26T08:14:50.000Z</Time>
            <Position>
              <LatitudeDegrees>51.75784128718078</LatitudeDegrees>
              <LongitudeDegrees>-0.24160207249224186</LongitudeDegrees>
            </Position>
            <AltitudeMeters>75.80000305175781</AltitudeMeters>
            <DistanceMeters>2277.8701171875</DistanceMeters>
            <HeartRateBpm>
              <Value>117</Value>
            </HeartRateBpm>
            <Extensions>
              <ns3:TPX>
                <ns3:Speed>1.5579999685287476</ns3:Speed>
              </ns3:TPX>
            </Extensions>
          </Trackpoint>
          <Trackpoint>
            <Time>2026-02-26T08:15:01.000Z</Time>
            <Position>
              <LatitudeDegrees>51.757712960243225</LatitudeDegrees>
              <LongitudeDegrees>-0.24171363562345505</LongitudeDegrees>
            </Position>
            <AltitudeMeters>76.19999694824219</AltitudeMeters>
            <DistanceMeters>2293.830078125</DistanceMeters>
            <HeartRateBpm>
              <Value>122</Value>
            </HeartRateBpm>
            <Extensions>
              <ns3:TPX>
                <ns3:Speed>1.5490000247955322</ns3:Speed>
              </ns3:TPX>
            </Extensions>
          </Trackpoint>
          <Trackpoint>
            <Time>2026-02-26T08:15:02.000Z</Time>
            <Position>
              <LatitudeDegrees>51.757700219750404</LatitudeDegrees>
              <LongitudeDegrees>-0.24172361008822918</LongitudeDegrees>
            </Position>
            <AltitudeMeters>76.4000015258789</AltitudeMeters>
            <DistanceMeters>2295.510009765625</DistanceMeters>
            <HeartRateBpm>
              <Value>127</Value>
            </HeartRateBpm>
            <Extensions>
              <ns3:TPX>
                <ns3:Speed>1.5399999618530273</ns3:Speed>
              </ns3:TPX>
            </Extensions>
          </Trackpoint>
          <Trackpoint>
            <Time>2026-02-26T08:15:03.000Z</Time>
            <Position>
              <LatitudeDegrees>51.757683707401156</LatitudeDegrees>
              <LongitudeDegrees>-0.24173978716135025</LongitudeDegrees>
            </Position>
            <AltitudeMeters>76.4000015258789</AltitudeMeters>
            <DistanceMeters>2297.7099609375</DistanceMeters>
            <HeartRateBpm>
              <Value>131</Value>
            </HeartRateBpm>
            <Extensions>
              <ns3:TPX>
                <ns3:Speed>1.5399999618530273</ns3:Speed>
              </ns3:TPX>
            </Extensions>
          </Trackpoint>
          <Trackpoint>
            <Time>2026-02-26T08:15:08.000Z</Time>
            <Position>
              <LatitudeDegrees>51.75761271268129</LatitudeDegrees>
              <LongitudeDegrees>-0.2418027352541685</LongitudeDegrees>
            </Position>
            <AltitudeMeters>76.5999984741211</AltitudeMeters>
            <DistanceMeters>2306.39990234375</DistanceMeters>
            <HeartRateBpm>
              <Value>134</Value>
            </HeartRateBpm>
            <Extensions>
              <ns3:TPX>
                <ns3:Speed>1.5579999685287476</ns3:Speed>
              </ns3:TPX>
            </Extensions>
          </Trackpoint>
          <Trackpoint>
            <Time>2026-02-26T08:15:10.000Z</Time>
            <Position>
              <LatitudeDegrees>51.75758270546794</LatitudeDegrees>
              <LongitudeDegrees>-0.2418217621743679</LongitudeDegrees>
            </Position>
            <AltitudeMeters>76.5999984741211</AltitudeMeters>
            <DistanceMeters>2310.070068359375</DistanceMeters>
            <HeartRateBpm>
              <Value>134</Value>
            </HeartRateBpm>
            <Extensions>
              <ns3:TPX>
                <ns3:Speed>1.5579999685287476</ns3:Speed>
              </ns3:TPX>
            </Extensions>
          </Trackpoint>
          <Trackpoint>
            <Time>2026-02-26T08:15:11.000Z</Time>
            <Position>
              <LatitudeDegrees>51.75757088698447</LatitudeDegrees>
              <LongitudeDegrees>-0.24182913824915886</LongitudeDegrees>
            </Position>
            <AltitudeMeters>76.80000305175781</AltitudeMeters>
            <DistanceMeters>2311.659912109375</DistanceMeters>
            <HeartRateBpm>
              <Value>134</Value>
            </HeartRateBpm>
            <Extensions>
              <ns3:TPX>
                <ns3:Speed>1.5579999685287476</ns3:Speed>
              </ns3:TPX>
            </Extensions>
          </Trackpoint>
          <Trackpoint>
            <Time>2026-02-26T08:15:20.000Z</Time>
            <Position>
              <LatitudeDegrees>51.75746653228998</LatitudeDegrees>
              <LongitudeDegrees>-0.24192502722144127</LongitudeDegrees>
            </Position>
            <AltitudeMeters>76.4000015258789</AltitudeMeters>
            <DistanceMeters>2325.56005859375</DistanceMeters>
            <HeartRateBpm>
              <Value>134</Value>
            </HeartRateBpm>
            <Extensions>
              <ns3:TPX>
                <ns3:Speed>1.5579999685287476</ns3:Speed>
              </ns3:TPX>
            </Extensions>
          </Trackpoint>
          <Trackpoint>
            <Time>2026-02-26T08:15:22.000Z</Time>
            <Position>
              <LatitudeDegrees>51.75744381733239</LatitudeDegrees>
              <LongitudeDegrees>-0.2419475745409727</LongitudeDegrees>
            </Position>
            <AltitudeMeters>76.4000015258789</AltitudeMeters>
            <DistanceMeters>2328.580078125</DistanceMeters>
            <HeartRateBpm>
              <Value>130</Value>
            </HeartRateBpm>
            <Extensions>
              <ns3:TPX>
                <ns3:Speed>1.5679999589920044</ns3:Speed>
              </ns3:TPX>
            </Extensions>
          </Trackpoint>
          <Trackpoint>
            <Time>2026-02-26T08:15:24.000Z</Time>
            <Position>
              <LatitudeDegrees>51.75742194056511</LatitudeDegrees>
              <LongitudeDegrees>-0.24196852929890156</LongitudeDegrees>
            </Position>
            <AltitudeMeters>76.4000015258789</AltitudeMeters>
            <DistanceMeters>2331.3701171875</DistanceMeters>
            <HeartRateBpm>
              <Value>127</Value>
            </HeartRateBpm>
            <Extensions>
              <ns3:TPX>
                <ns3:Speed>1.5579999685287476</ns3:Speed>
              </ns3:TPX>
            </Extensions>
          </Trackpoint>
          <Trackpoint>
            <Time>2026-02-26T08:15:32.000Z</Time>
            <Position>
              <LatitudeDegrees>51.757327392697334</LatitudeDegrees>
              <LongitudeDegrees>-0.2420406136661768</LongitudeDegrees>
            </Position>
            <AltitudeMeters>76.5999984741211</AltitudeMeters>
            <DistanceMeters>2342.72998046875</DistanceMeters>
            <HeartRateBpm>
              <Value>127</Value>
            </HeartRateBpm>
            <Extensions>
              <ns3:TPX>
                <ns3:Speed>1.5399999618530273</ns3:Speed>
              </ns3:TPX>
            </Extensions>
          </Trackpoint>
          <Trackpoint>
            <Time>2026-02-26T08:15:44.000Z</Time>
            <Position>
              <LatitudeDegrees>51.757186744362116</LatitudeDegrees>
              <LongitudeDegrees>-0.24215745739638805</LongitudeDegrees>
            </Position>
            <AltitudeMeters>76.80000305175781</AltitudeMeters>
            <DistanceMeters>2360.39990234375</DistanceMeters>
            <HeartRateBpm>
              <Value>128</Value>
            </HeartRateBpm>
            <Extensions>
              <ns3:TPX>
                <ns3:Speed>1.5210000276565552</ns3:Speed>
              </ns3:TPX>
            </Extensions>
          </Trackpoint>
          <Trackpoint>
            <Time>2026-02-26T08:15:55.000Z</Time>
            <Position>
              <LatitudeDegrees>51.75706101581454</LatitudeDegrees>
              <LongitudeDegrees>-0.24228972382843494</LongitudeDegrees>
            </Position>
            <AltitudeMeters>76.5999984741211</AltitudeMeters>
            <DistanceMeters>2376.8701171875</DistanceMeters>
            <HeartRateBpm>
              <Value>128</Value>
            </HeartRateBpm>
            <Extensions>
              <ns3:TPX>
                <ns3:Speed>1.5019999742507935</ns3:Speed>
              </ns3:TPX>
            </Extensions>
          </Trackpoint>
          <Trackpoint>
            <Time>2026-02-26T08:16:05.000Z</Time>
            <Position>
              <LatitudeDegrees>51.75694207660854</LatitudeDegrees>
              <LongitudeDegrees>-0.2424049749970436</LongitudeDegrees>
            </Position>
            <AltitudeMeters>76.5999984741211</AltitudeMeters>
            <DistanceMeters>2392.27001953125</DistanceMeters>
            <HeartRateBpm>
              <Value>131</Value>
            </HeartRateBpm>
            <Extensions>
              <ns3:TPX>
                <ns3:Speed>1.5019999742507935</ns3:Speed>
              </ns3:TPX>
            </Extensions>
          </Trackpoint>
          <Trackpoint>
            <Time>2026-02-26T08:16:07.000Z</Time>
            <Position>
              <LatitudeDegrees>51.75691768527031</LatitudeDegrees>
              <LongitudeDegrees>-0.24243095889687538</LongitudeDegrees>
            </Position>
            <AltitudeMeters>76.5999984741211</AltitudeMeters>
            <DistanceMeters>2395.780029296875</DistanceMeters>
            <HeartRateBpm>
              <Value>132</Value>
            </HeartRateBpm>
            <Extensions>
              <ns3:TPX>
                <ns3:Speed>1.5019999742507935</ns3:Speed>
              </ns3:TPX>
            </Extensions>
          </Trackpoint>
          <Trackpoint>
            <Time>2026-02-26T08:16:14.000Z</Time>
            <Position>
              <LatitudeDegrees>51.756838308647275</LatitudeDegrees>
              <LongitudeDegrees>-0.24252282455563545</LongitudeDegrees>
            </Position>
            <AltitudeMeters>77.0</AltitudeMeters>
            <DistanceMeters>2406.8701171875</DistanceMeters>
            <HeartRateBpm>
              <Value>129</Value>
            </HeartRateBpm>
            <Extensions>
              <ns3:TPX>
                <ns3:Speed>1.5119999647140503</ns3:Speed>
              </ns3:TPX>
            </Extensions>
          </Trackpoint>
          <Trackpoint>
            <Time>2026-02-26T08:16:17.000Z</Time>
            <Position>
              <LatitudeDegrees>51.75680151209235</LatitudeDegrees>
              <LongitudeDegrees>-0.24255945347249508</LongitudeDegrees>
            </Position>
            <AltitudeMeters>76.80000305175781</AltitudeMeters>
            <DistanceMeters>2411.81005859375</DistanceMeters>
            <HeartRateBpm>
              <Value>128</Value>
            </HeartRateBpm>
            <Extensions>
              <ns3:TPX>
                <ns3:Speed>1.5119999647140503</ns3:Speed>
              </ns3:TPX>
            </Extensions>
          </Trackpoint>
          <Trackpoint>
            <Time>2026-02-26T08:16:28.000Z</Time>
            <Position>
              <LatitudeDegrees>51.75668156705797</LatitudeDegrees>
              <LongitudeDegrees>-0.2426717709749937</LongitudeDegrees>
            </Position>
            <AltitudeMeters>76.80000305175781</AltitudeMeters>
            <DistanceMeters>2426.820068359375</DistanceMeters>
            <HeartRateBpm>
              <Value>128</Value>
            </HeartRateBpm>
            <Extensions>
              <ns3:TPX>
                <ns3:Speed>1.5019999742507935</ns3:Speed>
              </ns3:TPX>
            </Extensions>
          </Trackpoint>
          <Trackpoint>
            <Time>2026-02-26T08:16:39.000Z</Time>
            <Position>
              <LatitudeDegrees>51.75654645077884</LatitudeDegrees>
              <LongitudeDegrees>-0.24276070296764374</LongitudeDegrees>
            </Position>
            <AltitudeMeters>76.5999984741211</AltitudeMeters>
            <DistanceMeters>2442.6201171875</DistanceMeters>
            <HeartRateBpm>
              <Value>128</Value>
            </HeartRateBpm>
            <Extensions>
              <ns3:TPX>
                <ns3:Speed>1.4839999675750732</ns3:Speed>
              </ns3:TPX>
            </Extensions>
          </Trackpoint>
          <Trackpoint>
            <Time>2026-02-26T08:16:46.000Z</Time>
            <Position>
              <LatitudeDegrees>51.75645349547267</LatitudeDegrees>
              <LongitudeDegrees>-0.24282298050820827</LongitudeDegrees>
            </Position>
            <AltitudeMeters>77.4000015258789</AltitudeMeters>
            <DistanceMeters>2454.300048828125</DistanceMeters>
            <HeartRateBpm>
              <Value>125</Value>
            </HeartRateBpm>
            <Extensions>
              <ns3:TPX>
                <ns3:Speed>1.4839999675750732</ns3:Speed>
              </ns3:TPX>
            </Extensions>
          </Trackpoint>
          <Trackpoint>
            <Time>2026-02-26T08:16:50.000Z</Time>
            <Position>
              <LatitudeDegrees>51.756402449682355</LatitudeDegrees>
              <LongitudeDegrees>-0.24287075735628605</LongitudeDegrees>
            </Position>
            <AltitudeMeters>77.19999694824219</AltitudeMeters>
            <DistanceMeters>2460.909912109375</DistanceMeters>
            <HeartRateBpm>
              <Value>126</Value>
            </HeartRateBpm>
            <Extensions>
              <ns3:TPX>
                <ns3:Speed>1.4930000305175781</ns3:Speed>
              </ns3:TPX>
            </Extensions>
          </Trackpoint>
          <Trackpoint>
            <Time>2026-02-26T08:16:58.000Z</Time>
            <Position>
              <LatitudeDegrees>51.75630555488169</LatitudeDegrees>
              <LongitudeDegrees>-0.24294007569551468</LongitudeDegrees>
            </Position>
            <AltitudeMeters>77.80000305175781</AltitudeMeters>
            <DistanceMeters>2472.8798828125</DistanceMeters>
            <HeartRateBpm>
              <Value>126</Value>
            </HeartRateBpm>
            <Extensions>
              <ns3:TPX>
                <ns3:Speed>1.5119999647140503</ns3:Speed>
              </ns3:TPX>
            </Extensions>
          </Trackpoint>
          <Trackpoint>
            <Time>2026-02-26T08:17:00.000Z</Time>
            <Position>
              <LatitudeDegrees>51.7562775593251</LatitudeDegrees>
              <LongitudeDegrees>-0.24296153336763382</LongitudeDegrees>
            </Position>
            <AltitudeMeters>77.80000305175781</AltitudeMeters>
            <DistanceMeters>2476.320068359375</DistanceMeters>
            <HeartRateBpm>
              <Value>127</Value>
            </HeartRateBpm>
            <Extensions>
              <ns3:TPX>
                <ns3:Speed>1.5019999742507935</ns3:Speed>
              </ns3:TPX>
            </Extensions>
          </Trackpoint>
          <Trackpoint>
            <Time>2026-02-26T08:17:05.000Z</Time>
            <Position>
              <LatitudeDegrees>51.75621444359422</LatitudeDegrees>
              <LongitudeDegrees>-0.2429935522377491</LongitudeDegrees>
            </Position>
            <AltitudeMeters>77.19999694824219</AltitudeMeters>
            <DistanceMeters>2483.89990234375</DistanceMeters>
            <HeartRateBpm>
              <Value>130</Value>
            </HeartRateBpm>
            <Extensions>
              <ns3:TPX>
                <ns3:Speed>1.5119999647140503</ns3:Speed>
              </ns3:TPX>
            </Extensions>
          </Trackpoint>
          <Trackpoint>
            <Time>2026-02-26T08:17:08.000Z</Time>
            <Position>
              <LatitudeDegrees>51.75616876222193</LatitudeDegrees>
              <LongitudeDegrees>-0.2430217992514372</LongitudeDegrees>
            </Position>
            <AltitudeMeters>77.4000015258789</AltitudeMeters>
            <DistanceMeters>2488.89990234375</DistanceMeters>
            <HeartRateBpm>
              <Value>129</Value>
            </HeartRateBpm>
            <Extensions>
              <ns3:TPX>
                <ns3:Speed>1.5019999742507935</ns3:Speed>
              </ns3:TPX>
            </Extensions>
          </Trackpoint>
          <Trackpoint>
            <Time>2026-02-26T08:17:12.000Z</Time>
            <Position>
              <LatitudeDegrees>51.75611050799489</LatitudeDegrees>
              <LongitudeDegrees>-0.24304820224642754</LongitudeDegrees>
            </Position>
            <AltitudeMeters>77.5999984741211</AltitudeMeters>
            <DistanceMeters>2496.360107421875</DistanceMeters>
            <HeartRateBpm>
              <Value>126</Value>
            </HeartRateBpm>
            <Extensions>
              <ns3:TPX>
                <ns3:Speed>1.5119999647140503</ns3:Speed>
              </ns3:TPX>
            </Extensions>
          </Trackpoint>
          <Trackpoint>
            <Time>2026-02-26T08:17:14.000Z</Time>
            <Position>
              <LatitudeDegrees>51.75608955323696</LatitudeDegrees>
              <LongitudeDegrees>-0.2430485375225544</LongitudeDegrees>
            </Position>
            <AltitudeMeters>77.80000305175781</AltitudeMeters>
            <DistanceMeters>2498.469970703125</DistanceMeters>
            <HeartRateBpm>
              <Value>123</Value>
            </HeartRateBpm>
            <Extensions>
              <ns3:TPX>
                <ns3:Speed>1.5210000276565552</ns3:Speed>
              </ns3:TPX>
            </Extensions>
          </Trackpoint>
          <Trackpoint>
            <Time>2026-02-26T08:17:18.000Z</Time>
            <Position>
              <LatitudeDegrees>51.75603875890374</LatitudeDegrees>
              <LongitudeDegrees>-0.2430697437375784</LongitudeDegrees>
            </Position>
            <AltitudeMeters>77.5999984741211</AltitudeMeters>
            <DistanceMeters>2503.8701171875</DistanceMeters>
            <HeartRateBpm>
              <Value>124</Value>
            </HeartRateBpm>
            <Extensions>
              <ns3:TPX>
                <ns3:Speed>1.5119999647140503</ns3:Speed>
              </ns3:TPX>
            </Extensions>
          </Trackpoint>
          <Trackpoint>
            <Time>2026-02-26T08:17:30.000Z</Time>
            <Position>
              <LatitudeDegrees>51.75587145611644</LatitudeDegrees>
              <LongitudeDegrees>-0.24309899657964706</LongitudeDegrees>
            </Position>
            <AltitudeMeters>77.4000015258789</AltitudeMeters>
            <DistanceMeters>2523.090087890625</DistanceMeters>
            <HeartRateBpm>
              <Value>125</Value>
            </HeartRateBpm>
            <Extensions>
              <ns3:TPX>
                <ns3:Speed>1.5210000276565552</ns3:Speed>
              </ns3:TPX>
            </Extensions>
          </Trackpoint>
          <Trackpoint>
            <Time>2026-02-26T08:17:38.000Z</Time>
            <Position>
              <LatitudeDegrees>51.7557664308697</LatitudeDegrees>
              <LongitudeDegrees>-0.24307292886078358</LongitudeDegrees>
            </Position>
            <AltitudeMeters>77.5999984741211</AltitudeMeters>
            <DistanceMeters>2534.340087890625</DistanceMeters>
            <HeartRateBpm>
              <Value>126</Value>
            </HeartRateBpm>
            <Extensions>
              <ns3:TPX>
                <ns3:Speed>1.5119999647140503</ns3:Speed>
              </ns3:TPX>
            </Extensions>
          </Trackpoint>
          <Trackpoint>
            <Time>2026-02-26T08:17:46.000Z</Time>
            <Position>
              <LatitudeDegrees>51.75565671175718</LatitudeDegrees>
              <LongitudeDegrees>-0.24307242594659328</LongitudeDegrees>
            </Position>
            <AltitudeMeters>77.4000015258789</AltitudeMeters>
            <DistanceMeters>2547.090087890625</DistanceMeters>
            <HeartRateBpm>
              <Value>123</Value>
            </HeartRateBpm>
            <Extensions>
              <ns3:TPX>
                <ns3:Speed>1.5299999713897705</ns3:Speed>
              </ns3:TPX>
            </Extensions>
          </Trackpoint>
          <Trackpoint>
            <Time>2026-02-26T08:17:47.000Z</Time>
            <Position>
              <LatitudeDegrees>51.755648497492075</LatitudeDegrees>
              <LongitudeDegrees>-0.24306463077664375</LongitudeDegrees>
            </Position>
            <AltitudeMeters>77.4000015258789</AltitudeMeters>
            <DistanceMeters>2547.760009765625</DistanceMeters>
            <HeartRateBpm>
              <Value>123</Value>
            </HeartRateBpm>
            <Extensions>
              <ns3:TPX>
                <ns3:Speed>1.5299999713897705</ns3:Speed>
              </ns3:TPX>
            </Extensions>
          </Trackpoint>
          <Trackpoint>
            <Time>2026-02-26T08:17:48.000Z</Time>
            <Position>
              <LatitudeDegrees>51.75563374534249</LatitudeDegrees>
              <LongitudeDegrees>-0.243061613291502</LongitudeDegrees>
            </Position>
            <AltitudeMeters>77.19999694824219</AltitudeMeters>
            <DistanceMeters>2549.239990234375</DistanceMeters>
            <HeartRateBpm>
              <Value>123</Value>
            </HeartRateBpm>
            <Extensions>
              <ns3:TPX>
                <ns3:Speed>1.5210000276565552</ns3:Speed>
              </ns3:TPX>
            </Extensions>
          </Trackpoint>
          <Trackpoint>
            <Time>2026-02-26T08:17:56.000Z</Time>
            <Position>
              <LatitudeDegrees>51.755520002916455</LatitudeDegrees>
              <LongitudeDegrees>-0.2430735994130373</LongitudeDegrees>
            </Position>
            <AltitudeMeters>77.4000015258789</AltitudeMeters>
            <DistanceMeters>2561.81005859375</DistanceMeters>
            <HeartRateBpm>
              <Value>119</Value>
            </HeartRateBpm>
            <Extensions>
              <ns3:TPX>
                <ns3:Speed>1.5210000276565552</ns3:Speed>
              </ns3:TPX>
            </Extensions>
          </Trackpoint>
          <Trackpoint>
            <Time>2026-02-26T08:17:58.000Z</Time>
            <Position>
              <LatitudeDegrees>51.75549494102597</LatitudeDegrees>
              <LongitudeDegrees>-0.24307552725076675</LongitudeDegrees>
            </Position>
            <AltitudeMeters>77.4000015258789</AltitudeMeters>
            <DistanceMeters>2564.93994140625</DistanceMeters>
            <HeartRateBpm>
              <Value>119</Value>
            </HeartRateBpm>
            <Extensions>
              <ns3:TPX>
                <ns3:Speed>1.5210000276565552</ns3:Speed>
              </ns3:TPX>
            </Extensions>
          </Trackpoint>
          <Trackpoint>
            <Time>2026-02-26T08:18:08.000Z</Time>
            <Position>
              <LatitudeDegrees>51.75535596907139</LatitudeDegrees>
              <LongitudeDegrees>-0.24307711981236935</LongitudeDegrees>
            </Position>
            <AltitudeMeters>77.80000305175781</AltitudeMeters>
            <DistanceMeters>2580.35009765625</DistanceMeters>
            <HeartRateBpm>
              <Value>119</Value>
            </HeartRateBpm>
            <Extensions>
              <ns3:TPX>
                <ns3:Speed>1.5210000276565552</ns3:Speed>
              </ns3:TPX>
            </Extensions>
          </Trackpoint>
          <Trackpoint>
            <Time>2026-02-26T08:18:11.000Z</Time>
            <Position>
              <LatitudeDegrees>51.755316238850355</LatitudeDegrees>
              <LongitudeDegrees>-0.24307862855494022</LongitudeDegrees>
            </Position>
            <AltitudeMeters>77.5999984741211</AltitudeMeters>
            <DistanceMeters>2584.64990234375</DistanceMeters>
            <HeartRateBpm>
              <Value>122</Value>
            </HeartRateBpm>
            <Extensions>
              <ns3:TPX>
                <ns3:Speed>1.5210000276565552</ns3:Speed>
              </ns3:TPX>
            </Extensions>
          </Trackpoint>
          <Trackpoint>
            <Time>2026-02-26T08:18:14.000Z</Time>
            <Position>
              <LatitudeDegrees>51.75527290441096</LatitudeDegrees>
              <LongitudeDegrees>-0.24307678453624249</LongitudeDegrees>
            </Position>
            <AltitudeMeters>77.80000305175781</AltitudeMeters>
            <DistanceMeters>2589.199951171875</DistanceMeters>
            <HeartRateBpm>
              <Value>126</Value>
            </HeartRateBpm>
            <Extensions>
              <ns3:TPX>
                <ns3:Speed>1.5210000276565552</ns3:Speed>
              </ns3:TPX>
            </Extensions>
          </Trackpoint>
          <Trackpoint>
            <Time>2026-02-26T08:18:17.000Z</Time>
            <Position>
              <LatitudeDegrees>51.75522764213383</LatitudeDegrees>
              <LongitudeDegrees>-0.24307494051754475</LongitudeDegrees>
            </Position>
            <AltitudeMeters>78.19999694824219</AltitudeMeters>
            <DistanceMeters>2594.419921875</DistanceMeters>
            <HeartRateBpm>
              <Value>131</Value>
            </HeartRateBpm>
            <Extensions>
              <ns3:TPX>
                <ns3:Speed>1.5210000276565552</ns3:Speed>
              </ns3:TPX>
            </Extensions>
          </Trackpoint>
          <Trackpoint>
            <Time>2026-02-26T08:18:21.000Z</Time>
            <Position>
              <LatitudeDegrees>51.755170142278075</LatitudeDegrees>
              <LongitudeDegrees>-0.24307787418365479</LongitudeDegrees>
            </Position>
            <AltitudeMeters>78.4000015258789</AltitudeMeters>
            <DistanceMeters>2601.050048828125</DistanceMeters>
            <HeartRateBpm>
              <Value>134</Value>
            </HeartRateBpm>
            <Extensions>
              <ns3:TPX>
                <ns3:Speed>1.5299999713897705</ns3:Speed>
              </ns3:TPX>
            </Extensions>
          </Trackpoint>
          <Trackpoint>
            <Time>2026-02-26T08:18:34.000Z</Time>
            <Position>
              <LatitudeDegrees>51.75499998964369</LatitudeDegrees>
              <LongitudeDegrees>-0.2430871780961752</LongitudeDegrees>
            </Position>
            <AltitudeMeters>77.5999984741211</AltitudeMeters>
            <DistanceMeters>2619.97998046875</DistanceMeters>
            <HeartRateBpm>
              <Value>134</Value>
            </HeartRateBpm>
            <Extensions>
              <ns3:TPX>
                <ns3:Speed>1.5210000276565552</ns3:Speed>
              </ns3:TPX>
            </Extensions>
          </Trackpoint>
          <Trackpoint>
            <Time>2026-02-26T08:18:45.000Z</Time>
            <Position>
              <LatitudeDegrees>51.754846684634686</LatitudeDegrees>
              <LongitudeDegrees>-0.24308097548782825</LongitudeDegrees>
            </Position>
            <AltitudeMeters>78.4000015258789</AltitudeMeters>
            <DistanceMeters>2637.260009765625</DistanceMeters>
            <HeartRateBpm>
              <Value>137</Value>
            </HeartRateBpm>
            <Extensions>
              <ns3:TPX>
                <ns3:Speed>1.5210000276565552</ns3:Speed>
              </ns3:TPX>
            </Extensions>
          </Trackpoint>
          <Trackpoint>
            <Time>2026-02-26T08:18:55.000Z</Time>
            <Position>
              <LatitudeDegrees>51.75471609458327</LatitudeDegrees>
              <LongitudeDegrees>-0.24307343177497387</LongitudeDegrees>
            </Position>
            <AltitudeMeters>78.5999984741211</AltitudeMeters>
            <DistanceMeters>2650.85009765625</DistanceMeters>
            <HeartRateBpm>
              <Value>135</Value>
            </HeartRateBpm>
            <Extensions>
              <ns3:TPX>
                <ns3:Speed>1.5210000276565552</ns3:Speed>
              </ns3:TPX>
            </Extensions>
          </Trackpoint>
          <Trackpoint>
            <Time>2026-02-26T08:19:00.000Z</Time>
            <Position>
              <LatitudeDegrees>51.75464065745473</LatitudeDegrees>
              <LongitudeDegrees>-0.24308047257363796</LongitudeDegrees>
            </Position>
            <AltitudeMeters>78.80000305175781</AltitudeMeters>
            <DistanceMeters>2659.409912109375</DistanceMeters>
            <HeartRateBpm>
              <Value>136</Value>
            </HeartRateBpm>
            <Extensions>
              <ns3:TPX>
                <ns3:Speed>1.5210000276565552</ns3:Speed>
              </ns3:TPX>
            </Extensions>
          </Trackpoint>
          <Trackpoint>
            <Time>2026-02-26T08:19:04.000Z</Time>
            <Position>
              <LatitudeDegrees>51.754585253074765</LatitudeDegrees>
              <LongitudeDegrees>-0.24307586252689362</LongitudeDegrees>
            </Position>
            <AltitudeMeters>78.80000305175781</AltitudeMeters>
            <DistanceMeters>2666.02001953125</DistanceMeters>
            <HeartRateBpm>
              <Value>137</Value>
            </HeartRateBpm>
            <Extensions>
              <ns3:TPX>
                <ns3:Speed>1.5299999713897705</ns3:Speed>
              </ns3:TPX>
            </Extensions>
          </Trackpoint>
          <Trackpoint>
            <Time>2026-02-26T08:19:08.000Z</Time>
            <Position>
              <LatitudeDegrees>51.75452934578061</LatitudeDegrees>
              <LongitudeDegrees>-0.2430708333849907</LongitudeDegrees>
            </Position>
            <AltitudeMeters>78.80000305175781</AltitudeMeters>
            <DistanceMeters>2672.179931640625</DistanceMeters>
            <HeartRateBpm>
              <Value>140</Value>
            </HeartRateBpm>
            <Extensions>
              <ns3:TPX>
                <ns3:Speed>1.5299999713897705</ns3:Speed>
              </ns3:TPX>
            </Extensions>
          </Trackpoint>
          <Trackpoint>
            <Time>2026-02-26T08:19:16.000Z</Time>
            <Position>
              <LatitudeDegrees>51.754421973600984</LatitudeDegrees>
              <LongitudeDegrees>-0.24308952502906322</LongitudeDegrees>
            </Position>
            <AltitudeMeters>79.19999694824219</AltitudeMeters>
            <DistanceMeters>2684.590087890625</DistanceMeters>
            <HeartRateBpm>
              <Value>141</Value>
            </HeartRateBpm>
            <Extensions>
              <ns3:TPX>
                <ns3:Speed>1.5399999618530273</ns3:Speed>
              </ns3:TPX>
            </Extensions>
          </Trackpoint>
          <Trackpoint>
            <Time>2026-02-26T08:19:24.000Z</Time>
            <Position>
              <LatitudeDegrees>51.7543141823262</LatitudeDegrees>
              <LongitudeDegrees>-0.24310704320669174</LongitudeDegrees>
            </Position>
            <AltitudeMeters>80.0</AltitudeMeters>
            <DistanceMeters>2696.22998046875</DistanceMeters>
            <HeartRateBpm>
              <Value>139</Value>
            </HeartRateBpm>
            <Extensions>
              <ns3:TPX>
                <ns3:Speed>1.5210000276565552</ns3:Speed>
              </ns3:TPX>
            </Extensions>
          </Trackpoint>
          <Trackpoint>
            <Time>2026-02-26T08:19:29.000Z</Time>
            <Position>
              <LatitudeDegrees>51.75424134358764</LatitudeDegrees>
              <LongitudeDegrees>-0.24311517365276814</LongitudeDegrees>
            </Position>
            <AltitudeMeters>79.4000015258789</AltitudeMeters>
            <DistanceMeters>2704.4599609375</DistanceMeters>
            <HeartRateBpm>
              <Value>139</Value>
            </HeartRateBpm>
            <Extensions>
              <ns3:TPX>
                <ns3:Speed>1.5119999647140503</ns3:Speed>
              </ns3:TPX>
            </Extensions>
          </Trackpoint>
          <Trackpoint>
            <Time>2026-02-26T08:19:37.000Z</Time>
            <Position>
              <LatitudeDegrees>51.75415459088981</LatitudeDegrees>
              <LongitudeDegrees>-0.24306144565343857</LongitudeDegrees>
            </Position>
            <AltitudeMeters>79.5999984741211</AltitudeMeters>
            <DistanceMeters>2715.639892578125</DistanceMeters>
            <HeartRateBpm>
              <Value>138</Value>
            </HeartRateBpm>
            <Extensions>
              <ns3:TPX>
                <ns3:Speed>1.5119999647140503</ns3:Speed>
              </ns3:TPX>
            </Extensions>
          </Trackpoint>
          <Trackpoint>
            <Time>2026-02-26T08:19:47.000Z</Time>
            <Position>
              <LatitudeDegrees>51.75402735359967</LatitudeDegrees>
              <LongitudeDegrees>-0.24297100491821766</LongitudeDegrees>
            </Position>
            <AltitudeMeters>79.5999984741211</AltitudeMeters>
            <DistanceMeters>2731.10009765625</DistanceMeters>
            <HeartRateBpm>
              <Value>138</Value>
            </HeartRateBpm>
            <Extensions>
              <ns3:TPX>
                <ns3:Speed>1.5019999742507935</ns3:Speed>
              </ns3:TPX>
            </Extensions>
          </Trackpoint>
          <Trackpoint>
            <Time>2026-02-26T08:19:54.000Z</Time>
            <Position>
              <LatitudeDegrees>51.75395912490785</LatitudeDegrees>
              <LongitudeDegrees>-0.24294191971421242</LongitudeDegrees>
            </Position>
            <AltitudeMeters>79.80000305175781</AltitudeMeters>
            <DistanceMeters>2740.409912109375</DistanceMeters>
            <HeartRateBpm>
              <Value>141</Value>
            </HeartRateBpm>
            <Extensions>
              <ns3:TPX>
                <ns3:Speed>1.5119999647140503</ns3:Speed>
              </ns3:TPX>
            </Extensions>
          </Trackpoint>
          <Trackpoint>
            <Time>2026-02-26T08:20:01.000Z</Time>
            <Position>
              <LatitudeDegrees>51.75387647934258</LatitudeDegrees>
              <LongitudeDegrees>-0.24284284561872482</LongitudeDegrees>
            </Position>
            <AltitudeMeters>80.80000305175781</AltitudeMeters>
            <DistanceMeters>2752.10009765625</DistanceMeters>
            <HeartRateBpm>
              <Value>142</Value>
            </HeartRateBpm>
            <Extensions>
              <ns3:TPX>
                <ns3:Speed>1.5019999742507935</ns3:Speed>
              </ns3:TPX>
            </Extensions>
          </Trackpoint>
          <Trackpoint>
            <Time>2026-02-26T08:20:10.000Z</Time>
            <Position>
              <LatitudeDegrees>51.75380565226078</LatitudeDegrees>
              <LongitudeDegrees>-0.24269968271255493</LongitudeDegrees>
            </Position>
            <AltitudeMeters>80.80000305175781</AltitudeMeters>
            <DistanceMeters>2764.85009765625</DistanceMeters>
            <HeartRateBpm>
              <Value>142</Value>
            </HeartRateBpm>
            <Extensions>
              <ns3:TPX>
                <ns3:Speed>1.5210000276565552</ns3:Speed>
              </ns3:TPX>
            </Extensions>
          </Trackpoint>
          <Trackpoint>
            <Time>2026-02-26T08:20:11.000Z</Time>
            <Position>
              <LatitudeDegrees>51.753792744129896</LatitudeDegrees>
              <LongitudeDegrees>-0.2426897082477808</LongitudeDegrees>
            </Position>
            <AltitudeMeters>81.0</AltitudeMeters>
            <DistanceMeters>2765.7900390625</DistanceMeters>
            <HeartRateBpm>
              <Value>141</Value>
            </HeartRateBpm>
            <Extensions>
              <ns3:TPX>
                <ns3:Speed>1.5210000276565552</ns3:Speed>
              </ns3:TPX>
            </Extensions>
          </Trackpoint>
          <Trackpoint>
            <Time>2026-02-26T08:20:19.000Z</Time>
            <Position>
              <LatitudeDegrees>51.75367774441838</LatitudeDegrees>
              <LongitudeDegrees>-0.24264628998935223</LongitudeDegrees>
            </Position>
            <AltitudeMeters>81.5999984741211</AltitudeMeters>
            <DistanceMeters>2778.47998046875</DistanceMeters>
            <HeartRateBpm>
              <Value>139</Value>
            </HeartRateBpm>
            <Extensions>
              <ns3:TPX>
                <ns3:Speed>1.5119999647140503</ns3:Speed>
              </ns3:TPX>
            </Extensions>
          </Trackpoint>
          <Trackpoint>
            <Time>2026-02-26T08:20:25.000Z</Time>
            <Position>
              <LatitudeDegrees>51.75364254042506</LatitudeDegrees>
              <LongitudeDegrees>-0.24261175654828548</LongitudeDegrees>
            </Position>
            <AltitudeMeters>81.0</AltitudeMeters>
            <DistanceMeters>2783.989990234375</DistanceMeters>
            <HeartRateBpm>
              <Value>140</Value>
            </HeartRateBpm>
            <Extensions>
              <ns3:TPX>
                <ns3:Speed>1.4930000305175781</ns3:Speed>
              </ns3:TPX>
            </Extensions>
          </Trackpoint>
          <Trackpoint>
            <Time>2026-02-26T08:20:26.000Z</Time>
            <Position>
              <LatitudeDegrees>51.75364103168249</LatitudeDegrees>
              <LongitudeDegrees>-0.242595998570323</LongitudeDegrees>
            </Position>
            <AltitudeMeters>80.80000305175781</AltitudeMeters>
            <DistanceMeters>2785.330078125</DistanceMeters>
            <HeartRateBpm>
              <Value>140</Value>
            </HeartRateBpm>
            <Extensions>
              <ns3:TPX>
                <ns3:Speed>1.4930000305175781</ns3:Speed>
              </ns3:TPX>
            </Extensions>
          </Trackpoint>
          <Trackpoint>
            <Time>2026-02-26T08:20:31.000Z</Time>
            <Position>
              <LatitudeDegrees>51.75363575108349</LatitudeDegrees>
              <LongitudeDegrees>-0.2424975112080574</LongitudeDegrees>
            </Position>
            <AltitudeMeters>80.19999694824219</AltitudeMeters>
            <DistanceMeters>2792.5400390625</DistanceMeters>
            <HeartRateBpm>
              <Value>137</Value>
            </HeartRateBpm>
            <Extensions>
              <ns3:TPX>
                <ns3:Speed>1.437000036239624</ns3:Speed>
              </ns3:TPX>
            </Extensions>
          </Trackpoint>
          <Trackpoint>
            <Time>2026-02-26T08:20:33.000Z</Time>
            <Position>
              <LatitudeDegrees>51.75363214686513</LatitudeDegrees>
              <LongitudeDegrees>-0.24244998581707478</LongitudeDegrees>
            </Position>
            <AltitudeMeters>80.4000015258789</AltitudeMeters>
            <DistanceMeters>2795.800048828125</DistanceMeters>
            <HeartRateBpm>
              <Value>136</Value>
            </HeartRateBpm>
            <Extensions>
              <ns3:TPX>
                <ns3:Speed>1.4559999704360962</ns3:Speed>
              </ns3:TPX>
            </Extensions>
          </Trackpoint>
          <Trackpoint>
            <Time>2026-02-26T08:20:42.000Z</Time>
            <Position>
              <LatitudeDegrees>51.75359996035695</LatitudeDegrees>
              <LongitudeDegrees>-0.2422954235225916</LongitudeDegrees>
            </Position>
            <AltitudeMeters>81.4000015258789</AltitudeMeters>
            <DistanceMeters>2806.699951171875</DistanceMeters>
            <HeartRateBpm>
              <Value>137</Value>
            </HeartRateBpm>
            <Extensions>
              <ns3:TPX>
                <ns3:Speed>1.4279999732971191</ns3:Speed>
              </ns3:TPX>
            </Extensions>
          </Trackpoint>
          <Trackpoint>
            <Time>2026-02-26T08:20:47.000Z</Time>
            <Position>
              <LatitudeDegrees>51.753546483814716</LatitudeDegrees>
              <LongitudeDegrees>-0.24219701997935772</LongitudeDegrees>
            </Position>
            <AltitudeMeters>81.4000015258789</AltitudeMeters>
            <DistanceMeters>2814.10009765625</DistanceMeters>
            <HeartRateBpm>
              <Value>140</Value>
            </HeartRateBpm>
            <Extensions>
              <ns3:TPX>
                <ns3:Speed>1.38100004196167</ns3:Speed>
              </ns3:TPX>
            </Extensions>
          </Trackpoint>
          <Trackpoint>
            <Time>2026-02-26T08:20:52.000Z</Time>
            <Position>
              <LatitudeDegrees>51.7535316478461</LatitudeDegrees>
              <LongitudeDegrees>-0.24210532195866108</LongitudeDegrees>
            </Position>
            <AltitudeMeters>81.5999984741211</AltitudeMeters>
            <DistanceMeters>2820.5</DistanceMeters>
            <HeartRateBpm>
              <Value>141</Value>
            </HeartRateBpm>
            <Extensions>
              <ns3:TPX>
                <ns3:Speed>1.4279999732971191</ns3:Speed>
              </ns3:TPX>
            </Extensions>
          </Trackpoint>
          <Trackpoint>
            <Time>2026-02-26T08:20:54.000Z</Time>
            <Position>
              <LatitudeDegrees>51.753526451066136</LatitudeDegrees>
              <LongitudeDegrees>-0.242067351937294</LongitudeDegrees>
            </Position>
            <AltitudeMeters>82.19999694824219</AltitudeMeters>
            <DistanceMeters>2823.550048828125</DistanceMeters>
            <HeartRateBpm>
              <Value>140</Value>
            </HeartRateBpm>
            <Extensions>
              <ns3:TPX>
                <ns3:Speed>1.38100004196167</ns3:Speed>
              </ns3:TPX>
            </Extensions>
          </Trackpoint>
          <Trackpoint>
            <Time>2026-02-26T08:20:59.000Z</Time>
            <Position>
              <LatitudeDegrees>51.75349786877632</LatitudeDegrees>
              <LongitudeDegrees>-0.2419556211680174</LongitudeDegrees>
            </Position>
            <AltitudeMeters>83.19999694824219</AltitudeMeters>
            <DistanceMeters>2832.9599609375</DistanceMeters>
            <HeartRateBpm>
              <Value>137</Value>
            </HeartRateBpm>
            <Extensions>
              <ns3:TPX>
                <ns3:Speed>1.5399999618530273</ns3:Speed>
              </ns3:TPX>
            </Extensions>
          </Trackpoint>
          <Trackpoint>
            <Time>2026-02-26T08:21:00.000Z</Time>
            <Position>
              <LatitudeDegrees>51.75349979661405</LatitudeDegrees>
              <LongitudeDegrees>-0.24194003082811832</LongitudeDegrees>
            </Position>
            <AltitudeMeters>83.19999694824219</AltitudeMeters>
            <DistanceMeters>2833.929931640625</DistanceMeters>
            <HeartRateBpm>
              <Value>136</Value>
            </HeartRateBpm>
            <Extensions>
              <ns3:TPX>
                <ns3:Speed>1.5959999561309814</ns3:Speed>
              </ns3:TPX>
            </Extensions>
          </Trackpoint>
          <Trackpoint>
            <Time>2026-02-26T08:21:02.000Z</Time>
            <Position>
              <LatitudeDegrees>51.75350566394627</LatitudeDegrees>
              <LongitudeDegrees>-0.24190306663513184</LongitudeDegrees>
            </Position>
            <AltitudeMeters>83.19999694824219</AltitudeMeters>
            <DistanceMeters>2836.419921875</DistanceMeters>
            <HeartRateBpm>
              <Value>137</Value>
            </HeartRateBpm>
            <Extensions>
              <ns3:TPX>
                <ns3:Speed>1.5770000219345093</ns3:Speed>
              </ns3:TPX>
            </Extensions>
          </Trackpoint>
          <Trackpoint>
            <Time>2026-02-26T08:21:06.000Z</Time>
            <Position>
              <LatitudeDegrees>51.753506334498525</LatitudeDegrees>
              <LongitudeDegrees>-0.24180877022445202</LongitudeDegrees>
            </Position>
            <AltitudeMeters>84.5999984741211</AltitudeMeters>
            <DistanceMeters>2842.89990234375</DistanceMeters>
            <HeartRateBpm>
              <Value>137</Value>
            </HeartRateBpm>
            <Extensions>
              <ns3:TPX>
                <ns3:Speed>1.5119999647140503</ns3:Speed>
              </ns3:TPX>
            </Extensions>
          </Trackpoint>
          <Trackpoint>
            <Time>2026-02-26T08:21:10.000Z</Time>
            <Position>
              <LatitudeDegrees>51.753500970080495</LatitudeDegrees>
              <LongitudeDegrees>-0.24172352626919746</LongitudeDegrees>
            </Position>
            <AltitudeMeters>84.4000015258789</AltitudeMeters>
            <DistanceMeters>2849.14990234375</DistanceMeters>
            <HeartRateBpm>
              <Value>137</Value>
            </HeartRateBpm>
            <Extensions>
              <ns3:TPX>
                <ns3:Speed>1.5210000276565552</ns3:Speed>
              </ns3:TPX>
            </Extensions>
          </Trackpoint>
          <Trackpoint>
            <Time>2026-02-26T08:21:16.000Z</Time>
            <Position>
              <LatitudeDegrees>51.753497114405036</LatitudeDegrees>
              <LongitudeDegrees>-0.24160056374967098</LongitudeDegrees>
            </Position>
            <AltitudeMeters>83.80000305175781</AltitudeMeters>
            <DistanceMeters>2857.510009765625</DistanceMeters>
            <HeartRateBpm>
              <Value>140</Value>
            </HeartRateBpm>
            <Extensions>
              <ns3:TPX>
                <ns3:Speed>1.5019999742507935</ns3:Speed>
              </ns3:TPX>
            </Extensions>
          </Trackpoint>
          <Trackpoint>
            <Time>2026-02-26T08:21:20.000Z</Time>
            <Position>
              <LatitudeDegrees>51.7535091843456</LatitudeDegrees>
              <LongitudeDegrees>-0.2415380347520113</LongitudeDegrees>
            </Position>
            <AltitudeMeters>83.80000305175781</AltitudeMeters>
            <DistanceMeters>2862.010009765625</DistanceMeters>
            <HeartRateBpm>
              <Value>139</Value>
            </HeartRateBpm>
            <Extensions>
              <ns3:TPX>
                <ns3:Speed>1.4559999704360962</ns3:Speed>
              </ns3:TPX>
            </Extensions>
          </Trackpoint>
          <Trackpoint>
            <Time>2026-02-26T08:21:23.000Z</Time>
            <Position>
              <LatitudeDegrees>51.753512872383</LatitudeDegrees>
              <LongitudeDegrees>-0.2414776012301445</LongitudeDegrees>
            </Position>
            <AltitudeMeters>84.19999694824219</AltitudeMeters>
            <DistanceMeters>2865.969970703125</DistanceMeters>
            <HeartRateBpm>
              <Value>136</Value>
            </HeartRateBpm>
            <Extensions>
              <ns3:TPX>
                <ns3:Speed>1.409000039100647</ns3:Speed>
              </ns3:TPX>
            </Extensions>
          </Trackpoint>
          <Trackpoint>
            <Time>2026-02-26T08:21:33.000Z</Time>
            <Position>
              <LatitudeDegrees>51.753519997000694</LatitudeDegrees>
              <LongitudeDegrees>-0.2412592526525259</LongitudeDegrees>
            </Position>
            <AltitudeMeters>84.4000015258789</AltitudeMeters>
            <DistanceMeters>2880.93994140625</DistanceMeters>
            <HeartRateBpm>
              <Value>135</Value>
            </HeartRateBpm>
            <Extensions>
              <ns3:TPX>
                <ns3:Speed>1.409000039100647</ns3:Speed>
              </ns3:TPX>
            </Extensions>
          </Trackpoint>
          <Trackpoint>
            <Time>2026-02-26T08:21:43.000Z</Time>
            <Position>
              <LatitudeDegrees>51.753517566248775</LatitudeDegrees>
              <LongitudeDegrees>-0.2410664688795805</LongitudeDegrees>
            </Position>
            <AltitudeMeters>85.4000015258789</AltitudeMeters>
            <DistanceMeters>2894.27001953125</DistanceMeters>
            <HeartRateBpm>
              <Value>135</Value>
            </HeartRateBpm>
            <Extensions>
              <ns3:TPX>
                <ns3:Speed>1.399999976158142</ns3:Speed>
              </ns3:TPX>
            </Extensions>
          </Trackpoint>
          <Trackpoint>
            <Time>2026-02-26T08:21:54.000Z</Time>
            <Position>
              <LatitudeDegrees>51.75351337529719</LatitudeDegrees>
              <LongitudeDegrees>-0.2408149279654026</LongitudeDegrees>
            </Position>
            <AltitudeMeters>85.0</AltitudeMeters>
            <DistanceMeters>2911.85009765625</DistanceMeters>
            <HeartRateBpm>
              <Value>134</Value>
            </HeartRateBpm>
            <Extensions>
              <ns3:TPX>
                <ns3:Speed>1.4179999828338623</ns3:Speed>
              </ns3:TPX>
            </Extensions>
          </Trackpoint>
          <Trackpoint>
            <Time>2026-02-26T08:22:03.000Z</Time>
            <Position>
              <LatitudeDegrees>51.753509268164635</LatitudeDegrees>
              <LongitudeDegrees>-0.24063983000814915</LongitudeDegrees>
            </Position>
            <AltitudeMeters>85.19999694824219</AltitudeMeters>
            <DistanceMeters>2923.800048828125</DistanceMeters>
            <HeartRateBpm>
              <Value>133</Value>
            </HeartRateBpm>
            <Extensions>
              <ns3:TPX>
                <ns3:Speed>1.399999976158142</ns3:Speed>
              </ns3:TPX>
            </Extensions>
          </Trackpoint>
          <Trackpoint>
            <Time>2026-02-26T08:22:10.000Z</Time>
            <Position>
              <LatitudeDegrees>51.753491749987006</LatitudeDegrees>
              <LongitudeDegrees>-0.24050219915807247</LongitudeDegrees>
            </Position>
            <AltitudeMeters>85.4000015258789</AltitudeMeters>
            <DistanceMeters>2933.090087890625</DistanceMeters>
            <HeartRateBpm>
              <Value>132</Value>
            </HeartRateBpm>
            <Extensions>
              <ns3:TPX>
                <ns3:Speed>1.3899999856948853</ns3:Speed>
              </ns3:TPX>
            </Extensions>
          </Trackpoint>
          <Trackpoint>
            <Time>2026-02-26T08:22:12.000Z</Time>
            <Position>
              <LatitudeDegrees>51.75348898395896</LatitudeDegrees>
              <LongitudeDegrees>-0.24046230129897594</LongitudeDegrees>
            </Position>
            <AltitudeMeters>85.5999984741211</AltitudeMeters>
            <DistanceMeters>2936.110107421875</DistanceMeters>
            <HeartRateBpm>
              <Value>132</Value>
            </HeartRateBpm>
            <Extensions>
              <ns3:TPX>
                <ns3:Speed>1.3899999856948853</ns3:Speed>
              </ns3:TPX>
            </Extensions>
          </Trackpoint>
          <Trackpoint>
            <Time>2026-02-26T08:22:17.000Z</Time>
            <Position>
              <LatitudeDegrees>51.753485379740596</LatitudeDegrees>
              <LongitudeDegrees>-0.24034906178712845</LongitudeDegrees>
            </Position>
            <AltitudeMeters>85.0</AltitudeMeters>
            <DistanceMeters>2943.909912109375</DistanceMeters>
            <HeartRateBpm>
              <Value>130</Value>
            </HeartRateBpm>
            <Extensions>
              <ns3:TPX>
                <ns3:Speed>1.399999976158142</ns3:Speed>
              </ns3:TPX>
            </Extensions>
          </Trackpoint>
          <Trackpoint>
            <Time>2026-02-26T08:22:26.000Z</Time>
            <Position>
              <LatitudeDegrees>51.753470627591014</LatitudeDegrees>
              <LongitudeDegrees>-0.2402055636048317</LongitudeDegrees>
            </Position>
            <AltitudeMeters>86.5999984741211</AltitudeMeters>
            <DistanceMeters>2954.030029296875</DistanceMeters>
            <HeartRateBpm>
              <Value>128</Value>
            </HeartRateBpm>
            <Extensions>
              <ns3:TPX>
                <ns3:Speed>1.371999979019165</ns3:Speed>
              </ns3:TPX>
            </Extensions>
          </Trackpoint>
          <Trackpoint>
            <Time>2026-02-26T08:22:28.000Z</Time>
            <Position>
              <LatitudeDegrees>51.75345880910754</LatitudeDegrees>
              <LongitudeDegrees>-0.2401669230312109</LongitudeDegrees>
            </Position>
            <AltitudeMeters>87.0</AltitudeMeters>
            <DistanceMeters>2957.10009765625</DistanceMeters>
            <HeartRateBpm>
              <Value>128</Value>
            </HeartRateBpm>
            <Extensions>
              <ns3:TPX>
                <ns3:Speed>1.371999979019165</ns3:Speed>
              </ns3:TPX>
            </Extensions>
          </Trackpoint>
          <Trackpoint>
            <Time>2026-02-26T08:22:35.000Z</Time>
            <Position>
              <LatitudeDegrees>51.75338789820671</LatitudeDegrees>
              <LongitudeDegrees>-0.24008830077946186</LongitudeDegrees>
            </Position>
            <AltitudeMeters>87.0</AltitudeMeters>
            <DistanceMeters>2966.989990234375</DistanceMeters>
            <HeartRateBpm>
              <Value>129</Value>
            </HeartRateBpm>
            <Extensions>
              <ns3:TPX>
                <ns3:Speed>1.38100004196167</ns3:Speed>
              </ns3:TPX>
            </Extensions>
          </Trackpoint>
          <Trackpoint>
            <Time>2026-02-26T08:22:40.000Z</Time>
            <Position>
              <LatitudeDegrees>51.753337355330586</LatitudeDegrees>
              <LongitudeDegrees>-0.24003717117011547</LongitudeDegrees>
            </Position>
            <AltitudeMeters>87.4000015258789</AltitudeMeters>
            <DistanceMeters>2973.010009765625</DistanceMeters>
            <HeartRateBpm>
              <Value>132</Value>
            </HeartRateBpm>
            <Extensions>
              <ns3:TPX>
                <ns3:Speed>1.3530000448226929</ns3:Speed>
              </ns3:TPX>
            </Extensions>
          </Trackpoint>
          <Trackpoint>
            <Time>2026-02-26T08:22:42.000Z</Time>
            <Position>
              <LatitudeDegrees>51.75331556238234</LatitudeDegrees>
              <LongitudeDegrees>-0.24001780897378922</LongitudeDegrees>
            </Position>
            <AltitudeMeters>87.5999984741211</AltitudeMeters>
            <DistanceMeters>2975.199951171875</DistanceMeters>
            <HeartRateBpm>
              <Value>135</Value>
            </HeartRateBpm>
            <Extensions>
              <ns3:TPX>
                <ns3:Speed>1.3530000448226929</ns3:Speed>
              </ns3:TPX>
            </Extensions>
          </Trackpoint>
          <Trackpoint>
            <Time>2026-02-26T08:22:45.000Z</Time>
            <Position>
              <LatitudeDegrees>51.75328538753092</LatitudeDegrees>
              <LongitudeDegrees>-0.23998847231268883</LongitudeDegrees>
            </Position>
            <AltitudeMeters>87.5999984741211</AltitudeMeters>
            <DistanceMeters>2979.360107421875</DistanceMeters>
            <HeartRateBpm>
              <Value>137</Value>
            </HeartRateBpm>
            <Extensions>
              <ns3:TPX>
                <ns3:Speed>1.343999981880188</ns3:Speed>
              </ns3:TPX>
            </Extensions>
          </Trackpoint>
          <Trackpoint>
            <Time>2026-02-26T08:22:53.000Z</Time>
            <Position>
              <LatitudeDegrees>51.75318606197834</LatitudeDegrees>
              <LongitudeDegrees>-0.2399126160889864</LongitudeDegrees>
            </Position>
            <AltitudeMeters>88.4000015258789</AltitudeMeters>
            <DistanceMeters>2992.050048828125</DistanceMeters>
            <HeartRateBpm>
              <Value>139</Value>
            </HeartRateBpm>
            <Extensions>
              <ns3:TPX>
                <ns3:Speed>1.343999981880188</ns3:Speed>
              </ns3:TPX>
            </Extensions>
          </Trackpoint>
          <Trackpoint>
            <Time>2026-02-26T08:22:54.000Z</Time>
            <Position>
              <LatitudeDegrees>51.75317382439971</LatitudeDegrees>
              <LongitudeDegrees>-0.23990490473806858</LongitudeDegrees>
            </Position>
            <AltitudeMeters>88.5999984741211</AltitudeMeters>
            <DistanceMeters>2993.35009765625</DistanceMeters>
            <HeartRateBpm>
              <Value>140</Value>
            </HeartRateBpm>
            <Extensions>
              <ns3:TPX>
                <ns3:Speed>1.3530000448226929</ns3:Speed>
              </ns3:TPX>
            </Extensions>
          </Trackpoint>
          <Trackpoint>
            <Time>2026-02-26T08:22:58.000Z</Time>
            <Position>
              <LatitudeDegrees>51.753124790266156</LatitudeDegrees>
              <LongitudeDegrees>-0.23987414315342903</LongitudeDegrees>
            </Position>
            <AltitudeMeters>90.0</AltitudeMeters>
            <DistanceMeters>2999.300048828125</DistanceMeters>
            <HeartRateBpm>
              <Value>142</Value>
            </HeartRateBpm>
            <Extensions>
              <ns3:TPX>
                <ns3:Speed>1.3619999885559082</ns3:Speed>
              </ns3:TPX>
            </Extensions>
          </Trackpoint>
          <Trackpoint>
            <Time>2026-02-26T08:23:00.000Z</Time>
            <Position>
              <LatitudeDegrees>51.75309704616666</LatitudeDegrees>
              <LongitudeDegrees>-0.23985293693840504</LongitudeDegrees>
            </Position>
            <AltitudeMeters>90.80000305175781</AltitudeMeters>
            <DistanceMeters>3001.679931640625</DistanceMeters>
            <HeartRateBpm>
              <Value>143</Value>
            </HeartRateBpm>
            <Extensions>
              <ns3:TPX>
                <ns3:Speed>1.3619999885559082</ns3:Speed>
              </ns3:TPX>
            </Extensions>
          </Trackpoint>
        </Track>
        <Extensions>
          <ns3:LX>
            <ns3:AvgSpeed>1.465999960899353</ns3:AvgSpeed>
            <ns3:AvgRunCadence>55</ns3:AvgRunCadence>
            <ns3:MaxRunCadence>62</ns3:MaxRunCadence>
          </ns3:LX>
        </Extensions>
      </Lap>
      <Lap StartTime="2026-02-26T08:23:00.000Z">
        <TotalTimeSeconds>18.61</TotalTimeSeconds>
        <DistanceMeters>25.31</DistanceMeters>
        <MaximumSpeed>1.5770000219345093</MaximumSpeed>
        <Calories>2</Calories>
        <AverageHeartRateBpm>
          <Value>144</Value>
        </AverageHeartRateBpm>
        <MaximumHeartRateBpm>
          <Value>145</Value>
        </MaximumHeartRateBpm>
        <Intensity>Active</Intensity>
        <TriggerMethod>Manual</TriggerMethod>
        <Track>
          <Trackpoint>
            <Time>2026-02-26T08:23:00.000Z</Time>
            <Position>
              <LatitudeDegrees>51.75309704616666</LatitudeDegrees>
              <LongitudeDegrees>-0.23985293693840504</LongitudeDegrees>
            </Position>
            <AltitudeMeters>90.80000305175781</AltitudeMeters>
            <DistanceMeters>3001.679931640625</DistanceMeters>
            <HeartRateBpm>
              <Value>143</Value>
            </HeartRateBpm>
            <Extensions>
              <ns3:TPX>
                <ns3:Speed>1.3619999885559082</ns3:Speed>
              </ns3:TPX>
            </Extensions>
          </Trackpoint>
          <Trackpoint>
            <Time>2026-02-26T08:23:07.000Z</Time>
            <Position>
              <LatitudeDegrees>51.75305136479437</LatitudeDegrees>
              <LongitudeDegrees>-0.2397814393043518</LongitudeDegrees>
            </Position>
            <AltitudeMeters>89.4000015258789</AltitudeMeters>
            <DistanceMeters>3008.030029296875</DistanceMeters>
            <HeartRateBpm>
              <Value>145</Value>
            </HeartRateBpm>
            <Extensions>
              <ns3:TPX>
                <ns3:Speed>1.343999981880188</ns3:Speed>
              </ns3:TPX>
            </Extensions>
          </Trackpoint>
          <Trackpoint>
            <Time>2026-02-26T08:23:09.000Z</Time>
            <Position>
              <LatitudeDegrees>51.75304784439504</LatitudeDegrees>
              <LongitudeDegrees>-0.23976224474608898</LongitudeDegrees>
            </Position>
            <AltitudeMeters>89.5999984741211</AltitudeMeters>
            <DistanceMeters>3009.530029296875</DistanceMeters>
            <HeartRateBpm>
              <Value>144</Value>
            </HeartRateBpm>
            <Extensions>
              <ns3:TPX>
                <ns3:Speed>1.3339999914169312</ns3:Speed>
              </ns3:TPX>
            </Extensions>
          </Trackpoint>
          <Trackpoint>
            <Time>2026-02-26T08:23:14.000Z</Time>
            <Position>
              <LatitudeDegrees>51.753004090860486</LatitudeDegrees>
              <LongitudeDegrees>-0.23966023698449135</LongitudeDegrees>
            </Position>
            <AltitudeMeters>90.0</AltitudeMeters>
            <DistanceMeters>3019.010009765625</DistanceMeters>
            <HeartRateBpm>
              <Value>144</Value>
            </HeartRateBpm>
            <Extensions>
              <ns3:TPX>
                <ns3:Speed>1.5770000219345093</ns3:Speed>
              </ns3:TPX>
            </Extensions>
          </Trackpoint>
          <Trackpoint>
            <Time>2026-02-26T08:23:18.000Z</Time>
            <Position>
              <LatitudeDegrees>51.75298606976867</LatitudeDegrees>
              <LongitudeDegrees>-0.23958681151270866</LongitudeDegrees>
            </Position>
            <AltitudeMeters>90.19999694824219</AltitudeMeters>
            <DistanceMeters>3025.31005859375</DistanceMeters>
            <HeartRateBpm>
              <Value>145</Value>
            </HeartRateBpm>
            <Extensions>
              <ns3:TPX>
                <ns3:Speed>1.3530000448226929</ns3:Speed>
              </ns3:TPX>
            </Extensions>
          </Trackpoint>
        </Track>
        <Extensions>
          <ns3:LX>
            <ns3:AvgSpeed>1.3600000143051145</ns3:AvgSpeed>
            <ns3:AvgRunCadence>58</ns3:AvgRunCadence>
            <ns3:MaxRunCadence>60</ns3:MaxRunCadence>
          </ns3:LX>
        </Extensions>
      </Lap>
      <Creator xsi:type="Device_t">
        <Name>Venu 3</Name>
        <UnitId>3514695726</UnitId>
        <ProductID>4260</ProductID>
        <Version>
          <VersionMajor>17</VersionMajor>
          <VersionMinor>5</VersionMinor>
          <BuildMajor>0</BuildMajor>
          <BuildMinor>0</BuildMinor>
        </Version>
      </Creator>
    </Activity>
  </Activities>
  <Author xsi:type="Application_t">
    <Name>Connect Api</Name>
    <Build>
      <Version>
        <VersionMajor>26</VersionMajor>
        <VersionMinor>3</VersionMinor>
        <BuildMajor>0</BuildMajor>
        <BuildMinor>0</BuildMinor>
      </Version>
    </Build>
    <LangID>en</LangID>
    <PartNumber>006-D2449-00</PartNumber>
  </Author>
</TrainingCenterDatabase>
