<?xml version="1.0" encoding="UTF-8"?>
<TrainingCenterDatabase
  xsi:schemaLocation="http://www.garmin.com/xmlschemas/TrainingCenterDatabase/v2 http://www.garmin.com/xmlschemas/TrainingCenterDatabasev2.xsd"
  xmlns:ns5="http://www.garmin.com/xmlschemas/ActivityGoals/v1"
  xmlns:ns3="http://www.garmin.com/xmlschemas/ActivityExtension/v2"
  xmlns:ns2="http://www.garmin.com/xmlschemas/UserProfile/v2"
  xmlns="http://www.garmin.com/xmlschemas/TrainingCenterDatabase/v2"
  xmlns:xsi="http://www.w3.org/2001/XMLSchema-instance" xmlns:ns4="http://www.garmin.com/xmlschemas/ProfileExtension/v1">
  <Activities>
    <Activity Sport="Other">
      <Id>2026-02-24T17:24:35.000Z</Id>
      <Lap StartTime="2026-02-24T17:24:35.000Z">
        <TotalTimeSeconds>770.675</TotalTimeSeconds>
        <DistanceMeters>1000.0</DistanceMeters>
        <MaximumSpeed>1.5399999618530273</MaximumSpeed>
        <Calories>63</Calories>
        <AverageHeartRateBpm>
          <Value>119</Value>
        </AverageHeartRateBpm>
        <MaximumHeartRateBpm>
          <Value>126</Value>
        </MaximumHeartRateBpm>
        <Intensity>Active</Intensity>
        <TriggerMethod>Manual</TriggerMethod>
        <Track>
          <Trackpoint>
            <Time>2026-02-24T17:24:35.000Z</Time>
            <AltitudeMeters>80.19999694824219</AltitudeMeters>
            <DistanceMeters>0.0</DistanceMeters>
            <HeartRateBpm>
              <Value>106</Value>
            </HeartRateBpm>
            <Extensions>
              <ns3:TPX/>
            </Extensions>
          </Trackpoint>
          <Trackpoint>
            <Time>2026-02-24T17:24:36.000Z</Time>
            <AltitudeMeters>80.19999694824219</AltitudeMeters>
            <DistanceMeters>0.0</DistanceMeters>
            <HeartRateBpm>
              <Value>106</Value>
            </HeartRateBpm>
            <Extensions>
              <ns3:TPX>
                <ns3:Speed>0.0</ns3:Speed>
              </ns3:TPX>
            </Extensions>
          </Trackpoint>
          <Trackpoint>
            <Time>2026-02-24T17:24:43.000Z</Time>
            <AltitudeMeters>80.0</AltitudeMeters>
            <DistanceMeters>0.0</DistanceMeters>
            <HeartRateBpm>
              <Value>109</Value>
            </HeartRateBpm>
            <Extensions>
              <ns3:TPX>
                <ns3:Speed>0.0</ns3:Speed>
              </ns3:TPX>
            </Extensions>
          </Trackpoint>
          <Trackpoint>
            <Time>2026-02-24T17:24:48.000Z</Time>
            <AltitudeMeters>80.4000015258789</AltitudeMeters>
            <DistanceMeters>3.869999885559082</DistanceMeters>
            <HeartRateBpm>
              <Value>113</Value>
            </HeartRateBpm>
            <Extensions>
              <ns3:TPX>
                <ns3:Speed>1.2970000505447388</ns3:Speed>
              </ns3:TPX>
            </Extensions>
          </Trackpoint>
          <Trackpoint>
            <Time>2026-02-24T17:24:54.000Z</Time>
            <Position>
              <LatitudeDegrees>51.78214360959828</LatitudeDegrees>
              <LongitudeDegrees>-0.18979361280798912</LongitudeDegrees>
            </Position>
            <AltitudeMeters>80.4000015258789</AltitudeMeters>
            <DistanceMeters>8.869999885559082</DistanceMeters>
            <HeartRateBpm>
              <Value>116</Value>
            </HeartRateBpm>
            <Extensions>
              <ns3:TPX>
                <ns3:Speed>1.2879999876022339</ns3:Speed>
              </ns3:TPX>
            </Extensions>
          </Trackpoint>
          <Trackpoint>
            <Time>2026-02-24T17:24:57.000Z</Time>
            <Position>
              <LatitudeDegrees>51.78210848942399</LatitudeDegrees>
              <LongitudeDegrees>-0.1898055151104927</LongitudeDegrees>
            </Position>
            <AltitudeMeters>80.4000015258789</AltitudeMeters>
            <DistanceMeters>11.890000343322754</DistanceMeters>
            <HeartRateBpm>
              <Value>116</Value>
            </HeartRateBpm>
            <Extensions>
              <ns3:TPX>
                <ns3:Speed>1.5399999618530273</ns3:Speed>
              </ns3:TPX>
            </Extensions>
          </Trackpoint>
          <Trackpoint>
            <Time>2026-02-24T17:25:01.000Z</Time>
            <Position>
              <LatitudeDegrees>51.782081415876746</LatitudeDegrees>
              <LongitudeDegrees>-0.1898386236280203</LongitudeDegrees>
            </Position>
            <AltitudeMeters>80.80000305175781</AltitudeMeters>
            <DistanceMeters>15.800000190734863</DistanceMeters>
            <HeartRateBpm>
              <Value>119</Value>
            </HeartRateBpm>
            <Extensions>
              <ns3:TPX>
                <ns3:Speed>0.0</ns3:Speed>
              </ns3:TPX>
            </Extensions>
          </Trackpoint>
          <Trackpoint>
            <Time>2026-02-24T17:25:04.000Z</Time>
            <Position>
              <LatitudeDegrees>51.78208510391414</LatitudeDegrees>
              <LongitudeDegrees>-0.18984935246407986</LongitudeDegrees>
            </Position>
            <AltitudeMeters>81.0</AltitudeMeters>
            <DistanceMeters>16.530000686645508</DistanceMeters>
            <HeartRateBpm>
              <Value>119</Value>
            </HeartRateBpm>
            <Extensions>
              <ns3:TPX>
                <ns3:Speed>0.0</ns3:Speed>
              </ns3:TPX>
            </Extensions>
          </Trackpoint>
          <Trackpoint>
            <Time>2026-02-24T17:25:11.000Z</Time>
            <Position>
              <LatitudeDegrees>51.78216624073684</LatitudeDegrees>
              <LongitudeDegrees>-0.1898185070604086</LongitudeDegrees>
            </Position>
            <AltitudeMeters>80.19999694824219</AltitudeMeters>
            <DistanceMeters>25.479999542236328</DistanceMeters>
            <HeartRateBpm>
              <Value>116</Value>
            </HeartRateBpm>
            <Extensions>
              <ns3:TPX>
                <ns3:Speed>1.4839999675750732</ns3:Speed>
              </ns3:TPX>
            </Extensions>
          </Trackpoint>
          <Trackpoint>
            <Time>2026-02-24T17:25:20.000Z</Time>
            <Position>
              <LatitudeDegrees>51.78226321935654</LatitudeDegrees>
              <LongitudeDegrees>-0.1897989772260189</LongitudeDegrees>
            </Position>
            <AltitudeMeters>80.4000015258789</AltitudeMeters>
            <DistanceMeters>36.65999984741211</DistanceMeters>
            <HeartRateBpm>
              <Value>116</Value>
            </HeartRateBpm>
            <Extensions>
              <ns3:TPX>
                <ns3:Speed>1.2599999904632568</ns3:Speed>
              </ns3:TPX>
            </Extensions>
          </Trackpoint>
          <Trackpoint>
            <Time>2026-02-24T17:25:31.000Z</Time>
            <Position>
              <LatitudeDegrees>51.78238031454384</LatitudeDegrees>
              <LongitudeDegrees>-0.18974097445607185</LongitudeDegrees>
            </Position>
            <AltitudeMeters>81.0</AltitudeMeters>
            <DistanceMeters>50.20000076293945</DistanceMeters>
            <HeartRateBpm>
              <Value>113</Value>
            </HeartRateBpm>
            <Extensions>
              <ns3:TPX>
                <ns3:Speed>1.3250000476837158</ns3:Speed>
              </ns3:TPX>
            </Extensions>
          </Trackpoint>
          <Trackpoint>
            <Time>2026-02-24T17:25:32.000Z</Time>
            <Position>
              <LatitudeDegrees>51.782390624284744</LatitudeDegrees>
              <LongitudeDegrees>-0.1897357776761055</LongitudeDegrees>
            </Position>
            <AltitudeMeters>81.0</AltitudeMeters>
            <DistanceMeters>51.29999923706055</DistanceMeters>
            <HeartRateBpm>
              <Value>114</Value>
            </HeartRateBpm>
            <Extensions>
              <ns3:TPX>
                <ns3:Speed>1.3250000476837158</ns3:Speed>
              </ns3:TPX>
            </Extensions>
          </Trackpoint>
          <Trackpoint>
            <Time>2026-02-24T17:25:44.000Z</Time>
            <Position>
              <LatitudeDegrees>51.782527416944504</LatitudeDegrees>
              <LongitudeDegrees>-0.1896703988313675</LongitudeDegrees>
            </Position>
            <AltitudeMeters>80.0</AltitudeMeters>
            <DistanceMeters>67.23999786376953</DistanceMeters>
            <HeartRateBpm>
              <Value>114</Value>
            </HeartRateBpm>
            <Extensions>
              <ns3:TPX>
                <ns3:Speed>1.3530000448226929</ns3:Speed>
              </ns3:TPX>
            </Extensions>
          </Trackpoint>
          <Trackpoint>
            <Time>2026-02-24T17:25:55.000Z</Time>
            <Position>
              <LatitudeDegrees>51.782648116350174</LatitudeDegrees>
              <LongitudeDegrees>-0.18955623731017113</LongitudeDegrees>
            </Position>
            <AltitudeMeters>80.0</AltitudeMeters>
            <DistanceMeters>82.83000183105469</DistanceMeters>
            <HeartRateBpm>
              <Value>114</Value>
            </HeartRateBpm>
            <Extensions>
              <ns3:TPX>
                <ns3:Speed>1.3339999914169312</ns3:Speed>
              </ns3:TPX>
            </Extensions>
          </Trackpoint>
          <Trackpoint>
            <Time>2026-02-24T17:25:59.000Z</Time>
            <Position>
              <LatitudeDegrees>51.782687259837985</LatitudeDegrees>
              <LongitudeDegrees>-0.18952195532619953</LongitudeDegrees>
            </Position>
            <AltitudeMeters>80.0</AltitudeMeters>
            <DistanceMeters>88.08999633789062</DistanceMeters>
            <HeartRateBpm>
              <Value>117</Value>
            </HeartRateBpm>
            <Extensions>
              <ns3:TPX>
                <ns3:Speed>1.3339999914169312</ns3:Speed>
              </ns3:TPX>
            </Extensions>
          </Trackpoint>
          <Trackpoint>
            <Time>2026-02-24T17:26:07.000Z</Time>
            <Position>
              <LatitudeDegrees>51.78275397978723</LatitudeDegrees>
              <LongitudeDegrees>-0.1894597616046667</LongitudeDegrees>
            </Position>
            <AltitudeMeters>79.80000305175781</AltitudeMeters>
            <DistanceMeters>96.7699966430664</DistanceMeters>
            <HeartRateBpm>
              <Value>115</Value>
            </HeartRateBpm>
            <Extensions>
              <ns3:TPX>
                <ns3:Speed>1.315999984741211</ns3:Speed>
              </ns3:TPX>
            </Extensions>
          </Trackpoint>
          <Trackpoint>
            <Time>2026-02-24T17:26:17.000Z</Time>
            <Position>
              <LatitudeDegrees>51.78284291177988</LatitudeDegrees>
              <LongitudeDegrees>-0.18934342078864574</LongitudeDegrees>
            </Position>
            <AltitudeMeters>80.0</AltitudeMeters>
            <DistanceMeters>109.55000305175781</DistanceMeters>
            <HeartRateBpm>
              <Value>116</Value>
            </HeartRateBpm>
            <Extensions>
              <ns3:TPX>
                <ns3:Speed>1.2970000505447388</ns3:Speed>
              </ns3:TPX>
            </Extensions>
          </Trackpoint>
          <Trackpoint>
            <Time>2026-02-24T17:26:30.000Z</Time>
            <Position>
              <LatitudeDegrees>51.78295866586268</LatitudeDegrees>
              <LongitudeDegrees>-0.18921836279332638</LongitudeDegrees>
            </Position>
            <AltitudeMeters>79.80000305175781</AltitudeMeters>
            <DistanceMeters>124.66000366210938</DistanceMeters>
            <HeartRateBpm>
              <Value>115</Value>
            </HeartRateBpm>
            <Extensions>
              <ns3:TPX>
                <ns3:Speed>1.2690000534057617</ns3:Speed>
              </ns3:TPX>
            </Extensions>
          </Trackpoint>
          <Trackpoint>
            <Time>2026-02-24T17:26:41.000Z</Time>
            <Position>
              <LatitudeDegrees>51.783077185973525</LatitudeDegrees>
              <LongitudeDegrees>-0.18916924484074116</LongitudeDegrees>
            </Position>
            <AltitudeMeters>80.0</AltitudeMeters>
            <DistanceMeters>138.39999389648438</DistanceMeters>
            <HeartRateBpm>
              <Value>114</Value>
            </HeartRateBpm>
            <Extensions>
              <ns3:TPX>
                <ns3:Speed>1.25</ns3:Speed>
              </ns3:TPX>
            </Extensions>
          </Trackpoint>
          <Trackpoint>
            <Time>2026-02-24T17:26:52.000Z</Time>
            <Position>
              <LatitudeDegrees>51.78319729864597</LatitudeDegrees>
              <LongitudeDegrees>-0.18914208747446537</LongitudeDegrees>
            </Position>
            <AltitudeMeters>80.0</AltitudeMeters>
            <DistanceMeters>151.75</DistanceMeters>
            <HeartRateBpm>
              <Value>116</Value>
            </HeartRateBpm>
            <Extensions>
              <ns3:TPX>
                <ns3:Speed>1.2319999933242798</ns3:Speed>
              </ns3:TPX>
            </Extensions>
          </Trackpoint>
          <Trackpoint>
            <Time>2026-02-24T17:27:05.000Z</Time>
            <Position>
              <LatitudeDegrees>51.7833461612463</LatitudeDegrees>
              <LongitudeDegrees>-0.18916857428848743</LongitudeDegrees>
            </Position>
            <AltitudeMeters>79.80000305175781</AltitudeMeters>
            <DistanceMeters>168.9199981689453</DistanceMeters>
            <HeartRateBpm>
              <Value>115</Value>
            </HeartRateBpm>
            <Extensions>
              <ns3:TPX>
                <ns3:Speed>1.2410000562667847</ns3:Speed>
              </ns3:TPX>
            </Extensions>
          </Trackpoint>
          <Trackpoint>
            <Time>2026-02-24T17:27:18.000Z</Time>
            <Position>
              <LatitudeDegrees>51.78347960114479</LatitudeDegrees>
              <LongitudeDegrees>-0.18923118710517883</LongitudeDegrees>
            </Position>
            <AltitudeMeters>80.0</AltitudeMeters>
            <DistanceMeters>184.47000122070312</DistanceMeters>
            <HeartRateBpm>
              <Value>114</Value>
            </HeartRateBpm>
            <Extensions>
              <ns3:TPX>
                <ns3:Speed>1.2319999933242798</ns3:Speed>
              </ns3:TPX>
            </Extensions>
          </Trackpoint>
          <Trackpoint>
            <Time>2026-02-24T17:27:27.000Z</Time>
            <Position>
              <LatitudeDegrees>51.78354959003627</LatitudeDegrees>
              <LongitudeDegrees>-0.1893170177936554</LongitudeDegrees>
            </Position>
            <AltitudeMeters>79.80000305175781</AltitudeMeters>
            <DistanceMeters>194.75</DistanceMeters>
            <HeartRateBpm>
              <Value>113</Value>
            </HeartRateBpm>
            <Extensions>
              <ns3:TPX>
                <ns3:Speed>1.2130000591278076</ns3:Speed>
              </ns3:TPX>
            </Extensions>
          </Trackpoint>
          <Trackpoint>
            <Time>2026-02-24T17:27:37.000Z</Time>
            <Position>
              <LatitudeDegrees>51.78353668190539</LatitudeDegrees>
              <LongitudeDegrees>-0.1894896011799574</LongitudeDegrees>
            </Position>
            <AltitudeMeters>79.5999984741211</AltitudeMeters>
            <DistanceMeters>206.2100067138672</DistanceMeters>
            <HeartRateBpm>
              <Value>113</Value>
            </HeartRateBpm>
            <Extensions>
              <ns3:TPX>
                <ns3:Speed>1.194000005722046</ns3:Speed>
              </ns3:TPX>
            </Extensions>
          </Trackpoint>
          <Trackpoint>
            <Time>2026-02-24T17:27:45.000Z</Time>
            <Position>
              <LatitudeDegrees>51.783548248931766</LatitudeDegrees>
              <LongitudeDegrees>-0.18962228670716286</LongitudeDegrees>
            </Position>
            <AltitudeMeters>80.0</AltitudeMeters>
            <DistanceMeters>215.67999267578125</DistanceMeters>
            <HeartRateBpm>
              <Value>116</Value>
            </HeartRateBpm>
            <Extensions>
              <ns3:TPX>
                <ns3:Speed>1.184999942779541</ns3:Speed>
              </ns3:TPX>
            </Extensions>
          </Trackpoint>
          <Trackpoint>
            <Time>2026-02-24T17:27:47.000Z</Time>
            <Position>
              <LatitudeDegrees>51.78355193696916</LatitudeDegrees>
              <LongitudeDegrees>-0.18965547904372215</LongitudeDegrees>
            </Position>
            <AltitudeMeters>80.0</AltitudeMeters>
            <DistanceMeters>218.0800018310547</DistanceMeters>
            <HeartRateBpm>
              <Value>117</Value>
            </HeartRateBpm>
            <Extensions>
              <ns3:TPX>
                <ns3:Speed>1.184999942779541</ns3:Speed>
              </ns3:TPX>
            </Extensions>
          </Trackpoint>
          <Trackpoint>
            <Time>2026-02-24T17:27:58.000Z</Time>
            <Position>
              <LatitudeDegrees>51.78353768773377</LatitudeDegrees>
              <LongitudeDegrees>-0.1898370310664177</LongitudeDegrees>
            </Position>
            <AltitudeMeters>80.0</AltitudeMeters>
            <DistanceMeters>230.60000610351562</DistanceMeters>
            <HeartRateBpm>
              <Value>117</Value>
            </HeartRateBpm>
            <Extensions>
              <ns3:TPX>
                <ns3:Speed>1.1759999990463257</ns3:Speed>
              </ns3:TPX>
            </Extensions>
          </Trackpoint>
          <Trackpoint>
            <Time>2026-02-24T17:28:10.000Z</Time>
            <Position>
              <LatitudeDegrees>51.783511117100716</LatitudeDegrees>
              <LongitudeDegrees>-0.19005881622433662</LongitudeDegrees>
            </Position>
            <AltitudeMeters>80.19999694824219</AltitudeMeters>
            <DistanceMeters>245.8699951171875</DistanceMeters>
            <HeartRateBpm>
              <Value>117</Value>
            </HeartRateBpm>
            <Extensions>
              <ns3:TPX>
                <ns3:Speed>1.184999942779541</ns3:Speed>
              </ns3:TPX>
            </Extensions>
          </Trackpoint>
          <Trackpoint>
            <Time>2026-02-24T17:28:22.000Z</Time>
            <Position>
              <LatitudeDegrees>51.78349854424596</LatitudeDegrees>
              <LongitudeDegrees>-0.19028219394385815</LongitudeDegrees>
            </Position>
            <AltitudeMeters>80.5999984741211</AltitudeMeters>
            <DistanceMeters>261.4700012207031</DistanceMeters>
            <HeartRateBpm>
              <Value>118</Value>
            </HeartRateBpm>
            <Extensions>
              <ns3:TPX>
                <ns3:Speed>1.194000005722046</ns3:Speed>
              </ns3:TPX>
            </Extensions>
          </Trackpoint>
          <Trackpoint>
            <Time>2026-02-24T17:28:35.000Z</Time>
            <Position>
              <LatitudeDegrees>51.78349602967501</LatitudeDegrees>
              <LongitudeDegrees>-0.1905144564807415</LongitudeDegrees>
            </Position>
            <AltitudeMeters>80.80000305175781</AltitudeMeters>
            <DistanceMeters>277.8900146484375</DistanceMeters>
            <HeartRateBpm>
              <Value>120</Value>
            </HeartRateBpm>
            <Extensions>
              <ns3:TPX>
                <ns3:Speed>1.2130000591278076</ns3:Speed>
              </ns3:TPX>
            </Extensions>
          </Trackpoint>
          <Trackpoint>
            <Time>2026-02-24T17:28:40.000Z</Time>
            <Position>
              <LatitudeDegrees>51.783499298617244</LatitudeDegrees>
              <LongitudeDegrees>-0.19060196354985237</LongitudeDegrees>
            </Position>
            <AltitudeMeters>80.80000305175781</AltitudeMeters>
            <DistanceMeters>283.6099853515625</DistanceMeters>
            <HeartRateBpm>
              <Value>123</Value>
            </HeartRateBpm>
            <Extensions>
              <ns3:TPX>
                <ns3:Speed>1.2130000591278076</ns3:Speed>
              </ns3:TPX>
            </Extensions>
          </Trackpoint>
          <Trackpoint>
            <Time>2026-02-24T17:28:41.000Z</Time>
            <Position>
              <LatitudeDegrees>51.78349862806499</LatitudeDegrees>
              <LongitudeDegrees>-0.19062786363065243</LongitudeDegrees>
            </Position>
            <AltitudeMeters>80.80000305175781</AltitudeMeters>
            <DistanceMeters>285.2699890136719</DistanceMeters>
            <HeartRateBpm>
              <Value>123</Value>
            </HeartRateBpm>
            <Extensions>
              <ns3:TPX>
                <ns3:Speed>1.2130000591278076</ns3:Speed>
              </ns3:TPX>
            </Extensions>
          </Trackpoint>
          <Trackpoint>
            <Time>2026-02-24T17:28:49.000Z</Time>
            <Position>
              <LatitudeDegrees>51.78350239992142</LatitudeDegrees>
              <LongitudeDegrees>-0.1907937414944172</LongitudeDegrees>
            </Position>
            <AltitudeMeters>81.19999694824219</AltitudeMeters>
            <DistanceMeters>296.94000244140625</DistanceMeters>
            <HeartRateBpm>
              <Value>123</Value>
            </HeartRateBpm>
            <Extensions>
              <ns3:TPX>
                <ns3:Speed>1.2879999876022339</ns3:Speed>
              </ns3:TPX>
            </Extensions>
          </Trackpoint>
          <Trackpoint>
            <Time>2026-02-24T17:28:51.000Z</Time>
            <Position>
              <LatitudeDegrees>51.783506674692035</LatitudeDegrees>
              <LongitudeDegrees>-0.19083003513514996</LongitudeDegrees>
            </Position>
            <AltitudeMeters>81.4000015258789</AltitudeMeters>
            <DistanceMeters>299.4599914550781</DistanceMeters>
            <HeartRateBpm>
              <Value>123</Value>
            </HeartRateBpm>
            <Extensions>
              <ns3:TPX>
                <ns3:Speed>1.2879999876022339</ns3:Speed>
              </ns3:TPX>
            </Extensions>
          </Trackpoint>
          <Trackpoint>
            <Time>2026-02-24T17:28:59.000Z</Time>
            <Position>
              <LatitudeDegrees>51.78350793197751</LatitudeDegrees>
              <LongitudeDegrees>-0.1909810770303011</LongitudeDegrees>
            </Position>
            <AltitudeMeters>81.5999984741211</AltitudeMeters>
            <DistanceMeters>309.8699951171875</DistanceMeters>
            <HeartRateBpm>
              <Value>125</Value>
            </HeartRateBpm>
            <Extensions>
              <ns3:TPX>
                <ns3:Speed>1.2970000505447388</ns3:Speed>
              </ns3:TPX>
            </Extensions>
          </Trackpoint>
          <Trackpoint>
            <Time>2026-02-24T17:29:08.000Z</Time>
            <Position>
              <LatitudeDegrees>51.783511871472</LatitudeDegrees>
              <LongitudeDegrees>-0.1911395788192749</LongitudeDegrees>
            </Position>
            <AltitudeMeters>82.0</AltitudeMeters>
            <DistanceMeters>320.5899963378906</DistanceMeters>
            <HeartRateBpm>
              <Value>125</Value>
            </HeartRateBpm>
            <Extensions>
              <ns3:TPX>
                <ns3:Speed>1.2879999876022339</ns3:Speed>
              </ns3:TPX>
            </Extensions>
          </Trackpoint>
          <Trackpoint>
            <Time>2026-02-24T17:29:17.000Z</Time>
            <Position>
              <LatitudeDegrees>51.78352209739387</LatitudeDegrees>
              <LongitudeDegrees>-0.19131199456751347</LongitudeDegrees>
            </Position>
            <AltitudeMeters>82.0</AltitudeMeters>
            <DistanceMeters>331.8999938964844</DistanceMeters>
            <HeartRateBpm>
              <Value>125</Value>
            </HeartRateBpm>
            <Extensions>
              <ns3:TPX>
                <ns3:Speed>1.2690000534057617</ns3:Speed>
              </ns3:TPX>
            </Extensions>
          </Trackpoint>
          <Trackpoint>
            <Time>2026-02-24T17:29:28.000Z</Time>
            <Position>
              <LatitudeDegrees>51.78353123366833</LatitudeDegrees>
              <LongitudeDegrees>-0.19150209613144398</LongitudeDegrees>
            </Position>
            <AltitudeMeters>82.19999694824219</AltitudeMeters>
            <DistanceMeters>344.54998779296875</DistanceMeters>
            <HeartRateBpm>
              <Value>124</Value>
            </HeartRateBpm>
            <Extensions>
              <ns3:TPX>
                <ns3:Speed>1.2599999904632568</ns3:Speed>
              </ns3:TPX>
            </Extensions>
          </Trackpoint>
          <Trackpoint>
            <Time>2026-02-24T17:29:38.000Z</Time>
            <Position>
              <LatitudeDegrees>51.78355285897851</LatitudeDegrees>
              <LongitudeDegrees>-0.19169739447534084</LongitudeDegrees>
            </Position>
            <AltitudeMeters>82.4000015258789</AltitudeMeters>
            <DistanceMeters>358.7300109863281</DistanceMeters>
            <HeartRateBpm>
              <Value>124</Value>
            </HeartRateBpm>
            <Extensions>
              <ns3:TPX>
                <ns3:Speed>1.2690000534057617</ns3:Speed>
              </ns3:TPX>
            </Extensions>
          </Trackpoint>
          <Trackpoint>
            <Time>2026-02-24T17:29:47.000Z</Time>
            <Position>
              <LatitudeDegrees>51.78357959724963</LatitudeDegrees>
              <LongitudeDegrees>-0.19187970086932182</LongitudeDegrees>
            </Position>
            <AltitudeMeters>82.0</AltitudeMeters>
            <DistanceMeters>371.6300048828125</DistanceMeters>
            <HeartRateBpm>
              <Value>124</Value>
            </HeartRateBpm>
            <Extensions>
              <ns3:TPX>
                <ns3:Speed>1.277999997138977</ns3:Speed>
              </ns3:TPX>
            </Extensions>
          </Trackpoint>
          <Trackpoint>
            <Time>2026-02-24T17:29:54.000Z</Time>
            <Position>
              <LatitudeDegrees>51.78359158337116</LatitudeDegrees>
              <LongitudeDegrees>-0.19202789291739464</LongitudeDegrees>
            </Position>
            <AltitudeMeters>82.0</AltitudeMeters>
            <DistanceMeters>382.2799987792969</DistanceMeters>
            <HeartRateBpm>
              <Value>126</Value>
            </HeartRateBpm>
            <Extensions>
              <ns3:TPX>
                <ns3:Speed>1.305999994277954</ns3:Speed>
              </ns3:TPX>
            </Extensions>
          </Trackpoint>
          <Trackpoint>
            <Time>2026-02-24T17:30:02.000Z</Time>
            <Position>
              <LatitudeDegrees>51.78359569050372</LatitudeDegrees>
              <LongitudeDegrees>-0.1921833772212267</LongitudeDegrees>
            </Position>
            <AltitudeMeters>82.19999694824219</AltitudeMeters>
            <DistanceMeters>393.1199951171875</DistanceMeters>
            <HeartRateBpm>
              <Value>124</Value>
            </HeartRateBpm>
            <Extensions>
              <ns3:TPX>
                <ns3:Speed>1.3250000476837158</ns3:Speed>
              </ns3:TPX>
            </Extensions>
          </Trackpoint>
          <Trackpoint>
            <Time>2026-02-24T17:30:08.000Z</Time>
            <Position>
              <LatitudeDegrees>51.783602396026254</LatitudeDegrees>
              <LongitudeDegrees>-0.1923048309981823</LongitudeDegrees>
            </Position>
            <AltitudeMeters>82.19999694824219</AltitudeMeters>
            <DistanceMeters>401.3699951171875</DistanceMeters>
            <HeartRateBpm>
              <Value>124</Value>
            </HeartRateBpm>
            <Extensions>
              <ns3:TPX>
                <ns3:Speed>1.3339999914169312</ns3:Speed>
              </ns3:TPX>
            </Extensions>
          </Trackpoint>
          <Trackpoint>
            <Time>2026-02-24T17:30:17.000Z</Time>
            <Position>
              <LatitudeDegrees>51.783595103770494</LatitudeDegrees>
              <LongitudeDegrees>-0.19248152151703835</LongitudeDegrees>
            </Position>
            <AltitudeMeters>82.19999694824219</AltitudeMeters>
            <DistanceMeters>413.55999755859375</DistanceMeters>
            <HeartRateBpm>
              <Value>123</Value>
            </HeartRateBpm>
            <Extensions>
              <ns3:TPX>
                <ns3:Speed>1.343999981880188</ns3:Speed>
              </ns3:TPX>
            </Extensions>
          </Trackpoint>
          <Trackpoint>
            <Time>2026-02-24T17:30:24.000Z</Time>
            <Position>
              <LatitudeDegrees>51.783589320257306</LatitudeDegrees>
              <LongitudeDegrees>-0.19260138273239136</LongitudeDegrees>
            </Position>
            <AltitudeMeters>82.19999694824219</AltitudeMeters>
            <DistanceMeters>422.2200012207031</DistanceMeters>
            <HeartRateBpm>
              <Value>120</Value>
            </HeartRateBpm>
            <Extensions>
              <ns3:TPX>
                <ns3:Speed>1.343999981880188</ns3:Speed>
              </ns3:TPX>
            </Extensions>
          </Trackpoint>
          <Trackpoint>
            <Time>2026-02-24T17:30:25.000Z</Time>
            <Position>
              <LatitudeDegrees>51.78359099663794</LatitudeDegrees>
              <LongitudeDegrees>-0.19262091256678104</LongitudeDegrees>
            </Position>
            <AltitudeMeters>82.19999694824219</AltitudeMeters>
            <DistanceMeters>423.5299987792969</DistanceMeters>
            <HeartRateBpm>
              <Value>120</Value>
            </HeartRateBpm>
            <Extensions>
              <ns3:TPX>
                <ns3:Speed>1.343999981880188</ns3:Speed>
              </ns3:TPX>
            </Extensions>
          </Trackpoint>
          <Trackpoint>
            <Time>2026-02-24T17:30:32.000Z</Time>
            <Position>
              <LatitudeDegrees>51.783587811514735</LatitudeDegrees>
              <LongitudeDegrees>-0.19276734441518784</LongitudeDegrees>
            </Position>
            <AltitudeMeters>82.4000015258789</AltitudeMeters>
            <DistanceMeters>433.3900146484375</DistanceMeters>
            <HeartRateBpm>
              <Value>118</Value>
            </HeartRateBpm>
            <Extensions>
              <ns3:TPX>
                <ns3:Speed>1.343999981880188</ns3:Speed>
              </ns3:TPX>
            </Extensions>
          </Trackpoint>
          <Trackpoint>
            <Time>2026-02-24T17:30:39.000Z</Time>
            <Position>
              <LatitudeDegrees>51.783574065193534</LatitudeDegrees>
              <LongitudeDegrees>-0.19291235134005547</LongitudeDegrees>
            </Position>
            <AltitudeMeters>82.4000015258789</AltitudeMeters>
            <DistanceMeters>443.82000732421875</DistanceMeters>
            <HeartRateBpm>
              <Value>117</Value>
            </HeartRateBpm>
            <Extensions>
              <ns3:TPX>
                <ns3:Speed>1.3530000448226929</ns3:Speed>
              </ns3:TPX>
            </Extensions>
          </Trackpoint>
          <Trackpoint>
            <Time>2026-02-24T17:30:47.000Z</Time>
            <Position>
              <LatitudeDegrees>51.78357088007033</LatitudeDegrees>
              <LongitudeDegrees>-0.19307713955640793</LongitudeDegrees>
            </Position>
            <AltitudeMeters>82.4000015258789</AltitudeMeters>
            <DistanceMeters>455.239990234375</DistanceMeters>
            <HeartRateBpm>
              <Value>117</Value>
            </HeartRateBpm>
            <Extensions>
              <ns3:TPX>
                <ns3:Speed>1.3619999885559082</ns3:Speed>
              </ns3:TPX>
            </Extensions>
          </Trackpoint>
          <Trackpoint>
            <Time>2026-02-24T17:30:56.000Z</Time>
            <Position>
              <LatitudeDegrees>51.783567359671</LatitudeDegrees>
              <LongitudeDegrees>-0.19325039349496365</LongitudeDegrees>
            </Position>
            <AltitudeMeters>82.19999694824219</AltitudeMeters>
            <DistanceMeters>467.1600036621094</DistanceMeters>
            <HeartRateBpm>
              <Value>119</Value>
            </HeartRateBpm>
            <Extensions>
              <ns3:TPX>
                <ns3:Speed>1.3619999885559082</ns3:Speed>
              </ns3:TPX>
            </Extensions>
          </Trackpoint>
          <Trackpoint>
            <Time>2026-02-24T17:31:05.000Z</Time>
            <Position>
              <LatitudeDegrees>51.783553613349795</LatitudeDegrees>
              <LongitudeDegrees>-0.19342632964253426</LongitudeDegrees>
            </Position>
            <AltitudeMeters>82.5999984741211</AltitudeMeters>
            <DistanceMeters>479.30999755859375</DistanceMeters>
            <HeartRateBpm>
              <Value>117</Value>
            </HeartRateBpm>
            <Extensions>
              <ns3:TPX>
                <ns3:Speed>1.38100004196167</ns3:Speed>
              </ns3:TPX>
            </Extensions>
          </Trackpoint>
          <Trackpoint>
            <Time>2026-02-24T17:31:14.000Z</Time>
            <Position>
              <LatitudeDegrees>51.783545818179846</LatitudeDegrees>
              <LongitudeDegrees>-0.1936068758368492</LongitudeDegrees>
            </Position>
            <AltitudeMeters>82.80000305175781</AltitudeMeters>
            <DistanceMeters>491.7200012207031</DistanceMeters>
            <HeartRateBpm>
              <Value>117</Value>
            </HeartRateBpm>
            <Extensions>
              <ns3:TPX>
                <ns3:Speed>1.38100004196167</ns3:Speed>
              </ns3:TPX>
            </Extensions>
          </Trackpoint>
          <Trackpoint>
            <Time>2026-02-24T17:31:22.000Z</Time>
            <Position>
              <LatitudeDegrees>51.78353869356215</LatitudeDegrees>
              <LongitudeDegrees>-0.19377225078642368</LongitudeDegrees>
            </Position>
            <AltitudeMeters>82.80000305175781</AltitudeMeters>
            <DistanceMeters>503.3800048828125</DistanceMeters>
            <HeartRateBpm>
              <Value>117</Value>
            </HeartRateBpm>
            <Extensions>
              <ns3:TPX>
                <ns3:Speed>1.3899999856948853</ns3:Speed>
              </ns3:TPX>
            </Extensions>
          </Trackpoint>
          <Trackpoint>
            <Time>2026-02-24T17:31:30.000Z</Time>
            <Position>
              <LatitudeDegrees>51.78353953175247</LatitudeDegrees>
              <LongitudeDegrees>-0.19393092021346092</LongitudeDegrees>
            </Position>
            <AltitudeMeters>83.0</AltitudeMeters>
            <DistanceMeters>514.5800170898438</DistanceMeters>
            <HeartRateBpm>
              <Value>116</Value>
            </HeartRateBpm>
            <Extensions>
              <ns3:TPX>
                <ns3:Speed>1.38100004196167</ns3:Speed>
              </ns3:TPX>
            </Extensions>
          </Trackpoint>
          <Trackpoint>
            <Time>2026-02-24T17:31:37.000Z</Time>
            <Position>
              <LatitudeDegrees>51.783535508438945</LatitudeDegrees>
              <LongitudeDegrees>-0.19405832514166832</LongitudeDegrees>
            </Position>
            <AltitudeMeters>82.80000305175781</AltitudeMeters>
            <DistanceMeters>523.260009765625</DistanceMeters>
            <HeartRateBpm>
              <Value>118</Value>
            </HeartRateBpm>
            <Extensions>
              <ns3:TPX>
                <ns3:Speed>1.38100004196167</ns3:Speed>
              </ns3:TPX>
            </Extensions>
          </Trackpoint>
          <Trackpoint>
            <Time>2026-02-24T17:31:45.000Z</Time>
            <Position>
              <LatitudeDegrees>51.78352268412709</LatitudeDegrees>
              <LongitudeDegrees>-0.19422956742346287</LongitudeDegrees>
            </Position>
            <AltitudeMeters>83.0</AltitudeMeters>
            <DistanceMeters>534.8800048828125</DistanceMeters>
            <HeartRateBpm>
              <Value>118</Value>
            </HeartRateBpm>
            <Extensions>
              <ns3:TPX>
                <ns3:Speed>1.371999979019165</ns3:Speed>
              </ns3:TPX>
            </Extensions>
          </Trackpoint>
          <Trackpoint>
            <Time>2026-02-24T17:31:54.000Z</Time>
            <Position>
              <LatitudeDegrees>51.78351430222392</LatitudeDegrees>
              <LongitudeDegrees>-0.194412125274539</LongitudeDegrees>
            </Position>
            <AltitudeMeters>83.0</AltitudeMeters>
            <DistanceMeters>547.6699829101562</DistanceMeters>
            <HeartRateBpm>
              <Value>120</Value>
            </HeartRateBpm>
            <Extensions>
              <ns3:TPX>
                <ns3:Speed>1.3899999856948853</ns3:Speed>
              </ns3:TPX>
            </Extensions>
          </Trackpoint>
          <Trackpoint>
            <Time>2026-02-24T17:32:02.000Z</Time>
            <Position>
              <LatitudeDegrees>51.783517990261316</LatitudeDegrees>
              <LongitudeDegrees>-0.19456610083580017</LongitudeDegrees>
            </Position>
            <AltitudeMeters>83.19999694824219</AltitudeMeters>
            <DistanceMeters>558.47998046875</DistanceMeters>
            <HeartRateBpm>
              <Value>121</Value>
            </HeartRateBpm>
            <Extensions>
              <ns3:TPX>
                <ns3:Speed>1.3899999856948853</ns3:Speed>
              </ns3:TPX>
            </Extensions>
          </Trackpoint>
          <Trackpoint>
            <Time>2026-02-24T17:32:05.000Z</Time>
            <Position>
              <LatitudeDegrees>51.78352050483227</LatitudeDegrees>
              <LongitudeDegrees>-0.19463139586150646</LongitudeDegrees>
            </Position>
            <AltitudeMeters>83.0</AltitudeMeters>
            <DistanceMeters>562.9099731445312</DistanceMeters>
            <HeartRateBpm>
              <Value>121</Value>
            </HeartRateBpm>
            <Extensions>
              <ns3:TPX>
                <ns3:Speed>1.399999976158142</ns3:Speed>
              </ns3:TPX>
            </Extensions>
          </Trackpoint>
          <Trackpoint>
            <Time>2026-02-24T17:32:09.000Z</Time>
            <Position>
              <LatitudeDegrees>51.78352192975581</LatitudeDegrees>
              <LongitudeDegrees>-0.1947137899696827</LongitudeDegrees>
            </Position>
            <AltitudeMeters>83.0</AltitudeMeters>
            <DistanceMeters>568.6199951171875</DistanceMeters>
            <HeartRateBpm>
              <Value>120</Value>
            </HeartRateBpm>
            <Extensions>
              <ns3:TPX>
                <ns3:Speed>1.399999976158142</ns3:Speed>
              </ns3:TPX>
            </Extensions>
          </Trackpoint>
          <Trackpoint>
            <Time>2026-02-24T17:32:17.000Z</Time>
            <Position>
              <LatitudeDegrees>51.783529641106725</LatitudeDegrees>
              <LongitudeDegrees>-0.19487698562443256</LongitudeDegrees>
            </Position>
            <AltitudeMeters>83.0</AltitudeMeters>
            <DistanceMeters>580.0599975585938</DistanceMeters>
            <HeartRateBpm>
              <Value>118</Value>
            </HeartRateBpm>
            <Extensions>
              <ns3:TPX>
                <ns3:Speed>1.409000039100647</ns3:Speed>
              </ns3:TPX>
            </Extensions>
          </Trackpoint>
          <Trackpoint>
            <Time>2026-02-24T17:32:28.000Z</Time>
            <Position>
              <LatitudeDegrees>51.78355445154011</LatitudeDegrees>
              <LongitudeDegrees>-0.1951003633439541</LongitudeDegrees>
            </Position>
            <AltitudeMeters>82.80000305175781</AltitudeMeters>
            <DistanceMeters>595.7100219726562</DistanceMeters>
            <HeartRateBpm>
              <Value>117</Value>
            </HeartRateBpm>
            <Extensions>
              <ns3:TPX>
                <ns3:Speed>1.409000039100647</ns3:Speed>
              </ns3:TPX>
            </Extensions>
          </Trackpoint>
          <Trackpoint>
            <Time>2026-02-24T17:32:38.000Z</Time>
            <Position>
              <LatitudeDegrees>51.783583452925086</LatitudeDegrees>
              <LongitudeDegrees>-0.1952915545552969</LongitudeDegrees>
            </Position>
            <AltitudeMeters>82.80000305175781</AltitudeMeters>
            <DistanceMeters>609.22998046875</DistanceMeters>
            <HeartRateBpm>
              <Value>116</Value>
            </HeartRateBpm>
            <Extensions>
              <ns3:TPX>
                <ns3:Speed>1.4179999828338623</ns3:Speed>
              </ns3:TPX>
            </Extensions>
          </Trackpoint>
          <Trackpoint>
            <Time>2026-02-24T17:32:46.000Z</Time>
            <Position>
              <LatitudeDegrees>51.78361538797617</LatitudeDegrees>
              <LongitudeDegrees>-0.19544603303074837</LongitudeDegrees>
            </Position>
            <AltitudeMeters>82.80000305175781</AltitudeMeters>
            <DistanceMeters>620.4099731445312</DistanceMeters>
            <HeartRateBpm>
              <Value>119</Value>
            </HeartRateBpm>
            <Extensions>
              <ns3:TPX>
                <ns3:Speed>1.409000039100647</ns3:Speed>
              </ns3:TPX>
            </Extensions>
          </Trackpoint>
          <Trackpoint>
            <Time>2026-02-24T17:32:48.000Z</Time>
            <Position>
              <LatitudeDegrees>51.783621506765485</LatitudeDegrees>
              <LongitudeDegrees>-0.19547863863408566</LongitudeDegrees>
            </Position>
            <AltitudeMeters>82.80000305175781</AltitudeMeters>
            <DistanceMeters>623.010009765625</DistanceMeters>
            <HeartRateBpm>
              <Value>120</Value>
            </HeartRateBpm>
            <Extensions>
              <ns3:TPX>
                <ns3:Speed>1.409000039100647</ns3:Speed>
              </ns3:TPX>
            </Extensions>
          </Trackpoint>
          <Trackpoint>
            <Time>2026-02-24T17:32:55.000Z</Time>
            <Position>
              <LatitudeDegrees>51.78366282954812</LatitudeDegrees>
              <LongitudeDegrees>-0.1956248190253973</LongitudeDegrees>
            </Position>
            <AltitudeMeters>82.80000305175781</AltitudeMeters>
            <DistanceMeters>633.97998046875</DistanceMeters>
            <HeartRateBpm>
              <Value>119</Value>
            </HeartRateBpm>
            <Extensions>
              <ns3:TPX>
                <ns3:Speed>1.409000039100647</ns3:Speed>
              </ns3:TPX>
            </Extensions>
          </Trackpoint>
          <Trackpoint>
            <Time>2026-02-24T17:33:03.000Z</Time>
            <Position>
              <LatitudeDegrees>51.78369912318885</LatitudeDegrees>
              <LongitudeDegrees>-0.1957680657505989</LongitudeDegrees>
            </Position>
            <AltitudeMeters>82.5999984741211</AltitudeMeters>
            <DistanceMeters>644.9400024414062</DistanceMeters>
            <HeartRateBpm>
              <Value>120</Value>
            </HeartRateBpm>
            <Extensions>
              <ns3:TPX>
                <ns3:Speed>1.409000039100647</ns3:Speed>
              </ns3:TPX>
            </Extensions>
          </Trackpoint>
          <Trackpoint>
            <Time>2026-02-24T17:33:12.000Z</Time>
            <Position>
              <LatitudeDegrees>51.78374446928501</LatitudeDegrees>
              <LongitudeDegrees>-0.19592681899666786</LongitudeDegrees>
            </Position>
            <AltitudeMeters>82.5999984741211</AltitudeMeters>
            <DistanceMeters>656.989990234375</DistanceMeters>
            <HeartRateBpm>
              <Value>120</Value>
            </HeartRateBpm>
            <Extensions>
              <ns3:TPX>
                <ns3:Speed>1.409000039100647</ns3:Speed>
              </ns3:TPX>
            </Extensions>
          </Trackpoint>
          <Trackpoint>
            <Time>2026-02-24T17:33:18.000Z</Time>
            <Position>
              <LatitudeDegrees>51.78376969881356</LatitudeDegrees>
              <LongitudeDegrees>-0.19603033550083637</LongitudeDegrees>
            </Position>
            <AltitudeMeters>82.4000015258789</AltitudeMeters>
            <DistanceMeters>664.5999755859375</DistanceMeters>
            <HeartRateBpm>
              <Value>117</Value>
            </HeartRateBpm>
            <Extensions>
              <ns3:TPX>
                <ns3:Speed>1.399999976158142</ns3:Speed>
              </ns3:TPX>
            </Extensions>
          </Trackpoint>
          <Trackpoint>
            <Time>2026-02-24T17:33:21.000Z</Time>
            <Position>
              <LatitudeDegrees>51.78378394804895</LatitudeDegrees>
              <LongitudeDegrees>-0.19607861526310444</LongitudeDegrees>
            </Position>
            <AltitudeMeters>82.4000015258789</AltitudeMeters>
            <DistanceMeters>668.4000244140625</DistanceMeters>
            <HeartRateBpm>
              <Value>118</Value>
            </HeartRateBpm>
            <Extensions>
              <ns3:TPX>
                <ns3:Speed>1.3899999856948853</ns3:Speed>
              </ns3:TPX>
            </Extensions>
          </Trackpoint>
          <Trackpoint>
            <Time>2026-02-24T17:33:29.000Z</Time>
            <Position>
              <LatitudeDegrees>51.783819906413555</LatitudeDegrees>
              <LongitudeDegrees>-0.19621968269348145</LongitudeDegrees>
            </Position>
            <AltitudeMeters>82.5999984741211</AltitudeMeters>
            <DistanceMeters>678.7899780273438</DistanceMeters>
            <HeartRateBpm>
              <Value>117</Value>
            </HeartRateBpm>
            <Extensions>
              <ns3:TPX>
                <ns3:Speed>1.38100004196167</ns3:Speed>
              </ns3:TPX>
            </Extensions>
          </Trackpoint>
          <Trackpoint>
            <Time>2026-02-24T17:33:35.000Z</Time>
            <Position>
              <LatitudeDegrees>51.78385469131172</LatitudeDegrees>
              <LongitudeDegrees>-0.19633728079497814</LongitudeDegrees>
            </Position>
            <AltitudeMeters>82.4000015258789</AltitudeMeters>
            <DistanceMeters>687.8099975585938</DistanceMeters>
            <HeartRateBpm>
              <Value>118</Value>
            </HeartRateBpm>
            <Extensions>
              <ns3:TPX>
                <ns3:Speed>1.38100004196167</ns3:Speed>
              </ns3:TPX>
            </Extensions>
          </Trackpoint>
          <Trackpoint>
            <Time>2026-02-24T17:33:42.000Z</Time>
            <Position>
              <LatitudeDegrees>51.783883860334754</LatitudeDegrees>
              <LongitudeDegrees>-0.1964547112584114</LongitudeDegrees>
            </Position>
            <AltitudeMeters>82.4000015258789</AltitudeMeters>
            <DistanceMeters>696.739990234375</DistanceMeters>
            <HeartRateBpm>
              <Value>119</Value>
            </HeartRateBpm>
            <Extensions>
              <ns3:TPX>
                <ns3:Speed>1.38100004196167</ns3:Speed>
              </ns3:TPX>
            </Extensions>
          </Trackpoint>
          <Trackpoint>
            <Time>2026-02-24T17:33:49.000Z</Time>
            <Position>
              <LatitudeDegrees>51.783909760415554</LatitudeDegrees>
              <LongitudeDegrees>-0.19661304540932178</LongitudeDegrees>
            </Position>
            <AltitudeMeters>82.4000015258789</AltitudeMeters>
            <DistanceMeters>708.1199951171875</DistanceMeters>
            <HeartRateBpm>
              <Value>118</Value>
            </HeartRateBpm>
            <Extensions>
              <ns3:TPX>
                <ns3:Speed>1.3899999856948853</ns3:Speed>
              </ns3:TPX>
            </Extensions>
          </Trackpoint>
          <Trackpoint>
            <Time>2026-02-24T17:33:52.000Z</Time>
            <Position>
              <LatitudeDegrees>51.78392375819385</LatitudeDegrees>
              <LongitudeDegrees>-0.19665529020130634</LongitudeDegrees>
            </Position>
            <AltitudeMeters>82.19999694824219</AltitudeMeters>
            <DistanceMeters>711.4000244140625</DistanceMeters>
            <HeartRateBpm>
              <Value>121</Value>
            </HeartRateBpm>
            <Extensions>
              <ns3:TPX>
                <ns3:Speed>1.3899999856948853</ns3:Speed>
              </ns3:TPX>
            </Extensions>
          </Trackpoint>
          <Trackpoint>
            <Time>2026-02-24T17:33:57.000Z</Time>
            <Position>
              <LatitudeDegrees>51.78393976762891</LatitudeDegrees>
              <LongitudeDegrees>-0.19675930961966515</LongitudeDegrees>
            </Position>
            <AltitudeMeters>82.19999694824219</AltitudeMeters>
            <DistanceMeters>718.9299926757812</DistanceMeters>
            <HeartRateBpm>
              <Value>122</Value>
            </HeartRateBpm>
            <Extensions>
              <ns3:TPX>
                <ns3:Speed>1.3899999856948853</ns3:Speed>
              </ns3:TPX>
            </Extensions>
          </Trackpoint>
          <Trackpoint>
            <Time>2026-02-24T17:34:05.000Z</Time>
            <Position>
              <LatitudeDegrees>51.7839590460062</LatitudeDegrees>
              <LongitudeDegrees>-0.19690129905939102</LongitudeDegrees>
            </Position>
            <AltitudeMeters>82.19999694824219</AltitudeMeters>
            <DistanceMeters>728.7999877929688</DistanceMeters>
            <HeartRateBpm>
              <Value>122</Value>
            </HeartRateBpm>
            <Extensions>
              <ns3:TPX>
                <ns3:Speed>1.3899999856948853</ns3:Speed>
              </ns3:TPX>
            </Extensions>
          </Trackpoint>
          <Trackpoint>
            <Time>2026-02-24T17:34:14.000Z</Time>
            <Position>
              <LatitudeDegrees>51.78397606126964</LatitudeDegrees>
              <LongitudeDegrees>-0.19707606174051762</LongitudeDegrees>
            </Position>
            <AltitudeMeters>82.19999694824219</AltitudeMeters>
            <DistanceMeters>741.1300048828125</DistanceMeters>
            <HeartRateBpm>
              <Value>122</Value>
            </HeartRateBpm>
            <Extensions>
              <ns3:TPX>
                <ns3:Speed>1.3899999856948853</ns3:Speed>
              </ns3:TPX>
            </Extensions>
          </Trackpoint>
          <Trackpoint>
            <Time>2026-02-24T17:34:18.000Z</Time>
            <Position>
              <LatitudeDegrees>51.78398469462991</LatitudeDegrees>
              <LongitudeDegrees>-0.19716164097189903</LongitudeDegrees>
            </Position>
            <AltitudeMeters>82.0</AltitudeMeters>
            <DistanceMeters>747.010009765625</DistanceMeters>
            <HeartRateBpm>
              <Value>121</Value>
            </HeartRateBpm>
            <Extensions>
              <ns3:TPX>
                <ns3:Speed>1.3899999856948853</ns3:Speed>
              </ns3:TPX>
            </Extensions>
          </Trackpoint>
          <Trackpoint>
            <Time>2026-02-24T17:34:21.000Z</Time>
            <Position>
              <LatitudeDegrees>51.78399215452373</LatitudeDegrees>
              <LongitudeDegrees>-0.19721729680895805</LongitudeDegrees>
            </Position>
            <AltitudeMeters>82.0</AltitudeMeters>
            <DistanceMeters>750.780029296875</DistanceMeters>
            <HeartRateBpm>
              <Value>122</Value>
            </HeartRateBpm>
            <Extensions>
              <ns3:TPX>
                <ns3:Speed>1.3899999856948853</ns3:Speed>
              </ns3:TPX>
            </Extensions>
          </Trackpoint>
          <Trackpoint>
            <Time>2026-02-24T17:34:28.000Z</Time>
            <Position>
              <LatitudeDegrees>51.78401076234877</LatitudeDegrees>
              <LongitudeDegrees>-0.19735392183065414</LongitudeDegrees>
            </Position>
            <AltitudeMeters>82.19999694824219</AltitudeMeters>
            <DistanceMeters>760.6400146484375</DistanceMeters>
            <HeartRateBpm>
              <Value>121</Value>
            </HeartRateBpm>
            <Extensions>
              <ns3:TPX>
                <ns3:Speed>1.38100004196167</ns3:Speed>
              </ns3:TPX>
            </Extensions>
          </Trackpoint>
          <Trackpoint>
            <Time>2026-02-24T17:34:35.000Z</Time>
            <Position>
              <LatitudeDegrees>51.78402283228934</LatitudeDegrees>
              <LongitudeDegrees>-0.19749515689909458</LongitudeDegrees>
            </Position>
            <AltitudeMeters>82.19999694824219</AltitudeMeters>
            <DistanceMeters>770.739990234375</DistanceMeters>
            <HeartRateBpm>
              <Value>119</Value>
            </HeartRateBpm>
            <Extensions>
              <ns3:TPX>
                <ns3:Speed>1.38100004196167</ns3:Speed>
              </ns3:TPX>
            </Extensions>
          </Trackpoint>
          <Trackpoint>
            <Time>2026-02-24T17:34:45.000Z</Time>
            <Position>
              <LatitudeDegrees>51.784055940806866</LatitudeDegrees>
              <LongitudeDegrees>-0.19766991958022118</LongitudeDegrees>
            </Position>
            <AltitudeMeters>82.19999694824219</AltitudeMeters>
            <DistanceMeters>783.1699829101562</DistanceMeters>
            <HeartRateBpm>
              <Value>120</Value>
            </HeartRateBpm>
            <Extensions>
              <ns3:TPX>
                <ns3:Speed>1.38100004196167</ns3:Speed>
              </ns3:TPX>
            </Extensions>
          </Trackpoint>
          <Trackpoint>
            <Time>2026-02-24T17:34:55.000Z</Time>
            <Position>
              <LatitudeDegrees>51.7840887978673</LatitudeDegrees>
              <LongitudeDegrees>-0.19787301309406757</LongitudeDegrees>
            </Position>
            <AltitudeMeters>82.19999694824219</AltitudeMeters>
            <DistanceMeters>797.8300170898438</DistanceMeters>
            <HeartRateBpm>
              <Value>120</Value>
            </HeartRateBpm>
            <Extensions>
              <ns3:TPX>
                <ns3:Speed>1.371999979019165</ns3:Speed>
              </ns3:TPX>
            </Extensions>
          </Trackpoint>
          <Trackpoint>
            <Time>2026-02-24T17:35:04.000Z</Time>
            <Position>
              <LatitudeDegrees>51.78411033935845</LatitudeDegrees>
              <LongitudeDegrees>-0.1980371307581663</LongitudeDegrees>
            </Position>
            <AltitudeMeters>82.19999694824219</AltitudeMeters>
            <DistanceMeters>809.6799926757812</DistanceMeters>
            <HeartRateBpm>
              <Value>120</Value>
            </HeartRateBpm>
            <Extensions>
              <ns3:TPX>
                <ns3:Speed>1.3619999885559082</ns3:Speed>
              </ns3:TPX>
            </Extensions>
          </Trackpoint>
          <Trackpoint>
            <Time>2026-02-24T17:35:12.000Z</Time>
            <Position>
              <LatitudeDegrees>51.784147219732404</LatitudeDegrees>
              <LongitudeDegrees>-0.19820736721158028</LongitudeDegrees>
            </Position>
            <AltitudeMeters>82.19999694824219</AltitudeMeters>
            <DistanceMeters>821.5900268554688</DistanceMeters>
            <HeartRateBpm>
              <Value>121</Value>
            </HeartRateBpm>
            <Extensions>
              <ns3:TPX>
                <ns3:Speed>1.371999979019165</ns3:Speed>
              </ns3:TPX>
            </Extensions>
          </Trackpoint>
          <Trackpoint>
            <Time>2026-02-24T17:35:19.000Z</Time>
            <Position>
              <LatitudeDegrees>51.78416892886162</LatitudeDegrees>
              <LongitudeDegrees>-0.1983337663114071</LongitudeDegrees>
            </Position>
            <AltitudeMeters>82.0</AltitudeMeters>
            <DistanceMeters>831.1900024414062</DistanceMeters>
            <HeartRateBpm>
              <Value>122</Value>
            </HeartRateBpm>
            <Extensions>
              <ns3:TPX>
                <ns3:Speed>1.371999979019165</ns3:Speed>
              </ns3:TPX>
            </Extensions>
          </Trackpoint>
          <Trackpoint>
            <Time>2026-02-24T17:35:26.000Z</Time>
            <Position>
              <LatitudeDegrees>51.784198600798845</LatitudeDegrees>
              <LongitudeDegrees>-0.19846259616315365</LongitudeDegrees>
            </Position>
            <AltitudeMeters>82.19999694824219</AltitudeMeters>
            <DistanceMeters>840.6699829101562</DistanceMeters>
            <HeartRateBpm>
              <Value>120</Value>
            </HeartRateBpm>
            <Extensions>
              <ns3:TPX>
                <ns3:Speed>1.371999979019165</ns3:Speed>
              </ns3:TPX>
            </Extensions>
          </Trackpoint>
          <Trackpoint>
            <Time>2026-02-24T17:35:34.000Z</Time>
            <Position>
              <LatitudeDegrees>51.78423355333507</LatitudeDegrees>
              <LongitudeDegrees>-0.19861355423927307</LongitudeDegrees>
            </Position>
            <AltitudeMeters>82.19999694824219</AltitudeMeters>
            <DistanceMeters>851.7899780273438</DistanceMeters>
            <HeartRateBpm>
              <Value>120</Value>
            </HeartRateBpm>
            <Extensions>
              <ns3:TPX>
                <ns3:Speed>1.399999976158142</ns3:Speed>
              </ns3:TPX>
            </Extensions>
          </Trackpoint>
          <Trackpoint>
            <Time>2026-02-24T17:35:44.000Z</Time>
            <Position>
              <LatitudeDegrees>51.78428954444826</LatitudeDegrees>
              <LongitudeDegrees>-0.19878773018717766</LongitudeDegrees>
            </Position>
            <AltitudeMeters>82.19999694824219</AltitudeMeters>
            <DistanceMeters>865.469970703125</DistanceMeters>
            <HeartRateBpm>
              <Value>120</Value>
            </HeartRateBpm>
            <Extensions>
              <ns3:TPX>
                <ns3:Speed>1.38100004196167</ns3:Speed>
              </ns3:TPX>
            </Extensions>
          </Trackpoint>
          <Trackpoint>
            <Time>2026-02-24T17:35:50.000Z</Time>
            <Position>
              <LatitudeDegrees>51.78431603126228</LatitudeDegrees>
              <LongitudeDegrees>-0.19888412207365036</LongitudeDegrees>
            </Position>
            <AltitudeMeters>82.19999694824219</AltitudeMeters>
            <DistanceMeters>872.3800048828125</DistanceMeters>
            <HeartRateBpm>
              <Value>120</Value>
            </HeartRateBpm>
            <Extensions>
              <ns3:TPX>
                <ns3:Speed>1.3530000448226929</ns3:Speed>
              </ns3:TPX>
            </Extensions>
          </Trackpoint>
          <Trackpoint>
            <Time>2026-02-24T17:35:57.000Z</Time>
            <Position>
              <LatitudeDegrees>51.78435559384525</LatitudeDegrees>
              <LongitudeDegrees>-0.19902342930436134</LongitudeDegrees>
            </Position>
            <AltitudeMeters>82.19999694824219</AltitudeMeters>
            <DistanceMeters>883.1500244140625</DistanceMeters>
            <HeartRateBpm>
              <Value>120</Value>
            </HeartRateBpm>
            <Extensions>
              <ns3:TPX>
                <ns3:Speed>1.38100004196167</ns3:Speed>
              </ns3:TPX>
            </Extensions>
          </Trackpoint>
          <Trackpoint>
            <Time>2026-02-24T17:36:05.000Z</Time>
            <Position>
              <LatitudeDegrees>51.784400856122375</LatitudeDegrees>
              <LongitudeDegrees>-0.19914932548999786</LongitudeDegrees>
            </Position>
            <AltitudeMeters>82.19999694824219</AltitudeMeters>
            <DistanceMeters>893.1500244140625</DistanceMeters>
            <HeartRateBpm>
              <Value>119</Value>
            </HeartRateBpm>
            <Extensions>
              <ns3:TPX>
                <ns3:Speed>1.371999979019165</ns3:Speed>
              </ns3:TPX>
            </Extensions>
          </Trackpoint>
          <Trackpoint>
            <Time>2026-02-24T17:36:13.000Z</Time>
            <Position>
              <LatitudeDegrees>51.784447291865945</LatitudeDegrees>
              <LongitudeDegrees>-0.19927949644625187</LongitudeDegrees>
            </Position>
            <AltitudeMeters>82.19999694824219</AltitudeMeters>
            <DistanceMeters>903.4500122070312</DistanceMeters>
            <HeartRateBpm>
              <Value>120</Value>
            </HeartRateBpm>
            <Extensions>
              <ns3:TPX>
                <ns3:Speed>1.343999981880188</ns3:Speed>
              </ns3:TPX>
            </Extensions>
          </Trackpoint>
          <Trackpoint>
            <Time>2026-02-24T17:36:21.000Z</Time>
            <Position>
              <LatitudeDegrees>51.78449942730367</LatitudeDegrees>
              <LongitudeDegrees>-0.19942156970500946</LongitudeDegrees>
            </Position>
            <AltitudeMeters>82.19999694824219</AltitudeMeters>
            <DistanceMeters>914.989990234375</DistanceMeters>
            <HeartRateBpm>
              <Value>123</Value>
            </HeartRateBpm>
            <Extensions>
              <ns3:TPX>
                <ns3:Speed>1.343999981880188</ns3:Speed>
              </ns3:TPX>
            </Extensions>
          </Trackpoint>
          <Trackpoint>
            <Time>2026-02-24T17:36:31.000Z</Time>
            <Position>
              <LatitudeDegrees>51.784554747864604</LatitudeDegrees>
              <LongitudeDegrees>-0.19957277923822403</LongitudeDegrees>
            </Position>
            <AltitudeMeters>82.4000015258789</AltitudeMeters>
            <DistanceMeters>927.3300170898438</DistanceMeters>
            <HeartRateBpm>
              <Value>123</Value>
            </HeartRateBpm>
            <Extensions>
              <ns3:TPX>
                <ns3:Speed>1.3339999914169312</ns3:Speed>
              </ns3:TPX>
            </Extensions>
          </Trackpoint>
          <Trackpoint>
            <Time>2026-02-24T17:36:37.000Z</Time>
            <Position>
              <LatitudeDegrees>51.784591963514686</LatitudeDegrees>
              <LongitudeDegrees>-0.19966615363955498</LongitudeDegrees>
            </Position>
            <AltitudeMeters>82.4000015258789</AltitudeMeters>
            <DistanceMeters>934.7999877929688</DistanceMeters>
            <HeartRateBpm>
              <Value>122</Value>
            </HeartRateBpm>
            <Extensions>
              <ns3:TPX>
                <ns3:Speed>1.3339999914169312</ns3:Speed>
              </ns3:TPX>
            </Extensions>
          </Trackpoint>
          <Trackpoint>
            <Time>2026-02-24T17:36:43.000Z</Time>
            <Position>
              <LatitudeDegrees>51.78465122357011</LatitudeDegrees>
              <LongitudeDegrees>-0.19977964460849762</LongitudeDegrees>
            </Position>
            <AltitudeMeters>82.4000015258789</AltitudeMeters>
            <DistanceMeters>945.1500244140625</DistanceMeters>
            <HeartRateBpm>
              <Value>121</Value>
            </HeartRateBpm>
            <Extensions>
              <ns3:TPX>
                <ns3:Speed>1.3339999914169312</ns3:Speed>
              </ns3:TPX>
            </Extensions>
          </Trackpoint>
          <Trackpoint>
            <Time>2026-02-24T17:36:49.000Z</Time>
            <Position>
              <LatitudeDegrees>51.78468123078346</LatitudeDegrees>
              <LongitudeDegrees>-0.19986254163086414</LongitudeDegrees>
            </Position>
            <AltitudeMeters>82.5999984741211</AltitudeMeters>
            <DistanceMeters>951.77001953125</DistanceMeters>
            <HeartRateBpm>
              <Value>123</Value>
            </HeartRateBpm>
            <Extensions>
              <ns3:TPX>
                <ns3:Speed>1.343999981880188</ns3:Speed>
              </ns3:TPX>
            </Extensions>
          </Trackpoint>
          <Trackpoint>
            <Time>2026-02-24T17:36:56.000Z</Time>
            <Position>
              <LatitudeDegrees>51.78472699597478</LatitudeDegrees>
              <LongitudeDegrees>-0.199992461130023</LongitudeDegrees>
            </Position>
            <AltitudeMeters>82.80000305175781</AltitudeMeters>
            <DistanceMeters>962.0399780273438</DistanceMeters>
            <HeartRateBpm>
              <Value>124</Value>
            </HeartRateBpm>
            <Extensions>
              <ns3:TPX>
                <ns3:Speed>1.3339999914169312</ns3:Speed>
              </ns3:TPX>
            </Extensions>
          </Trackpoint>
          <Trackpoint>
            <Time>2026-02-24T17:37:03.000Z</Time>
            <Position>
              <LatitudeDegrees>51.78477142006159</LatitudeDegrees>
              <LongitudeDegrees>-0.20009228959679604</LongitudeDegrees>
            </Position>
            <AltitudeMeters>82.80000305175781</AltitudeMeters>
            <DistanceMeters>970.6799926757812</DistanceMeters>
            <HeartRateBpm>
              <Value>123</Value>
            </HeartRateBpm>
            <Extensions>
              <ns3:TPX>
                <ns3:Speed>1.3339999914169312</ns3:Speed>
              </ns3:TPX>
            </Extensions>
          </Trackpoint>
          <Trackpoint>
            <Time>2026-02-24T17:37:13.000Z</Time>
            <Position>
              <LatitudeDegrees>51.784829339012504</LatitudeDegrees>
              <LongitudeDegrees>-0.20027023740112782</LongitudeDegrees>
            </Position>
            <AltitudeMeters>82.5999984741211</AltitudeMeters>
            <DistanceMeters>984.6199951171875</DistanceMeters>
            <HeartRateBpm>
              <Value>121</Value>
            </HeartRateBpm>
            <Extensions>
              <ns3:TPX>
                <ns3:Speed>1.343999981880188</ns3:Speed>
              </ns3:TPX>
            </Extensions>
          </Trackpoint>
          <Trackpoint>
            <Time>2026-02-24T17:37:20.000Z</Time>
            <Position>
              <LatitudeDegrees>51.78486730903387</LatitudeDegrees>
              <LongitudeDegrees>-0.20039680413901806</LongitudeDegrees>
            </Position>
            <AltitudeMeters>83.19999694824219</AltitudeMeters>
            <DistanceMeters>994.0399780273438</DistanceMeters>
            <HeartRateBpm>
              <Value>120</Value>
            </HeartRateBpm>
            <Extensions>
              <ns3:TPX>
                <ns3:Speed>1.3339999914169312</ns3:Speed>
              </ns3:TPX>
            </Extensions>
          </Trackpoint>
          <Trackpoint>
            <Time>2026-02-24T17:37:21.000Z</Time>
            <Position>
              <LatitudeDegrees>51.784870913252234</LatitudeDegrees>
              <LongitudeDegrees>-0.20041180774569511</LongitudeDegrees>
            </Position>
            <AltitudeMeters>83.19999694824219</AltitudeMeters>
            <DistanceMeters>995.0800170898438</DistanceMeters>
            <HeartRateBpm>
              <Value>120</Value>
            </HeartRateBpm>
            <Extensions>
              <ns3:TPX>
                <ns3:Speed>1.3339999914169312</ns3:Speed>
              </ns3:TPX>
            </Extensions>
          </Trackpoint>
          <Trackpoint>
            <Time>2026-02-24T17:37:27.000Z</Time>
            <Position>
              <LatitudeDegrees>51.78490402176976</LatitudeDegrees>
              <LongitudeDegrees>-0.20049151964485645</LongitudeDegrees>
            </Position>
            <AltitudeMeters>83.80000305175781</AltitudeMeters>
            <DistanceMeters>1001.47998046875</DistanceMeters>
            <HeartRateBpm>
              <Value>121</Value>
            </HeartRateBpm>
            <Extensions>
              <ns3:TPX>
                <ns3:Speed>1.315999984741211</ns3:Speed>
              </ns3:TPX>
            </Extensions>
          </Trackpoint>
        </Track>
        <Extensions>
          <ns3:LX>
            <ns3:AvgSpeed>1.2979999780654907</ns3:AvgSpeed>
            <ns3:AvgRunCadence>51</ns3:AvgRunCadence>
            <ns3:MaxRunCadence>57</ns3:MaxRunCadence>
          </ns3:LX>
        </Extensions>
      </Lap>
      <Lap StartTime="2026-02-24T17:37:27.000Z">
        <TotalTimeSeconds>718.069</TotalTimeSeconds>
        <DistanceMeters>1000.0</DistanceMeters>
        <MaximumSpeed>1.465000033378601</MaximumSpeed>
        <Calories>58</Calories>
        <AverageHeartRateBpm>
          <Value>116</Value>
        </AverageHeartRateBpm>
        <MaximumHeartRateBpm>
          <Value>132</Value>
        </MaximumHeartRateBpm>
        <Intensity>Active</Intensity>
        <TriggerMethod>Manual</TriggerMethod>
        <Track>
          <Trackpoint>
            <Time>2026-02-24T17:37:27.000Z</Time>
            <Position>
              <LatitudeDegrees>51.78490402176976</LatitudeDegrees>
              <LongitudeDegrees>-0.20049151964485645</LongitudeDegrees>
            </Position>
            <AltitudeMeters>83.80000305175781</AltitudeMeters>
            <DistanceMeters>1001.47998046875</DistanceMeters>
            <HeartRateBpm>
              <Value>121</Value>
            </HeartRateBpm>
            <Extensions>
              <ns3:TPX>
                <ns3:Speed>1.315999984741211</ns3:Speed>
              </ns3:TPX>
            </Extensions>
          </Trackpoint>
          <Trackpoint>
            <Time>2026-02-24T17:37:31.000Z</Time>
            <Position>
              <LatitudeDegrees>51.78492380306125</LatitudeDegrees>
              <LongitudeDegrees>-0.20057265646755695</LongitudeDegrees>
            </Position>
            <AltitudeMeters>83.80000305175781</AltitudeMeters>
            <DistanceMeters>1007.7899780273438</DistanceMeters>
            <HeartRateBpm>
              <Value>122</Value>
            </HeartRateBpm>
            <Extensions>
              <ns3:TPX>
                <ns3:Speed>1.315999984741211</ns3:Speed>
              </ns3:TPX>
            </Extensions>
          </Trackpoint>
          <Trackpoint>
            <Time>2026-02-24T17:37:41.000Z</Time>
            <Position>
              <LatitudeDegrees>51.78497476503253</LatitudeDegrees>
              <LongitudeDegrees>-0.20076602697372437</LongitudeDegrees>
            </Position>
            <AltitudeMeters>83.80000305175781</AltitudeMeters>
            <DistanceMeters>1022.1900024414062</DistanceMeters>
            <HeartRateBpm>
              <Value>124</Value>
            </HeartRateBpm>
            <Extensions>
              <ns3:TPX>
                <ns3:Speed>1.3250000476837158</ns3:Speed>
              </ns3:TPX>
            </Extensions>
          </Trackpoint>
          <Trackpoint>
            <Time>2026-02-24T17:37:51.000Z</Time>
            <Position>
              <LatitudeDegrees>51.78502405062318</LatitudeDegrees>
              <LongitudeDegrees>-0.20093374885618687</LongitudeDegrees>
            </Position>
            <AltitudeMeters>84.0</AltitudeMeters>
            <DistanceMeters>1035.02001953125</DistanceMeters>
            <HeartRateBpm>
              <Value>125</Value>
            </HeartRateBpm>
            <Extensions>
              <ns3:TPX>
                <ns3:Speed>1.3250000476837158</ns3:Speed>
              </ns3:TPX>
            </Extensions>
          </Trackpoint>
          <Trackpoint>
            <Time>2026-02-24T17:37:57.000Z</Time>
            <Position>
              <LatitudeDegrees>51.78505187854171</LatitudeDegrees>
              <LongitudeDegrees>-0.20106542855501175</LongitudeDegrees>
            </Position>
            <AltitudeMeters>83.5999984741211</AltitudeMeters>
            <DistanceMeters>1045.3499755859375</DistanceMeters>
            <HeartRateBpm>
              <Value>125</Value>
            </HeartRateBpm>
            <Extensions>
              <ns3:TPX>
                <ns3:Speed>1.3339999914169312</ns3:Speed>
              </ns3:TPX>
            </Extensions>
          </Trackpoint>
          <Trackpoint>
            <Time>2026-02-24T17:38:02.000Z</Time>
            <Position>
              <LatitudeDegrees>51.78506411612034</LatitudeDegrees>
              <LongitudeDegrees>-0.2011500857770443</LongitudeDegrees>
            </Position>
            <AltitudeMeters>83.4000015258789</AltitudeMeters>
            <DistanceMeters>1050.8399658203125</DistanceMeters>
            <HeartRateBpm>
              <Value>128</Value>
            </HeartRateBpm>
            <Extensions>
              <ns3:TPX>
                <ns3:Speed>1.343999981880188</ns3:Speed>
              </ns3:TPX>
            </Extensions>
          </Trackpoint>
          <Trackpoint>
            <Time>2026-02-24T17:38:03.000Z</Time>
            <Position>
              <LatitudeDegrees>51.78506378084421</LatitudeDegrees>
              <LongitudeDegrees>-0.2011686936020851</LongitudeDegrees>
            </Position>
            <AltitudeMeters>83.4000015258789</AltitudeMeters>
            <DistanceMeters>1052.0</DistanceMeters>
            <HeartRateBpm>
              <Value>128</Value>
            </HeartRateBpm>
            <Extensions>
              <ns3:TPX>
                <ns3:Speed>1.343999981880188</ns3:Speed>
              </ns3:TPX>
            </Extensions>
          </Trackpoint>
          <Trackpoint>
            <Time>2026-02-24T17:38:07.000Z</Time>
            <Position>
              <LatitudeDegrees>51.785082053393126</LatitudeDegrees>
              <LongitudeDegrees>-0.2012562844902277</LongitudeDegrees>
            </Position>
            <AltitudeMeters>83.19999694824219</AltitudeMeters>
            <DistanceMeters>1058.449951171875</DistanceMeters>
            <HeartRateBpm>
              <Value>131</Value>
            </HeartRateBpm>
            <Extensions>
              <ns3:TPX>
                <ns3:Speed>1.343999981880188</ns3:Speed>
              </ns3:TPX>
            </Extensions>
          </Trackpoint>
          <Trackpoint>
            <Time>2026-02-24T17:38:10.000Z</Time>
            <Position>
              <LatitudeDegrees>51.78509554825723</LatitudeDegrees>
              <LongitudeDegrees>-0.20132350735366344</LongitudeDegrees>
            </Position>
            <AltitudeMeters>83.19999694824219</AltitudeMeters>
            <DistanceMeters>1063.800048828125</DistanceMeters>
            <HeartRateBpm>
              <Value>132</Value>
            </HeartRateBpm>
            <Extensions>
              <ns3:TPX>
                <ns3:Speed>1.371999979019165</ns3:Speed>
              </ns3:TPX>
            </Extensions>
          </Trackpoint>
          <Trackpoint>
            <Time>2026-02-24T17:38:15.000Z</Time>
            <Position>
              <LatitudeDegrees>51.78511214442551</LatitudeDegrees>
              <LongitudeDegrees>-0.20141160115599632</LongitudeDegrees>
            </Position>
            <AltitudeMeters>83.4000015258789</AltitudeMeters>
            <DistanceMeters>1070.0999755859375</DistanceMeters>
            <HeartRateBpm>
              <Value>129</Value>
            </HeartRateBpm>
            <Extensions>
              <ns3:TPX>
                <ns3:Speed>1.399999976158142</ns3:Speed>
              </ns3:TPX>
            </Extensions>
          </Trackpoint>
          <Trackpoint>
            <Time>2026-02-24T17:38:17.000Z</Time>
            <Position>
              <LatitudeDegrees>51.78511993959546</LatitudeDegrees>
              <LongitudeDegrees>-0.20144160836935043</LongitudeDegrees>
            </Position>
            <AltitudeMeters>83.4000015258789</AltitudeMeters>
            <DistanceMeters>1072.02001953125</DistanceMeters>
            <HeartRateBpm>
              <Value>128</Value>
            </HeartRateBpm>
            <Extensions>
              <ns3:TPX>
                <ns3:Speed>1.3899999856948853</ns3:Speed>
              </ns3:TPX>
            </Extensions>
          </Trackpoint>
          <Trackpoint>
            <Time>2026-02-24T17:38:25.000Z</Time>
            <Position>
              <LatitudeDegrees>51.785150449723005</LatitudeDegrees>
              <LongitudeDegrees>-0.2015955001115799</LongitudeDegrees>
            </Position>
            <AltitudeMeters>83.5999984741211</AltitudeMeters>
            <DistanceMeters>1083.3800048828125</DistanceMeters>
            <HeartRateBpm>
              <Value>127</Value>
            </HeartRateBpm>
            <Extensions>
              <ns3:TPX>
                <ns3:Speed>1.38100004196167</ns3:Speed>
              </ns3:TPX>
            </Extensions>
          </Trackpoint>
          <Trackpoint>
            <Time>2026-02-24T17:38:32.000Z</Time>
            <Position>
              <LatitudeDegrees>51.785185066983104</LatitudeDegrees>
              <LongitudeDegrees>-0.2017077337950468</LongitudeDegrees>
            </Position>
            <AltitudeMeters>83.80000305175781</AltitudeMeters>
            <DistanceMeters>1091.5999755859375</DistanceMeters>
            <HeartRateBpm>
              <Value>127</Value>
            </HeartRateBpm>
            <Extensions>
              <ns3:TPX>
                <ns3:Speed>1.3619999885559082</ns3:Speed>
              </ns3:TPX>
            </Extensions>
          </Trackpoint>
          <Trackpoint>
            <Time>2026-02-24T17:38:39.000Z</Time>
            <Position>
              <LatitudeDegrees>51.785216415300965</LatitudeDegrees>
              <LongitudeDegrees>-0.20185835659503937</LongitudeDegrees>
            </Position>
            <AltitudeMeters>83.5999984741211</AltitudeMeters>
            <DistanceMeters>1102.7900390625</DistanceMeters>
            <HeartRateBpm>
              <Value>126</Value>
            </HeartRateBpm>
            <Extensions>
              <ns3:TPX>
                <ns3:Speed>1.371999979019165</ns3:Speed>
              </ns3:TPX>
            </Extensions>
          </Trackpoint>
          <Trackpoint>
            <Time>2026-02-24T17:38:47.000Z</Time>
            <Position>
              <LatitudeDegrees>51.785237453877926</LatitudeDegrees>
              <LongitudeDegrees>-0.2020093146711588</LongitudeDegrees>
            </Position>
            <AltitudeMeters>83.5999984741211</AltitudeMeters>
            <DistanceMeters>1113.5799560546875</DistanceMeters>
            <HeartRateBpm>
              <Value>124</Value>
            </HeartRateBpm>
            <Extensions>
              <ns3:TPX>
                <ns3:Speed>1.38100004196167</ns3:Speed>
              </ns3:TPX>
            </Extensions>
          </Trackpoint>
          <Trackpoint>
            <Time>2026-02-24T17:38:55.000Z</Time>
            <Position>
              <LatitudeDegrees>51.785273076966405</LatitudeDegrees>
              <LongitudeDegrees>-0.20215138792991638</LongitudeDegrees>
            </Position>
            <AltitudeMeters>83.5999984741211</AltitudeMeters>
            <DistanceMeters>1123.68994140625</DistanceMeters>
            <HeartRateBpm>
              <Value>122</Value>
            </HeartRateBpm>
            <Extensions>
              <ns3:TPX>
                <ns3:Speed>1.371999979019165</ns3:Speed>
              </ns3:TPX>
            </Extensions>
          </Trackpoint>
          <Trackpoint>
            <Time>2026-02-24T17:39:02.000Z</Time>
            <Position>
              <LatitudeDegrees>51.78529143333435</LatitudeDegrees>
              <LongitudeDegrees>-0.20227057859301567</LongitudeDegrees>
            </Position>
            <AltitudeMeters>83.5999984741211</AltitudeMeters>
            <DistanceMeters>1132.4100341796875</DistanceMeters>
            <HeartRateBpm>
              <Value>122</Value>
            </HeartRateBpm>
            <Extensions>
              <ns3:TPX>
                <ns3:Speed>1.3619999885559082</ns3:Speed>
              </ns3:TPX>
            </Extensions>
          </Trackpoint>
          <Trackpoint>
            <Time>2026-02-24T17:39:10.000Z</Time>
            <Position>
              <LatitudeDegrees>51.785336611792445</LatitudeDegrees>
              <LongitudeDegrees>-0.20244081504642963</LongitudeDegrees>
            </Position>
            <AltitudeMeters>83.4000015258789</AltitudeMeters>
            <DistanceMeters>1145.300048828125</DistanceMeters>
            <HeartRateBpm>
              <Value>120</Value>
            </HeartRateBpm>
            <Extensions>
              <ns3:TPX>
                <ns3:Speed>1.3530000448226929</ns3:Speed>
              </ns3:TPX>
            </Extensions>
          </Trackpoint>
          <Trackpoint>
            <Time>2026-02-24T17:39:14.000Z</Time>
            <Position>
              <LatitudeDegrees>51.78534951992333</LatitudeDegrees>
              <LongitudeDegrees>-0.2025179285556078</LongitudeDegrees>
            </Position>
            <AltitudeMeters>83.4000015258789</AltitudeMeters>
            <DistanceMeters>1150.7099609375</DistanceMeters>
            <HeartRateBpm>
              <Value>117</Value>
            </HeartRateBpm>
            <Extensions>
              <ns3:TPX>
                <ns3:Speed>1.3619999885559082</ns3:Speed>
              </ns3:TPX>
            </Extensions>
          </Trackpoint>
          <Trackpoint>
            <Time>2026-02-24T17:39:16.000Z</Time>
            <Position>
              <LatitudeDegrees>51.78535589016974</LatitudeDegrees>
              <LongitudeDegrees>-0.20255413837730885</LongitudeDegrees>
            </Position>
            <AltitudeMeters>83.19999694824219</AltitudeMeters>
            <DistanceMeters>1153.719970703125</DistanceMeters>
            <HeartRateBpm>
              <Value>117</Value>
            </HeartRateBpm>
            <Extensions>
              <ns3:TPX>
                <ns3:Speed>1.371999979019165</ns3:Speed>
              </ns3:TPX>
            </Extensions>
          </Trackpoint>
          <Trackpoint>
            <Time>2026-02-24T17:39:24.000Z</Time>
            <Position>
              <LatitudeDegrees>51.785386484116316</LatitudeDegrees>
              <LongitudeDegrees>-0.20269671455025673</LongitudeDegrees>
            </Position>
            <AltitudeMeters>83.19999694824219</AltitudeMeters>
            <DistanceMeters>1163.6400146484375</DistanceMeters>
            <HeartRateBpm>
              <Value>116</Value>
            </HeartRateBpm>
            <Extensions>
              <ns3:TPX>
                <ns3:Speed>1.371999979019165</ns3:Speed>
              </ns3:TPX>
            </Extensions>
          </Trackpoint>
          <Trackpoint>
            <Time>2026-02-24T17:39:31.000Z</Time>
            <Position>
              <LatitudeDegrees>51.785410875454545</LatitudeDegrees>
              <LongitudeDegrees>-0.20284918136894703</LongitudeDegrees>
            </Position>
            <AltitudeMeters>83.0</AltitudeMeters>
            <DistanceMeters>1174.6300048828125</DistanceMeters>
            <HeartRateBpm>
              <Value>116</Value>
            </HeartRateBpm>
            <Extensions>
              <ns3:TPX>
                <ns3:Speed>1.3619999885559082</ns3:Speed>
              </ns3:TPX>
            </Extensions>
          </Trackpoint>
          <Trackpoint>
            <Time>2026-02-24T17:39:37.000Z</Time>
            <Position>
              <LatitudeDegrees>51.785434260964394</LatitudeDegrees>
              <LongitudeDegrees>-0.20296434871852398</LongitudeDegrees>
            </Position>
            <AltitudeMeters>82.80000305175781</AltitudeMeters>
            <DistanceMeters>1183.18994140625</DistanceMeters>
            <HeartRateBpm>
              <Value>113</Value>
            </HeartRateBpm>
            <Extensions>
              <ns3:TPX>
                <ns3:Speed>1.371999979019165</ns3:Speed>
              </ns3:TPX>
            </Extensions>
          </Trackpoint>
          <Trackpoint>
            <Time>2026-02-24T17:39:39.000Z</Time>
            <Position>
              <LatitudeDegrees>51.785441217944026</LatitudeDegrees>
              <LongitudeDegrees>-0.20300391130149364</LongitudeDegrees>
            </Position>
            <AltitudeMeters>82.80000305175781</AltitudeMeters>
            <DistanceMeters>1186.3399658203125</DistanceMeters>
            <HeartRateBpm>
              <Value>112</Value>
            </HeartRateBpm>
            <Extensions>
              <ns3:TPX>
                <ns3:Speed>1.38100004196167</ns3:Speed>
              </ns3:TPX>
            </Extensions>
          </Trackpoint>
          <Trackpoint>
            <Time>2026-02-24T17:39:48.000Z</Time>
            <Position>
              <LatitudeDegrees>51.785465106368065</LatitudeDegrees>
              <LongitudeDegrees>-0.20315906032919884</LongitudeDegrees>
            </Position>
            <AltitudeMeters>82.80000305175781</AltitudeMeters>
            <DistanceMeters>1197.050048828125</DistanceMeters>
            <HeartRateBpm>
              <Value>110</Value>
            </HeartRateBpm>
            <Extensions>
              <ns3:TPX>
                <ns3:Speed>1.371999979019165</ns3:Speed>
              </ns3:TPX>
            </Extensions>
          </Trackpoint>
          <Trackpoint>
            <Time>2026-02-24T17:39:55.000Z</Time>
            <Position>
              <LatitudeDegrees>51.78549435921013</LatitudeDegrees>
              <LongitudeDegrees>-0.20330163650214672</LongitudeDegrees>
            </Position>
            <AltitudeMeters>82.5999984741211</AltitudeMeters>
            <DistanceMeters>1207.550048828125</DistanceMeters>
            <HeartRateBpm>
              <Value>110</Value>
            </HeartRateBpm>
            <Extensions>
              <ns3:TPX>
                <ns3:Speed>1.38100004196167</ns3:Speed>
              </ns3:TPX>
            </Extensions>
          </Trackpoint>
          <Trackpoint>
            <Time>2026-02-24T17:40:04.000Z</Time>
            <Position>
              <LatitudeDegrees>51.78553467616439</LatitudeDegrees>
              <LongitudeDegrees>-0.20348302088677883</LongitudeDegrees>
            </Position>
            <AltitudeMeters>82.4000015258789</AltitudeMeters>
            <DistanceMeters>1220.780029296875</DistanceMeters>
            <HeartRateBpm>
              <Value>111</Value>
            </HeartRateBpm>
            <Extensions>
              <ns3:TPX>
                <ns3:Speed>1.38100004196167</ns3:Speed>
              </ns3:TPX>
            </Extensions>
          </Trackpoint>
          <Trackpoint>
            <Time>2026-02-24T17:40:12.000Z</Time>
            <Position>
              <LatitudeDegrees>51.78556518629193</LatitudeDegrees>
              <LongitudeDegrees>-0.20362584851682186</LongitudeDegrees>
            </Position>
            <AltitudeMeters>82.19999694824219</AltitudeMeters>
            <DistanceMeters>1231.4100341796875</DistanceMeters>
            <HeartRateBpm>
              <Value>113</Value>
            </HeartRateBpm>
            <Extensions>
              <ns3:TPX>
                <ns3:Speed>1.38100004196167</ns3:Speed>
              </ns3:TPX>
            </Extensions>
          </Trackpoint>
          <Trackpoint>
            <Time>2026-02-24T17:40:13.000Z</Time>
            <Position>
              <LatitudeDegrees>51.78556795231998</LatitudeDegrees>
              <LongitudeDegrees>-0.20364537835121155</LongitudeDegrees>
            </Position>
            <AltitudeMeters>82.19999694824219</AltitudeMeters>
            <DistanceMeters>1232.72998046875</DistanceMeters>
            <HeartRateBpm>
              <Value>114</Value>
            </HeartRateBpm>
            <Extensions>
              <ns3:TPX>
                <ns3:Speed>1.38100004196167</ns3:Speed>
              </ns3:TPX>
            </Extensions>
          </Trackpoint>
          <Trackpoint>
            <Time>2026-02-24T17:40:21.000Z</Time>
            <Position>
              <LatitudeDegrees>51.785603323951364</LatitudeDegrees>
              <LongitudeDegrees>-0.20380161702632904</LongitudeDegrees>
            </Position>
            <AltitudeMeters>82.0</AltitudeMeters>
            <DistanceMeters>1244.2900390625</DistanceMeters>
            <HeartRateBpm>
              <Value>114</Value>
            </HeartRateBpm>
            <Extensions>
              <ns3:TPX>
                <ns3:Speed>1.38100004196167</ns3:Speed>
              </ns3:TPX>
            </Extensions>
          </Trackpoint>
          <Trackpoint>
            <Time>2026-02-24T17:40:31.000Z</Time>
            <Position>
              <LatitudeDegrees>51.78563492372632</LatitudeDegrees>
              <LongitudeDegrees>-0.20398065447807312</LongitudeDegrees>
            </Position>
            <AltitudeMeters>81.80000305175781</AltitudeMeters>
            <DistanceMeters>1257.1600341796875</DistanceMeters>
            <HeartRateBpm>
              <Value>116</Value>
            </HeartRateBpm>
            <Extensions>
              <ns3:TPX>
                <ns3:Speed>1.38100004196167</ns3:Speed>
              </ns3:TPX>
            </Extensions>
          </Trackpoint>
          <Trackpoint>
            <Time>2026-02-24T17:40:38.000Z</Time>
            <Position>
              <LatitudeDegrees>51.78566384129226</LatitudeDegrees>
              <LongitudeDegrees>-0.2041151002049446</LongitudeDegrees>
            </Position>
            <AltitudeMeters>81.5999984741211</AltitudeMeters>
            <DistanceMeters>1266.5899658203125</DistanceMeters>
            <HeartRateBpm>
              <Value>113</Value>
            </HeartRateBpm>
            <Extensions>
              <ns3:TPX>
                <ns3:Speed>1.371999979019165</ns3:Speed>
              </ns3:TPX>
            </Extensions>
          </Trackpoint>
          <Trackpoint>
            <Time>2026-02-24T17:40:40.000Z</Time>
            <Position>
              <LatitudeDegrees>51.78567163646221</LatitudeDegrees>
              <LongitudeDegrees>-0.20415273495018482</LongitudeDegrees>
            </Position>
            <AltitudeMeters>81.4000015258789</AltitudeMeters>
            <DistanceMeters>1269.72998046875</DistanceMeters>
            <HeartRateBpm>
              <Value>113</Value>
            </HeartRateBpm>
            <Extensions>
              <ns3:TPX>
                <ns3:Speed>1.371999979019165</ns3:Speed>
              </ns3:TPX>
            </Extensions>
          </Trackpoint>
          <Trackpoint>
            <Time>2026-02-24T17:40:47.000Z</Time>
            <Position>
              <LatitudeDegrees>51.785709438845515</LatitudeDegrees>
              <LongitudeDegrees>-0.20428516902029514</LongitudeDegrees>
            </Position>
            <AltitudeMeters>81.4000015258789</AltitudeMeters>
            <DistanceMeters>1279.77001953125</DistanceMeters>
            <HeartRateBpm>
              <Value>112</Value>
            </HeartRateBpm>
            <Extensions>
              <ns3:TPX>
                <ns3:Speed>1.38100004196167</ns3:Speed>
              </ns3:TPX>
            </Extensions>
          </Trackpoint>
          <Trackpoint>
            <Time>2026-02-24T17:40:54.000Z</Time>
            <Position>
              <LatitudeDegrees>51.785744139924645</LatitudeDegrees>
              <LongitudeDegrees>-0.20441492088139057</LongitudeDegrees>
            </Position>
            <AltitudeMeters>81.19999694824219</AltitudeMeters>
            <DistanceMeters>1289.43994140625</DistanceMeters>
            <HeartRateBpm>
              <Value>113</Value>
            </HeartRateBpm>
            <Extensions>
              <ns3:TPX>
                <ns3:Speed>1.38100004196167</ns3:Speed>
              </ns3:TPX>
            </Extensions>
          </Trackpoint>
          <Trackpoint>
            <Time>2026-02-24T17:40:55.000Z</Time>
            <Position>
              <LatitudeDegrees>51.78574841469526</LatitudeDegrees>
              <LongitudeDegrees>-0.2044325228780508</LongitudeDegrees>
            </Position>
            <AltitudeMeters>81.0</AltitudeMeters>
            <DistanceMeters>1290.800048828125</DistanceMeters>
            <HeartRateBpm>
              <Value>112</Value>
            </HeartRateBpm>
            <Extensions>
              <ns3:TPX>
                <ns3:Speed>1.371999979019165</ns3:Speed>
              </ns3:TPX>
            </Extensions>
          </Trackpoint>
          <Trackpoint>
            <Time>2026-02-24T17:41:03.000Z</Time>
            <Position>
              <LatitudeDegrees>51.7857984546572</LatitudeDegrees>
              <LongitudeDegrees>-0.20457048900425434</LongitudeDegrees>
            </Position>
            <AltitudeMeters>80.80000305175781</AltitudeMeters>
            <DistanceMeters>1302.0400390625</DistanceMeters>
            <HeartRateBpm>
              <Value>113</Value>
            </HeartRateBpm>
            <Extensions>
              <ns3:TPX>
                <ns3:Speed>1.38100004196167</ns3:Speed>
              </ns3:TPX>
            </Extensions>
          </Trackpoint>
          <Trackpoint>
            <Time>2026-02-24T17:41:11.000Z</Time>
            <Position>
              <LatitudeDegrees>51.78582980297506</LatitudeDegrees>
              <LongitudeDegrees>-0.20471004769206047</LongitudeDegrees>
            </Position>
            <AltitudeMeters>80.19999694824219</AltitudeMeters>
            <DistanceMeters>1312.3800048828125</DistanceMeters>
            <HeartRateBpm>
              <Value>115</Value>
            </HeartRateBpm>
            <Extensions>
              <ns3:TPX>
                <ns3:Speed>1.371999979019165</ns3:Speed>
              </ns3:TPX>
            </Extensions>
          </Trackpoint>
          <Trackpoint>
            <Time>2026-02-24T17:41:14.000Z</Time>
            <Position>
              <LatitudeDegrees>51.78584631532431</LatitudeDegrees>
              <LongitudeDegrees>-0.2047755941748619</LongitudeDegrees>
            </Position>
            <AltitudeMeters>80.0</AltitudeMeters>
            <DistanceMeters>1317.25</DistanceMeters>
            <HeartRateBpm>
              <Value>115</Value>
            </HeartRateBpm>
            <Extensions>
              <ns3:TPX>
                <ns3:Speed>1.371999979019165</ns3:Speed>
              </ns3:TPX>
            </Extensions>
          </Trackpoint>
          <Trackpoint>
            <Time>2026-02-24T17:41:19.000Z</Time>
            <Position>
              <LatitudeDegrees>51.78586752153933</LatitudeDegrees>
              <LongitudeDegrees>-0.20485488697886467</LongitudeDegrees>
            </Position>
            <AltitudeMeters>79.5999984741211</AltitudeMeters>
            <DistanceMeters>1322.81005859375</DistanceMeters>
            <HeartRateBpm>
              <Value>114</Value>
            </HeartRateBpm>
            <Extensions>
              <ns3:TPX>
                <ns3:Speed>1.371999979019165</ns3:Speed>
              </ns3:TPX>
            </Extensions>
          </Trackpoint>
          <Trackpoint>
            <Time>2026-02-24T17:41:24.000Z</Time>
            <Position>
              <LatitudeDegrees>51.78587908856571</LatitudeDegrees>
              <LongitudeDegrees>-0.2049574814736843</LongitudeDegrees>
            </Position>
            <AltitudeMeters>79.0</AltitudeMeters>
            <DistanceMeters>1330.3699951171875</DistanceMeters>
            <HeartRateBpm>
              <Value>113</Value>
            </HeartRateBpm>
            <Extensions>
              <ns3:TPX>
                <ns3:Speed>1.3619999885559082</ns3:Speed>
              </ns3:TPX>
            </Extensions>
          </Trackpoint>
          <Trackpoint>
            <Time>2026-02-24T17:41:25.000Z</Time>
            <Position>
              <LatitudeDegrees>51.785881854593754</LatitudeDegrees>
              <LongitudeDegrees>-0.2049716468900442</LongitudeDegrees>
            </Position>
            <AltitudeMeters>79.0</AltitudeMeters>
            <DistanceMeters>1330.9599609375</DistanceMeters>
            <HeartRateBpm>
              <Value>113</Value>
            </HeartRateBpm>
            <Extensions>
              <ns3:TPX>
                <ns3:Speed>1.371999979019165</ns3:Speed>
              </ns3:TPX>
            </Extensions>
          </Trackpoint>
          <Trackpoint>
            <Time>2026-02-24T17:41:32.000Z</Time>
            <Position>
              <LatitudeDegrees>51.785869700834155</LatitudeDegrees>
              <LongitudeDegrees>-0.20510022528469563</LongitudeDegrees>
            </Position>
            <AltitudeMeters>78.4000015258789</AltitudeMeters>
            <DistanceMeters>1339.9599609375</DistanceMeters>
            <HeartRateBpm>
              <Value>112</Value>
            </HeartRateBpm>
            <Extensions>
              <ns3:TPX>
                <ns3:Speed>1.3619999885559082</ns3:Speed>
              </ns3:TPX>
            </Extensions>
          </Trackpoint>
          <Trackpoint>
            <Time>2026-02-24T17:41:40.000Z</Time>
            <Position>
              <LatitudeDegrees>51.78581831976771</LatitudeDegrees>
              <LongitudeDegrees>-0.20524020306766033</LongitudeDegrees>
            </Position>
            <AltitudeMeters>78.4000015258789</AltitudeMeters>
            <DistanceMeters>1351.3199462890625</DistanceMeters>
            <HeartRateBpm>
              <Value>110</Value>
            </HeartRateBpm>
            <Extensions>
              <ns3:TPX>
                <ns3:Speed>1.3619999885559082</ns3:Speed>
              </ns3:TPX>
            </Extensions>
          </Trackpoint>
          <Trackpoint>
            <Time>2026-02-24T17:41:49.000Z</Time>
            <Position>
              <LatitudeDegrees>51.78575746715069</LatitudeDegrees>
              <LongitudeDegrees>-0.20536953583359718</LongitudeDegrees>
            </Position>
            <AltitudeMeters>79.0</AltitudeMeters>
            <DistanceMeters>1362.68994140625</DistanceMeters>
            <HeartRateBpm>
              <Value>110</Value>
            </HeartRateBpm>
            <Extensions>
              <ns3:TPX>
                <ns3:Speed>1.3530000448226929</ns3:Speed>
              </ns3:TPX>
            </Extensions>
          </Trackpoint>
          <Trackpoint>
            <Time>2026-02-24T17:41:55.000Z</Time>
            <Position>
              <LatitudeDegrees>51.78570734336972</LatitudeDegrees>
              <LongitudeDegrees>-0.2054392732679844</LongitudeDegrees>
            </Position>
            <AltitudeMeters>79.19999694824219</AltitudeMeters>
            <DistanceMeters>1370.0699462890625</DistanceMeters>
            <HeartRateBpm>
              <Value>113</Value>
            </HeartRateBpm>
            <Extensions>
              <ns3:TPX>
                <ns3:Speed>1.3339999914169312</ns3:Speed>
              </ns3:TPX>
            </Extensions>
          </Trackpoint>
          <Trackpoint>
            <Time>2026-02-24T17:41:58.000Z</Time>
            <Position>
              <LatitudeDegrees>51.78567750379443</LatitudeDegrees>
              <LongitudeDegrees>-0.20547338761389256</LongitudeDegrees>
            </Position>
            <AltitudeMeters>79.4000015258789</AltitudeMeters>
            <DistanceMeters>1374.1700439453125</DistanceMeters>
            <HeartRateBpm>
              <Value>116</Value>
            </HeartRateBpm>
            <Extensions>
              <ns3:TPX>
                <ns3:Speed>1.3250000476837158</ns3:Speed>
              </ns3:TPX>
            </Extensions>
          </Trackpoint>
          <Trackpoint>
            <Time>2026-02-24T17:41:59.000Z</Time>
            <Position>
              <LatitudeDegrees>51.78566903807223</LatitudeDegrees>
              <LongitudeDegrees>-0.20548420026898384</LongitudeDegrees>
            </Position>
            <AltitudeMeters>79.5999984741211</AltitudeMeters>
            <DistanceMeters>1375.3599853515625</DistanceMeters>
            <HeartRateBpm>
              <Value>117</Value>
            </HeartRateBpm>
            <Extensions>
              <ns3:TPX>
                <ns3:Speed>1.3250000476837158</ns3:Speed>
              </ns3:TPX>
            </Extensions>
          </Trackpoint>
          <Trackpoint>
            <Time>2026-02-24T17:42:06.000Z</Time>
            <Position>
              <LatitudeDegrees>51.78559301421046</LatitudeDegrees>
              <LongitudeDegrees>-0.20554807037115097</LongitudeDegrees>
            </Position>
            <AltitudeMeters>79.80000305175781</AltitudeMeters>
            <DistanceMeters>1384.6500244140625</DistanceMeters>
            <HeartRateBpm>
              <Value>120</Value>
            </HeartRateBpm>
            <Extensions>
              <ns3:TPX>
                <ns3:Speed>1.315999984741211</ns3:Speed>
              </ns3:TPX>
            </Extensions>
          </Trackpoint>
          <Trackpoint>
            <Time>2026-02-24T17:42:12.000Z</Time>
            <Position>
              <LatitudeDegrees>51.78551455959678</LatitudeDegrees>
              <LongitudeDegrees>-0.20558947697281837</LongitudeDegrees>
            </Position>
            <AltitudeMeters>79.80000305175781</AltitudeMeters>
            <DistanceMeters>1393.97998046875</DistanceMeters>
            <HeartRateBpm>
              <Value>121</Value>
            </HeartRateBpm>
            <Extensions>
              <ns3:TPX>
                <ns3:Speed>1.3250000476837158</ns3:Speed>
              </ns3:TPX>
            </Extensions>
          </Trackpoint>
          <Trackpoint>
            <Time>2026-02-24T17:42:24.000Z</Time>
            <Position>
              <LatitudeDegrees>51.785384556278586</LatitudeDegrees>
              <LongitudeDegrees>-0.20566826686263084</LongitudeDegrees>
            </Position>
            <AltitudeMeters>79.80000305175781</AltitudeMeters>
            <DistanceMeters>1409.739990234375</DistanceMeters>
            <HeartRateBpm>
              <Value>120</Value>
            </HeartRateBpm>
            <Extensions>
              <ns3:TPX>
                <ns3:Speed>1.3250000476837158</ns3:Speed>
              </ns3:TPX>
            </Extensions>
          </Trackpoint>
          <Trackpoint>
            <Time>2026-02-24T17:42:35.000Z</Time>
            <Position>
              <LatitudeDegrees>51.78524256683886</LatitudeDegrees>
              <LongitudeDegrees>-0.20575812086462975</LongitudeDegrees>
            </Position>
            <AltitudeMeters>79.80000305175781</AltitudeMeters>
            <DistanceMeters>1426.6199951171875</DistanceMeters>
            <HeartRateBpm>
              <Value>122</Value>
            </HeartRateBpm>
            <Extensions>
              <ns3:TPX>
                <ns3:Speed>1.3619999885559082</ns3:Speed>
              </ns3:TPX>
            </Extensions>
          </Trackpoint>
          <Trackpoint>
            <Time>2026-02-24T17:42:40.000Z</Time>
            <Position>
              <LatitudeDegrees>51.78518925793469</LatitudeDegrees>
              <LongitudeDegrees>-0.20579785108566284</LongitudeDegrees>
            </Position>
            <AltitudeMeters>79.80000305175781</AltitudeMeters>
            <DistanceMeters>1432.9000244140625</DistanceMeters>
            <HeartRateBpm>
              <Value>125</Value>
            </HeartRateBpm>
            <Extensions>
              <ns3:TPX>
                <ns3:Speed>1.371999979019165</ns3:Speed>
              </ns3:TPX>
            </Extensions>
          </Trackpoint>
          <Trackpoint>
            <Time>2026-02-24T17:42:46.000Z</Time>
            <Position>
              <LatitudeDegrees>51.785120693966746</LatitudeDegrees>
              <LongitudeDegrees>-0.20585283637046814</LongitudeDegrees>
            </Position>
            <AltitudeMeters>79.80000305175781</AltitudeMeters>
            <DistanceMeters>1441.6800537109375</DistanceMeters>
            <HeartRateBpm>
              <Value>126</Value>
            </HeartRateBpm>
            <Extensions>
              <ns3:TPX>
                <ns3:Speed>1.3899999856948853</ns3:Speed>
              </ns3:TPX>
            </Extensions>
          </Trackpoint>
          <Trackpoint>
            <Time>2026-02-24T17:42:57.000Z</Time>
            <Position>
              <LatitudeDegrees>51.78499882109463</LatitudeDegrees>
              <LongitudeDegrees>-0.20594059489667416</LongitudeDegrees>
            </Position>
            <AltitudeMeters>79.5999984741211</AltitudeMeters>
            <DistanceMeters>1456.1700439453125</DistanceMeters>
            <HeartRateBpm>
              <Value>125</Value>
            </HeartRateBpm>
            <Extensions>
              <ns3:TPX>
                <ns3:Speed>1.399999976158142</ns3:Speed>
              </ns3:TPX>
            </Extensions>
          </Trackpoint>
          <Trackpoint>
            <Time>2026-02-24T17:43:01.000Z</Time>
            <Position>
              <LatitudeDegrees>51.78494241088629</LatitudeDegrees>
              <LongitudeDegrees>-0.2059707697480917</LongitudeDegrees>
            </Position>
            <AltitudeMeters>79.5999984741211</AltitudeMeters>
            <DistanceMeters>1462.739990234375</DistanceMeters>
            <HeartRateBpm>
              <Value>122</Value>
            </HeartRateBpm>
            <Extensions>
              <ns3:TPX>
                <ns3:Speed>1.3899999856948853</ns3:Speed>
              </ns3:TPX>
            </Extensions>
          </Trackpoint>
          <Trackpoint>
            <Time>2026-02-24T17:43:06.000Z</Time>
            <Position>
              <LatitudeDegrees>51.78488038480282</LatitudeDegrees>
              <LongitudeDegrees>-0.20600924268364906</LongitudeDegrees>
            </Position>
            <AltitudeMeters>79.4000015258789</AltitudeMeters>
            <DistanceMeters>1469.6300048828125</DistanceMeters>
            <HeartRateBpm>
              <Value>122</Value>
            </HeartRateBpm>
            <Extensions>
              <ns3:TPX>
                <ns3:Speed>1.409000039100647</ns3:Speed>
              </ns3:TPX>
            </Extensions>
          </Trackpoint>
          <Trackpoint>
            <Time>2026-02-24T17:43:15.000Z</Time>
            <Position>
              <LatitudeDegrees>51.7847484536469</LatitudeDegrees>
              <LongitudeDegrees>-0.20604444667696953</LongitudeDegrees>
            </Position>
            <AltitudeMeters>79.19999694824219</AltitudeMeters>
            <DistanceMeters>1484.5899658203125</DistanceMeters>
            <HeartRateBpm>
              <Value>121</Value>
            </HeartRateBpm>
            <Extensions>
              <ns3:TPX>
                <ns3:Speed>1.4279999732971191</ns3:Speed>
              </ns3:TPX>
            </Extensions>
          </Trackpoint>
          <Trackpoint>
            <Time>2026-02-24T17:43:22.000Z</Time>
            <Position>
              <LatitudeDegrees>51.78467041812837</LatitudeDegrees>
              <LongitudeDegrees>-0.20604520104825497</LongitudeDegrees>
            </Position>
            <AltitudeMeters>79.0</AltitudeMeters>
            <DistanceMeters>1494.489990234375</DistanceMeters>
            <HeartRateBpm>
              <Value>120</Value>
            </HeartRateBpm>
            <Extensions>
              <ns3:TPX>
                <ns3:Speed>1.437000036239624</ns3:Speed>
              </ns3:TPX>
            </Extensions>
          </Trackpoint>
          <Trackpoint>
            <Time>2026-02-24T17:43:32.000Z</Time>
            <Position>
              <LatitudeDegrees>51.78454712033272</LatitudeDegrees>
              <LongitudeDegrees>-0.20610672421753407</LongitudeDegrees>
            </Position>
            <AltitudeMeters>78.5999984741211</AltitudeMeters>
            <DistanceMeters>1508.6600341796875</DistanceMeters>
            <HeartRateBpm>
              <Value>118</Value>
            </HeartRateBpm>
            <Extensions>
              <ns3:TPX>
                <ns3:Speed>1.437000036239624</ns3:Speed>
              </ns3:TPX>
            </Extensions>
          </Trackpoint>
          <Trackpoint>
            <Time>2026-02-24T17:43:35.000Z</Time>
            <Position>
              <LatitudeDegrees>51.78451065905392</LatitudeDegrees>
              <LongitudeDegrees>-0.20610831677913666</LongitudeDegrees>
            </Position>
            <AltitudeMeters>78.5999984741211</AltitudeMeters>
            <DistanceMeters>1512.6600341796875</DistanceMeters>
            <HeartRateBpm>
              <Value>115</Value>
            </HeartRateBpm>
            <Extensions>
              <ns3:TPX>
                <ns3:Speed>1.437000036239624</ns3:Speed>
              </ns3:TPX>
            </Extensions>
          </Trackpoint>
          <Trackpoint>
            <Time>2026-02-24T17:43:40.000Z</Time>
            <Position>
              <LatitudeDegrees>51.784455087035894</LatitudeDegrees>
              <LongitudeDegrees>-0.20611334592103958</LongitudeDegrees>
            </Position>
            <AltitudeMeters>78.4000015258789</AltitudeMeters>
            <DistanceMeters>1519.010009765625</DistanceMeters>
            <HeartRateBpm>
              <Value>115</Value>
            </HeartRateBpm>
            <Extensions>
              <ns3:TPX>
                <ns3:Speed>1.437000036239624</ns3:Speed>
              </ns3:TPX>
            </Extensions>
          </Trackpoint>
          <Trackpoint>
            <Time>2026-02-24T17:43:48.000Z</Time>
            <Position>
              <LatitudeDegrees>51.784353917464614</LatitudeDegrees>
              <LongitudeDegrees>-0.20615994930267334</LongitudeDegrees>
            </Position>
            <AltitudeMeters>78.19999694824219</AltitudeMeters>
            <DistanceMeters>1530.3800048828125</DistanceMeters>
            <HeartRateBpm>
              <Value>115</Value>
            </HeartRateBpm>
            <Extensions>
              <ns3:TPX>
                <ns3:Speed>1.4179999828338623</ns3:Speed>
              </ns3:TPX>
            </Extensions>
          </Trackpoint>
          <Trackpoint>
            <Time>2026-02-24T17:43:51.000Z</Time>
            <Position>
              <LatitudeDegrees>51.78431670181453</LatitudeDegrees>
              <LongitudeDegrees>-0.20616439171135426</LongitudeDegrees>
            </Position>
            <AltitudeMeters>78.0</AltitudeMeters>
            <DistanceMeters>1534.6400146484375</DistanceMeters>
            <HeartRateBpm>
              <Value>115</Value>
            </HeartRateBpm>
            <Extensions>
              <ns3:TPX>
                <ns3:Speed>1.4279999732971191</ns3:Speed>
              </ns3:TPX>
            </Extensions>
          </Trackpoint>
          <Trackpoint>
            <Time>2026-02-24T17:43:59.000Z</Time>
            <Position>
              <LatitudeDegrees>51.78422760218382</LatitudeDegrees>
              <LongitudeDegrees>-0.206188028678298</LongitudeDegrees>
            </Position>
            <AltitudeMeters>77.80000305175781</AltitudeMeters>
            <DistanceMeters>1544.3399658203125</DistanceMeters>
            <HeartRateBpm>
              <Value>114</Value>
            </HeartRateBpm>
            <Extensions>
              <ns3:TPX>
                <ns3:Speed>1.4179999828338623</ns3:Speed>
              </ns3:TPX>
            </Extensions>
          </Trackpoint>
          <Trackpoint>
            <Time>2026-02-24T17:44:08.000Z</Time>
            <Position>
              <LatitudeDegrees>51.78410790860653</LatitudeDegrees>
              <LongitudeDegrees>-0.20618936978280544</LongitudeDegrees>
            </Position>
            <AltitudeMeters>77.4000015258789</AltitudeMeters>
            <DistanceMeters>1557.550048828125</DistanceMeters>
            <HeartRateBpm>
              <Value>115</Value>
            </HeartRateBpm>
            <Extensions>
              <ns3:TPX>
                <ns3:Speed>1.4279999732971191</ns3:Speed>
              </ns3:TPX>
            </Extensions>
          </Trackpoint>
          <Trackpoint>
            <Time>2026-02-24T17:44:16.000Z</Time>
            <Position>
              <LatitudeDegrees>51.78399802185595</LatitudeDegrees>
              <LongitudeDegrees>-0.20618107169866562</LongitudeDegrees>
            </Position>
            <AltitudeMeters>77.19999694824219</AltitudeMeters>
            <DistanceMeters>1569.8399658203125</DistanceMeters>
            <HeartRateBpm>
              <Value>114</Value>
            </HeartRateBpm>
            <Extensions>
              <ns3:TPX>
                <ns3:Speed>1.4459999799728394</ns3:Speed>
              </ns3:TPX>
            </Extensions>
          </Trackpoint>
          <Trackpoint>
            <Time>2026-02-24T17:44:26.000Z</Time>
            <Position>
              <LatitudeDegrees>51.78386843763292</LatitudeDegrees>
              <LongitudeDegrees>-0.2061870228499174</LongitudeDegrees>
            </Position>
            <AltitudeMeters>77.0</AltitudeMeters>
            <DistanceMeters>1584.52001953125</DistanceMeters>
            <HeartRateBpm>
              <Value>115</Value>
            </HeartRateBpm>
            <Extensions>
              <ns3:TPX>
                <ns3:Speed>1.4459999799728394</ns3:Speed>
              </ns3:TPX>
            </Extensions>
          </Trackpoint>
          <Trackpoint>
            <Time>2026-02-24T17:44:27.000Z</Time>
            <Position>
              <LatitudeDegrees>51.78385393694043</LatitudeDegrees>
              <LongitudeDegrees>-0.20618408918380737</LongitudeDegrees>
            </Position>
            <AltitudeMeters>77.0</AltitudeMeters>
            <DistanceMeters>1586.27001953125</DistanceMeters>
            <HeartRateBpm>
              <Value>115</Value>
            </HeartRateBpm>
            <Extensions>
              <ns3:TPX>
                <ns3:Speed>1.4459999799728394</ns3:Speed>
              </ns3:TPX>
            </Extensions>
          </Trackpoint>
          <Trackpoint>
            <Time>2026-02-24T17:44:36.000Z</Time>
            <Position>
              <LatitudeDegrees>51.783749498426914</LatitudeDegrees>
              <LongitudeDegrees>-0.20617906004190445</LongitudeDegrees>
            </Position>
            <AltitudeMeters>76.5999984741211</AltitudeMeters>
            <DistanceMeters>1597.9599609375</DistanceMeters>
            <HeartRateBpm>
              <Value>112</Value>
            </HeartRateBpm>
            <Extensions>
              <ns3:TPX>
                <ns3:Speed>1.4559999704360962</ns3:Speed>
              </ns3:TPX>
            </Extensions>
          </Trackpoint>
          <Trackpoint>
            <Time>2026-02-24T17:44:46.000Z</Time>
            <Position>
              <LatitudeDegrees>51.78362452425063</LatitudeDegrees>
              <LongitudeDegrees>-0.20616816356778145</LongitudeDegrees>
            </Position>
            <AltitudeMeters>76.5999984741211</AltitudeMeters>
            <DistanceMeters>1611.9200439453125</DistanceMeters>
            <HeartRateBpm>
              <Value>113</Value>
            </HeartRateBpm>
            <Extensions>
              <ns3:TPX>
                <ns3:Speed>1.437000036239624</ns3:Speed>
              </ns3:TPX>
            </Extensions>
          </Trackpoint>
          <Trackpoint>
            <Time>2026-02-24T17:44:54.000Z</Time>
            <Position>
              <LatitudeDegrees>51.78351916372776</LatitudeDegrees>
              <LongitudeDegrees>-0.2061667386442423</LongitudeDegrees>
            </Position>
            <AltitudeMeters>76.0</AltitudeMeters>
            <DistanceMeters>1623.02001953125</DistanceMeters>
            <HeartRateBpm>
              <Value>112</Value>
            </HeartRateBpm>
            <Extensions>
              <ns3:TPX>
                <ns3:Speed>1.4179999828338623</ns3:Speed>
              </ns3:TPX>
            </Extensions>
          </Trackpoint>
          <Trackpoint>
            <Time>2026-02-24T17:45:03.000Z</Time>
            <Position>
              <LatitudeDegrees>51.783399721607566</LatitudeDegrees>
              <LongitudeDegrees>-0.20614167675375938</LongitudeDegrees>
            </Position>
            <AltitudeMeters>76.0</AltitudeMeters>
            <DistanceMeters>1636.81005859375</DistanceMeters>
            <HeartRateBpm>
              <Value>115</Value>
            </HeartRateBpm>
            <Extensions>
              <ns3:TPX>
                <ns3:Speed>1.4279999732971191</ns3:Speed>
              </ns3:TPX>
            </Extensions>
          </Trackpoint>
          <Trackpoint>
            <Time>2026-02-24T17:45:09.000Z</Time>
            <Position>
              <LatitudeDegrees>51.783336689695716</LatitudeDegrees>
              <LongitudeDegrees>-0.2061124239116907</LongitudeDegrees>
            </Position>
            <AltitudeMeters>75.80000305175781</AltitudeMeters>
            <DistanceMeters>1645.469970703125</DistanceMeters>
            <HeartRateBpm>
              <Value>115</Value>
            </HeartRateBpm>
            <Extensions>
              <ns3:TPX>
                <ns3:Speed>1.437000036239624</ns3:Speed>
              </ns3:TPX>
            </Extensions>
          </Trackpoint>
          <Trackpoint>
            <Time>2026-02-24T17:45:13.000Z</Time>
            <Position>
              <LatitudeDegrees>51.783296121284366</LatitudeDegrees>
              <LongitudeDegrees>-0.20610496401786804</LongitudeDegrees>
            </Position>
            <AltitudeMeters>75.5999984741211</AltitudeMeters>
            <DistanceMeters>1648.72998046875</DistanceMeters>
            <HeartRateBpm>
              <Value>112</Value>
            </HeartRateBpm>
            <Extensions>
              <ns3:TPX>
                <ns3:Speed>1.4279999732971191</ns3:Speed>
              </ns3:TPX>
            </Extensions>
          </Trackpoint>
          <Trackpoint>
            <Time>2026-02-24T17:45:17.000Z</Time>
            <Position>
              <LatitudeDegrees>51.78323786705732</LatitudeDegrees>
              <LongitudeDegrees>-0.20608962513506413</LongitudeDegrees>
            </Position>
            <AltitudeMeters>75.5999984741211</AltitudeMeters>
            <DistanceMeters>1655.3199462890625</DistanceMeters>
            <HeartRateBpm>
              <Value>111</Value>
            </HeartRateBpm>
            <Extensions>
              <ns3:TPX>
                <ns3:Speed>1.409000039100647</ns3:Speed>
              </ns3:TPX>
            </Extensions>
          </Trackpoint>
          <Trackpoint>
            <Time>2026-02-24T17:45:25.000Z</Time>
            <Position>
              <LatitudeDegrees>51.78312714211643</LatitudeDegrees>
              <LongitudeDegrees>-0.20606238394975662</LongitudeDegrees>
            </Position>
            <AltitudeMeters>75.4000015258789</AltitudeMeters>
            <DistanceMeters>1667.68994140625</DistanceMeters>
            <HeartRateBpm>
              <Value>110</Value>
            </HeartRateBpm>
            <Extensions>
              <ns3:TPX>
                <ns3:Speed>1.409000039100647</ns3:Speed>
              </ns3:TPX>
            </Extensions>
          </Trackpoint>
          <Trackpoint>
            <Time>2026-02-24T17:45:31.000Z</Time>
            <Position>
              <LatitudeDegrees>51.7830628529191</LatitudeDegrees>
              <LongitudeDegrees>-0.20604578778147697</LongitudeDegrees>
            </Position>
            <AltitudeMeters>75.4000015258789</AltitudeMeters>
            <DistanceMeters>1674.9200439453125</DistanceMeters>
            <HeartRateBpm>
              <Value>111</Value>
            </HeartRateBpm>
            <Extensions>
              <ns3:TPX>
                <ns3:Speed>1.4179999828338623</ns3:Speed>
              </ns3:TPX>
            </Extensions>
          </Trackpoint>
          <Trackpoint>
            <Time>2026-02-24T17:45:38.000Z</Time>
            <Position>
              <LatitudeDegrees>51.78296369500458</LatitudeDegrees>
              <LongitudeDegrees>-0.20603908225893974</LongitudeDegrees>
            </Position>
            <AltitudeMeters>75.19999694824219</AltitudeMeters>
            <DistanceMeters>1686.22998046875</DistanceMeters>
            <HeartRateBpm>
              <Value>111</Value>
            </HeartRateBpm>
            <Extensions>
              <ns3:TPX>
                <ns3:Speed>1.4179999828338623</ns3:Speed>
              </ns3:TPX>
            </Extensions>
          </Trackpoint>
          <Trackpoint>
            <Time>2026-02-24T17:45:44.000Z</Time>
            <Position>
              <LatitudeDegrees>51.782900830730796</LatitudeDegrees>
              <LongitudeDegrees>-0.20600815303623676</LongitudeDegrees>
            </Position>
            <AltitudeMeters>74.80000305175781</AltitudeMeters>
            <DistanceMeters>1694.43994140625</DistanceMeters>
            <HeartRateBpm>
              <Value>112</Value>
            </HeartRateBpm>
            <Extensions>
              <ns3:TPX>
                <ns3:Speed>1.437000036239624</ns3:Speed>
              </ns3:TPX>
            </Extensions>
          </Trackpoint>
          <Trackpoint>
            <Time>2026-02-24T17:45:45.000Z</Time>
            <Position>
              <LatitudeDegrees>51.78289127536118</LatitudeDegrees>
              <LongitudeDegrees>-0.20600429736077785</LongitudeDegrees>
            </Position>
            <AltitudeMeters>74.80000305175781</AltitudeMeters>
            <DistanceMeters>1695.300048828125</DistanceMeters>
            <HeartRateBpm>
              <Value>112</Value>
            </HeartRateBpm>
            <Extensions>
              <ns3:TPX>
                <ns3:Speed>1.437000036239624</ns3:Speed>
              </ns3:TPX>
            </Extensions>
          </Trackpoint>
          <Trackpoint>
            <Time>2026-02-24T17:45:53.000Z</Time>
            <Position>
              <LatitudeDegrees>51.78278717212379</LatitudeDegrees>
              <LongitudeDegrees>-0.2059654053300619</LongitudeDegrees>
            </Position>
            <AltitudeMeters>74.80000305175781</AltitudeMeters>
            <DistanceMeters>1706.6099853515625</DistanceMeters>
            <HeartRateBpm>
              <Value>113</Value>
            </HeartRateBpm>
            <Extensions>
              <ns3:TPX>
                <ns3:Speed>1.4279999732971191</ns3:Speed>
              </ns3:TPX>
            </Extensions>
          </Trackpoint>
          <Trackpoint>
            <Time>2026-02-24T17:46:02.000Z</Time>
            <Position>
              <LatitudeDegrees>51.782667730003595</LatitudeDegrees>
              <LongitudeDegrees>-0.20594486966729164</LongitudeDegrees>
            </Position>
            <AltitudeMeters>74.4000015258789</AltitudeMeters>
            <DistanceMeters>1719.0899658203125</DistanceMeters>
            <HeartRateBpm>
              <Value>112</Value>
            </HeartRateBpm>
            <Extensions>
              <ns3:TPX>
                <ns3:Speed>1.4179999828338623</ns3:Speed>
              </ns3:TPX>
            </Extensions>
          </Trackpoint>
          <Trackpoint>
            <Time>2026-02-24T17:46:10.000Z</Time>
            <Position>
              <LatitudeDegrees>51.782575864344835</LatitudeDegrees>
              <LongitudeDegrees>-0.2059218194335699</LongitudeDegrees>
            </Position>
            <AltitudeMeters>74.19999694824219</AltitudeMeters>
            <DistanceMeters>1730.3199462890625</DistanceMeters>
            <HeartRateBpm>
              <Value>113</Value>
            </HeartRateBpm>
            <Extensions>
              <ns3:TPX>
                <ns3:Speed>1.437000036239624</ns3:Speed>
              </ns3:TPX>
            </Extensions>
          </Trackpoint>
          <Trackpoint>
            <Time>2026-02-24T17:46:17.000Z</Time>
            <Position>
              <LatitudeDegrees>51.78247972391546</LatitudeDegrees>
              <LongitudeDegrees>-0.20589197985827923</LongitudeDegrees>
            </Position>
            <AltitudeMeters>74.19999694824219</AltitudeMeters>
            <DistanceMeters>1741.0699462890625</DistanceMeters>
            <HeartRateBpm>
              <Value>113</Value>
            </HeartRateBpm>
            <Extensions>
              <ns3:TPX>
                <ns3:Speed>1.437000036239624</ns3:Speed>
              </ns3:TPX>
            </Extensions>
          </Trackpoint>
          <Trackpoint>
            <Time>2026-02-24T17:46:25.000Z</Time>
            <Position>
              <LatitudeDegrees>51.78239883854985</LatitudeDegrees>
              <LongitudeDegrees>-0.20584914833307266</LongitudeDegrees>
            </Position>
            <AltitudeMeters>74.0</AltitudeMeters>
            <DistanceMeters>1750.5400390625</DistanceMeters>
            <HeartRateBpm>
              <Value>112</Value>
            </HeartRateBpm>
            <Extensions>
              <ns3:TPX>
                <ns3:Speed>1.4179999828338623</ns3:Speed>
              </ns3:TPX>
            </Extensions>
          </Trackpoint>
          <Trackpoint>
            <Time>2026-02-24T17:46:30.000Z</Time>
            <Position>
              <LatitudeDegrees>51.78235173225403</LatitudeDegrees>
              <LongitudeDegrees>-0.20583230070769787</LongitudeDegrees>
            </Position>
            <AltitudeMeters>73.80000305175781</AltitudeMeters>
            <DistanceMeters>1755.300048828125</DistanceMeters>
            <HeartRateBpm>
              <Value>113</Value>
            </HeartRateBpm>
            <Extensions>
              <ns3:TPX>
                <ns3:Speed>1.3899999856948853</ns3:Speed>
              </ns3:TPX>
            </Extensions>
          </Trackpoint>
          <Trackpoint>
            <Time>2026-02-24T17:46:32.000Z</Time>
            <Position>
              <LatitudeDegrees>51.78232725709677</LatitudeDegrees>
              <LongitudeDegrees>-0.20582634955644608</LongitudeDegrees>
            </Position>
            <AltitudeMeters>73.80000305175781</AltitudeMeters>
            <DistanceMeters>1758.1600341796875</DistanceMeters>
            <HeartRateBpm>
              <Value>113</Value>
            </HeartRateBpm>
            <Extensions>
              <ns3:TPX>
                <ns3:Speed>1.38100004196167</ns3:Speed>
              </ns3:TPX>
            </Extensions>
          </Trackpoint>
          <Trackpoint>
            <Time>2026-02-24T17:46:41.000Z</Time>
            <Position>
              <LatitudeDegrees>51.782194739207625</LatitudeDegrees>
              <LongitudeDegrees>-0.20582291297614574</LongitudeDegrees>
            </Position>
            <AltitudeMeters>73.5999984741211</AltitudeMeters>
            <DistanceMeters>1772.949951171875</DistanceMeters>
            <HeartRateBpm>
              <Value>113</Value>
            </HeartRateBpm>
            <Extensions>
              <ns3:TPX>
                <ns3:Speed>1.3899999856948853</ns3:Speed>
              </ns3:TPX>
            </Extensions>
          </Trackpoint>
          <Trackpoint>
            <Time>2026-02-24T17:46:49.000Z</Time>
            <Position>
              <LatitudeDegrees>51.78209759294987</LatitudeDegrees>
              <LongitudeDegrees>-0.2057900559157133</LongitudeDegrees>
            </Position>
            <AltitudeMeters>73.5999984741211</AltitudeMeters>
            <DistanceMeters>1784.2900390625</DistanceMeters>
            <HeartRateBpm>
              <Value>114</Value>
            </HeartRateBpm>
            <Extensions>
              <ns3:TPX>
                <ns3:Speed>1.399999976158142</ns3:Speed>
              </ns3:TPX>
            </Extensions>
          </Trackpoint>
          <Trackpoint>
            <Time>2026-02-24T17:46:57.000Z</Time>
            <Position>
              <LatitudeDegrees>51.7820128519088</LatitudeDegrees>
              <LongitudeDegrees>-0.20574823021888733</LongitudeDegrees>
            </Position>
            <AltitudeMeters>73.80000305175781</AltitudeMeters>
            <DistanceMeters>1794.510009765625</DistanceMeters>
            <HeartRateBpm>
              <Value>116</Value>
            </HeartRateBpm>
            <Extensions>
              <ns3:TPX>
                <ns3:Speed>1.3899999856948853</ns3:Speed>
              </ns3:TPX>
            </Extensions>
          </Trackpoint>
          <Trackpoint>
            <Time>2026-02-24T17:47:05.000Z</Time>
            <Position>
              <LatitudeDegrees>51.7819126881659</LatitudeDegrees>
              <LongitudeDegrees>-0.20572040230035782</LongitudeDegrees>
            </Position>
            <AltitudeMeters>73.19999694824219</AltitudeMeters>
            <DistanceMeters>1806.1199951171875</DistanceMeters>
            <HeartRateBpm>
              <Value>115</Value>
            </HeartRateBpm>
            <Extensions>
              <ns3:TPX>
                <ns3:Speed>1.409000039100647</ns3:Speed>
              </ns3:TPX>
            </Extensions>
          </Trackpoint>
          <Trackpoint>
            <Time>2026-02-24T17:47:14.000Z</Time>
            <Position>
              <LatitudeDegrees>51.781797436997294</LatitudeDegrees>
              <LongitudeDegrees>-0.20570204593241215</LongitudeDegrees>
            </Position>
            <AltitudeMeters>73.19999694824219</AltitudeMeters>
            <DistanceMeters>1818.5899658203125</DistanceMeters>
            <HeartRateBpm>
              <Value>114</Value>
            </HeartRateBpm>
            <Extensions>
              <ns3:TPX>
                <ns3:Speed>1.3899999856948853</ns3:Speed>
              </ns3:TPX>
            </Extensions>
          </Trackpoint>
          <Trackpoint>
            <Time>2026-02-24T17:47:23.000Z</Time>
            <Position>
              <LatitudeDegrees>51.78167078644037</LatitudeDegrees>
              <LongitudeDegrees>-0.20565301179885864</LongitudeDegrees>
            </Position>
            <AltitudeMeters>73.0</AltitudeMeters>
            <DistanceMeters>1832.9300537109375</DistanceMeters>
            <HeartRateBpm>
              <Value>115</Value>
            </HeartRateBpm>
            <Extensions>
              <ns3:TPX>
                <ns3:Speed>1.399999976158142</ns3:Speed>
              </ns3:TPX>
            </Extensions>
          </Trackpoint>
          <Trackpoint>
            <Time>2026-02-24T17:47:27.000Z</Time>
            <Position>
              <LatitudeDegrees>51.78162233904004</LatitudeDegrees>
              <LongitudeDegrees>-0.20563004538416862</LongitudeDegrees>
            </Position>
            <AltitudeMeters>72.80000305175781</AltitudeMeters>
            <DistanceMeters>1838.77001953125</DistanceMeters>
            <HeartRateBpm>
              <Value>115</Value>
            </HeartRateBpm>
            <Extensions>
              <ns3:TPX>
                <ns3:Speed>1.4279999732971191</ns3:Speed>
              </ns3:TPX>
            </Extensions>
          </Trackpoint>
          <Trackpoint>
            <Time>2026-02-24T17:47:30.000Z</Time>
            <Position>
              <LatitudeDegrees>51.78157581947744</LatitudeDegrees>
              <LongitudeDegrees>-0.20562057383358479</LongitudeDegrees>
            </Position>
            <AltitudeMeters>72.80000305175781</AltitudeMeters>
            <DistanceMeters>1843.8499755859375</DistanceMeters>
            <HeartRateBpm>
              <Value>115</Value>
            </HeartRateBpm>
            <Extensions>
              <ns3:TPX>
                <ns3:Speed>1.4279999732971191</ns3:Speed>
              </ns3:TPX>
            </Extensions>
          </Trackpoint>
          <Trackpoint>
            <Time>2026-02-24T17:47:39.000Z</Time>
            <Position>
              <LatitudeDegrees>51.78147515282035</LatitudeDegrees>
              <LongitudeDegrees>-0.20558025687932968</LongitudeDegrees>
            </Position>
            <AltitudeMeters>72.80000305175781</AltitudeMeters>
            <DistanceMeters>1855.5799560546875</DistanceMeters>
            <HeartRateBpm>
              <Value>114</Value>
            </HeartRateBpm>
            <Extensions>
              <ns3:TPX>
                <ns3:Speed>1.437000036239624</ns3:Speed>
              </ns3:TPX>
            </Extensions>
          </Trackpoint>
          <Trackpoint>
            <Time>2026-02-24T17:47:48.000Z</Time>
            <Position>
              <LatitudeDegrees>51.78136467933655</LatitudeDegrees>
              <LongitudeDegrees>-0.20555268041789532</LongitudeDegrees>
            </Position>
            <AltitudeMeters>72.5999984741211</AltitudeMeters>
            <DistanceMeters>1868.199951171875</DistanceMeters>
            <HeartRateBpm>
              <Value>114</Value>
            </HeartRateBpm>
            <Extensions>
              <ns3:TPX>
                <ns3:Speed>1.4279999732971191</ns3:Speed>
              </ns3:TPX>
            </Extensions>
          </Trackpoint>
          <Trackpoint>
            <Time>2026-02-24T17:47:55.000Z</Time>
            <Position>
              <LatitudeDegrees>51.7812757473439</LatitudeDegrees>
              <LongitudeDegrees>-0.2055155485868454</LongitudeDegrees>
            </Position>
            <AltitudeMeters>72.4000015258789</AltitudeMeters>
            <DistanceMeters>1877.6800537109375</DistanceMeters>
            <HeartRateBpm>
              <Value>113</Value>
            </HeartRateBpm>
            <Extensions>
              <ns3:TPX>
                <ns3:Speed>1.399999976158142</ns3:Speed>
              </ns3:TPX>
            </Extensions>
          </Trackpoint>
          <Trackpoint>
            <Time>2026-02-24T17:48:03.000Z</Time>
            <Position>
              <LatitudeDegrees>51.781181367114186</LatitudeDegrees>
              <LongitudeDegrees>-0.20549903623759747</LongitudeDegrees>
            </Position>
            <AltitudeMeters>72.5999984741211</AltitudeMeters>
            <DistanceMeters>1888.739990234375</DistanceMeters>
            <HeartRateBpm>
              <Value>114</Value>
            </HeartRateBpm>
            <Extensions>
              <ns3:TPX>
                <ns3:Speed>1.4279999732971191</ns3:Speed>
              </ns3:TPX>
            </Extensions>
          </Trackpoint>
          <Trackpoint>
            <Time>2026-02-24T17:48:12.000Z</Time>
            <Position>
              <LatitudeDegrees>51.781065948307514</LatitudeDegrees>
              <LongitudeDegrees>-0.20545603707432747</LongitudeDegrees>
            </Position>
            <AltitudeMeters>72.4000015258789</AltitudeMeters>
            <DistanceMeters>1901.5899658203125</DistanceMeters>
            <HeartRateBpm>
              <Value>114</Value>
            </HeartRateBpm>
            <Extensions>
              <ns3:TPX>
                <ns3:Speed>1.465000033378601</ns3:Speed>
              </ns3:TPX>
            </Extensions>
          </Trackpoint>
          <Trackpoint>
            <Time>2026-02-24T17:48:23.000Z</Time>
            <Position>
              <LatitudeDegrees>51.780926724895835</LatitudeDegrees>
              <LongitudeDegrees>-0.20541412755846977</LongitudeDegrees>
            </Position>
            <AltitudeMeters>72.4000015258789</AltitudeMeters>
            <DistanceMeters>1917.5899658203125</DistanceMeters>
            <HeartRateBpm>
              <Value>114</Value>
            </HeartRateBpm>
            <Extensions>
              <ns3:TPX>
                <ns3:Speed>1.399999976158142</ns3:Speed>
              </ns3:TPX>
            </Extensions>
          </Trackpoint>
          <Trackpoint>
            <Time>2026-02-24T17:48:31.000Z</Time>
            <Position>
              <LatitudeDegrees>51.78082052618265</LatitudeDegrees>
              <LongitudeDegrees>-0.2054028958082199</LongitudeDegrees>
            </Position>
            <AltitudeMeters>72.19999694824219</AltitudeMeters>
            <DistanceMeters>1929.8399658203125</DistanceMeters>
            <HeartRateBpm>
              <Value>113</Value>
            </HeartRateBpm>
            <Extensions>
              <ns3:TPX>
                <ns3:Speed>1.4459999799728394</ns3:Speed>
              </ns3:TPX>
            </Extensions>
          </Trackpoint>
          <Trackpoint>
            <Time>2026-02-24T17:48:39.000Z</Time>
            <Position>
              <LatitudeDegrees>51.780743496492505</LatitudeDegrees>
              <LongitudeDegrees>-0.20537858828902245</LongitudeDegrees>
            </Position>
            <AltitudeMeters>72.0</AltitudeMeters>
            <DistanceMeters>1938.5</DistanceMeters>
            <HeartRateBpm>
              <Value>114</Value>
            </HeartRateBpm>
            <Extensions>
              <ns3:TPX>
                <ns3:Speed>1.38100004196167</ns3:Speed>
              </ns3:TPX>
            </Extensions>
          </Trackpoint>
          <Trackpoint>
            <Time>2026-02-24T17:48:45.000Z</Time>
            <Position>
              <LatitudeDegrees>51.78066990338266</LatitudeDegrees>
              <LongitudeDegrees>-0.205355454236269</LongitudeDegrees>
            </Position>
            <AltitudeMeters>71.80000305175781</AltitudeMeters>
            <DistanceMeters>1946.4100341796875</DistanceMeters>
            <HeartRateBpm>
              <Value>113</Value>
            </HeartRateBpm>
            <Extensions>
              <ns3:TPX>
                <ns3:Speed>1.3530000448226929</ns3:Speed>
              </ns3:TPX>
            </Extensions>
          </Trackpoint>
          <Trackpoint>
            <Time>2026-02-24T17:48:47.000Z</Time>
            <Position>
              <LatitudeDegrees>51.78064031526446</LatitudeDegrees>
              <LongitudeDegrees>-0.20534749142825603</LongitudeDegrees>
            </Position>
            <AltitudeMeters>71.5999984741211</AltitudeMeters>
            <DistanceMeters>1949.43994140625</DistanceMeters>
            <HeartRateBpm>
              <Value>113</Value>
            </HeartRateBpm>
            <Extensions>
              <ns3:TPX>
                <ns3:Speed>1.3530000448226929</ns3:Speed>
              </ns3:TPX>
            </Extensions>
          </Trackpoint>
          <Trackpoint>
            <Time>2026-02-24T17:48:56.000Z</Time>
            <Position>
              <LatitudeDegrees>51.78053914569318</LatitudeDegrees>
              <LongitudeDegrees>-0.20530239678919315</LongitudeDegrees>
            </Position>
            <AltitudeMeters>71.19999694824219</AltitudeMeters>
            <DistanceMeters>1962.0799560546875</DistanceMeters>
            <HeartRateBpm>
              <Value>113</Value>
            </HeartRateBpm>
            <Extensions>
              <ns3:TPX>
                <ns3:Speed>1.371999979019165</ns3:Speed>
              </ns3:TPX>
            </Extensions>
          </Trackpoint>
          <Trackpoint>
            <Time>2026-02-24T17:49:04.000Z</Time>
            <Position>
              <LatitudeDegrees>51.78043403662741</LatitudeDegrees>
              <LongitudeDegrees>-0.20526040345430374</LongitudeDegrees>
            </Position>
            <AltitudeMeters>71.19999694824219</AltitudeMeters>
            <DistanceMeters>1973.4300537109375</DistanceMeters>
            <HeartRateBpm>
              <Value>113</Value>
            </HeartRateBpm>
            <Extensions>
              <ns3:TPX>
                <ns3:Speed>1.3619999885559082</ns3:Speed>
              </ns3:TPX>
            </Extensions>
          </Trackpoint>
          <Trackpoint>
            <Time>2026-02-24T17:49:14.000Z</Time>
            <Position>
              <LatitudeDegrees>51.78031233139336</LatitudeDegrees>
              <LongitudeDegrees>-0.20521581172943115</LongitudeDegrees>
            </Position>
            <AltitudeMeters>71.0</AltitudeMeters>
            <DistanceMeters>1987.800048828125</DistanceMeters>
            <HeartRateBpm>
              <Value>111</Value>
            </HeartRateBpm>
            <Extensions>
              <ns3:TPX>
                <ns3:Speed>1.3619999885559082</ns3:Speed>
              </ns3:TPX>
            </Extensions>
          </Trackpoint>
          <Trackpoint>
            <Time>2026-02-24T17:49:24.000Z</Time>
            <Position>
              <LatitudeDegrees>51.780199678614736</LatitudeDegrees>
              <LongitudeDegrees>-0.2051845472306013</LongitudeDegrees>
            </Position>
            <AltitudeMeters>70.80000305175781</AltitudeMeters>
            <DistanceMeters>2000.6700439453125</DistanceMeters>
            <HeartRateBpm>
              <Value>110</Value>
            </HeartRateBpm>
            <Extensions>
              <ns3:TPX>
                <ns3:Speed>1.3619999885559082</ns3:Speed>
              </ns3:TPX>
            </Extensions>
          </Trackpoint>
          <Trackpoint>
            <Time>2026-02-24T17:49:25.000Z</Time>
            <Position>
              <LatitudeDegrees>51.780188363045454</LatitudeDegrees>
              <LongitudeDegrees>-0.2051774226129055</LongitudeDegrees>
            </Position>
            <AltitudeMeters>70.80000305175781</AltitudeMeters>
            <DistanceMeters>2002.4000244140625</DistanceMeters>
            <HeartRateBpm>
              <Value>110</Value>
            </HeartRateBpm>
            <Extensions>
              <ns3:TPX>
                <ns3:Speed>1.3619999885559082</ns3:Speed>
              </ns3:TPX>
            </Extensions>
          </Trackpoint>
        </Track>
        <Extensions>
          <ns3:LX>
            <ns3:AvgSpeed>1.3930000066757202</ns3:AvgSpeed>
            <ns3:AvgRunCadence>54</ns3:AvgRunCadence>
            <ns3:MaxRunCadence>56</ns3:MaxRunCadence>
          </ns3:LX>
        </Extensions>
      </Lap>
      <Lap StartTime="2026-02-24T17:49:25.000Z">
        <TotalTimeSeconds>744.73</TotalTimeSeconds>
        <DistanceMeters>1000.0</DistanceMeters>
        <MaximumSpeed>1.5299999713897705</MaximumSpeed>
        <Calories>60</Calories>
        <AverageHeartRateBpm>
          <Value>114</Value>
        </AverageHeartRateBpm>
        <MaximumHeartRateBpm>
          <Value>135</Value>
        </MaximumHeartRateBpm>
        <Intensity>Active</Intensity>
        <TriggerMethod>Manual</TriggerMethod>
        <Track>
          <Trackpoint>
            <Time>2026-02-24T17:49:25.000Z</Time>
            <Position>
              <LatitudeDegrees>51.780188363045454</LatitudeDegrees>
              <LongitudeDegrees>-0.2051774226129055</LongitudeDegrees>
            </Position>
            <AltitudeMeters>70.80000305175781</AltitudeMeters>
            <DistanceMeters>2002.4000244140625</DistanceMeters>
            <HeartRateBpm>
              <Value>110</Value>
            </HeartRateBpm>
            <Extensions>
              <ns3:TPX>
                <ns3:Speed>1.3619999885559082</ns3:Speed>
              </ns3:TPX>
            </Extensions>
          </Trackpoint>
          <Trackpoint>
            <Time>2026-02-24T17:49:32.000Z</Time>
            <Position>
              <LatitudeDegrees>51.78011812269688</LatitudeDegrees>
              <LongitudeDegrees>-0.20513811148703098</LongitudeDegrees>
            </Position>
            <AltitudeMeters>70.80000305175781</AltitudeMeters>
            <DistanceMeters>2009.8299560546875</DistanceMeters>
            <HeartRateBpm>
              <Value>110</Value>
            </HeartRateBpm>
            <Extensions>
              <ns3:TPX>
                <ns3:Speed>1.3530000448226929</ns3:Speed>
              </ns3:TPX>
            </Extensions>
          </Trackpoint>
          <Trackpoint>
            <Time>2026-02-24T17:49:33.000Z</Time>
            <Position>
              <LatitudeDegrees>51.780108818784356</LatitudeDegrees>
              <LongitudeDegrees>-0.20513534545898438</LongitudeDegrees>
            </Position>
            <AltitudeMeters>70.80000305175781</AltitudeMeters>
            <DistanceMeters>2010.550048828125</DistanceMeters>
            <HeartRateBpm>
              <Value>109</Value>
            </HeartRateBpm>
            <Extensions>
              <ns3:TPX>
                <ns3:Speed>1.3530000448226929</ns3:Speed>
              </ns3:TPX>
            </Extensions>
          </Trackpoint>
          <Trackpoint>
            <Time>2026-02-24T17:49:39.000Z</Time>
            <Position>
              <LatitudeDegrees>51.780013516545296</LatitudeDegrees>
              <LongitudeDegrees>-0.2050951961427927</LongitudeDegrees>
            </Position>
            <AltitudeMeters>70.4000015258789</AltitudeMeters>
            <DistanceMeters>2022.8599853515625</DistanceMeters>
            <HeartRateBpm>
              <Value>109</Value>
            </HeartRateBpm>
            <Extensions>
              <ns3:TPX>
                <ns3:Speed>1.5119999647140503</ns3:Speed>
              </ns3:TPX>
            </Extensions>
          </Trackpoint>
          <Trackpoint>
            <Time>2026-02-24T17:49:47.000Z</Time>
            <Position>
              <LatitudeDegrees>51.77994394674897</LatitudeDegrees>
              <LongitudeDegrees>-0.20503493025898933</LongitudeDegrees>
            </Position>
            <AltitudeMeters>70.4000015258789</AltitudeMeters>
            <DistanceMeters>2031.1500244140625</DistanceMeters>
            <HeartRateBpm>
              <Value>109</Value>
            </HeartRateBpm>
            <Extensions>
              <ns3:TPX>
                <ns3:Speed>1.2319999933242798</ns3:Speed>
              </ns3:TPX>
            </Extensions>
          </Trackpoint>
          <Trackpoint>
            <Time>2026-02-24T17:49:56.000Z</Time>
            <Position>
              <LatitudeDegrees>51.7798354011029</LatitudeDegrees>
              <LongitudeDegrees>-0.20497131161391735</LongitudeDegrees>
            </Position>
            <AltitudeMeters>70.0</AltitudeMeters>
            <DistanceMeters>2044.550048828125</DistanceMeters>
            <HeartRateBpm>
              <Value>109</Value>
            </HeartRateBpm>
            <Extensions>
              <ns3:TPX>
                <ns3:Speed>1.3339999914169312</ns3:Speed>
              </ns3:TPX>
            </Extensions>
          </Trackpoint>
          <Trackpoint>
            <Time>2026-02-24T17:50:02.000Z</Time>
            <Position>
              <LatitudeDegrees>51.77975661121309</LatitudeDegrees>
              <LongitudeDegrees>-0.20492495968937874</LongitudeDegrees>
            </Position>
            <AltitudeMeters>69.80000305175781</AltitudeMeters>
            <DistanceMeters>2053.719970703125</DistanceMeters>
            <HeartRateBpm>
              <Value>109</Value>
            </HeartRateBpm>
            <Extensions>
              <ns3:TPX>
                <ns3:Speed>1.3530000448226929</ns3:Speed>
              </ns3:TPX>
            </Extensions>
          </Trackpoint>
          <Trackpoint>
            <Time>2026-02-24T17:50:04.000Z</Time>
            <Position>
              <LatitudeDegrees>51.77973565645516</LatitudeDegrees>
              <LongitudeDegrees>-0.20490199327468872</LongitudeDegrees>
            </Position>
            <AltitudeMeters>69.5999984741211</AltitudeMeters>
            <DistanceMeters>2057.27001953125</DistanceMeters>
            <HeartRateBpm>
              <Value>110</Value>
            </HeartRateBpm>
            <Extensions>
              <ns3:TPX>
                <ns3:Speed>1.3530000448226929</ns3:Speed>
              </ns3:TPX>
            </Extensions>
          </Trackpoint>
          <Trackpoint>
            <Time>2026-02-24T17:50:12.000Z</Time>
            <Position>
              <LatitudeDegrees>51.77965376526117</LatitudeDegrees>
              <LongitudeDegrees>-0.20485924556851387</LongitudeDegrees>
            </Position>
            <AltitudeMeters>69.4000015258789</AltitudeMeters>
            <DistanceMeters>2066.52001953125</DistanceMeters>
            <HeartRateBpm>
              <Value>110</Value>
            </HeartRateBpm>
            <Extensions>
              <ns3:TPX>
                <ns3:Speed>1.343999981880188</ns3:Speed>
              </ns3:TPX>
            </Extensions>
          </Trackpoint>
          <Trackpoint>
            <Time>2026-02-24T17:50:20.000Z</Time>
            <Position>
              <LatitudeDegrees>51.77955494262278</LatitudeDegrees>
              <LongitudeDegrees>-0.20480258390307426</LongitudeDegrees>
            </Position>
            <AltitudeMeters>70.0</AltitudeMeters>
            <DistanceMeters>2077.610107421875</DistanceMeters>
            <HeartRateBpm>
              <Value>111</Value>
            </HeartRateBpm>
            <Extensions>
              <ns3:TPX>
                <ns3:Speed>1.3339999914169312</ns3:Speed>
              </ns3:TPX>
            </Extensions>
          </Trackpoint>
          <Trackpoint>
            <Time>2026-02-24T17:50:28.000Z</Time>
            <Position>
              <LatitudeDegrees>51.77945922128856</LatitudeDegrees>
              <LongitudeDegrees>-0.204738462343812</LongitudeDegrees>
            </Position>
            <AltitudeMeters>69.4000015258789</AltitudeMeters>
            <DistanceMeters>2089.679931640625</DistanceMeters>
            <HeartRateBpm>
              <Value>112</Value>
            </HeartRateBpm>
            <Extensions>
              <ns3:TPX>
                <ns3:Speed>1.343999981880188</ns3:Speed>
              </ns3:TPX>
            </Extensions>
          </Trackpoint>
          <Trackpoint>
            <Time>2026-02-24T17:50:37.000Z</Time>
            <Position>
              <LatitudeDegrees>51.77935947664082</LatitudeDegrees>
              <LongitudeDegrees>-0.2046710718423128</LongitudeDegrees>
            </Position>
            <AltitudeMeters>69.4000015258789</AltitudeMeters>
            <DistanceMeters>2101.60009765625</DistanceMeters>
            <HeartRateBpm>
              <Value>114</Value>
            </HeartRateBpm>
            <Extensions>
              <ns3:TPX>
                <ns3:Speed>1.343999981880188</ns3:Speed>
              </ns3:TPX>
            </Extensions>
          </Trackpoint>
          <Trackpoint>
            <Time>2026-02-24T17:50:45.000Z</Time>
            <Position>
              <LatitudeDegrees>51.77928471006453</LatitudeDegrees>
              <LongitudeDegrees>-0.20460477098822594</LongitudeDegrees>
            </Position>
            <AltitudeMeters>69.19999694824219</AltitudeMeters>
            <DistanceMeters>2111.35009765625</DistanceMeters>
            <HeartRateBpm>
              <Value>114</Value>
            </HeartRateBpm>
            <Extensions>
              <ns3:TPX>
                <ns3:Speed>1.343999981880188</ns3:Speed>
              </ns3:TPX>
            </Extensions>
          </Trackpoint>
          <Trackpoint>
            <Time>2026-02-24T17:50:50.000Z</Time>
            <Position>
              <LatitudeDegrees>51.779227294027805</LatitudeDegrees>
              <LongitudeDegrees>-0.20454894751310349</LongitudeDegrees>
            </Position>
            <AltitudeMeters>69.19999694824219</AltitudeMeters>
            <DistanceMeters>2118.800048828125</DistanceMeters>
            <HeartRateBpm>
              <Value>111</Value>
            </HeartRateBpm>
            <Extensions>
              <ns3:TPX>
                <ns3:Speed>1.3339999914169312</ns3:Speed>
              </ns3:TPX>
            </Extensions>
          </Trackpoint>
          <Trackpoint>
            <Time>2026-02-24T17:50:53.000Z</Time>
            <Position>
              <LatitudeDegrees>51.77920156158507</LatitudeDegrees>
              <LongitudeDegrees>-0.20453260280191898</LongitudeDegrees>
            </Position>
            <AltitudeMeters>69.19999694824219</AltitudeMeters>
            <DistanceMeters>2122.580078125</DistanceMeters>
            <HeartRateBpm>
              <Value>109</Value>
            </HeartRateBpm>
            <Extensions>
              <ns3:TPX>
                <ns3:Speed>1.3339999914169312</ns3:Speed>
              </ns3:TPX>
            </Extensions>
          </Trackpoint>
          <Trackpoint>
            <Time>2026-02-24T17:51:01.000Z</Time>
            <Position>
              <LatitudeDegrees>51.77910424768925</LatitudeDegrees>
              <LongitudeDegrees>-0.20445984788239002</LongitudeDegrees>
            </Position>
            <AltitudeMeters>69.19999694824219</AltitudeMeters>
            <DistanceMeters>2134.02001953125</DistanceMeters>
            <HeartRateBpm>
              <Value>109</Value>
            </HeartRateBpm>
            <Extensions>
              <ns3:TPX>
                <ns3:Speed>1.3339999914169312</ns3:Speed>
              </ns3:TPX>
            </Extensions>
          </Trackpoint>
          <Trackpoint>
            <Time>2026-02-24T17:51:12.000Z</Time>
            <Position>
              <LatitudeDegrees>51.779000563547015</LatitudeDegrees>
              <LongitudeDegrees>-0.20436580292880535</LongitudeDegrees>
            </Position>
            <AltitudeMeters>69.0</AltitudeMeters>
            <DistanceMeters>2147.2099609375</DistanceMeters>
            <HeartRateBpm>
              <Value>107</Value>
            </HeartRateBpm>
            <Extensions>
              <ns3:TPX>
                <ns3:Speed>1.3250000476837158</ns3:Speed>
              </ns3:TPX>
            </Extensions>
          </Trackpoint>
          <Trackpoint>
            <Time>2026-02-24T17:51:21.000Z</Time>
            <Position>
              <LatitudeDegrees>51.77890065126121</LatitudeDegrees>
              <LongitudeDegrees>-0.20427217707037926</LongitudeDegrees>
            </Position>
            <AltitudeMeters>69.0</AltitudeMeters>
            <DistanceMeters>2160.030029296875</DistanceMeters>
            <HeartRateBpm>
              <Value>109</Value>
            </HeartRateBpm>
            <Extensions>
              <ns3:TPX>
                <ns3:Speed>1.3250000476837158</ns3:Speed>
              </ns3:TPX>
            </Extensions>
          </Trackpoint>
          <Trackpoint>
            <Time>2026-02-24T17:51:30.000Z</Time>
            <Position>
              <LatitudeDegrees>51.77880635485053</LatitudeDegrees>
              <LongitudeDegrees>-0.2041853405535221</LongitudeDegrees>
            </Position>
            <AltitudeMeters>69.0</AltitudeMeters>
            <DistanceMeters>2171.760009765625</DistanceMeters>
            <HeartRateBpm>
              <Value>109</Value>
            </HeartRateBpm>
            <Extensions>
              <ns3:TPX>
                <ns3:Speed>1.3339999914169312</ns3:Speed>
              </ns3:TPX>
            </Extensions>
          </Trackpoint>
          <Trackpoint>
            <Time>2026-02-24T17:51:38.000Z</Time>
            <Position>
              <LatitudeDegrees>51.77871658466756</LatitudeDegrees>
              <LongitudeDegrees>-0.2040866855531931</LongitudeDegrees>
            </Position>
            <AltitudeMeters>69.0</AltitudeMeters>
            <DistanceMeters>2184.159912109375</DistanceMeters>
            <HeartRateBpm>
              <Value>110</Value>
            </HeartRateBpm>
            <Extensions>
              <ns3:TPX>
                <ns3:Speed>1.3339999914169312</ns3:Speed>
              </ns3:TPX>
            </Extensions>
          </Trackpoint>
          <Trackpoint>
            <Time>2026-02-24T17:51:44.000Z</Time>
            <Position>
              <LatitudeDegrees>51.778660006821156</LatitudeDegrees>
              <LongitudeDegrees>-0.20401074551045895</LongitudeDegrees>
            </Position>
            <AltitudeMeters>69.0</AltitudeMeters>
            <DistanceMeters>2192.679931640625</DistanceMeters>
            <HeartRateBpm>
              <Value>111</Value>
            </HeartRateBpm>
            <Extensions>
              <ns3:TPX>
                <ns3:Speed>1.343999981880188</ns3:Speed>
              </ns3:TPX>
            </Extensions>
          </Trackpoint>
          <Trackpoint>
            <Time>2026-02-24T17:51:51.000Z</Time>
            <Position>
              <LatitudeDegrees>51.77859672345221</LatitudeDegrees>
              <LongitudeDegrees>-0.2039348054677248</LongitudeDegrees>
            </Position>
            <AltitudeMeters>68.80000305175781</AltitudeMeters>
            <DistanceMeters>2201.590087890625</DistanceMeters>
            <HeartRateBpm>
              <Value>112</Value>
            </HeartRateBpm>
            <Extensions>
              <ns3:TPX>
                <ns3:Speed>1.3530000448226929</ns3:Speed>
              </ns3:TPX>
            </Extensions>
          </Trackpoint>
          <Trackpoint>
            <Time>2026-02-24T17:51:58.000Z</Time>
            <Position>
              <LatitudeDegrees>51.77852162159979</LatitudeDegrees>
              <LongitudeDegrees>-0.2038617990911007</LongitudeDegrees>
            </Position>
            <AltitudeMeters>68.80000305175781</AltitudeMeters>
            <DistanceMeters>2211.030029296875</DistanceMeters>
            <HeartRateBpm>
              <Value>113</Value>
            </HeartRateBpm>
            <Extensions>
              <ns3:TPX>
                <ns3:Speed>1.3530000448226929</ns3:Speed>
              </ns3:TPX>
            </Extensions>
          </Trackpoint>
          <Trackpoint>
            <Time>2026-02-24T17:52:06.000Z</Time>
            <Position>
              <LatitudeDegrees>51.77844811230898</LatitudeDegrees>
              <LongitudeDegrees>-0.20376968197524548</LongitudeDegrees>
            </Position>
            <AltitudeMeters>68.80000305175781</AltitudeMeters>
            <DistanceMeters>2221.8701171875</DistanceMeters>
            <HeartRateBpm>
              <Value>113</Value>
            </HeartRateBpm>
            <Extensions>
              <ns3:TPX>
                <ns3:Speed>1.3530000448226929</ns3:Speed>
              </ns3:TPX>
            </Extensions>
          </Trackpoint>
          <Trackpoint>
            <Time>2026-02-24T17:52:07.000Z</Time>
            <Position>
              <LatitudeDegrees>51.77844216115773</LatitudeDegrees>
              <LongitudeDegrees>-0.20375903695821762</LongitudeDegrees>
            </Position>
            <AltitudeMeters>68.80000305175781</AltitudeMeters>
            <DistanceMeters>2222.889892578125</DistanceMeters>
            <HeartRateBpm>
              <Value>113</Value>
            </HeartRateBpm>
            <Extensions>
              <ns3:TPX>
                <ns3:Speed>1.3530000448226929</ns3:Speed>
              </ns3:TPX>
            </Extensions>
          </Trackpoint>
          <Trackpoint>
            <Time>2026-02-24T17:52:13.000Z</Time>
            <Position>
              <LatitudeDegrees>51.778385834768414</LatitudeDegrees>
              <LongitudeDegrees>-0.20370078273117542</LongitudeDegrees>
            </Position>
            <AltitudeMeters>68.4000015258789</AltitudeMeters>
            <DistanceMeters>2229.31005859375</DistanceMeters>
            <HeartRateBpm>
              <Value>113</Value>
            </HeartRateBpm>
            <Extensions>
              <ns3:TPX>
                <ns3:Speed>1.3339999914169312</ns3:Speed>
              </ns3:TPX>
            </Extensions>
          </Trackpoint>
          <Trackpoint>
            <Time>2026-02-24T17:52:22.000Z</Time>
            <Position>
              <LatitudeDegrees>51.77830218337476</LatitudeDegrees>
              <LongitudeDegrees>-0.20360330119729042</LongitudeDegrees>
            </Position>
            <AltitudeMeters>68.4000015258789</AltitudeMeters>
            <DistanceMeters>2240.8701171875</DistanceMeters>
            <HeartRateBpm>
              <Value>113</Value>
            </HeartRateBpm>
            <Extensions>
              <ns3:TPX>
                <ns3:Speed>1.3339999914169312</ns3:Speed>
              </ns3:TPX>
            </Extensions>
          </Trackpoint>
          <Trackpoint>
            <Time>2026-02-24T17:52:33.000Z</Time>
            <Position>
              <LatitudeDegrees>51.778211910277605</LatitudeDegrees>
              <LongitudeDegrees>-0.20347824320197105</LongitudeDegrees>
            </Position>
            <AltitudeMeters>68.4000015258789</AltitudeMeters>
            <DistanceMeters>2254.800048828125</DistanceMeters>
            <HeartRateBpm>
              <Value>112</Value>
            </HeartRateBpm>
            <Extensions>
              <ns3:TPX>
                <ns3:Speed>1.3250000476837158</ns3:Speed>
              </ns3:TPX>
            </Extensions>
          </Trackpoint>
          <Trackpoint>
            <Time>2026-02-24T17:52:42.000Z</Time>
            <Position>
              <LatitudeDegrees>51.77811895497143</LatitudeDegrees>
              <LongitudeDegrees>-0.20337631925940514</LongitudeDegrees>
            </Position>
            <AltitudeMeters>68.4000015258789</AltitudeMeters>
            <DistanceMeters>2266.81005859375</DistanceMeters>
            <HeartRateBpm>
              <Value>111</Value>
            </HeartRateBpm>
            <Extensions>
              <ns3:TPX>
                <ns3:Speed>1.2970000505447388</ns3:Speed>
              </ns3:TPX>
            </Extensions>
          </Trackpoint>
          <Trackpoint>
            <Time>2026-02-24T17:52:49.000Z</Time>
            <Position>
              <LatitudeDegrees>51.778056593611836</LatitudeDegrees>
              <LongitudeDegrees>-0.20331588573753834</LongitudeDegrees>
            </Position>
            <AltitudeMeters>68.19999694824219</AltitudeMeters>
            <DistanceMeters>2274.340087890625</DistanceMeters>
            <HeartRateBpm>
              <Value>109</Value>
            </HeartRateBpm>
            <Extensions>
              <ns3:TPX>
                <ns3:Speed>1.305999994277954</ns3:Speed>
              </ns3:TPX>
            </Extensions>
          </Trackpoint>
          <Trackpoint>
            <Time>2026-02-24T17:52:59.000Z</Time>
            <Position>
              <LatitudeDegrees>51.7779584415257</LatitudeDegrees>
              <LongitudeDegrees>-0.20322175696492195</LongitudeDegrees>
            </Position>
            <AltitudeMeters>68.19999694824219</AltitudeMeters>
            <DistanceMeters>2287.090087890625</DistanceMeters>
            <HeartRateBpm>
              <Value>108</Value>
            </HeartRateBpm>
            <Extensions>
              <ns3:TPX>
                <ns3:Speed>1.2879999876022339</ns3:Speed>
              </ns3:TPX>
            </Extensions>
          </Trackpoint>
          <Trackpoint>
            <Time>2026-02-24T17:53:08.000Z</Time>
            <Position>
              <LatitudeDegrees>51.77787453867495</LatitudeDegrees>
              <LongitudeDegrees>-0.20314606837928295</LongitudeDegrees>
            </Position>
            <AltitudeMeters>68.19999694824219</AltitudeMeters>
            <DistanceMeters>2298.030029296875</DistanceMeters>
            <HeartRateBpm>
              <Value>108</Value>
            </HeartRateBpm>
            <Extensions>
              <ns3:TPX>
                <ns3:Speed>1.277999997138977</ns3:Speed>
              </ns3:TPX>
            </Extensions>
          </Trackpoint>
          <Trackpoint>
            <Time>2026-02-24T17:53:18.000Z</Time>
            <Position>
              <LatitudeDegrees>51.777763813734055</LatitudeDegrees>
              <LongitudeDegrees>-0.20305185578763485</LongitudeDegrees>
            </Position>
            <AltitudeMeters>68.0</AltitudeMeters>
            <DistanceMeters>2311.429931640625</DistanceMeters>
            <HeartRateBpm>
              <Value>109</Value>
            </HeartRateBpm>
            <Extensions>
              <ns3:TPX>
                <ns3:Speed>1.277999997138977</ns3:Speed>
              </ns3:TPX>
            </Extensions>
          </Trackpoint>
          <Trackpoint>
            <Time>2026-02-24T17:53:25.000Z</Time>
            <Position>
              <LatitudeDegrees>51.77769843488932</LatitudeDegrees>
              <LongitudeDegrees>-0.20299343392252922</LongitudeDegrees>
            </Position>
            <AltitudeMeters>68.0</AltitudeMeters>
            <DistanceMeters>2321.050048828125</DistanceMeters>
            <HeartRateBpm>
              <Value>112</Value>
            </HeartRateBpm>
            <Extensions>
              <ns3:TPX>
                <ns3:Speed>1.2879999876022339</ns3:Speed>
              </ns3:TPX>
            </Extensions>
          </Trackpoint>
          <Trackpoint>
            <Time>2026-02-24T17:53:28.000Z</Time>
            <Position>
              <LatitudeDegrees>51.77767110988498</LatitudeDegrees>
              <LongitudeDegrees>-0.20297306589782238</LongitudeDegrees>
            </Position>
            <AltitudeMeters>67.80000305175781</AltitudeMeters>
            <DistanceMeters>2324.10009765625</DistanceMeters>
            <HeartRateBpm>
              <Value>113</Value>
            </HeartRateBpm>
            <Extensions>
              <ns3:TPX>
                <ns3:Speed>1.2879999876022339</ns3:Speed>
              </ns3:TPX>
            </Extensions>
          </Trackpoint>
          <Trackpoint>
            <Time>2026-02-24T17:53:37.000Z</Time>
            <Position>
              <LatitudeDegrees>51.77757941186428</LatitudeDegrees>
              <LongitudeDegrees>-0.2028974611312151</LongitudeDegrees>
            </Position>
            <AltitudeMeters>67.80000305175781</AltitudeMeters>
            <DistanceMeters>2335.679931640625</DistanceMeters>
            <HeartRateBpm>
              <Value>111</Value>
            </HeartRateBpm>
            <Extensions>
              <ns3:TPX>
                <ns3:Speed>1.2879999876022339</ns3:Speed>
              </ns3:TPX>
            </Extensions>
          </Trackpoint>
          <Trackpoint>
            <Time>2026-02-24T17:53:39.000Z</Time>
            <Position>
              <LatitudeDegrees>51.77755636163056</LatitudeDegrees>
              <LongitudeDegrees>-0.2028827928006649</LongitudeDegrees>
            </Position>
            <AltitudeMeters>67.80000305175781</AltitudeMeters>
            <DistanceMeters>2338.169921875</DistanceMeters>
            <HeartRateBpm>
              <Value>111</Value>
            </HeartRateBpm>
            <Extensions>
              <ns3:TPX>
                <ns3:Speed>1.277999997138977</ns3:Speed>
              </ns3:TPX>
            </Extensions>
          </Trackpoint>
          <Trackpoint>
            <Time>2026-02-24T17:53:50.000Z</Time>
            <Position>
              <LatitudeDegrees>51.777448654174805</LatitudeDegrees>
              <LongitudeDegrees>-0.20280090160667896</LongitudeDegrees>
            </Position>
            <AltitudeMeters>67.80000305175781</AltitudeMeters>
            <DistanceMeters>2351.97998046875</DistanceMeters>
            <HeartRateBpm>
              <Value>112</Value>
            </HeartRateBpm>
            <Extensions>
              <ns3:TPX>
                <ns3:Speed>1.277999997138977</ns3:Speed>
              </ns3:TPX>
            </Extensions>
          </Trackpoint>
          <Trackpoint>
            <Time>2026-02-24T17:53:59.000Z</Time>
            <Position>
              <LatitudeDegrees>51.77734329365194</LatitudeDegrees>
              <LongitudeDegrees>-0.20273535512387753</LongitudeDegrees>
            </Position>
            <AltitudeMeters>67.5999984741211</AltitudeMeters>
            <DistanceMeters>2364.699951171875</DistanceMeters>
            <HeartRateBpm>
              <Value>112</Value>
            </HeartRateBpm>
            <Extensions>
              <ns3:TPX>
                <ns3:Speed>1.2879999876022339</ns3:Speed>
              </ns3:TPX>
            </Extensions>
          </Trackpoint>
          <Trackpoint>
            <Time>2026-02-24T17:54:06.000Z</Time>
            <Position>
              <LatitudeDegrees>51.777250254526734</LatitudeDegrees>
              <LongitudeDegrees>-0.20270182751119137</LongitudeDegrees>
            </Position>
            <AltitudeMeters>66.80000305175781</AltitudeMeters>
            <DistanceMeters>2375.159912109375</DistanceMeters>
            <HeartRateBpm>
              <Value>112</Value>
            </HeartRateBpm>
            <Extensions>
              <ns3:TPX>
                <ns3:Speed>1.305999994277954</ns3:Speed>
              </ns3:TPX>
            </Extensions>
          </Trackpoint>
          <Trackpoint>
            <Time>2026-02-24T17:54:07.000Z</Time>
            <Position>
              <LatitudeDegrees>51.77723969332874</LatitudeDegrees>
              <LongitudeDegrees>-0.20269847474992275</LongitudeDegrees>
            </Position>
            <AltitudeMeters>66.5999984741211</AltitudeMeters>
            <DistanceMeters>2376.719970703125</DistanceMeters>
            <HeartRateBpm>
              <Value>112</Value>
            </HeartRateBpm>
            <Extensions>
              <ns3:TPX>
                <ns3:Speed>1.305999994277954</ns3:Speed>
              </ns3:TPX>
            </Extensions>
          </Trackpoint>
          <Trackpoint>
            <Time>2026-02-24T17:54:13.000Z</Time>
            <Position>
              <LatitudeDegrees>51.777169117704034</LatitudeDegrees>
              <LongitudeDegrees>-0.20265815779566765</LongitudeDegrees>
            </Position>
            <AltitudeMeters>66.5999984741211</AltitudeMeters>
            <DistanceMeters>2384.909912109375</DistanceMeters>
            <HeartRateBpm>
              <Value>109</Value>
            </HeartRateBpm>
            <Extensions>
              <ns3:TPX>
                <ns3:Speed>1.3339999914169312</ns3:Speed>
              </ns3:TPX>
            </Extensions>
          </Trackpoint>
          <Trackpoint>
            <Time>2026-02-24T17:54:21.000Z</Time>
            <Position>
              <LatitudeDegrees>51.77707381546497</LatitudeDegrees>
              <LongitudeDegrees>-0.2026284858584404</LongitudeDegrees>
            </Position>
            <AltitudeMeters>66.5999984741211</AltitudeMeters>
            <DistanceMeters>2395.639892578125</DistanceMeters>
            <HeartRateBpm>
              <Value>109</Value>
            </HeartRateBpm>
            <Extensions>
              <ns3:TPX>
                <ns3:Speed>1.3339999914169312</ns3:Speed>
              </ns3:TPX>
            </Extensions>
          </Trackpoint>
          <Trackpoint>
            <Time>2026-02-24T17:54:29.000Z</Time>
            <Position>
              <LatitudeDegrees>51.776995193213224</LatitudeDegrees>
              <LongitudeDegrees>-0.20261230878531933</LongitudeDegrees>
            </Position>
            <AltitudeMeters>66.80000305175781</AltitudeMeters>
            <DistanceMeters>2403.97998046875</DistanceMeters>
            <HeartRateBpm>
              <Value>106</Value>
            </HeartRateBpm>
            <Extensions>
              <ns3:TPX>
                <ns3:Speed>1.305999994277954</ns3:Speed>
              </ns3:TPX>
            </Extensions>
          </Trackpoint>
          <Trackpoint>
            <Time>2026-02-24T17:54:31.000Z</Time>
            <Position>
              <LatitudeDegrees>51.776967365294695</LatitudeDegrees>
              <LongitudeDegrees>-0.20260593853890896</LongitudeDegrees>
            </Position>
            <AltitudeMeters>66.80000305175781</AltitudeMeters>
            <DistanceMeters>2407.070068359375</DistanceMeters>
            <HeartRateBpm>
              <Value>107</Value>
            </HeartRateBpm>
            <Extensions>
              <ns3:TPX>
                <ns3:Speed>1.2970000505447388</ns3:Speed>
              </ns3:TPX>
            </Extensions>
          </Trackpoint>
          <Trackpoint>
            <Time>2026-02-24T17:54:42.000Z</Time>
            <Position>
              <LatitudeDegrees>51.77684348076582</LatitudeDegrees>
              <LongitudeDegrees>-0.20257031545042992</LongitudeDegrees>
            </Position>
            <AltitudeMeters>66.5999984741211</AltitudeMeters>
            <DistanceMeters>2421.840087890625</DistanceMeters>
            <HeartRateBpm>
              <Value>106</Value>
            </HeartRateBpm>
            <Extensions>
              <ns3:TPX>
                <ns3:Speed>1.305999994277954</ns3:Speed>
              </ns3:TPX>
            </Extensions>
          </Trackpoint>
          <Trackpoint>
            <Time>2026-02-24T17:54:51.000Z</Time>
            <Position>
              <LatitudeDegrees>51.776742646470666</LatitudeDegrees>
              <LongitudeDegrees>-0.20255757495760918</LongitudeDegrees>
            </Position>
            <AltitudeMeters>66.4000015258789</AltitudeMeters>
            <DistanceMeters>2433.25</DistanceMeters>
            <HeartRateBpm>
              <Value>107</Value>
            </HeartRateBpm>
            <Extensions>
              <ns3:TPX>
                <ns3:Speed>1.2970000505447388</ns3:Speed>
              </ns3:TPX>
            </Extensions>
          </Trackpoint>
          <Trackpoint>
            <Time>2026-02-24T17:55:00.000Z</Time>
            <Position>
              <LatitudeDegrees>51.776624377816916</LatitudeDegrees>
              <LongitudeDegrees>-0.20254584029316902</LongitudeDegrees>
            </Position>
            <AltitudeMeters>66.19999694824219</AltitudeMeters>
            <DistanceMeters>2446.090087890625</DistanceMeters>
            <HeartRateBpm>
              <Value>108</Value>
            </HeartRateBpm>
            <Extensions>
              <ns3:TPX>
                <ns3:Speed>1.3339999914169312</ns3:Speed>
              </ns3:TPX>
            </Extensions>
          </Trackpoint>
          <Trackpoint>
            <Time>2026-02-24T17:55:07.000Z</Time>
            <Position>
              <LatitudeDegrees>51.776521280407906</LatitudeDegrees>
              <LongitudeDegrees>-0.20254533737897873</LongitudeDegrees>
            </Position>
            <AltitudeMeters>66.0</AltitudeMeters>
            <DistanceMeters>2457.580078125</DistanceMeters>
            <HeartRateBpm>
              <Value>108</Value>
            </HeartRateBpm>
            <Extensions>
              <ns3:TPX>
                <ns3:Speed>1.343999981880188</ns3:Speed>
              </ns3:TPX>
            </Extensions>
          </Trackpoint>
          <Trackpoint>
            <Time>2026-02-24T17:55:13.000Z</Time>
            <Position>
              <LatitudeDegrees>51.77645665593445</LatitudeDegrees>
              <LongitudeDegrees>-0.20255045033991337</LongitudeDegrees>
            </Position>
            <AltitudeMeters>66.0</AltitudeMeters>
            <DistanceMeters>2465.18994140625</DistanceMeters>
            <HeartRateBpm>
              <Value>109</Value>
            </HeartRateBpm>
            <Extensions>
              <ns3:TPX>
                <ns3:Speed>1.3619999885559082</ns3:Speed>
              </ns3:TPX>
            </Extensions>
          </Trackpoint>
          <Trackpoint>
            <Time>2026-02-24T17:55:21.000Z</Time>
            <Position>
              <LatitudeDegrees>51.776356073096395</LatitudeDegrees>
              <LongitudeDegrees>-0.20255598239600658</LongitudeDegrees>
            </Position>
            <AltitudeMeters>65.5999984741211</AltitudeMeters>
            <DistanceMeters>2475.5400390625</DistanceMeters>
            <HeartRateBpm>
              <Value>111</Value>
            </HeartRateBpm>
            <Extensions>
              <ns3:TPX>
                <ns3:Speed>1.3619999885559082</ns3:Speed>
              </ns3:TPX>
            </Extensions>
          </Trackpoint>
          <Trackpoint>
            <Time>2026-02-24T17:55:28.000Z</Time>
            <Position>
              <LatitudeDegrees>51.77625942975283</LatitudeDegrees>
              <LongitudeDegrees>-0.20257308147847652</LongitudeDegrees>
            </Position>
            <AltitudeMeters>65.4000015258789</AltitudeMeters>
            <DistanceMeters>2486.0</DistanceMeters>
            <HeartRateBpm>
              <Value>112</Value>
            </HeartRateBpm>
            <Extensions>
              <ns3:TPX>
                <ns3:Speed>1.38100004196167</ns3:Speed>
              </ns3:TPX>
            </Extensions>
          </Trackpoint>
          <Trackpoint>
            <Time>2026-02-24T17:55:35.000Z</Time>
            <Position>
              <LatitudeDegrees>51.77616203203797</LatitudeDegrees>
              <LongitudeDegrees>-0.20259940065443516</LongitudeDegrees>
            </Position>
            <AltitudeMeters>65.4000015258789</AltitudeMeters>
            <DistanceMeters>2497.590087890625</DistanceMeters>
            <HeartRateBpm>
              <Value>113</Value>
            </HeartRateBpm>
            <Extensions>
              <ns3:TPX>
                <ns3:Speed>1.3899999856948853</ns3:Speed>
              </ns3:TPX>
            </Extensions>
          </Trackpoint>
          <Trackpoint>
            <Time>2026-02-24T17:55:42.000Z</Time>
            <Position>
              <LatitudeDegrees>51.77610319107771</LatitudeDegrees>
              <LongitudeDegrees>-0.20260903984308243</LongitudeDegrees>
            </Position>
            <AltitudeMeters>65.19999694824219</AltitudeMeters>
            <DistanceMeters>2504.179931640625</DistanceMeters>
            <HeartRateBpm>
              <Value>112</Value>
            </HeartRateBpm>
            <Extensions>
              <ns3:TPX>
                <ns3:Speed>1.3899999856948853</ns3:Speed>
              </ns3:TPX>
            </Extensions>
          </Trackpoint>
          <Trackpoint>
            <Time>2026-02-24T17:55:51.000Z</Time>
            <Position>
              <LatitudeDegrees>51.77601560018957</LatitudeDegrees>
              <LongitudeDegrees>-0.20263737067580223</LongitudeDegrees>
            </Position>
            <AltitudeMeters>65.0</AltitudeMeters>
            <DistanceMeters>2514.300048828125</DistanceMeters>
            <HeartRateBpm>
              <Value>112</Value>
            </HeartRateBpm>
            <Extensions>
              <ns3:TPX>
                <ns3:Speed>1.3339999914169312</ns3:Speed>
              </ns3:TPX>
            </Extensions>
          </Trackpoint>
          <Trackpoint>
            <Time>2026-02-24T17:55:59.000Z</Time>
            <Position>
              <LatitudeDegrees>51.77590470761061</LatitudeDegrees>
              <LongitudeDegrees>-0.20266788080334663</LongitudeDegrees>
            </Position>
            <AltitudeMeters>64.80000305175781</AltitudeMeters>
            <DistanceMeters>2525.919921875</DistanceMeters>
            <HeartRateBpm>
              <Value>113</Value>
            </HeartRateBpm>
            <Extensions>
              <ns3:TPX>
                <ns3:Speed>1.3339999914169312</ns3:Speed>
              </ns3:TPX>
            </Extensions>
          </Trackpoint>
          <Trackpoint>
            <Time>2026-02-24T17:56:04.000Z</Time>
            <Position>
              <LatitudeDegrees>51.77583631128073</LatitudeDegrees>
              <LongitudeDegrees>-0.20270048640668392</LongitudeDegrees>
            </Position>
            <AltitudeMeters>64.5999984741211</AltitudeMeters>
            <DistanceMeters>2534.030029296875</DistanceMeters>
            <HeartRateBpm>
              <Value>113</Value>
            </HeartRateBpm>
            <Extensions>
              <ns3:TPX>
                <ns3:Speed>1.343999981880188</ns3:Speed>
              </ns3:TPX>
            </Extensions>
          </Trackpoint>
          <Trackpoint>
            <Time>2026-02-24T17:56:07.000Z</Time>
            <Position>
              <LatitudeDegrees>51.77578551694751</LatitudeDegrees>
              <LongitudeDegrees>-0.20271523855626583</LongitudeDegrees>
            </Position>
            <AltitudeMeters>64.5999984741211</AltitudeMeters>
            <DistanceMeters>2539.56005859375</DistanceMeters>
            <HeartRateBpm>
              <Value>113</Value>
            </HeartRateBpm>
            <Extensions>
              <ns3:TPX>
                <ns3:Speed>1.371999979019165</ns3:Speed>
              </ns3:TPX>
            </Extensions>
          </Trackpoint>
          <Trackpoint>
            <Time>2026-02-24T17:56:15.000Z</Time>
            <Position>
              <LatitudeDegrees>51.77568996325135</LatitudeDegrees>
              <LongitudeDegrees>-0.2027734089642763</LongitudeDegrees>
            </Position>
            <AltitudeMeters>64.4000015258789</AltitudeMeters>
            <DistanceMeters>2550.919921875</DistanceMeters>
            <HeartRateBpm>
              <Value>113</Value>
            </HeartRateBpm>
            <Extensions>
              <ns3:TPX>
                <ns3:Speed>1.399999976158142</ns3:Speed>
              </ns3:TPX>
            </Extensions>
          </Trackpoint>
          <Trackpoint>
            <Time>2026-02-24T17:56:23.000Z</Time>
            <Position>
              <LatitudeDegrees>51.775605138391256</LatitudeDegrees>
              <LongitudeDegrees>-0.20282789133489132</LongitudeDegrees>
            </Position>
            <AltitudeMeters>64.19999694824219</AltitudeMeters>
            <DistanceMeters>2562.199951171875</DistanceMeters>
            <HeartRateBpm>
              <Value>113</Value>
            </HeartRateBpm>
            <Extensions>
              <ns3:TPX>
                <ns3:Speed>1.399999976158142</ns3:Speed>
              </ns3:TPX>
            </Extensions>
          </Trackpoint>
          <Trackpoint>
            <Time>2026-02-24T17:56:32.000Z</Time>
            <Position>
              <LatitudeDegrees>51.77550514228642</LatitudeDegrees>
              <LongitudeDegrees>-0.20290693268179893</LongitudeDegrees>
            </Position>
            <AltitudeMeters>64.0</AltitudeMeters>
            <DistanceMeters>2573.639892578125</DistanceMeters>
            <HeartRateBpm>
              <Value>112</Value>
            </HeartRateBpm>
            <Extensions>
              <ns3:TPX>
                <ns3:Speed>1.371999979019165</ns3:Speed>
              </ns3:TPX>
            </Extensions>
          </Trackpoint>
          <Trackpoint>
            <Time>2026-02-24T17:56:42.000Z</Time>
            <Position>
              <LatitudeDegrees>51.775401290506124</LatitudeDegrees>
              <LongitudeDegrees>-0.20298589020967484</LongitudeDegrees>
            </Position>
            <AltitudeMeters>63.79999923706055</AltitudeMeters>
            <DistanceMeters>2587.2099609375</DistanceMeters>
            <HeartRateBpm>
              <Value>114</Value>
            </HeartRateBpm>
            <Extensions>
              <ns3:TPX>
                <ns3:Speed>1.371999979019165</ns3:Speed>
              </ns3:TPX>
            </Extensions>
          </Trackpoint>
          <Trackpoint>
            <Time>2026-02-24T17:56:48.000Z</Time>
            <Position>
              <LatitudeDegrees>51.77534094080329</LatitudeDegrees>
              <LongitudeDegrees>-0.2030478324741125</LongitudeDegrees>
            </Position>
            <AltitudeMeters>63.599998474121094</AltitudeMeters>
            <DistanceMeters>2594.580078125</DistanceMeters>
            <HeartRateBpm>
              <Value>114</Value>
            </HeartRateBpm>
            <Extensions>
              <ns3:TPX>
                <ns3:Speed>1.371999979019165</ns3:Speed>
              </ns3:TPX>
            </Extensions>
          </Trackpoint>
          <Trackpoint>
            <Time>2026-02-24T17:56:50.000Z</Time>
            <Position>
              <LatitudeDegrees>51.775317303836346</LatitudeDegrees>
              <LongitudeDegrees>-0.20305889658629894</LongitudeDegrees>
            </Position>
            <AltitudeMeters>63.599998474121094</AltitudeMeters>
            <DistanceMeters>2597.199951171875</DistanceMeters>
            <HeartRateBpm>
              <Value>114</Value>
            </HeartRateBpm>
            <Extensions>
              <ns3:TPX>
                <ns3:Speed>1.3619999885559082</ns3:Speed>
              </ns3:TPX>
            </Extensions>
          </Trackpoint>
          <Trackpoint>
            <Time>2026-02-24T17:56:58.000Z</Time>
            <Position>
              <LatitudeDegrees>51.77521931938827</LatitudeDegrees>
              <LongitudeDegrees>-0.20310784690082073</LongitudeDegrees>
            </Position>
            <AltitudeMeters>63.400001525878906</AltitudeMeters>
            <DistanceMeters>2608.280029296875</DistanceMeters>
            <HeartRateBpm>
              <Value>113</Value>
            </HeartRateBpm>
            <Extensions>
              <ns3:TPX>
                <ns3:Speed>1.3530000448226929</ns3:Speed>
              </ns3:TPX>
            </Extensions>
          </Trackpoint>
          <Trackpoint>
            <Time>2026-02-24T17:57:07.000Z</Time>
            <Position>
              <LatitudeDegrees>51.775125693529844</LatitudeDegrees>
              <LongitudeDegrees>-0.20319183357059956</LongitudeDegrees>
            </Position>
            <AltitudeMeters>63.20000076293945</AltitudeMeters>
            <DistanceMeters>2620.719970703125</DistanceMeters>
            <HeartRateBpm>
              <Value>113</Value>
            </HeartRateBpm>
            <Extensions>
              <ns3:TPX>
                <ns3:Speed>1.3619999885559082</ns3:Speed>
              </ns3:TPX>
            </Extensions>
          </Trackpoint>
          <Trackpoint>
            <Time>2026-02-24T17:57:13.000Z</Time>
            <Position>
              <LatitudeDegrees>51.77506190724671</LatitudeDegrees>
              <LongitudeDegrees>-0.20325930789113045</LongitudeDegrees>
            </Position>
            <AltitudeMeters>63.0</AltitudeMeters>
            <DistanceMeters>2629.530029296875</DistanceMeters>
            <HeartRateBpm>
              <Value>110</Value>
            </HeartRateBpm>
            <Extensions>
              <ns3:TPX>
                <ns3:Speed>1.371999979019165</ns3:Speed>
              </ns3:TPX>
            </Extensions>
          </Trackpoint>
          <Trackpoint>
            <Time>2026-02-24T17:57:15.000Z</Time>
            <Position>
              <LatitudeDegrees>51.775039695203304</LatitudeDegrees>
              <LongitudeDegrees>-0.2032732218503952</LongitudeDegrees>
            </Position>
            <AltitudeMeters>62.79999923706055</AltitudeMeters>
            <DistanceMeters>2632.199951171875</DistanceMeters>
            <HeartRateBpm>
              <Value>111</Value>
            </HeartRateBpm>
            <Extensions>
              <ns3:TPX>
                <ns3:Speed>1.371999979019165</ns3:Speed>
              </ns3:TPX>
            </Extensions>
          </Trackpoint>
          <Trackpoint>
            <Time>2026-02-24T17:57:22.000Z</Time>
            <Position>
              <LatitudeDegrees>51.77496962249279</LatitudeDegrees>
              <LongitudeDegrees>-0.20335745997726917</LongitudeDegrees>
            </Position>
            <AltitudeMeters>62.79999923706055</AltitudeMeters>
            <DistanceMeters>2642.199951171875</DistanceMeters>
            <HeartRateBpm>
              <Value>109</Value>
            </HeartRateBpm>
            <Extensions>
              <ns3:TPX>
                <ns3:Speed>1.371999979019165</ns3:Speed>
              </ns3:TPX>
            </Extensions>
          </Trackpoint>
          <Trackpoint>
            <Time>2026-02-24T17:57:26.000Z</Time>
            <Position>
              <LatitudeDegrees>51.7749223485589</LatitudeDegrees>
              <LongitudeDegrees>-0.2034017164260149</LongitudeDegrees>
            </Position>
            <AltitudeMeters>62.599998474121094</AltitudeMeters>
            <DistanceMeters>2648.360107421875</DistanceMeters>
            <HeartRateBpm>
              <Value>109</Value>
            </HeartRateBpm>
            <Extensions>
              <ns3:TPX>
                <ns3:Speed>1.38100004196167</ns3:Speed>
              </ns3:TPX>
            </Extensions>
          </Trackpoint>
          <Trackpoint>
            <Time>2026-02-24T17:57:33.000Z</Time>
            <Position>
              <LatitudeDegrees>51.77485378459096</LatitudeDegrees>
              <LongitudeDegrees>-0.20348637364804745</LongitudeDegrees>
            </Position>
            <AltitudeMeters>62.400001525878906</AltitudeMeters>
            <DistanceMeters>2658.080078125</DistanceMeters>
            <HeartRateBpm>
              <Value>111</Value>
            </HeartRateBpm>
            <Extensions>
              <ns3:TPX>
                <ns3:Speed>1.399999976158142</ns3:Speed>
              </ns3:TPX>
            </Extensions>
          </Trackpoint>
          <Trackpoint>
            <Time>2026-02-24T17:57:41.000Z</Time>
            <Position>
              <LatitudeDegrees>51.77477792836726</LatitudeDegrees>
              <LongitudeDegrees>-0.20359491929411888</LongitudeDegrees>
            </Position>
            <AltitudeMeters>62.20000076293945</AltitudeMeters>
            <DistanceMeters>2669.35009765625</DistanceMeters>
            <HeartRateBpm>
              <Value>110</Value>
            </HeartRateBpm>
            <Extensions>
              <ns3:TPX>
                <ns3:Speed>1.399999976158142</ns3:Speed>
              </ns3:TPX>
            </Extensions>
          </Trackpoint>
          <Trackpoint>
            <Time>2026-02-24T17:57:51.000Z</Time>
            <Position>
              <LatitudeDegrees>51.7746945284307</LatitudeDegrees>
              <LongitudeDegrees>-0.20374411717057228</LongitudeDegrees>
            </Position>
            <AltitudeMeters>62.400001525878906</AltitudeMeters>
            <DistanceMeters>2683.14990234375</DistanceMeters>
            <HeartRateBpm>
              <Value>110</Value>
            </HeartRateBpm>
            <Extensions>
              <ns3:TPX>
                <ns3:Speed>1.3899999856948853</ns3:Speed>
              </ns3:TPX>
            </Extensions>
          </Trackpoint>
          <Trackpoint>
            <Time>2026-02-24T17:57:58.000Z</Time>
            <Position>
              <LatitudeDegrees>51.774638621136546</LatitudeDegrees>
              <LongitudeDegrees>-0.20383581519126892</LongitudeDegrees>
            </Position>
            <AltitudeMeters>62.20000076293945</AltitudeMeters>
            <DistanceMeters>2692.2900390625</DistanceMeters>
            <HeartRateBpm>
              <Value>111</Value>
            </HeartRateBpm>
            <Extensions>
              <ns3:TPX>
                <ns3:Speed>1.371999979019165</ns3:Speed>
              </ns3:TPX>
            </Extensions>
          </Trackpoint>
          <Trackpoint>
            <Time>2026-02-24T17:58:05.000Z</Time>
            <Position>
              <LatitudeDegrees>51.774589167907834</LatitudeDegrees>
              <LongitudeDegrees>-0.20394695922732353</LongitudeDegrees>
            </Position>
            <AltitudeMeters>62.20000076293945</AltitudeMeters>
            <DistanceMeters>2701.52001953125</DistanceMeters>
            <HeartRateBpm>
              <Value>111</Value>
            </HeartRateBpm>
            <Extensions>
              <ns3:TPX>
                <ns3:Speed>1.38100004196167</ns3:Speed>
              </ns3:TPX>
            </Extensions>
          </Trackpoint>
          <Trackpoint>
            <Time>2026-02-24T17:58:11.000Z</Time>
            <Position>
              <LatitudeDegrees>51.77453720010817</LatitudeDegrees>
              <LongitudeDegrees>-0.20405282266438007</LongitudeDegrees>
            </Position>
            <AltitudeMeters>62.0</AltitudeMeters>
            <DistanceMeters>2710.81005859375</DistanceMeters>
            <HeartRateBpm>
              <Value>111</Value>
            </HeartRateBpm>
            <Extensions>
              <ns3:TPX>
                <ns3:Speed>1.38100004196167</ns3:Speed>
              </ns3:TPX>
            </Extensions>
          </Trackpoint>
          <Trackpoint>
            <Time>2026-02-24T17:58:19.000Z</Time>
            <Position>
              <LatitudeDegrees>51.77447760477662</LatitudeDegrees>
              <LongitudeDegrees>-0.20418299362063408</LongitudeDegrees>
            </Position>
            <AltitudeMeters>62.0</AltitudeMeters>
            <DistanceMeters>2722.260009765625</DistanceMeters>
            <HeartRateBpm>
              <Value>112</Value>
            </HeartRateBpm>
            <Extensions>
              <ns3:TPX>
                <ns3:Speed>1.371999979019165</ns3:Speed>
              </ns3:TPX>
            </Extensions>
          </Trackpoint>
          <Trackpoint>
            <Time>2026-02-24T17:58:27.000Z</Time>
            <Position>
              <LatitudeDegrees>51.77443251013756</LatitudeDegrees>
              <LongitudeDegrees>-0.2043001726269722</LongitudeDegrees>
            </Position>
            <AltitudeMeters>61.79999923706055</AltitudeMeters>
            <DistanceMeters>2731.85009765625</DistanceMeters>
            <HeartRateBpm>
              <Value>110</Value>
            </HeartRateBpm>
            <Extensions>
              <ns3:TPX>
                <ns3:Speed>1.3619999885559082</ns3:Speed>
              </ns3:TPX>
            </Extensions>
          </Trackpoint>
          <Trackpoint>
            <Time>2026-02-24T17:58:33.000Z</Time>
            <Position>
              <LatitudeDegrees>51.77439898252487</LatitudeDegrees>
              <LongitudeDegrees>-0.20440243184566498</LongitudeDegrees>
            </Position>
            <AltitudeMeters>61.79999923706055</AltitudeMeters>
            <DistanceMeters>2739.419921875</DistanceMeters>
            <HeartRateBpm>
              <Value>109</Value>
            </HeartRateBpm>
            <Extensions>
              <ns3:TPX>
                <ns3:Speed>1.3530000448226929</ns3:Speed>
              </ns3:TPX>
            </Extensions>
          </Trackpoint>
          <Trackpoint>
            <Time>2026-02-24T17:58:42.000Z</Time>
            <Position>
              <LatitudeDegrees>51.77433771081269</LatitudeDegrees>
              <LongitudeDegrees>-0.20453277043998241</LongitudeDegrees>
            </Position>
            <AltitudeMeters>61.599998474121094</AltitudeMeters>
            <DistanceMeters>2750.320068359375</DistanceMeters>
            <HeartRateBpm>
              <Value>110</Value>
            </HeartRateBpm>
            <Extensions>
              <ns3:TPX>
                <ns3:Speed>1.3339999914169312</ns3:Speed>
              </ns3:TPX>
            </Extensions>
          </Trackpoint>
          <Trackpoint>
            <Time>2026-02-24T17:58:44.000Z</Time>
            <Position>
              <LatitudeDegrees>51.77432463504374</LatitudeDegrees>
              <LongitudeDegrees>-0.2045598439872265</LongitudeDegrees>
            </Position>
            <AltitudeMeters>61.599998474121094</AltitudeMeters>
            <DistanceMeters>2752.7900390625</DistanceMeters>
            <HeartRateBpm>
              <Value>110</Value>
            </HeartRateBpm>
            <Extensions>
              <ns3:TPX>
                <ns3:Speed>1.3339999914169312</ns3:Speed>
              </ns3:TPX>
            </Extensions>
          </Trackpoint>
          <Trackpoint>
            <Time>2026-02-24T17:58:51.000Z</Time>
            <Position>
              <LatitudeDegrees>51.7742679733783</LatitudeDegrees>
              <LongitudeDegrees>-0.20469035021960735</LongitudeDegrees>
            </Position>
            <AltitudeMeters>61.599998474121094</AltitudeMeters>
            <DistanceMeters>2763.699951171875</DistanceMeters>
            <HeartRateBpm>
              <Value>111</Value>
            </HeartRateBpm>
            <Extensions>
              <ns3:TPX>
                <ns3:Speed>1.3339999914169312</ns3:Speed>
              </ns3:TPX>
            </Extensions>
          </Trackpoint>
          <Trackpoint>
            <Time>2026-02-24T17:59:00.000Z</Time>
            <Position>
              <LatitudeDegrees>51.774188010022044</LatitudeDegrees>
              <LongitudeDegrees>-0.20483678206801414</LongitudeDegrees>
            </Position>
            <AltitudeMeters>62.0</AltitudeMeters>
            <DistanceMeters>2777.239990234375</DistanceMeters>
            <HeartRateBpm>
              <Value>110</Value>
            </HeartRateBpm>
            <Extensions>
              <ns3:TPX>
                <ns3:Speed>1.3530000448226929</ns3:Speed>
              </ns3:TPX>
            </Extensions>
          </Trackpoint>
          <Trackpoint>
            <Time>2026-02-24T17:59:09.000Z</Time>
            <Position>
              <LatitudeDegrees>51.774133360013366</LatitudeDegrees>
              <LongitudeDegrees>-0.2049444057047367</LongitudeDegrees>
            </Position>
            <AltitudeMeters>62.0</AltitudeMeters>
            <DistanceMeters>2787.0400390625</DistanceMeters>
            <HeartRateBpm>
              <Value>110</Value>
            </HeartRateBpm>
            <Extensions>
              <ns3:TPX>
                <ns3:Speed>1.343999981880188</ns3:Speed>
              </ns3:TPX>
            </Extensions>
          </Trackpoint>
          <Trackpoint>
            <Time>2026-02-24T17:59:18.000Z</Time>
            <Position>
              <LatitudeDegrees>51.77405876107514</LatitudeDegrees>
              <LongitudeDegrees>-0.2050717268139124</LongitudeDegrees>
            </Position>
            <AltitudeMeters>62.20000076293945</AltitudeMeters>
            <DistanceMeters>2799.2099609375</DistanceMeters>
            <HeartRateBpm>
              <Value>112</Value>
            </HeartRateBpm>
            <Extensions>
              <ns3:TPX>
                <ns3:Speed>1.3339999914169312</ns3:Speed>
              </ns3:TPX>
            </Extensions>
          </Trackpoint>
          <Trackpoint>
            <Time>2026-02-24T17:59:25.000Z</Time>
            <Position>
              <LatitudeDegrees>51.77400880493224</LatitudeDegrees>
              <LongitudeDegrees>-0.20516552031040192</LongitudeDegrees>
            </Position>
            <AltitudeMeters>62.400001525878906</AltitudeMeters>
            <DistanceMeters>2807.72998046875</DistanceMeters>
            <HeartRateBpm>
              <Value>115</Value>
            </HeartRateBpm>
            <Extensions>
              <ns3:TPX>
                <ns3:Speed>1.315999984741211</ns3:Speed>
              </ns3:TPX>
            </Extensions>
          </Trackpoint>
          <Trackpoint>
            <Time>2026-02-24T17:59:26.000Z</Time>
            <Position>
              <LatitudeDegrees>51.77400117740035</LatitudeDegrees>
              <LongitudeDegrees>-0.20518253557384014</LongitudeDegrees>
            </Position>
            <AltitudeMeters>62.400001525878906</AltitudeMeters>
            <DistanceMeters>2808.949951171875</DistanceMeters>
            <HeartRateBpm>
              <Value>115</Value>
            </HeartRateBpm>
            <Extensions>
              <ns3:TPX>
                <ns3:Speed>1.315999984741211</ns3:Speed>
              </ns3:TPX>
            </Extensions>
          </Trackpoint>
          <Trackpoint>
            <Time>2026-02-24T17:59:34.000Z</Time>
            <Position>
              <LatitudeDegrees>51.773952059447765</LatitudeDegrees>
              <LongitudeDegrees>-0.2053141314536333</LongitudeDegrees>
            </Position>
            <AltitudeMeters>62.599998474121094</AltitudeMeters>
            <DistanceMeters>2819.81005859375</DistanceMeters>
            <HeartRateBpm>
              <Value>115</Value>
            </HeartRateBpm>
            <Extensions>
              <ns3:TPX>
                <ns3:Speed>1.315999984741211</ns3:Speed>
              </ns3:TPX>
            </Extensions>
          </Trackpoint>
          <Trackpoint>
            <Time>2026-02-24T17:59:36.000Z</Time>
            <Position>
              <LatitudeDegrees>51.773937391117215</LatitudeDegrees>
              <LongitudeDegrees>-0.20533902570605278</LongitudeDegrees>
            </Position>
            <AltitudeMeters>62.599998474121094</AltitudeMeters>
            <DistanceMeters>2821.8701171875</DistanceMeters>
            <HeartRateBpm>
              <Value>115</Value>
            </HeartRateBpm>
            <Extensions>
              <ns3:TPX>
                <ns3:Speed>1.315999984741211</ns3:Speed>
              </ns3:TPX>
            </Extensions>
          </Trackpoint>
          <Trackpoint>
            <Time>2026-02-24T17:59:42.000Z</Time>
            <Position>
              <LatitudeDegrees>51.77389087155461</LatitudeDegrees>
              <LongitudeDegrees>-0.20541991107165813</LongitudeDegrees>
            </Position>
            <AltitudeMeters>63.0</AltitudeMeters>
            <DistanceMeters>2829.7900390625</DistanceMeters>
            <HeartRateBpm>
              <Value>116</Value>
            </HeartRateBpm>
            <Extensions>
              <ns3:TPX>
                <ns3:Speed>1.305999994277954</ns3:Speed>
              </ns3:TPX>
            </Extensions>
          </Trackpoint>
          <Trackpoint>
            <Time>2026-02-24T17:59:49.000Z</Time>
            <Position>
              <LatitudeDegrees>51.77384954877198</LatitudeDegrees>
              <LongitudeDegrees>-0.20551756024360657</LongitudeDegrees>
            </Position>
            <AltitudeMeters>63.20000076293945</AltitudeMeters>
            <DistanceMeters>2837.85009765625</DistanceMeters>
            <HeartRateBpm>
              <Value>116</Value>
            </HeartRateBpm>
            <Extensions>
              <ns3:TPX>
                <ns3:Speed>1.305999994277954</ns3:Speed>
              </ns3:TPX>
            </Extensions>
          </Trackpoint>
          <Trackpoint>
            <Time>2026-02-24T17:59:55.000Z</Time>
            <Position>
              <LatitudeDegrees>51.77380386739969</LatitudeDegrees>
              <LongitudeDegrees>-0.20562258549034595</LongitudeDegrees>
            </Position>
            <AltitudeMeters>63.400001525878906</AltitudeMeters>
            <DistanceMeters>2846.780029296875</DistanceMeters>
            <HeartRateBpm>
              <Value>119</Value>
            </HeartRateBpm>
            <Extensions>
              <ns3:TPX>
                <ns3:Speed>1.2970000505447388</ns3:Speed>
              </ns3:TPX>
            </Extensions>
          </Trackpoint>
          <Trackpoint>
            <Time>2026-02-24T17:59:56.000Z</Time>
            <Position>
              <LatitudeDegrees>51.77379682660103</LatitudeDegrees>
              <LongitudeDegrees>-0.20563943311572075</LongitudeDegrees>
            </Position>
            <AltitudeMeters>63.599998474121094</AltitudeMeters>
            <DistanceMeters>2848.0</DistanceMeters>
            <HeartRateBpm>
              <Value>119</Value>
            </HeartRateBpm>
            <Extensions>
              <ns3:TPX>
                <ns3:Speed>1.305999994277954</ns3:Speed>
              </ns3:TPX>
            </Extensions>
          </Trackpoint>
          <Trackpoint>
            <Time>2026-02-24T18:00:00.000Z</Time>
            <Position>
              <LatitudeDegrees>51.77377302199602</LatitudeDegrees>
              <LongitudeDegrees>-0.20568251609802246</LongitudeDegrees>
            </Position>
            <AltitudeMeters>63.79999923706055</AltitudeMeters>
            <DistanceMeters>2851.75</DistanceMeters>
            <HeartRateBpm>
              <Value>122</Value>
            </HeartRateBpm>
            <Extensions>
              <ns3:TPX>
                <ns3:Speed>1.2970000505447388</ns3:Speed>
              </ns3:TPX>
            </Extensions>
          </Trackpoint>
          <Trackpoint>
            <Time>2026-02-24T18:00:02.000Z</Time>
            <Position>
              <LatitudeDegrees>51.77375785075128</LatitudeDegrees>
              <LongitudeDegrees>-0.20571009255945683</LongitudeDegrees>
            </Position>
            <AltitudeMeters>63.79999923706055</AltitudeMeters>
            <DistanceMeters>2854.5400390625</DistanceMeters>
            <HeartRateBpm>
              <Value>123</Value>
            </HeartRateBpm>
            <Extensions>
              <ns3:TPX>
                <ns3:Speed>1.2879999876022339</ns3:Speed>
              </ns3:TPX>
            </Extensions>
          </Trackpoint>
          <Trackpoint>
            <Time>2026-02-24T18:00:09.000Z</Time>
            <Position>
              <LatitudeDegrees>51.77371418103576</LatitudeDegrees>
              <LongitudeDegrees>-0.2058209851384163</LongitudeDegrees>
            </Position>
            <AltitudeMeters>64.19999694824219</AltitudeMeters>
            <DistanceMeters>2863.219970703125</DistanceMeters>
            <HeartRateBpm>
              <Value>124</Value>
            </HeartRateBpm>
            <Extensions>
              <ns3:TPX>
                <ns3:Speed>1.2879999876022339</ns3:Speed>
              </ns3:TPX>
            </Extensions>
          </Trackpoint>
          <Trackpoint>
            <Time>2026-02-24T18:00:16.000Z</Time>
            <Position>
              <LatitudeDegrees>51.773656932637095</LatitudeDegrees>
              <LongitudeDegrees>-0.2059293631464243</LongitudeDegrees>
            </Position>
            <AltitudeMeters>64.5999984741211</AltitudeMeters>
            <DistanceMeters>2873.409912109375</DistanceMeters>
            <HeartRateBpm>
              <Value>127</Value>
            </HeartRateBpm>
            <Extensions>
              <ns3:TPX>
                <ns3:Speed>1.277999997138977</ns3:Speed>
              </ns3:TPX>
            </Extensions>
          </Trackpoint>
          <Trackpoint>
            <Time>2026-02-24T18:00:17.000Z</Time>
            <Position>
              <LatitudeDegrees>51.773650562390685</LatitudeDegrees>
              <LongitudeDegrees>-0.20594696514308453</LongitudeDegrees>
            </Position>
            <AltitudeMeters>64.80000305175781</AltitudeMeters>
            <DistanceMeters>2874.89990234375</DistanceMeters>
            <HeartRateBpm>
              <Value>127</Value>
            </HeartRateBpm>
            <Extensions>
              <ns3:TPX>
                <ns3:Speed>1.277999997138977</ns3:Speed>
              </ns3:TPX>
            </Extensions>
          </Trackpoint>
          <Trackpoint>
            <Time>2026-02-24T18:00:25.000Z</Time>
            <Position>
              <LatitudeDegrees>51.77359364926815</LatitudeDegrees>
              <LongitudeDegrees>-0.2060633897781372</LongitudeDegrees>
            </Position>
            <AltitudeMeters>65.4000015258789</AltitudeMeters>
            <DistanceMeters>2885.080078125</DistanceMeters>
            <HeartRateBpm>
              <Value>129</Value>
            </HeartRateBpm>
            <Extensions>
              <ns3:TPX>
                <ns3:Speed>1.2879999876022339</ns3:Speed>
              </ns3:TPX>
            </Extensions>
          </Trackpoint>
          <Trackpoint>
            <Time>2026-02-24T18:00:30.000Z</Time>
            <Position>
              <LatitudeDegrees>51.77355500869453</LatitudeDegrees>
              <LongitudeDegrees>-0.20614678971469402</LongitudeDegrees>
            </Position>
            <AltitudeMeters>65.4000015258789</AltitudeMeters>
            <DistanceMeters>2892.06005859375</DistanceMeters>
            <HeartRateBpm>
              <Value>126</Value>
            </HeartRateBpm>
            <Extensions>
              <ns3:TPX>
                <ns3:Speed>1.2879999876022339</ns3:Speed>
              </ns3:TPX>
            </Extensions>
          </Trackpoint>
          <Trackpoint>
            <Time>2026-02-24T18:00:34.000Z</Time>
            <Position>
              <LatitudeDegrees>51.77352433092892</LatitudeDegrees>
              <LongitudeDegrees>-0.2061852626502514</LongitudeDegrees>
            </Position>
            <AltitudeMeters>65.5999984741211</AltitudeMeters>
            <DistanceMeters>2896.47998046875</DistanceMeters>
            <HeartRateBpm>
              <Value>126</Value>
            </HeartRateBpm>
            <Extensions>
              <ns3:TPX>
                <ns3:Speed>1.2879999876022339</ns3:Speed>
              </ns3:TPX>
            </Extensions>
          </Trackpoint>
          <Trackpoint>
            <Time>2026-02-24T18:00:37.000Z</Time>
            <Position>
              <LatitudeDegrees>51.773492228239775</LatitudeDegrees>
              <LongitudeDegrees>-0.206220718100667</LongitudeDegrees>
            </Position>
            <AltitudeMeters>65.80000305175781</AltitudeMeters>
            <DistanceMeters>2900.389892578125</DistanceMeters>
            <HeartRateBpm>
              <Value>126</Value>
            </HeartRateBpm>
            <Extensions>
              <ns3:TPX>
                <ns3:Speed>1.2690000534057617</ns3:Speed>
              </ns3:TPX>
            </Extensions>
          </Trackpoint>
          <Trackpoint>
            <Time>2026-02-24T18:00:41.000Z</Time>
            <Position>
              <LatitudeDegrees>51.7734563536942</LatitudeDegrees>
              <LongitudeDegrees>-0.2062898688018322</LongitudeDegrees>
            </Position>
            <AltitudeMeters>66.0</AltitudeMeters>
            <DistanceMeters>2906.739990234375</DistanceMeters>
            <HeartRateBpm>
              <Value>127</Value>
            </HeartRateBpm>
            <Extensions>
              <ns3:TPX>
                <ns3:Speed>1.2879999876022339</ns3:Speed>
              </ns3:TPX>
            </Extensions>
          </Trackpoint>
          <Trackpoint>
            <Time>2026-02-24T18:00:50.000Z</Time>
            <Position>
              <LatitudeDegrees>51.77338611334562</LatitudeDegrees>
              <LongitudeDegrees>-0.206414507701993</LongitudeDegrees>
            </Position>
            <AltitudeMeters>66.4000015258789</AltitudeMeters>
            <DistanceMeters>2918.35009765625</DistanceMeters>
            <HeartRateBpm>
              <Value>129</Value>
            </HeartRateBpm>
            <Extensions>
              <ns3:TPX>
                <ns3:Speed>1.2970000505447388</ns3:Speed>
              </ns3:TPX>
            </Extensions>
          </Trackpoint>
          <Trackpoint>
            <Time>2026-02-24T18:00:57.000Z</Time>
            <Position>
              <LatitudeDegrees>51.77332576364279</LatitudeDegrees>
              <LongitudeDegrees>-0.20648499950766563</LongitudeDegrees>
            </Position>
            <AltitudeMeters>66.5999984741211</AltitudeMeters>
            <DistanceMeters>2926.179931640625</DistanceMeters>
            <HeartRateBpm>
              <Value>130</Value>
            </HeartRateBpm>
            <Extensions>
              <ns3:TPX>
                <ns3:Speed>1.277999997138977</ns3:Speed>
              </ns3:TPX>
            </Extensions>
          </Trackpoint>
          <Trackpoint>
            <Time>2026-02-24T18:01:00.000Z</Time>
            <Position>
              <LatitudeDegrees>51.773301623761654</LatitudeDegrees>
              <LongitudeDegrees>-0.2065196167677641</LongitudeDegrees>
            </Position>
            <AltitudeMeters>66.80000305175781</AltitudeMeters>
            <DistanceMeters>2930.3701171875</DistanceMeters>
            <HeartRateBpm>
              <Value>133</Value>
            </HeartRateBpm>
            <Extensions>
              <ns3:TPX>
                <ns3:Speed>1.277999997138977</ns3:Speed>
              </ns3:TPX>
            </Extensions>
          </Trackpoint>
          <Trackpoint>
            <Time>2026-02-24T18:01:01.000Z</Time>
            <Position>
              <LatitudeDegrees>51.77329022437334</LatitudeDegrees>
              <LongitudeDegrees>-0.20653571002185345</LongitudeDegrees>
            </Position>
            <AltitudeMeters>66.80000305175781</AltitudeMeters>
            <DistanceMeters>2931.85009765625</DistanceMeters>
            <HeartRateBpm>
              <Value>134</Value>
            </HeartRateBpm>
            <Extensions>
              <ns3:TPX>
                <ns3:Speed>1.277999997138977</ns3:Speed>
              </ns3:TPX>
            </Extensions>
          </Trackpoint>
          <Trackpoint>
            <Time>2026-02-24T18:01:05.000Z</Time>
            <Position>
              <LatitudeDegrees>51.773239597678185</LatitudeDegrees>
              <LongitudeDegrees>-0.20659622736275196</LongitudeDegrees>
            </Position>
            <AltitudeMeters>67.0</AltitudeMeters>
            <DistanceMeters>2938.739990234375</DistanceMeters>
            <HeartRateBpm>
              <Value>133</Value>
            </HeartRateBpm>
            <Extensions>
              <ns3:TPX>
                <ns3:Speed>1.277999997138977</ns3:Speed>
              </ns3:TPX>
            </Extensions>
          </Trackpoint>
          <Trackpoint>
            <Time>2026-02-24T18:01:13.000Z</Time>
            <Position>
              <LatitudeDegrees>51.77315477281809</LatitudeDegrees>
              <LongitudeDegrees>-0.20667292177677155</LongitudeDegrees>
            </Position>
            <AltitudeMeters>67.4000015258789</AltitudeMeters>
            <DistanceMeters>2950.22998046875</DistanceMeters>
            <HeartRateBpm>
              <Value>134</Value>
            </HeartRateBpm>
            <Extensions>
              <ns3:TPX>
                <ns3:Speed>1.315999984741211</ns3:Speed>
              </ns3:TPX>
            </Extensions>
          </Trackpoint>
          <Trackpoint>
            <Time>2026-02-24T18:01:20.000Z</Time>
            <Position>
              <LatitudeDegrees>51.77306684665382</LatitudeDegrees>
              <LongitudeDegrees>-0.20676344633102417</LongitudeDegrees>
            </Position>
            <AltitudeMeters>67.4000015258789</AltitudeMeters>
            <DistanceMeters>2962.260009765625</DistanceMeters>
            <HeartRateBpm>
              <Value>135</Value>
            </HeartRateBpm>
            <Extensions>
              <ns3:TPX>
                <ns3:Speed>1.3530000448226929</ns3:Speed>
              </ns3:TPX>
            </Extensions>
          </Trackpoint>
          <Trackpoint>
            <Time>2026-02-24T18:01:31.000Z</Time>
            <Position>
              <LatitudeDegrees>51.77294556051493</LatitudeDegrees>
              <LongitudeDegrees>-0.20687014795839787</LongitudeDegrees>
            </Position>
            <AltitudeMeters>67.19999694824219</AltitudeMeters>
            <DistanceMeters>2977.580078125</DistanceMeters>
            <HeartRateBpm>
              <Value>132</Value>
            </HeartRateBpm>
            <Extensions>
              <ns3:TPX>
                <ns3:Speed>1.371999979019165</ns3:Speed>
              </ns3:TPX>
            </Extensions>
          </Trackpoint>
          <Trackpoint>
            <Time>2026-02-24T18:01:40.000Z</Time>
            <Position>
              <LatitudeDegrees>51.7728484980762</LatitudeDegrees>
              <LongitudeDegrees>-0.2069384604692459</LongitudeDegrees>
            </Position>
            <AltitudeMeters>67.19999694824219</AltitudeMeters>
            <DistanceMeters>2989.320068359375</DistanceMeters>
            <HeartRateBpm>
              <Value>129</Value>
            </HeartRateBpm>
            <Extensions>
              <ns3:TPX>
                <ns3:Speed>1.38100004196167</ns3:Speed>
              </ns3:TPX>
            </Extensions>
          </Trackpoint>
          <Trackpoint>
            <Time>2026-02-24T18:01:41.000Z</Time>
            <Position>
              <LatitudeDegrees>51.77283718250692</LatitudeDegrees>
              <LongitudeDegrees>-0.20694592036306858</LongitudeDegrees>
            </Position>
            <AltitudeMeters>67.19999694824219</AltitudeMeters>
            <DistanceMeters>2990.47998046875</DistanceMeters>
            <HeartRateBpm>
              <Value>129</Value>
            </HeartRateBpm>
            <Extensions>
              <ns3:TPX>
                <ns3:Speed>1.38100004196167</ns3:Speed>
              </ns3:TPX>
            </Extensions>
          </Trackpoint>
          <Trackpoint>
            <Time>2026-02-24T18:01:45.000Z</Time>
            <Position>
              <LatitudeDegrees>51.77279770374298</LatitudeDegrees>
              <LongitudeDegrees>-0.2069732453674078</LongitudeDegrees>
            </Position>
            <AltitudeMeters>67.0</AltitudeMeters>
            <DistanceMeters>2995.570068359375</DistanceMeters>
            <HeartRateBpm>
              <Value>126</Value>
            </HeartRateBpm>
            <Extensions>
              <ns3:TPX>
                <ns3:Speed>1.371999979019165</ns3:Speed>
              </ns3:TPX>
            </Extensions>
          </Trackpoint>
          <Trackpoint>
            <Time>2026-02-24T18:01:47.000Z</Time>
            <Position>
              <LatitudeDegrees>51.7727760784328</LatitudeDegrees>
              <LongitudeDegrees>-0.20698833279311657</LongitudeDegrees>
            </Position>
            <AltitudeMeters>67.0</AltitudeMeters>
            <DistanceMeters>2997.81005859375</DistanceMeters>
            <HeartRateBpm>
              <Value>123</Value>
            </HeartRateBpm>
            <Extensions>
              <ns3:TPX>
                <ns3:Speed>1.3619999885559082</ns3:Speed>
              </ns3:TPX>
            </Extensions>
          </Trackpoint>
          <Trackpoint>
            <Time>2026-02-24T18:01:49.000Z</Time>
            <Position>
              <LatitudeDegrees>51.77274581976235</LatitudeDegrees>
              <LongitudeDegrees>-0.20700987428426743</LongitudeDegrees>
            </Position>
            <AltitudeMeters>67.0</AltitudeMeters>
            <DistanceMeters>3001.570068359375</DistanceMeters>
            <HeartRateBpm>
              <Value>121</Value>
            </HeartRateBpm>
            <Extensions>
              <ns3:TPX>
                <ns3:Speed>1.3619999885559082</ns3:Speed>
              </ns3:TPX>
            </Extensions>
          </Trackpoint>
          <Trackpoint>
            <Time>2026-02-24T18:01:50.000Z</Time>
            <Position>
              <LatitudeDegrees>51.7727327439934</LatitudeDegrees>
              <LongitudeDegrees>-0.20702077075839043</LongitudeDegrees>
            </Position>
            <AltitudeMeters>66.80000305175781</AltitudeMeters>
            <DistanceMeters>3003.10009765625</DistanceMeters>
            <HeartRateBpm>
              <Value>121</Value>
            </HeartRateBpm>
            <Extensions>
              <ns3:TPX>
                <ns3:Speed>1.3619999885559082</ns3:Speed>
              </ns3:TPX>
            </Extensions>
          </Trackpoint>
        </Track>
        <Extensions>
          <ns3:LX>
            <ns3:AvgSpeed>1.343000054359436</ns3:AvgSpeed>
            <ns3:AvgRunCadence>52</ns3:AvgRunCadence>
            <ns3:MaxRunCadence>57</ns3:MaxRunCadence>
          </ns3:LX>
        </Extensions>
      </Lap>
      <Lap StartTime="2026-02-24T18:01:50.000Z">
        <TotalTimeSeconds>745.318</TotalTimeSeconds>
        <DistanceMeters>1000.0</DistanceMeters>
        <MaximumSpeed>1.8289999961853027</MaximumSpeed>
        <Calories>65</Calories>
        <AverageHeartRateBpm>
          <Value>123</Value>
        </AverageHeartRateBpm>
        <MaximumHeartRateBpm>
          <Value>134</Value>
        </MaximumHeartRateBpm>
        <Intensity>Active</Intensity>
        <TriggerMethod>Manual</TriggerMethod>
        <Track>
          <Trackpoint>
            <Time>2026-02-24T18:01:50.000Z</Time>
            <Position>
              <LatitudeDegrees>51.7727327439934</LatitudeDegrees>
              <LongitudeDegrees>-0.20702077075839043</LongitudeDegrees>
            </Position>
            <AltitudeMeters>66.80000305175781</AltitudeMeters>
            <DistanceMeters>3003.10009765625</DistanceMeters>
            <HeartRateBpm>
              <Value>121</Value>
            </HeartRateBpm>
            <Extensions>
              <ns3:TPX>
                <ns3:Speed>1.3619999885559082</ns3:Speed>
              </ns3:TPX>
            </Extensions>
          </Trackpoint>
          <Trackpoint>
            <Time>2026-02-24T18:01:57.000Z</Time>
            <Position>
              <LatitudeDegrees>51.772657223045826</LatitudeDegrees>
              <LongitudeDegrees>-0.20708170719444752</LongitudeDegrees>
            </Position>
            <AltitudeMeters>67.0</AltitudeMeters>
            <DistanceMeters>3013.1201171875</DistanceMeters>
            <HeartRateBpm>
              <Value>120</Value>
            </HeartRateBpm>
            <Extensions>
              <ns3:TPX>
                <ns3:Speed>1.371999979019165</ns3:Speed>
              </ns3:TPX>
            </Extensions>
          </Trackpoint>
          <Trackpoint>
            <Time>2026-02-24T18:02:04.000Z</Time>
            <Position>
              <LatitudeDegrees>51.772574661299586</LatitudeDegrees>
              <LongitudeDegrees>-0.20713686011731625</LongitudeDegrees>
            </Position>
            <AltitudeMeters>66.5999984741211</AltitudeMeters>
            <DistanceMeters>3022.7099609375</DistanceMeters>
            <HeartRateBpm>
              <Value>120</Value>
            </HeartRateBpm>
            <Extensions>
              <ns3:TPX>
                <ns3:Speed>1.371999979019165</ns3:Speed>
              </ns3:TPX>
            </Extensions>
          </Trackpoint>
          <Trackpoint>
            <Time>2026-02-24T18:02:14.000Z</Time>
            <Position>
              <LatitudeDegrees>51.77245119586587</LatitudeDegrees>
              <LongitudeDegrees>-0.20720173604786396</LongitudeDegrees>
            </Position>
            <AltitudeMeters>66.4000015258789</AltitudeMeters>
            <DistanceMeters>3036.75</DistanceMeters>
            <HeartRateBpm>
              <Value>118</Value>
            </HeartRateBpm>
            <Extensions>
              <ns3:TPX>
                <ns3:Speed>1.38100004196167</ns3:Speed>
              </ns3:TPX>
            </Extensions>
          </Trackpoint>
          <Trackpoint>
            <Time>2026-02-24T18:02:23.000Z</Time>
            <Position>
              <LatitudeDegrees>51.77234910428524</LatitudeDegrees>
              <LongitudeDegrees>-0.20728220231831074</LongitudeDegrees>
            </Position>
            <AltitudeMeters>66.19999694824219</AltitudeMeters>
            <DistanceMeters>3049.56005859375</DistanceMeters>
            <HeartRateBpm>
              <Value>116</Value>
            </HeartRateBpm>
            <Extensions>
              <ns3:TPX>
                <ns3:Speed>1.38100004196167</ns3:Speed>
              </ns3:TPX>
            </Extensions>
          </Trackpoint>
          <Trackpoint>
            <Time>2026-02-24T18:02:31.000Z</Time>
            <Position>
              <LatitudeDegrees>51.77229395136237</LatitudeDegrees>
              <LongitudeDegrees>-0.20731698721647263</LongitudeDegrees>
            </Position>
            <AltitudeMeters>65.80000305175781</AltitudeMeters>
            <DistanceMeters>3056.530029296875</DistanceMeters>
            <HeartRateBpm>
              <Value>115</Value>
            </HeartRateBpm>
            <Extensions>
              <ns3:TPX>
                <ns3:Speed>1.371999979019165</ns3:Speed>
              </ns3:TPX>
            </Extensions>
          </Trackpoint>
          <Trackpoint>
            <Time>2026-02-24T18:02:32.000Z</Time>
            <Position>
              <LatitudeDegrees>51.7722839768976</LatitudeDegrees>
              <LongitudeDegrees>-0.20732352510094643</LongitudeDegrees>
            </Position>
            <AltitudeMeters>65.80000305175781</AltitudeMeters>
            <DistanceMeters>3057.5400390625</DistanceMeters>
            <HeartRateBpm>
              <Value>115</Value>
            </HeartRateBpm>
            <Extensions>
              <ns3:TPX>
                <ns3:Speed>1.3530000448226929</ns3:Speed>
              </ns3:TPX>
            </Extensions>
          </Trackpoint>
          <Trackpoint>
            <Time>2026-02-24T18:02:41.000Z</Time>
            <Position>
              <LatitudeDegrees>51.77218800410628</LatitudeDegrees>
              <LongitudeDegrees>-0.20734489895403385</LongitudeDegrees>
            </Position>
            <AltitudeMeters>65.5999984741211</AltitudeMeters>
            <DistanceMeters>3068.530029296875</DistanceMeters>
            <HeartRateBpm>
              <Value>114</Value>
            </HeartRateBpm>
            <Extensions>
              <ns3:TPX>
                <ns3:Speed>1.3619999885559082</ns3:Speed>
              </ns3:TPX>
            </Extensions>
          </Trackpoint>
          <Trackpoint>
            <Time>2026-02-24T18:02:45.000Z</Time>
            <Position>
              <LatitudeDegrees>51.77218054421246</LatitudeDegrees>
              <LongitudeDegrees>-0.20734699442982674</LongitudeDegrees>
            </Position>
            <AltitudeMeters>65.5999984741211</AltitudeMeters>
            <DistanceMeters>3069.5</DistanceMeters>
            <HeartRateBpm>
              <Value>117</Value>
            </HeartRateBpm>
            <Extensions>
              <ns3:TPX>
                <ns3:Speed>0.7839999794960022</ns3:Speed>
              </ns3:TPX>
            </Extensions>
          </Trackpoint>
          <Trackpoint>
            <Time>2026-02-24T18:02:49.000Z</Time>
            <Position>
              <LatitudeDegrees>51.77217224612832</LatitudeDegrees>
              <LongitudeDegrees>-0.20738027058541775</LongitudeDegrees>
            </Position>
            <AltitudeMeters>65.4000015258789</AltitudeMeters>
            <DistanceMeters>3071.969970703125</DistanceMeters>
            <HeartRateBpm>
              <Value>118</Value>
            </HeartRateBpm>
            <Extensions>
              <ns3:TPX>
                <ns3:Speed>0.0</ns3:Speed>
              </ns3:TPX>
            </Extensions>
          </Trackpoint>
          <Trackpoint>
            <Time>2026-02-24T18:02:53.000Z</Time>
            <Position>
              <LatitudeDegrees>51.77211902104318</LatitudeDegrees>
              <LongitudeDegrees>-0.20738940685987473</LongitudeDegrees>
            </Position>
            <AltitudeMeters>65.4000015258789</AltitudeMeters>
            <DistanceMeters>3077.800048828125</DistanceMeters>
            <HeartRateBpm>
              <Value>116</Value>
            </HeartRateBpm>
            <Extensions>
              <ns3:TPX>
                <ns3:Speed>1.2319999933242798</ns3:Speed>
              </ns3:TPX>
            </Extensions>
          </Trackpoint>
          <Trackpoint>
            <Time>2026-02-24T18:03:02.000Z</Time>
            <Position>
              <LatitudeDegrees>51.77202204242349</LatitudeDegrees>
              <LongitudeDegrees>-0.20746316760778427</LongitudeDegrees>
            </Position>
            <AltitudeMeters>65.0</AltitudeMeters>
            <DistanceMeters>3089.4599609375</DistanceMeters>
            <HeartRateBpm>
              <Value>114</Value>
            </HeartRateBpm>
            <Extensions>
              <ns3:TPX>
                <ns3:Speed>1.371999979019165</ns3:Speed>
              </ns3:TPX>
            </Extensions>
          </Trackpoint>
          <Trackpoint>
            <Time>2026-02-24T18:03:10.000Z</Time>
            <Position>
              <LatitudeDegrees>51.771932020783424</LatitudeDegrees>
              <LongitudeDegrees>-0.20754187367856503</LongitudeDegrees>
            </Position>
            <AltitudeMeters>64.80000305175781</AltitudeMeters>
            <DistanceMeters>3100.6298828125</DistanceMeters>
            <HeartRateBpm>
              <Value>113</Value>
            </HeartRateBpm>
            <Extensions>
              <ns3:TPX>
                <ns3:Speed>1.3619999885559082</ns3:Speed>
              </ns3:TPX>
            </Extensions>
          </Trackpoint>
          <Trackpoint>
            <Time>2026-02-24T18:03:15.000Z</Time>
            <Position>
              <LatitudeDegrees>51.77189480513334</LatitudeDegrees>
              <LongitudeDegrees>-0.20756852813065052</LongitudeDegrees>
            </Position>
            <AltitudeMeters>64.80000305175781</AltitudeMeters>
            <DistanceMeters>3104.68994140625</DistanceMeters>
            <HeartRateBpm>
              <Value>113</Value>
            </HeartRateBpm>
            <Extensions>
              <ns3:TPX>
                <ns3:Speed>1.315999984741211</ns3:Speed>
              </ns3:TPX>
            </Extensions>
          </Trackpoint>
          <Trackpoint>
            <Time>2026-02-24T18:03:18.000Z</Time>
            <Position>
              <LatitudeDegrees>51.77186454646289</LatitudeDegrees>
              <LongitudeDegrees>-0.20759853534400463</LongitudeDegrees>
            </Position>
            <AltitudeMeters>64.5999984741211</AltitudeMeters>
            <DistanceMeters>3108.219970703125</DistanceMeters>
            <HeartRateBpm>
              <Value>113</Value>
            </HeartRateBpm>
            <Extensions>
              <ns3:TPX>
                <ns3:Speed>1.2599999904632568</ns3:Speed>
              </ns3:TPX>
            </Extensions>
          </Trackpoint>
          <Trackpoint>
            <Time>2026-02-24T18:03:26.000Z</Time>
            <Position>
              <LatitudeDegrees>51.771751726046205</LatitudeDegrees>
              <LongitudeDegrees>-0.20771470852196217</LongitudeDegrees>
            </Position>
            <AltitudeMeters>64.4000015258789</AltitudeMeters>
            <DistanceMeters>3123.489990234375</DistanceMeters>
            <HeartRateBpm>
              <Value>112</Value>
            </HeartRateBpm>
            <Extensions>
              <ns3:TPX>
                <ns3:Speed>1.409000039100647</ns3:Speed>
              </ns3:TPX>
            </Extensions>
          </Trackpoint>
          <Trackpoint>
            <Time>2026-02-24T18:03:34.000Z</Time>
            <Position>
              <LatitudeDegrees>51.77166312932968</LatitudeDegrees>
              <LongitudeDegrees>-0.20779618062078953</LongitudeDegrees>
            </Position>
            <AltitudeMeters>64.19999694824219</AltitudeMeters>
            <DistanceMeters>3135.419921875</DistanceMeters>
            <HeartRateBpm>
              <Value>112</Value>
            </HeartRateBpm>
            <Extensions>
              <ns3:TPX>
                <ns3:Speed>1.4739999771118164</ns3:Speed>
              </ns3:TPX>
            </Extensions>
          </Trackpoint>
          <Trackpoint>
            <Time>2026-02-24T18:03:42.000Z</Time>
            <Position>
              <LatitudeDegrees>51.771567994728684</LatitudeDegrees>
              <LongitudeDegrees>-0.20783222280442715</LongitudeDegrees>
            </Position>
            <AltitudeMeters>64.0</AltitudeMeters>
            <DistanceMeters>3146.1201171875</DistanceMeters>
            <HeartRateBpm>
              <Value>112</Value>
            </HeartRateBpm>
            <Extensions>
              <ns3:TPX>
                <ns3:Speed>1.437000036239624</ns3:Speed>
              </ns3:TPX>
            </Extensions>
          </Trackpoint>
          <Trackpoint>
            <Time>2026-02-24T18:03:48.000Z</Time>
            <Position>
              <LatitudeDegrees>51.771486354991794</LatitudeDegrees>
              <LongitudeDegrees>-0.20788117311894894</LongitudeDegrees>
            </Position>
            <AltitudeMeters>64.0</AltitudeMeters>
            <DistanceMeters>3156.280029296875</DistanceMeters>
            <HeartRateBpm>
              <Value>114</Value>
            </HeartRateBpm>
            <Extensions>
              <ns3:TPX>
                <ns3:Speed>1.465000033378601</ns3:Speed>
              </ns3:TPX>
            </Extensions>
          </Trackpoint>
          <Trackpoint>
            <Time>2026-02-24T18:03:53.000Z</Time>
            <Position>
              <LatitudeDegrees>51.771427849307656</LatitudeDegrees>
              <LongitudeDegrees>-0.20791763439774513</LongitudeDegrees>
            </Position>
            <AltitudeMeters>63.79999923706055</AltitudeMeters>
            <DistanceMeters>3163.050048828125</DistanceMeters>
            <HeartRateBpm>
              <Value>116</Value>
            </HeartRateBpm>
            <Extensions>
              <ns3:TPX>
                <ns3:Speed>1.465000033378601</ns3:Speed>
              </ns3:TPX>
            </Extensions>
          </Trackpoint>
          <Trackpoint>
            <Time>2026-02-24T18:03:54.000Z</Time>
            <Position>
              <LatitudeDegrees>51.77141477353871</LatitudeDegrees>
              <LongitudeDegrees>-0.20792467519640923</LongitudeDegrees>
            </Position>
            <AltitudeMeters>63.599998474121094</AltitudeMeters>
            <DistanceMeters>3164.9599609375</DistanceMeters>
            <HeartRateBpm>
              <Value>116</Value>
            </HeartRateBpm>
            <Extensions>
              <ns3:TPX>
                <ns3:Speed>1.465000033378601</ns3:Speed>
              </ns3:TPX>
            </Extensions>
          </Trackpoint>
          <Trackpoint>
            <Time>2026-02-24T18:04:04.000Z</Time>
            <Position>
              <LatitudeDegrees>51.771299270913005</LatitudeDegrees>
              <LongitudeDegrees>-0.20801972597837448</LongitudeDegrees>
            </Position>
            <AltitudeMeters>63.400001525878906</AltitudeMeters>
            <DistanceMeters>3179.050048828125</DistanceMeters>
            <HeartRateBpm>
              <Value>116</Value>
            </HeartRateBpm>
            <Extensions>
              <ns3:TPX>
                <ns3:Speed>1.4559999704360962</ns3:Speed>
              </ns3:TPX>
            </Extensions>
          </Trackpoint>
          <Trackpoint>
            <Time>2026-02-24T18:04:13.000Z</Time>
            <Position>
              <LatitudeDegrees>51.77119298838079</LatitudeDegrees>
              <LongitudeDegrees>-0.20808694884181023</LongitudeDegrees>
            </Position>
            <AltitudeMeters>63.400001525878906</AltitudeMeters>
            <DistanceMeters>3191.780029296875</DistanceMeters>
            <HeartRateBpm>
              <Value>116</Value>
            </HeartRateBpm>
            <Extensions>
              <ns3:TPX>
                <ns3:Speed>1.465000033378601</ns3:Speed>
              </ns3:TPX>
            </Extensions>
          </Trackpoint>
          <Trackpoint>
            <Time>2026-02-24T18:04:24.000Z</Time>
            <Position>
              <LatitudeDegrees>51.77105535753071</LatitudeDegrees>
              <LongitudeDegrees>-0.20818225108087063</LongitudeDegrees>
            </Position>
            <AltitudeMeters>63.599998474121094</AltitudeMeters>
            <DistanceMeters>3208.18994140625</DistanceMeters>
            <HeartRateBpm>
              <Value>114</Value>
            </HeartRateBpm>
            <Extensions>
              <ns3:TPX>
                <ns3:Speed>1.4459999799728394</ns3:Speed>
              </ns3:TPX>
            </Extensions>
          </Trackpoint>
          <Trackpoint>
            <Time>2026-02-24T18:04:34.000Z</Time>
            <Position>
              <LatitudeDegrees>51.770960725843906</LatitudeDegrees>
              <LongitudeDegrees>-0.20827109925448895</LongitudeDegrees>
            </Position>
            <AltitudeMeters>63.599998474121094</AltitudeMeters>
            <DistanceMeters>3220.300048828125</DistanceMeters>
            <HeartRateBpm>
              <Value>116</Value>
            </HeartRateBpm>
            <Extensions>
              <ns3:TPX>
                <ns3:Speed>1.4279999732971191</ns3:Speed>
              </ns3:TPX>
            </Extensions>
          </Trackpoint>
          <Trackpoint>
            <Time>2026-02-24T18:04:36.000Z</Time>
            <Position>
              <LatitudeDegrees>51.770934741944075</LatitudeDegrees>
              <LongitudeDegrees>-0.2082943171262741</LongitudeDegrees>
            </Position>
            <AltitudeMeters>63.400001525878906</AltitudeMeters>
            <DistanceMeters>3223.18994140625</DistanceMeters>
            <HeartRateBpm>
              <Value>120</Value>
            </HeartRateBpm>
            <Extensions>
              <ns3:TPX>
                <ns3:Speed>1.4279999732971191</ns3:Speed>
              </ns3:TPX>
            </Extensions>
          </Trackpoint>
          <Trackpoint>
            <Time>2026-02-24T18:04:39.000Z</Time>
            <Position>
              <LatitudeDegrees>51.77090683020651</LatitudeDegrees>
              <LongitudeDegrees>-0.20831309258937836</LongitudeDegrees>
            </Position>
            <AltitudeMeters>63.400001525878906</AltitudeMeters>
            <DistanceMeters>3227.1201171875</DistanceMeters>
            <HeartRateBpm>
              <Value>123</Value>
            </HeartRateBpm>
            <Extensions>
              <ns3:TPX>
                <ns3:Speed>1.4279999732971191</ns3:Speed>
              </ns3:TPX>
            </Extensions>
          </Trackpoint>
          <Trackpoint>
            <Time>2026-02-24T18:04:42.000Z</Time>
            <Position>
              <LatitudeDegrees>51.770874140784144</LatitudeDegrees>
              <LongitudeDegrees>-0.20833027549088</LongitudeDegrees>
            </Position>
            <AltitudeMeters>63.400001525878906</AltitudeMeters>
            <DistanceMeters>3229.840087890625</DistanceMeters>
            <HeartRateBpm>
              <Value>123</Value>
            </HeartRateBpm>
            <Extensions>
              <ns3:TPX>
                <ns3:Speed>1.4279999732971191</ns3:Speed>
              </ns3:TPX>
            </Extensions>
          </Trackpoint>
          <Trackpoint>
            <Time>2026-02-24T18:04:50.000Z</Time>
            <Position>
              <LatitudeDegrees>51.770765259861946</LatitudeDegrees>
              <LongitudeDegrees>-0.20840395241975784</LongitudeDegrees>
            </Position>
            <AltitudeMeters>63.20000076293945</AltitudeMeters>
            <DistanceMeters>3243.3701171875</DistanceMeters>
            <HeartRateBpm>
              <Value>123</Value>
            </HeartRateBpm>
            <Extensions>
              <ns3:TPX>
                <ns3:Speed>1.4279999732971191</ns3:Speed>
              </ns3:TPX>
            </Extensions>
          </Trackpoint>
          <Trackpoint>
            <Time>2026-02-24T18:05:00.000Z</Time>
            <Position>
              <LatitudeDegrees>51.77063198760152</LatitudeDegrees>
              <LongitudeDegrees>-0.20847201347351074</LongitudeDegrees>
            </Position>
            <AltitudeMeters>63.0</AltitudeMeters>
            <DistanceMeters>3259.699951171875</DistanceMeters>
            <HeartRateBpm>
              <Value>122</Value>
            </HeartRateBpm>
            <Extensions>
              <ns3:TPX>
                <ns3:Speed>1.4459999799728394</ns3:Speed>
              </ns3:TPX>
            </Extensions>
          </Trackpoint>
          <Trackpoint>
            <Time>2026-02-24T18:05:08.000Z</Time>
            <Position>
              <LatitudeDegrees>51.77054054103792</LatitudeDegrees>
              <LongitudeDegrees>-0.2085311058908701</LongitudeDegrees>
            </Position>
            <AltitudeMeters>63.0</AltitudeMeters>
            <DistanceMeters>3270.27001953125</DistanceMeters>
            <HeartRateBpm>
              <Value>122</Value>
            </HeartRateBpm>
            <Extensions>
              <ns3:TPX>
                <ns3:Speed>1.4459999799728394</ns3:Speed>
              </ns3:TPX>
            </Extensions>
          </Trackpoint>
          <Trackpoint>
            <Time>2026-02-24T18:05:16.000Z</Time>
            <Position>
              <LatitudeDegrees>51.77044775336981</LatitudeDegrees>
              <LongitudeDegrees>-0.2085926290601492</LongitudeDegrees>
            </Position>
            <AltitudeMeters>63.0</AltitudeMeters>
            <DistanceMeters>3281.60009765625</DistanceMeters>
            <HeartRateBpm>
              <Value>121</Value>
            </HeartRateBpm>
            <Extensions>
              <ns3:TPX>
                <ns3:Speed>1.437000036239624</ns3:Speed>
              </ns3:TPX>
            </Extensions>
          </Trackpoint>
          <Trackpoint>
            <Time>2026-02-24T18:05:26.000Z</Time>
            <Position>
              <LatitudeDegrees>51.770326970145106</LatitudeDegrees>
              <LongitudeDegrees>-0.20866328850388527</LongitudeDegrees>
            </Position>
            <AltitudeMeters>63.0</AltitudeMeters>
            <DistanceMeters>3296.610107421875</DistanceMeters>
            <HeartRateBpm>
              <Value>120</Value>
            </HeartRateBpm>
            <Extensions>
              <ns3:TPX>
                <ns3:Speed>1.437000036239624</ns3:Speed>
              </ns3:TPX>
            </Extensions>
          </Trackpoint>
          <Trackpoint>
            <Time>2026-02-24T18:05:36.000Z</Time>
            <Position>
              <LatitudeDegrees>51.770205264911056</LatitudeDegrees>
              <LongitudeDegrees>-0.20877761766314507</LongitudeDegrees>
            </Position>
            <AltitudeMeters>63.0</AltitudeMeters>
            <DistanceMeters>3311.669921875</DistanceMeters>
            <HeartRateBpm>
              <Value>119</Value>
            </HeartRateBpm>
            <Extensions>
              <ns3:TPX>
                <ns3:Speed>1.4459999799728394</ns3:Speed>
              </ns3:TPX>
            </Extensions>
          </Trackpoint>
          <Trackpoint>
            <Time>2026-02-24T18:05:44.000Z</Time>
            <Position>
              <LatitudeDegrees>51.77010820247233</LatitudeDegrees>
              <LongitudeDegrees>-0.20884936675429344</LongitudeDegrees>
            </Position>
            <AltitudeMeters>63.0</AltitudeMeters>
            <DistanceMeters>3324.31005859375</DistanceMeters>
            <HeartRateBpm>
              <Value>118</Value>
            </HeartRateBpm>
            <Extensions>
              <ns3:TPX>
                <ns3:Speed>1.4559999704360962</ns3:Speed>
              </ns3:TPX>
            </Extensions>
          </Trackpoint>
          <Trackpoint>
            <Time>2026-02-24T18:05:53.000Z</Time>
            <Position>
              <LatitudeDegrees>51.769998567178845</LatitudeDegrees>
              <LongitudeDegrees>-0.20893762819468975</LongitudeDegrees>
            </Position>
            <AltitudeMeters>63.20000076293945</AltitudeMeters>
            <DistanceMeters>3337.659912109375</DistanceMeters>
            <HeartRateBpm>
              <Value>116</Value>
            </HeartRateBpm>
            <Extensions>
              <ns3:TPX>
                <ns3:Speed>1.465000033378601</ns3:Speed>
              </ns3:TPX>
            </Extensions>
          </Trackpoint>
          <Trackpoint>
            <Time>2026-02-24T18:06:02.000Z</Time>
            <Position>
              <LatitudeDegrees>51.769905695691705</LatitudeDegrees>
              <LongitudeDegrees>-0.20906662568449974</LongitudeDegrees>
            </Position>
            <AltitudeMeters>63.400001525878906</AltitudeMeters>
            <DistanceMeters>3350.909912109375</DistanceMeters>
            <HeartRateBpm>
              <Value>118</Value>
            </HeartRateBpm>
            <Extensions>
              <ns3:TPX>
                <ns3:Speed>1.465000033378601</ns3:Speed>
              </ns3:TPX>
            </Extensions>
          </Trackpoint>
          <Trackpoint>
            <Time>2026-02-24T18:06:11.000Z</Time>
            <Position>
              <LatitudeDegrees>51.76979404874146</LatitudeDegrees>
              <LongitudeDegrees>-0.20917324349284172</LongitudeDegrees>
            </Position>
            <AltitudeMeters>63.400001525878906</AltitudeMeters>
            <DistanceMeters>3366.75</DistanceMeters>
            <HeartRateBpm>
              <Value>117</Value>
            </HeartRateBpm>
            <Extensions>
              <ns3:TPX>
                <ns3:Speed>1.5019999742507935</ns3:Speed>
              </ns3:TPX>
            </Extensions>
          </Trackpoint>
          <Trackpoint>
            <Time>2026-02-24T18:06:19.000Z</Time>
            <Position>
              <LatitudeDegrees>51.769711654633284</LatitudeDegrees>
              <LongitudeDegrees>-0.20927784964442253</LongitudeDegrees>
            </Position>
            <AltitudeMeters>63.599998474121094</AltitudeMeters>
            <DistanceMeters>3378.510009765625</DistanceMeters>
            <HeartRateBpm>
              <Value>116</Value>
            </HeartRateBpm>
            <Extensions>
              <ns3:TPX>
                <ns3:Speed>1.5210000276565552</ns3:Speed>
              </ns3:TPX>
            </Extensions>
          </Trackpoint>
          <Trackpoint>
            <Time>2026-02-24T18:06:27.000Z</Time>
            <Position>
              <LatitudeDegrees>51.769646694883704</LatitudeDegrees>
              <LongitudeDegrees>-0.2093642670661211</LongitudeDegrees>
            </Position>
            <AltitudeMeters>63.79999923706055</AltitudeMeters>
            <DistanceMeters>3388.5400390625</DistanceMeters>
            <HeartRateBpm>
              <Value>119</Value>
            </HeartRateBpm>
            <Extensions>
              <ns3:TPX>
                <ns3:Speed>1.4930000305175781</ns3:Speed>
              </ns3:TPX>
            </Extensions>
          </Trackpoint>
          <Trackpoint>
            <Time>2026-02-24T18:06:31.000Z</Time>
            <Position>
              <LatitudeDegrees>51.76961995661259</LatitudeDegrees>
              <LongitudeDegrees>-0.20939704030752182</LongitudeDegrees>
            </Position>
            <AltitudeMeters>63.79999923706055</AltitudeMeters>
            <DistanceMeters>3391.610107421875</DistanceMeters>
            <HeartRateBpm>
              <Value>122</Value>
            </HeartRateBpm>
            <Extensions>
              <ns3:TPX>
                <ns3:Speed>1.4559999704360962</ns3:Speed>
              </ns3:TPX>
            </Extensions>
          </Trackpoint>
          <Trackpoint>
            <Time>2026-02-24T18:06:42.000Z</Time>
            <Position>
              <LatitudeDegrees>51.769517278298736</LatitudeDegrees>
              <LongitudeDegrees>-0.20957213826477528</LongitudeDegrees>
            </Position>
            <AltitudeMeters>64.19999694824219</AltitudeMeters>
            <DistanceMeters>3408.52001953125</DistanceMeters>
            <HeartRateBpm>
              <Value>123</Value>
            </HeartRateBpm>
            <Extensions>
              <ns3:TPX>
                <ns3:Speed>1.5490000247955322</ns3:Speed>
              </ns3:TPX>
            </Extensions>
          </Trackpoint>
          <Trackpoint>
            <Time>2026-02-24T18:06:51.000Z</Time>
            <Position>
              <LatitudeDegrees>51.76943496800959</LatitudeDegrees>
              <LongitudeDegrees>-0.20970918238162994</LongitudeDegrees>
            </Position>
            <AltitudeMeters>64.4000015258789</AltitudeMeters>
            <DistanceMeters>3421.699951171875</DistanceMeters>
            <HeartRateBpm>
              <Value>123</Value>
            </HeartRateBpm>
            <Extensions>
              <ns3:TPX>
                <ns3:Speed>1.4179999828338623</ns3:Speed>
              </ns3:TPX>
            </Extensions>
          </Trackpoint>
          <Trackpoint>
            <Time>2026-02-24T18:07:01.000Z</Time>
            <Position>
              <LatitudeDegrees>51.76935072988272</LatitudeDegrees>
              <LongitudeDegrees>-0.20984429866075516</LongitudeDegrees>
            </Position>
            <AltitudeMeters>64.5999984741211</AltitudeMeters>
            <DistanceMeters>3434.719970703125</DistanceMeters>
            <HeartRateBpm>
              <Value>122</Value>
            </HeartRateBpm>
            <Extensions>
              <ns3:TPX>
                <ns3:Speed>1.3530000448226929</ns3:Speed>
              </ns3:TPX>
            </Extensions>
          </Trackpoint>
          <Trackpoint>
            <Time>2026-02-24T18:07:09.000Z</Time>
            <Position>
              <LatitudeDegrees>51.76927789114416</LatitudeDegrees>
              <LongitudeDegrees>-0.20996784791350365</LongitudeDegrees>
            </Position>
            <AltitudeMeters>64.80000305175781</AltitudeMeters>
            <DistanceMeters>3446.56005859375</DistanceMeters>
            <HeartRateBpm>
              <Value>123</Value>
            </HeartRateBpm>
            <Extensions>
              <ns3:TPX>
                <ns3:Speed>1.371999979019165</ns3:Speed>
              </ns3:TPX>
            </Extensions>
          </Trackpoint>
          <Trackpoint>
            <Time>2026-02-24T18:07:12.000Z</Time>
            <Position>
              <LatitudeDegrees>51.76925349980593</LatitudeDegrees>
              <LongitudeDegrees>-0.2100074104964733</LongitudeDegrees>
            </Position>
            <AltitudeMeters>64.80000305175781</AltitudeMeters>
            <DistanceMeters>3450.469970703125</DistanceMeters>
            <HeartRateBpm>
              <Value>123</Value>
            </HeartRateBpm>
            <Extensions>
              <ns3:TPX>
                <ns3:Speed>1.399999976158142</ns3:Speed>
              </ns3:TPX>
            </Extensions>
          </Trackpoint>
          <Trackpoint>
            <Time>2026-02-24T18:07:21.000Z</Time>
            <Position>
              <LatitudeDegrees>51.76918225362897</LatitudeDegrees>
              <LongitudeDegrees>-0.21013464778661728</LongitudeDegrees>
            </Position>
            <AltitudeMeters>65.19999694824219</AltitudeMeters>
            <DistanceMeters>3462.179931640625</DistanceMeters>
            <HeartRateBpm>
              <Value>123</Value>
            </HeartRateBpm>
            <Extensions>
              <ns3:TPX>
                <ns3:Speed>1.371999979019165</ns3:Speed>
              </ns3:TPX>
            </Extensions>
          </Trackpoint>
          <Trackpoint>
            <Time>2026-02-24T18:07:29.000Z</Time>
            <Position>
              <LatitudeDegrees>51.76912768743932</LatitudeDegrees>
              <LongitudeDegrees>-0.21024780347943306</LongitudeDegrees>
            </Position>
            <AltitudeMeters>65.5999984741211</AltitudeMeters>
            <DistanceMeters>3472.31005859375</DistanceMeters>
            <HeartRateBpm>
              <Value>124</Value>
            </HeartRateBpm>
            <Extensions>
              <ns3:TPX>
                <ns3:Speed>1.3619999885559082</ns3:Speed>
              </ns3:TPX>
            </Extensions>
          </Trackpoint>
          <Trackpoint>
            <Time>2026-02-24T18:07:33.000Z</Time>
            <Position>
              <LatitudeDegrees>51.76910371519625</LatitudeDegrees>
              <LongitudeDegrees>-0.21030714735388756</LongitudeDegrees>
            </Position>
            <AltitudeMeters>65.80000305175781</AltitudeMeters>
            <DistanceMeters>3476.889892578125</DistanceMeters>
            <HeartRateBpm>
              <Value>126</Value>
            </HeartRateBpm>
            <Extensions>
              <ns3:TPX>
                <ns3:Speed>1.3530000448226929</ns3:Speed>
              </ns3:TPX>
            </Extensions>
          </Trackpoint>
          <Trackpoint>
            <Time>2026-02-24T18:07:38.000Z</Time>
            <Position>
              <LatitudeDegrees>51.76905526779592</LatitudeDegrees>
              <LongitudeDegrees>-0.21038283593952656</LongitudeDegrees>
            </Position>
            <AltitudeMeters>66.0</AltitudeMeters>
            <DistanceMeters>3483.77001953125</DistanceMeters>
            <HeartRateBpm>
              <Value>127</Value>
            </HeartRateBpm>
            <Extensions>
              <ns3:TPX>
                <ns3:Speed>1.343999981880188</ns3:Speed>
              </ns3:TPX>
            </Extensions>
          </Trackpoint>
          <Trackpoint>
            <Time>2026-02-24T18:07:47.000Z</Time>
            <Position>
              <LatitudeDegrees>51.7689960077405</LatitudeDegrees>
              <LongitudeDegrees>-0.21049615927040577</LongitudeDegrees>
            </Position>
            <AltitudeMeters>66.5999984741211</AltitudeMeters>
            <DistanceMeters>3493.860107421875</DistanceMeters>
            <HeartRateBpm>
              <Value>127</Value>
            </HeartRateBpm>
            <Extensions>
              <ns3:TPX>
                <ns3:Speed>1.3339999914169312</ns3:Speed>
              </ns3:TPX>
            </Extensions>
          </Trackpoint>
          <Trackpoint>
            <Time>2026-02-24T18:07:54.000Z</Time>
            <Position>
              <LatitudeDegrees>51.76895644515753</LatitudeDegrees>
              <LongitudeDegrees>-0.21062096580863</LongitudeDegrees>
            </Position>
            <AltitudeMeters>66.80000305175781</AltitudeMeters>
            <DistanceMeters>3503.18994140625</DistanceMeters>
            <HeartRateBpm>
              <Value>127</Value>
            </HeartRateBpm>
            <Extensions>
              <ns3:TPX>
                <ns3:Speed>1.315999984741211</ns3:Speed>
              </ns3:TPX>
            </Extensions>
          </Trackpoint>
          <Trackpoint>
            <Time>2026-02-24T18:07:56.000Z</Time>
            <Position>
              <LatitudeDegrees>51.76894135773182</LatitudeDegrees>
              <LongitudeDegrees>-0.21066488698124886</LongitudeDegrees>
            </Position>
            <AltitudeMeters>67.0</AltitudeMeters>
            <DistanceMeters>3506.340087890625</DistanceMeters>
            <HeartRateBpm>
              <Value>127</Value>
            </HeartRateBpm>
            <Extensions>
              <ns3:TPX>
                <ns3:Speed>1.315999984741211</ns3:Speed>
              </ns3:TPX>
            </Extensions>
          </Trackpoint>
          <Trackpoint>
            <Time>2026-02-24T18:08:05.000Z</Time>
            <Position>
              <LatitudeDegrees>51.76887723617256</LatitudeDegrees>
              <LongitudeDegrees>-0.21081936545670033</LongitudeDegrees>
            </Position>
            <AltitudeMeters>67.4000015258789</AltitudeMeters>
            <DistanceMeters>3520.280029296875</DistanceMeters>
            <HeartRateBpm>
              <Value>128</Value>
            </HeartRateBpm>
            <Extensions>
              <ns3:TPX>
                <ns3:Speed>1.3339999914169312</ns3:Speed>
              </ns3:TPX>
            </Extensions>
          </Trackpoint>
          <Trackpoint>
            <Time>2026-02-24T18:08:13.000Z</Time>
            <Position>
              <LatitudeDegrees>51.76882216706872</LatitudeDegrees>
              <LongitudeDegrees>-0.2109167631715536</LongitudeDegrees>
            </Position>
            <AltitudeMeters>68.0</AltitudeMeters>
            <DistanceMeters>3530.030029296875</DistanceMeters>
            <HeartRateBpm>
              <Value>129</Value>
            </HeartRateBpm>
            <Extensions>
              <ns3:TPX>
                <ns3:Speed>1.3339999914169312</ns3:Speed>
              </ns3:TPX>
            </Extensions>
          </Trackpoint>
          <Trackpoint>
            <Time>2026-02-24T18:08:22.000Z</Time>
            <Position>
              <LatitudeDegrees>51.76875527948141</LatitudeDegrees>
              <LongitudeDegrees>-0.2110707387328148</LongitudeDegrees>
            </Position>
            <AltitudeMeters>68.19999694824219</AltitudeMeters>
            <DistanceMeters>3542.590087890625</DistanceMeters>
            <HeartRateBpm>
              <Value>130</Value>
            </HeartRateBpm>
            <Extensions>
              <ns3:TPX>
                <ns3:Speed>1.3250000476837158</ns3:Speed>
              </ns3:TPX>
            </Extensions>
          </Trackpoint>
          <Trackpoint>
            <Time>2026-02-24T18:08:26.000Z</Time>
            <Position>
              <LatitudeDegrees>51.768726697191596</LatitudeDegrees>
              <LongitudeDegrees>-0.21113368682563305</LongitudeDegrees>
            </Position>
            <AltitudeMeters>68.4000015258789</AltitudeMeters>
            <DistanceMeters>3547.97998046875</DistanceMeters>
            <HeartRateBpm>
              <Value>127</Value>
            </HeartRateBpm>
            <Extensions>
              <ns3:TPX>
                <ns3:Speed>1.3250000476837158</ns3:Speed>
              </ns3:TPX>
            </Extensions>
          </Trackpoint>
          <Trackpoint>
            <Time>2026-02-24T18:08:31.000Z</Time>
            <Position>
              <LatitudeDegrees>51.76869283430278</LatitudeDegrees>
              <LongitudeDegrees>-0.2112025022506714</LongitudeDegrees>
            </Position>
            <AltitudeMeters>68.80000305175781</AltitudeMeters>
            <DistanceMeters>3554.449951171875</DistanceMeters>
            <HeartRateBpm>
              <Value>128</Value>
            </HeartRateBpm>
            <Extensions>
              <ns3:TPX>
                <ns3:Speed>1.3339999914169312</ns3:Speed>
              </ns3:TPX>
            </Extensions>
          </Trackpoint>
          <Trackpoint>
            <Time>2026-02-24T18:08:38.000Z</Time>
            <Position>
              <LatitudeDegrees>51.768644135445356</LatitudeDegrees>
              <LongitudeDegrees>-0.21130098961293697</LongitudeDegrees>
            </Position>
            <AltitudeMeters>69.0</AltitudeMeters>
            <DistanceMeters>3562.389892578125</DistanceMeters>
            <HeartRateBpm>
              <Value>129</Value>
            </HeartRateBpm>
            <Extensions>
              <ns3:TPX>
                <ns3:Speed>1.315999984741211</ns3:Speed>
              </ns3:TPX>
            </Extensions>
          </Trackpoint>
          <Trackpoint>
            <Time>2026-02-24T18:08:40.000Z</Time>
            <Position>
              <LatitudeDegrees>51.768628461286426</LatitudeDegrees>
              <LongitudeDegrees>-0.21134264767169952</LongitudeDegrees>
            </Position>
            <AltitudeMeters>69.19999694824219</AltitudeMeters>
            <DistanceMeters>3565.22998046875</DistanceMeters>
            <HeartRateBpm>
              <Value>128</Value>
            </HeartRateBpm>
            <Extensions>
              <ns3:TPX>
                <ns3:Speed>1.315999984741211</ns3:Speed>
              </ns3:TPX>
            </Extensions>
          </Trackpoint>
          <Trackpoint>
            <Time>2026-02-24T18:08:44.000Z</Time>
            <Position>
              <LatitudeDegrees>51.76860138773918</LatitudeDegrees>
              <LongitudeDegrees>-0.21140861324965954</LongitudeDegrees>
            </Position>
            <AltitudeMeters>69.5999984741211</AltitudeMeters>
            <DistanceMeters>3571.7099609375</DistanceMeters>
            <HeartRateBpm>
              <Value>125</Value>
            </HeartRateBpm>
            <Extensions>
              <ns3:TPX>
                <ns3:Speed>1.315999984741211</ns3:Speed>
              </ns3:TPX>
            </Extensions>
          </Trackpoint>
          <Trackpoint>
            <Time>2026-02-24T18:08:49.000Z</Time>
            <Position>
              <LatitudeDegrees>51.76856559701264</LatitudeDegrees>
              <LongitudeDegrees>-0.21149628795683384</LongitudeDegrees>
            </Position>
            <AltitudeMeters>69.80000305175781</AltitudeMeters>
            <DistanceMeters>3578.8798828125</DistanceMeters>
            <HeartRateBpm>
              <Value>126</Value>
            </HeartRateBpm>
            <Extensions>
              <ns3:TPX>
                <ns3:Speed>1.3339999914169312</ns3:Speed>
              </ns3:TPX>
            </Extensions>
          </Trackpoint>
          <Trackpoint>
            <Time>2026-02-24T18:08:52.000Z</Time>
            <Position>
              <LatitudeDegrees>51.7685504257679</LatitudeDegrees>
              <LongitudeDegrees>-0.21153844892978668</LongitudeDegrees>
            </Position>
            <AltitudeMeters>70.19999694824219</AltitudeMeters>
            <DistanceMeters>3582.1201171875</DistanceMeters>
            <HeartRateBpm>
              <Value>126</Value>
            </HeartRateBpm>
            <Extensions>
              <ns3:TPX>
                <ns3:Speed>1.3339999914169312</ns3:Speed>
              </ns3:TPX>
            </Extensions>
          </Trackpoint>
          <Trackpoint>
            <Time>2026-02-24T18:09:01.000Z</Time>
            <Position>
              <LatitudeDegrees>51.76847364753485</LatitudeDegrees>
              <LongitudeDegrees>-0.21169736981391907</LongitudeDegrees>
            </Position>
            <AltitudeMeters>70.4000015258789</AltitudeMeters>
            <DistanceMeters>3596.320068359375</DistanceMeters>
            <HeartRateBpm>
              <Value>127</Value>
            </HeartRateBpm>
            <Extensions>
              <ns3:TPX>
                <ns3:Speed>1.3339999914169312</ns3:Speed>
              </ns3:TPX>
            </Extensions>
          </Trackpoint>
          <Trackpoint>
            <Time>2026-02-24T18:09:04.000Z</Time>
            <Position>
              <LatitudeDegrees>51.76844892092049</LatitudeDegrees>
              <LongitudeDegrees>-0.21174749359488487</LongitudeDegrees>
            </Position>
            <AltitudeMeters>70.4000015258789</AltitudeMeters>
            <DistanceMeters>3600.72998046875</DistanceMeters>
            <HeartRateBpm>
              <Value>131</Value>
            </HeartRateBpm>
            <Extensions>
              <ns3:TPX>
                <ns3:Speed>1.3530000448226929</ns3:Speed>
              </ns3:TPX>
            </Extensions>
          </Trackpoint>
          <Trackpoint>
            <Time>2026-02-24T18:09:09.000Z</Time>
            <Position>
              <LatitudeDegrees>51.768414890393615</LatitudeDegrees>
              <LongitudeDegrees>-0.21181253716349602</LongitudeDegrees>
            </Position>
            <AltitudeMeters>70.80000305175781</AltitudeMeters>
            <DistanceMeters>3607.070068359375</DistanceMeters>
            <HeartRateBpm>
              <Value>131</Value>
            </HeartRateBpm>
            <Extensions>
              <ns3:TPX>
                <ns3:Speed>1.3530000448226929</ns3:Speed>
              </ns3:TPX>
            </Extensions>
          </Trackpoint>
          <Trackpoint>
            <Time>2026-02-24T18:09:15.000Z</Time>
            <Position>
              <LatitudeDegrees>51.76835646852851</LatitudeDegrees>
              <LongitudeDegrees>-0.21191353909671307</LongitudeDegrees>
            </Position>
            <AltitudeMeters>71.0</AltitudeMeters>
            <DistanceMeters>3616.75</DistanceMeters>
            <HeartRateBpm>
              <Value>131</Value>
            </HeartRateBpm>
            <Extensions>
              <ns3:TPX>
                <ns3:Speed>1.3619999885559082</ns3:Speed>
              </ns3:TPX>
            </Extensions>
          </Trackpoint>
          <Trackpoint>
            <Time>2026-02-24T18:09:17.000Z</Time>
            <Position>
              <LatitudeDegrees>51.76833651959896</LatitudeDegrees>
              <LongitudeDegrees>-0.21194186992943287</LongitudeDegrees>
            </Position>
            <AltitudeMeters>71.19999694824219</AltitudeMeters>
            <DistanceMeters>3619.510009765625</DistanceMeters>
            <HeartRateBpm>
              <Value>131</Value>
            </HeartRateBpm>
            <Extensions>
              <ns3:TPX>
                <ns3:Speed>1.3619999885559082</ns3:Speed>
              </ns3:TPX>
            </Extensions>
          </Trackpoint>
          <Trackpoint>
            <Time>2026-02-24T18:09:24.000Z</Time>
            <Position>
              <LatitudeDegrees>51.768280109390616</LatitudeDegrees>
              <LongitudeDegrees>-0.21205938421189785</LongitudeDegrees>
            </Position>
            <AltitudeMeters>71.5999984741211</AltitudeMeters>
            <DistanceMeters>3629.889892578125</DistanceMeters>
            <HeartRateBpm>
              <Value>131</Value>
            </HeartRateBpm>
            <Extensions>
              <ns3:TPX>
                <ns3:Speed>1.409000039100647</ns3:Speed>
              </ns3:TPX>
            </Extensions>
          </Trackpoint>
          <Trackpoint>
            <Time>2026-02-24T18:09:35.000Z</Time>
            <Position>
              <LatitudeDegrees>51.768201403319836</LatitudeDegrees>
              <LongitudeDegrees>-0.2122338954359293</LongitudeDegrees>
            </Position>
            <AltitudeMeters>72.0</AltitudeMeters>
            <DistanceMeters>3645.10009765625</DistanceMeters>
            <HeartRateBpm>
              <Value>131</Value>
            </HeartRateBpm>
            <Extensions>
              <ns3:TPX>
                <ns3:Speed>1.4179999828338623</ns3:Speed>
              </ns3:TPX>
            </Extensions>
          </Trackpoint>
          <Trackpoint>
            <Time>2026-02-24T18:09:36.000Z</Time>
            <Position>
              <LatitudeDegrees>51.768196541815996</LatitudeDegrees>
              <LongitudeDegrees>-0.21225032396614552</LongitudeDegrees>
            </Position>
            <AltitudeMeters>72.19999694824219</AltitudeMeters>
            <DistanceMeters>3646.2099609375</DistanceMeters>
            <HeartRateBpm>
              <Value>131</Value>
            </HeartRateBpm>
            <Extensions>
              <ns3:TPX>
                <ns3:Speed>1.4179999828338623</ns3:Speed>
              </ns3:TPX>
            </Extensions>
          </Trackpoint>
          <Trackpoint>
            <Time>2026-02-24T18:09:41.000Z</Time>
            <Position>
              <LatitudeDegrees>51.768152536824346</LatitudeDegrees>
              <LongitudeDegrees>-0.21233540028333664</LongitudeDegrees>
            </Position>
            <AltitudeMeters>72.4000015258789</AltitudeMeters>
            <DistanceMeters>3653.679931640625</DistanceMeters>
            <HeartRateBpm>
              <Value>131</Value>
            </HeartRateBpm>
            <Extensions>
              <ns3:TPX>
                <ns3:Speed>1.4179999828338623</ns3:Speed>
              </ns3:TPX>
            </Extensions>
          </Trackpoint>
          <Trackpoint>
            <Time>2026-02-24T18:09:49.000Z</Time>
            <Position>
              <LatitudeDegrees>51.76809553988278</LatitudeDegrees>
              <LongitudeDegrees>-0.21245417185127735</LongitudeDegrees>
            </Position>
            <AltitudeMeters>72.5999984741211</AltitudeMeters>
            <DistanceMeters>3664.419921875</DistanceMeters>
            <HeartRateBpm>
              <Value>131</Value>
            </HeartRateBpm>
            <Extensions>
              <ns3:TPX>
                <ns3:Speed>1.409000039100647</ns3:Speed>
              </ns3:TPX>
            </Extensions>
          </Trackpoint>
          <Trackpoint>
            <Time>2026-02-24T18:09:58.000Z</Time>
            <Position>
              <LatitudeDegrees>51.768033262342215</LatitudeDegrees>
              <LongitudeDegrees>-0.2125862706452608</LongitudeDegrees>
            </Position>
            <AltitudeMeters>73.19999694824219</AltitudeMeters>
            <DistanceMeters>3675.489990234375</DistanceMeters>
            <HeartRateBpm>
              <Value>131</Value>
            </HeartRateBpm>
            <Extensions>
              <ns3:TPX>
                <ns3:Speed>1.38100004196167</ns3:Speed>
              </ns3:TPX>
            </Extensions>
          </Trackpoint>
          <Trackpoint>
            <Time>2026-02-24T18:09:59.000Z</Time>
            <Position>
              <LatitudeDegrees>51.76802513189614</LatitudeDegrees>
              <LongitudeDegrees>-0.2125982567667961</LongitudeDegrees>
            </Position>
            <AltitudeMeters>73.19999694824219</AltitudeMeters>
            <DistanceMeters>3676.7099609375</DistanceMeters>
            <HeartRateBpm>
              <Value>132</Value>
            </HeartRateBpm>
            <Extensions>
              <ns3:TPX>
                <ns3:Speed>1.371999979019165</ns3:Speed>
              </ns3:TPX>
            </Extensions>
          </Trackpoint>
          <Trackpoint>
            <Time>2026-02-24T18:10:07.000Z</Time>
            <Position>
              <LatitudeDegrees>51.767964866012335</LatitudeDegrees>
              <LongitudeDegrees>-0.2127278409898281</LongitudeDegrees>
            </Position>
            <AltitudeMeters>74.0</AltitudeMeters>
            <DistanceMeters>3688.02001953125</DistanceMeters>
            <HeartRateBpm>
              <Value>132</Value>
            </HeartRateBpm>
            <Extensions>
              <ns3:TPX>
                <ns3:Speed>1.371999979019165</ns3:Speed>
              </ns3:TPX>
            </Extensions>
          </Trackpoint>
          <Trackpoint>
            <Time>2026-02-24T18:10:13.000Z</Time>
            <Position>
              <LatitudeDegrees>51.76792077720165</LatitudeDegrees>
              <LongitudeDegrees>-0.212827417999506</LongitudeDegrees>
            </Position>
            <AltitudeMeters>74.19999694824219</AltitudeMeters>
            <DistanceMeters>3696.60009765625</DistanceMeters>
            <HeartRateBpm>
              <Value>132</Value>
            </HeartRateBpm>
            <Extensions>
              <ns3:TPX>
                <ns3:Speed>1.371999979019165</ns3:Speed>
              </ns3:TPX>
            </Extensions>
          </Trackpoint>
          <Trackpoint>
            <Time>2026-02-24T18:10:18.000Z</Time>
            <Position>
              <LatitudeDegrees>51.76788532175124</LatitudeDegrees>
              <LongitudeDegrees>-0.2128998376429081</LongitudeDegrees>
            </Position>
            <AltitudeMeters>74.4000015258789</AltitudeMeters>
            <DistanceMeters>3702.7900390625</DistanceMeters>
            <HeartRateBpm>
              <Value>132</Value>
            </HeartRateBpm>
            <Extensions>
              <ns3:TPX>
                <ns3:Speed>1.3619999885559082</ns3:Speed>
              </ns3:TPX>
            </Extensions>
          </Trackpoint>
          <Trackpoint>
            <Time>2026-02-24T18:10:29.000Z</Time>
            <Position>
              <LatitudeDegrees>51.767804184928536</LatitudeDegrees>
              <LongitudeDegrees>-0.21306135691702366</LongitudeDegrees>
            </Position>
            <AltitudeMeters>75.0</AltitudeMeters>
            <DistanceMeters>3717.179931640625</DistanceMeters>
            <HeartRateBpm>
              <Value>132</Value>
            </HeartRateBpm>
            <Extensions>
              <ns3:TPX>
                <ns3:Speed>1.343999981880188</ns3:Speed>
              </ns3:TPX>
            </Extensions>
          </Trackpoint>
          <Trackpoint>
            <Time>2026-02-24T18:10:33.000Z</Time>
            <Position>
              <LatitudeDegrees>51.767773842439055</LatitudeDegrees>
              <LongitudeDegrees>-0.21313000470399857</LongitudeDegrees>
            </Position>
            <AltitudeMeters>75.19999694824219</AltitudeMeters>
            <DistanceMeters>3722.93994140625</DistanceMeters>
            <HeartRateBpm>
              <Value>131</Value>
            </HeartRateBpm>
            <Extensions>
              <ns3:TPX>
                <ns3:Speed>1.3250000476837158</ns3:Speed>
              </ns3:TPX>
            </Extensions>
          </Trackpoint>
          <Trackpoint>
            <Time>2026-02-24T18:10:41.000Z</Time>
            <Position>
              <LatitudeDegrees>51.767724473029375</LatitudeDegrees>
              <LongitudeDegrees>-0.21326662972569466</LongitudeDegrees>
            </Position>
            <AltitudeMeters>75.80000305175781</AltitudeMeters>
            <DistanceMeters>3733.72998046875</DistanceMeters>
            <HeartRateBpm>
              <Value>130</Value>
            </HeartRateBpm>
            <Extensions>
              <ns3:TPX>
                <ns3:Speed>1.3339999914169312</ns3:Speed>
              </ns3:TPX>
            </Extensions>
          </Trackpoint>
          <Trackpoint>
            <Time>2026-02-24T18:10:49.000Z</Time>
            <Position>
              <LatitudeDegrees>51.767672169953585</LatitudeDegrees>
              <LongitudeDegrees>-0.21339445374906063</LongitudeDegrees>
            </Position>
            <AltitudeMeters>76.0</AltitudeMeters>
            <DistanceMeters>3744.489990234375</DistanceMeters>
            <HeartRateBpm>
              <Value>130</Value>
            </HeartRateBpm>
            <Extensions>
              <ns3:TPX>
                <ns3:Speed>1.315999984741211</ns3:Speed>
              </ns3:TPX>
            </Extensions>
          </Trackpoint>
          <Trackpoint>
            <Time>2026-02-24T18:10:52.000Z</Time>
            <Position>
              <LatitudeDegrees>51.76765322685242</LatitudeDegrees>
              <LongitudeDegrees>-0.21344675682485104</LongitudeDegrees>
            </Position>
            <AltitudeMeters>76.19999694824219</AltitudeMeters>
            <DistanceMeters>3748.739990234375</DistanceMeters>
            <HeartRateBpm>
              <Value>132</Value>
            </HeartRateBpm>
            <Extensions>
              <ns3:TPX>
                <ns3:Speed>1.305999994277954</ns3:Speed>
              </ns3:TPX>
            </Extensions>
          </Trackpoint>
          <Trackpoint>
            <Time>2026-02-24T18:10:59.000Z</Time>
            <Position>
              <LatitudeDegrees>51.76761542446911</LatitudeDegrees>
              <LongitudeDegrees>-0.21356435492634773</LongitudeDegrees>
            </Position>
            <AltitudeMeters>76.5999984741211</AltitudeMeters>
            <DistanceMeters>3757.72998046875</DistanceMeters>
            <HeartRateBpm>
              <Value>133</Value>
            </HeartRateBpm>
            <Extensions>
              <ns3:TPX>
                <ns3:Speed>1.305999994277954</ns3:Speed>
              </ns3:TPX>
            </Extensions>
          </Trackpoint>
          <Trackpoint>
            <Time>2026-02-24T18:11:03.000Z</Time>
            <Position>
              <LatitudeDegrees>51.76759170368314</LatitudeDegrees>
              <LongitudeDegrees>-0.21363518200814724</LongitudeDegrees>
            </Position>
            <AltitudeMeters>77.19999694824219</AltitudeMeters>
            <DistanceMeters>3763.1298828125</DistanceMeters>
            <HeartRateBpm>
              <Value>132</Value>
            </HeartRateBpm>
            <Extensions>
              <ns3:TPX>
                <ns3:Speed>1.315999984741211</ns3:Speed>
              </ns3:TPX>
            </Extensions>
          </Trackpoint>
          <Trackpoint>
            <Time>2026-02-24T18:11:07.000Z</Time>
            <Position>
              <LatitudeDegrees>51.76756915636361</LatitudeDegrees>
              <LongitudeDegrees>-0.21370994858443737</LongitudeDegrees>
            </Position>
            <AltitudeMeters>77.0</AltitudeMeters>
            <DistanceMeters>3769.0400390625</DistanceMeters>
            <HeartRateBpm>
              <Value>133</Value>
            </HeartRateBpm>
            <Extensions>
              <ns3:TPX>
                <ns3:Speed>1.315999984741211</ns3:Speed>
              </ns3:TPX>
            </Extensions>
          </Trackpoint>
          <Trackpoint>
            <Time>2026-02-24T18:11:16.000Z</Time>
            <Position>
              <LatitudeDegrees>51.76753956824541</LatitudeDegrees>
              <LongitudeDegrees>-0.2138849627226591</LongitudeDegrees>
            </Position>
            <AltitudeMeters>77.4000015258789</AltitudeMeters>
            <DistanceMeters>3781.820068359375</DistanceMeters>
            <HeartRateBpm>
              <Value>134</Value>
            </HeartRateBpm>
            <Extensions>
              <ns3:TPX>
                <ns3:Speed>1.343999981880188</ns3:Speed>
              </ns3:TPX>
            </Extensions>
          </Trackpoint>
          <Trackpoint>
            <Time>2026-02-24T18:11:25.000Z</Time>
            <Position>
              <LatitudeDegrees>51.767490869387984</LatitudeDegrees>
              <LongitudeDegrees>-0.2140356693416834</LongitudeDegrees>
            </Position>
            <AltitudeMeters>77.80000305175781</AltitudeMeters>
            <DistanceMeters>3793.510009765625</DistanceMeters>
            <HeartRateBpm>
              <Value>133</Value>
            </HeartRateBpm>
            <Extensions>
              <ns3:TPX>
                <ns3:Speed>1.343999981880188</ns3:Speed>
              </ns3:TPX>
            </Extensions>
          </Trackpoint>
          <Trackpoint>
            <Time>2026-02-24T18:11:33.000Z</Time>
            <Position>
              <LatitudeDegrees>51.767472345381975</LatitudeDegrees>
              <LongitudeDegrees>-0.21419869735836983</LongitudeDegrees>
            </Position>
            <AltitudeMeters>78.19999694824219</AltitudeMeters>
            <DistanceMeters>3804.780029296875</DistanceMeters>
            <HeartRateBpm>
              <Value>132</Value>
            </HeartRateBpm>
            <Extensions>
              <ns3:TPX>
                <ns3:Speed>1.3530000448226929</ns3:Speed>
              </ns3:TPX>
            </Extensions>
          </Trackpoint>
          <Trackpoint>
            <Time>2026-02-24T18:11:37.000Z</Time>
            <Position>
              <LatitudeDegrees>51.76746329292655</LatitudeDegrees>
              <LongitudeDegrees>-0.2142634056508541</LongitudeDegrees>
            </Position>
            <AltitudeMeters>78.4000015258789</AltitudeMeters>
            <DistanceMeters>3809.3798828125</DistanceMeters>
            <HeartRateBpm>
              <Value>131</Value>
            </HeartRateBpm>
            <Extensions>
              <ns3:TPX>
                <ns3:Speed>1.343999981880188</ns3:Speed>
              </ns3:TPX>
            </Extensions>
          </Trackpoint>
          <Trackpoint>
            <Time>2026-02-24T18:11:41.000Z</Time>
            <Position>
              <LatitudeDegrees>51.76745776087046</LatitudeDegrees>
              <LongitudeDegrees>-0.214351499453187</LongitudeDegrees>
            </Position>
            <AltitudeMeters>78.4000015258789</AltitudeMeters>
            <DistanceMeters>3815.139892578125</DistanceMeters>
            <HeartRateBpm>
              <Value>131</Value>
            </HeartRateBpm>
            <Extensions>
              <ns3:TPX>
                <ns3:Speed>1.343999981880188</ns3:Speed>
              </ns3:TPX>
            </Extensions>
          </Trackpoint>
          <Trackpoint>
            <Time>2026-02-24T18:11:48.000Z</Time>
            <Position>
              <LatitudeDegrees>51.76743169315159</LatitudeDegrees>
              <LongitudeDegrees>-0.21449382416903973</LongitudeDegrees>
            </Position>
            <AltitudeMeters>78.80000305175781</AltitudeMeters>
            <DistanceMeters>3825.89990234375</DistanceMeters>
            <HeartRateBpm>
              <Value>130</Value>
            </HeartRateBpm>
            <Extensions>
              <ns3:TPX>
                <ns3:Speed>1.3530000448226929</ns3:Speed>
              </ns3:TPX>
            </Extensions>
          </Trackpoint>
          <Trackpoint>
            <Time>2026-02-24T18:11:55.000Z</Time>
            <Position>
              <LatitudeDegrees>51.76742364652455</LatitudeDegrees>
              <LongitudeDegrees>-0.21463338285684586</LongitudeDegrees>
            </Position>
            <AltitudeMeters>78.80000305175781</AltitudeMeters>
            <DistanceMeters>3835.219970703125</DistanceMeters>
            <HeartRateBpm>
              <Value>130</Value>
            </HeartRateBpm>
            <Extensions>
              <ns3:TPX>
                <ns3:Speed>1.3530000448226929</ns3:Speed>
              </ns3:TPX>
            </Extensions>
          </Trackpoint>
          <Trackpoint>
            <Time>2026-02-24T18:12:03.000Z</Time>
            <Position>
              <LatitudeDegrees>51.767382407560945</LatitudeDegrees>
              <LongitudeDegrees>-0.2147914655506611</LongitudeDegrees>
            </Position>
            <AltitudeMeters>79.19999694824219</AltitudeMeters>
            <DistanceMeters>3847.090087890625</DistanceMeters>
            <HeartRateBpm>
              <Value>130</Value>
            </HeartRateBpm>
            <Extensions>
              <ns3:TPX>
                <ns3:Speed>1.3530000448226929</ns3:Speed>
              </ns3:TPX>
            </Extensions>
          </Trackpoint>
          <Trackpoint>
            <Time>2026-02-24T18:12:09.000Z</Time>
            <Position>
              <LatitudeDegrees>51.76738961599767</LatitudeDegrees>
              <LongitudeDegrees>-0.21486631594598293</LongitudeDegrees>
            </Position>
            <AltitudeMeters>79.19999694824219</AltitudeMeters>
            <DistanceMeters>3852.72998046875</DistanceMeters>
            <HeartRateBpm>
              <Value>129</Value>
            </HeartRateBpm>
            <Extensions>
              <ns3:TPX>
                <ns3:Speed>1.371999979019165</ns3:Speed>
              </ns3:TPX>
            </Extensions>
          </Trackpoint>
          <Trackpoint>
            <Time>2026-02-24T18:12:16.000Z</Time>
            <Position>
              <LatitudeDegrees>51.76738961599767</LatitudeDegrees>
              <LongitudeDegrees>-0.21486631594598293</LongitudeDegrees>
            </Position>
            <AltitudeMeters>79.0</AltitudeMeters>
            <DistanceMeters>3852.72998046875</DistanceMeters>
            <HeartRateBpm>
              <Value>126</Value>
            </HeartRateBpm>
            <Extensions>
              <ns3:TPX>
                <ns3:Speed>0.0</ns3:Speed>
              </ns3:TPX>
            </Extensions>
          </Trackpoint>
          <Trackpoint>
            <Time>2026-02-24T18:12:19.000Z</Time>
            <Position>
              <LatitudeDegrees>51.76738961599767</LatitudeDegrees>
              <LongitudeDegrees>-0.21486631594598293</LongitudeDegrees>
            </Position>
            <AltitudeMeters>79.0</AltitudeMeters>
            <DistanceMeters>3852.72998046875</DistanceMeters>
            <HeartRateBpm>
              <Value>122</Value>
            </HeartRateBpm>
            <Extensions>
              <ns3:TPX>
                <ns3:Speed>0.0</ns3:Speed>
              </ns3:TPX>
            </Extensions>
          </Trackpoint>
          <Trackpoint>
            <Time>2026-02-24T18:12:21.000Z</Time>
            <Position>
              <LatitudeDegrees>51.76738961599767</LatitudeDegrees>
              <LongitudeDegrees>-0.21486631594598293</LongitudeDegrees>
            </Position>
            <AltitudeMeters>79.0</AltitudeMeters>
            <DistanceMeters>3852.72998046875</DistanceMeters>
            <HeartRateBpm>
              <Value>119</Value>
            </HeartRateBpm>
            <Extensions>
              <ns3:TPX>
                <ns3:Speed>0.0</ns3:Speed>
              </ns3:TPX>
            </Extensions>
          </Trackpoint>
          <Trackpoint>
            <Time>2026-02-24T18:12:24.000Z</Time>
            <Position>
              <LatitudeDegrees>51.76738961599767</LatitudeDegrees>
              <LongitudeDegrees>-0.21486631594598293</LongitudeDegrees>
            </Position>
            <AltitudeMeters>79.0</AltitudeMeters>
            <DistanceMeters>3852.72998046875</DistanceMeters>
            <HeartRateBpm>
              <Value>118</Value>
            </HeartRateBpm>
            <Extensions>
              <ns3:TPX>
                <ns3:Speed>0.0</ns3:Speed>
              </ns3:TPX>
            </Extensions>
          </Trackpoint>
          <Trackpoint>
            <Time>2026-02-24T18:12:33.000Z</Time>
            <Position>
              <LatitudeDegrees>51.76739917136729</LatitudeDegrees>
              <LongitudeDegrees>-0.2149249892681837</LongitudeDegrees>
            </Position>
            <AltitudeMeters>79.0</AltitudeMeters>
            <DistanceMeters>3856.89990234375</DistanceMeters>
            <HeartRateBpm>
              <Value>114</Value>
            </HeartRateBpm>
            <Extensions>
              <ns3:TPX>
                <ns3:Speed>0.0</ns3:Speed>
              </ns3:TPX>
            </Extensions>
          </Trackpoint>
          <Trackpoint>
            <Time>2026-02-24T18:12:34.000Z</Time>
            <Position>
              <LatitudeDegrees>51.76740227267146</LatitudeDegrees>
              <LongitudeDegrees>-0.214947871863842</LongitudeDegrees>
            </Position>
            <AltitudeMeters>79.0</AltitudeMeters>
            <DistanceMeters>3858.68994140625</DistanceMeters>
            <HeartRateBpm>
              <Value>112</Value>
            </HeartRateBpm>
            <Extensions>
              <ns3:TPX>
                <ns3:Speed>1.819000005722046</ns3:Speed>
              </ns3:TPX>
            </Extensions>
          </Trackpoint>
          <Trackpoint>
            <Time>2026-02-24T18:12:41.000Z</Time>
            <Position>
              <LatitudeDegrees>51.7674330342561</LatitudeDegrees>
              <LongitudeDegrees>-0.21508583799004555</LongitudeDegrees>
            </Position>
            <AltitudeMeters>79.19999694824219</AltitudeMeters>
            <DistanceMeters>3868.56005859375</DistanceMeters>
            <HeartRateBpm>
              <Value>112</Value>
            </HeartRateBpm>
            <Extensions>
              <ns3:TPX>
                <ns3:Speed>1.315999984741211</ns3:Speed>
              </ns3:TPX>
            </Extensions>
          </Trackpoint>
          <Trackpoint>
            <Time>2026-02-24T18:12:43.000Z</Time>
            <Position>
              <LatitudeDegrees>51.76743848249316</LatitudeDegrees>
              <LongitudeDegrees>-0.2151188626885414</LongitudeDegrees>
            </Position>
            <AltitudeMeters>79.4000015258789</AltitudeMeters>
            <DistanceMeters>3870.889892578125</DistanceMeters>
            <HeartRateBpm>
              <Value>111</Value>
            </HeartRateBpm>
            <Extensions>
              <ns3:TPX>
                <ns3:Speed>1.315999984741211</ns3:Speed>
              </ns3:TPX>
            </Extensions>
          </Trackpoint>
          <Trackpoint>
            <Time>2026-02-24T18:12:48.000Z</Time>
            <Position>
              <LatitudeDegrees>51.76745440810919</LatitudeDegrees>
              <LongitudeDegrees>-0.21521005779504776</LongitudeDegrees>
            </Position>
            <AltitudeMeters>80.0</AltitudeMeters>
            <DistanceMeters>3877.389892578125</DistanceMeters>
            <HeartRateBpm>
              <Value>112</Value>
            </HeartRateBpm>
            <Extensions>
              <ns3:TPX>
                <ns3:Speed>1.38100004196167</ns3:Speed>
              </ns3:TPX>
            </Extensions>
          </Trackpoint>
          <Trackpoint>
            <Time>2026-02-24T18:12:55.000Z</Time>
            <Position>
              <LatitudeDegrees>51.76745834760368</LatitudeDegrees>
              <LongitudeDegrees>-0.21536101587116718</LongitudeDegrees>
            </Position>
            <AltitudeMeters>80.4000015258789</AltitudeMeters>
            <DistanceMeters>3888.080078125</DistanceMeters>
            <HeartRateBpm>
              <Value>113</Value>
            </HeartRateBpm>
            <Extensions>
              <ns3:TPX>
                <ns3:Speed>1.399999976158142</ns3:Speed>
              </ns3:TPX>
            </Extensions>
          </Trackpoint>
          <Trackpoint>
            <Time>2026-02-24T18:12:57.000Z</Time>
            <Position>
              <LatitudeDegrees>51.76745465956628</LatitudeDegrees>
              <LongitudeDegrees>-0.21539689041674137</LongitudeDegrees>
            </Position>
            <AltitudeMeters>80.5999984741211</AltitudeMeters>
            <DistanceMeters>3890.489990234375</DistanceMeters>
            <HeartRateBpm>
              <Value>113</Value>
            </HeartRateBpm>
            <Extensions>
              <ns3:TPX>
                <ns3:Speed>1.399999976158142</ns3:Speed>
              </ns3:TPX>
            </Extensions>
          </Trackpoint>
          <Trackpoint>
            <Time>2026-02-24T18:13:04.000Z</Time>
            <Position>
              <LatitudeDegrees>51.76745499484241</LatitudeDegrees>
              <LongitudeDegrees>-0.21554307080805302</LongitudeDegrees>
            </Position>
            <AltitudeMeters>81.19999694824219</AltitudeMeters>
            <DistanceMeters>3900.64990234375</DistanceMeters>
            <HeartRateBpm>
              <Value>114</Value>
            </HeartRateBpm>
            <Extensions>
              <ns3:TPX>
                <ns3:Speed>1.409000039100647</ns3:Speed>
              </ns3:TPX>
            </Extensions>
          </Trackpoint>
          <Trackpoint>
            <Time>2026-02-24T18:13:11.000Z</Time>
            <Position>
              <LatitudeDegrees>51.76744133234024</LatitudeDegrees>
              <LongitudeDegrees>-0.215660585090518</LongitudeDegrees>
            </Position>
            <AltitudeMeters>81.4000015258789</AltitudeMeters>
            <DistanceMeters>3908.889892578125</DistanceMeters>
            <HeartRateBpm>
              <Value>117</Value>
            </HeartRateBpm>
            <Extensions>
              <ns3:TPX>
                <ns3:Speed>1.3899999856948853</ns3:Speed>
              </ns3:TPX>
            </Extensions>
          </Trackpoint>
          <Trackpoint>
            <Time>2026-02-24T18:13:14.000Z</Time>
            <Position>
              <LatitudeDegrees>51.76743253134191</LatitudeDegrees>
              <LongitudeDegrees>-0.2157292328774929</LongitudeDegrees>
            </Position>
            <AltitudeMeters>81.5999984741211</AltitudeMeters>
            <DistanceMeters>3913.93994140625</DistanceMeters>
            <HeartRateBpm>
              <Value>121</Value>
            </HeartRateBpm>
            <Extensions>
              <ns3:TPX>
                <ns3:Speed>1.38100004196167</ns3:Speed>
              </ns3:TPX>
            </Extensions>
          </Trackpoint>
          <Trackpoint>
            <Time>2026-02-24T18:13:15.000Z</Time>
            <Position>
              <LatitudeDegrees>51.76743445917964</LatitudeDegrees>
              <LongitudeDegrees>-0.21575027145445347</LongitudeDegrees>
            </Position>
            <AltitudeMeters>81.5999984741211</AltitudeMeters>
            <DistanceMeters>3915.530029296875</DistanceMeters>
            <HeartRateBpm>
              <Value>124</Value>
            </HeartRateBpm>
            <Extensions>
              <ns3:TPX>
                <ns3:Speed>1.38100004196167</ns3:Speed>
              </ns3:TPX>
            </Extensions>
          </Trackpoint>
          <Trackpoint>
            <Time>2026-02-24T18:13:17.000Z</Time>
            <Position>
              <LatitudeDegrees>51.76743362098932</LatitudeDegrees>
              <LongitudeDegrees>-0.21578882820904255</LongitudeDegrees>
            </Position>
            <AltitudeMeters>81.5999984741211</AltitudeMeters>
            <DistanceMeters>3918.27001953125</DistanceMeters>
            <HeartRateBpm>
              <Value>126</Value>
            </HeartRateBpm>
            <Extensions>
              <ns3:TPX>
                <ns3:Speed>1.3899999856948853</ns3:Speed>
              </ns3:TPX>
            </Extensions>
          </Trackpoint>
          <Trackpoint>
            <Time>2026-02-24T18:13:25.000Z</Time>
            <Position>
              <LatitudeDegrees>51.76744434982538</LatitudeDegrees>
              <LongitudeDegrees>-0.21594297140836716</LongitudeDegrees>
            </Position>
            <AltitudeMeters>81.5999984741211</AltitudeMeters>
            <DistanceMeters>3928.9599609375</DistanceMeters>
            <HeartRateBpm>
              <Value>127</Value>
            </HeartRateBpm>
            <Extensions>
              <ns3:TPX>
                <ns3:Speed>1.38100004196167</ns3:Speed>
              </ns3:TPX>
            </Extensions>
          </Trackpoint>
          <Trackpoint>
            <Time>2026-02-24T18:13:32.000Z</Time>
            <Position>
              <LatitudeDegrees>51.767439572140574</LatitudeDegrees>
              <LongitudeDegrees>-0.2160897385329008</LongitudeDegrees>
            </Position>
            <AltitudeMeters>81.4000015258789</AltitudeMeters>
            <DistanceMeters>3938.760009765625</DistanceMeters>
            <HeartRateBpm>
              <Value>128</Value>
            </HeartRateBpm>
            <Extensions>
              <ns3:TPX>
                <ns3:Speed>1.3899999856948853</ns3:Speed>
              </ns3:TPX>
            </Extensions>
          </Trackpoint>
          <Trackpoint>
            <Time>2026-02-24T18:13:39.000Z</Time>
            <Position>
              <LatitudeDegrees>51.767443008720875</LatitudeDegrees>
              <LongitudeDegrees>-0.2162426244467497</LongitudeDegrees>
            </Position>
            <AltitudeMeters>81.19999694824219</AltitudeMeters>
            <DistanceMeters>3949.31005859375</DistanceMeters>
            <HeartRateBpm>
              <Value>126</Value>
            </HeartRateBpm>
            <Extensions>
              <ns3:TPX>
                <ns3:Speed>1.409000039100647</ns3:Speed>
              </ns3:TPX>
            </Extensions>
          </Trackpoint>
          <Trackpoint>
            <Time>2026-02-24T18:13:49.000Z</Time>
            <Position>
              <LatitudeDegrees>51.76742649637163</LatitudeDegrees>
              <LongitudeDegrees>-0.21645083092153072</LongitudeDegrees>
            </Position>
            <AltitudeMeters>81.19999694824219</AltitudeMeters>
            <DistanceMeters>3963.760009765625</DistanceMeters>
            <HeartRateBpm>
              <Value>125</Value>
            </HeartRateBpm>
            <Extensions>
              <ns3:TPX>
                <ns3:Speed>1.4459999799728394</ns3:Speed>
              </ns3:TPX>
            </Extensions>
          </Trackpoint>
          <Trackpoint>
            <Time>2026-02-24T18:13:56.000Z</Time>
            <Position>
              <LatitudeDegrees>51.7673777975142</LatitudeDegrees>
              <LongitudeDegrees>-0.21658125333487988</LongitudeDegrees>
            </Position>
            <AltitudeMeters>81.0</AltitudeMeters>
            <DistanceMeters>3974.2900390625</DistanceMeters>
            <HeartRateBpm>
              <Value>124</Value>
            </HeartRateBpm>
            <Extensions>
              <ns3:TPX>
                <ns3:Speed>1.4559999704360962</ns3:Speed>
              </ns3:TPX>
            </Extensions>
          </Trackpoint>
          <Trackpoint>
            <Time>2026-02-24T18:13:59.000Z</Time>
            <Position>
              <LatitudeDegrees>51.76735516637564</LatitudeDegrees>
              <LongitudeDegrees>-0.2166206482797861</LongitudeDegrees>
            </Position>
            <AltitudeMeters>81.0</AltitudeMeters>
            <DistanceMeters>3977.949951171875</DistanceMeters>
            <HeartRateBpm>
              <Value>120</Value>
            </HeartRateBpm>
            <Extensions>
              <ns3:TPX>
                <ns3:Speed>1.4559999704360962</ns3:Speed>
              </ns3:TPX>
            </Extensions>
          </Trackpoint>
          <Trackpoint>
            <Time>2026-02-24T18:14:02.000Z</Time>
            <Position>
              <LatitudeDegrees>51.7673310264945</LatitudeDegrees>
              <LongitudeDegrees>-0.2166483923792839</LongitudeDegrees>
            </Position>
            <AltitudeMeters>81.0</AltitudeMeters>
            <DistanceMeters>3981.169921875</DistanceMeters>
            <HeartRateBpm>
              <Value>118</Value>
            </HeartRateBpm>
            <Extensions>
              <ns3:TPX>
                <ns3:Speed>1.4459999799728394</ns3:Speed>
              </ns3:TPX>
            </Extensions>
          </Trackpoint>
          <Trackpoint>
            <Time>2026-02-24T18:14:07.000Z</Time>
            <Position>
              <LatitudeDegrees>51.76727092824876</LatitudeDegrees>
              <LongitudeDegrees>-0.2167300321161747</LongitudeDegrees>
            </Position>
            <AltitudeMeters>81.0</AltitudeMeters>
            <DistanceMeters>3989.3798828125</DistanceMeters>
            <HeartRateBpm>
              <Value>115</Value>
            </HeartRateBpm>
            <Extensions>
              <ns3:TPX>
                <ns3:Speed>1.4459999799728394</ns3:Speed>
              </ns3:TPX>
            </Extensions>
          </Trackpoint>
          <Trackpoint>
            <Time>2026-02-24T18:14:08.000Z</Time>
            <Position>
              <LatitudeDegrees>51.76725709810853</LatitudeDegrees>
              <LongitudeDegrees>-0.21674629300832748</LongitudeDegrees>
            </Position>
            <AltitudeMeters>81.0</AltitudeMeters>
            <DistanceMeters>3991.300048828125</DistanceMeters>
            <HeartRateBpm>
              <Value>115</Value>
            </HeartRateBpm>
            <Extensions>
              <ns3:TPX>
                <ns3:Speed>1.4459999799728394</ns3:Speed>
              </ns3:TPX>
            </Extensions>
          </Trackpoint>
          <Trackpoint>
            <Time>2026-02-24T18:14:15.000Z</Time>
            <Position>
              <LatitudeDegrees>51.76718853414059</LatitudeDegrees>
              <LongitudeDegrees>-0.21684402599930763</LongitudeDegrees>
            </Position>
            <AltitudeMeters>81.0</AltitudeMeters>
            <DistanceMeters>4002.47998046875</DistanceMeters>
            <HeartRateBpm>
              <Value>114</Value>
            </HeartRateBpm>
            <Extensions>
              <ns3:TPX>
                <ns3:Speed>1.465000033378601</ns3:Speed>
              </ns3:TPX>
            </Extensions>
          </Trackpoint>
        </Track>
        <Extensions>
          <ns3:LX>
            <ns3:AvgSpeed>1.3420000076293943</ns3:AvgSpeed>
            <ns3:AvgRunCadence>49</ns3:AvgRunCadence>
            <ns3:MaxRunCadence>58</ns3:MaxRunCadence>
          </ns3:LX>
        </Extensions>
      </Lap>
      <Lap StartTime="2026-02-24T18:14:15.000Z">
        <TotalTimeSeconds>111.595</TotalTimeSeconds>
        <DistanceMeters>147.86</DistanceMeters>
        <MaximumSpeed>1.493000030517578</MaximumSpeed>
        <Calories>9</Calories>
        <AverageHeartRateBpm>
          <Value>114</Value>
        </AverageHeartRateBpm>
        <MaximumHeartRateBpm>
          <Value>120</Value>
        </MaximumHeartRateBpm>
        <Intensity>Active</Intensity>
        <TriggerMethod>Manual</TriggerMethod>
        <Track>
          <Trackpoint>
            <Time>2026-02-24T18:14:15.000Z</Time>
            <Position>
              <LatitudeDegrees>51.76718853414059</LatitudeDegrees>
              <LongitudeDegrees>-0.21684402599930763</LongitudeDegrees>
            </Position>
            <AltitudeMeters>81.0</AltitudeMeters>
            <DistanceMeters>4002.47998046875</DistanceMeters>
            <HeartRateBpm>
              <Value>114</Value>
            </HeartRateBpm>
            <Extensions>
              <ns3:TPX>
                <ns3:Speed>1.465000033378601</ns3:Speed>
              </ns3:TPX>
            </Extensions>
          </Trackpoint>
          <Trackpoint>
            <Time>2026-02-24T18:14:17.000Z</Time>
            <Position>
              <LatitudeDegrees>51.767167411744595</LatitudeDegrees>
              <LongitudeDegrees>-0.2168776374310255</LongitudeDegrees>
            </Position>
            <AltitudeMeters>81.0</AltitudeMeters>
            <DistanceMeters>4005.93994140625</DistanceMeters>
            <HeartRateBpm>
              <Value>115</Value>
            </HeartRateBpm>
            <Extensions>
              <ns3:TPX>
                <ns3:Speed>1.465000033378601</ns3:Speed>
              </ns3:TPX>
            </Extensions>
          </Trackpoint>
          <Trackpoint>
            <Time>2026-02-24T18:14:25.000Z</Time>
            <Position>
              <LatitudeDegrees>51.76709943450987</LatitudeDegrees>
              <LongitudeDegrees>-0.21696112118661404</LongitudeDegrees>
            </Position>
            <AltitudeMeters>81.0</AltitudeMeters>
            <DistanceMeters>4014.93994140625</DistanceMeters>
            <HeartRateBpm>
              <Value>115</Value>
            </HeartRateBpm>
            <Extensions>
              <ns3:TPX>
                <ns3:Speed>1.4559999704360962</ns3:Speed>
              </ns3:TPX>
            </Extensions>
          </Trackpoint>
          <Trackpoint>
            <Time>2026-02-24T18:14:32.000Z</Time>
            <Position>
              <LatitudeDegrees>51.76702701486647</LatitudeDegrees>
              <LongitudeDegrees>-0.21709732711315155</LongitudeDegrees>
            </Position>
            <AltitudeMeters>80.80000305175781</AltitudeMeters>
            <DistanceMeters>4027.659912109375</DistanceMeters>
            <HeartRateBpm>
              <Value>115</Value>
            </HeartRateBpm>
            <Extensions>
              <ns3:TPX>
                <ns3:Speed>1.4739999771118164</ns3:Speed>
              </ns3:TPX>
            </Extensions>
          </Trackpoint>
          <Trackpoint>
            <Time>2026-02-24T18:14:39.000Z</Time>
            <Position>
              <LatitudeDegrees>51.7669787351042</LatitudeDegrees>
              <LongitudeDegrees>-0.21718114614486694</LongitudeDegrees>
            </Position>
            <AltitudeMeters>80.80000305175781</AltitudeMeters>
            <DistanceMeters>4035.239990234375</DistanceMeters>
            <HeartRateBpm>
              <Value>117</Value>
            </HeartRateBpm>
            <Extensions>
              <ns3:TPX>
                <ns3:Speed>1.465000033378601</ns3:Speed>
              </ns3:TPX>
            </Extensions>
          </Trackpoint>
          <Trackpoint>
            <Time>2026-02-24T18:14:45.000Z</Time>
            <Position>
              <LatitudeDegrees>51.76693263463676</LatitudeDegrees>
              <LongitudeDegrees>-0.21727158688008785</LongitudeDegrees>
            </Position>
            <AltitudeMeters>80.5999984741211</AltitudeMeters>
            <DistanceMeters>4043.47998046875</DistanceMeters>
            <HeartRateBpm>
              <Value>120</Value>
            </HeartRateBpm>
            <Extensions>
              <ns3:TPX>
                <ns3:Speed>1.465000033378601</ns3:Speed>
              </ns3:TPX>
            </Extensions>
          </Trackpoint>
          <Trackpoint>
            <Time>2026-02-24T18:14:47.000Z</Time>
            <Position>
              <LatitudeDegrees>51.76692333072424</LatitudeDegrees>
              <LongitudeDegrees>-0.21728474646806717</LongitudeDegrees>
            </Position>
            <AltitudeMeters>80.5999984741211</AltitudeMeters>
            <DistanceMeters>4044.949951171875</DistanceMeters>
            <HeartRateBpm>
              <Value>120</Value>
            </HeartRateBpm>
            <Extensions>
              <ns3:TPX>
                <ns3:Speed>1.4559999704360962</ns3:Speed>
              </ns3:TPX>
            </Extensions>
          </Trackpoint>
          <Trackpoint>
            <Time>2026-02-24T18:14:54.000Z</Time>
            <Position>
              <LatitudeDegrees>51.76684370264411</LatitudeDegrees>
              <LongitudeDegrees>-0.21738759241998196</LongitudeDegrees>
            </Position>
            <AltitudeMeters>80.5999984741211</AltitudeMeters>
            <DistanceMeters>4056.639892578125</DistanceMeters>
            <HeartRateBpm>
              <Value>118</Value>
            </HeartRateBpm>
            <Extensions>
              <ns3:TPX>
                <ns3:Speed>1.4739999771118164</ns3:Speed>
              </ns3:TPX>
            </Extensions>
          </Trackpoint>
          <Trackpoint>
            <Time>2026-02-24T18:15:02.000Z</Time>
            <Position>
              <LatitudeDegrees>51.766771115362644</LatitudeDegrees>
              <LongitudeDegrees>-0.21747535094618797</LongitudeDegrees>
            </Position>
            <AltitudeMeters>80.4000015258789</AltitudeMeters>
            <DistanceMeters>4066.4599609375</DistanceMeters>
            <HeartRateBpm>
              <Value>118</Value>
            </HeartRateBpm>
            <Extensions>
              <ns3:TPX>
                <ns3:Speed>1.4459999799728394</ns3:Speed>
              </ns3:TPX>
            </Extensions>
          </Trackpoint>
          <Trackpoint>
            <Time>2026-02-24T18:15:04.000Z</Time>
            <Position>
              <LatitudeDegrees>51.766750579699874</LatitudeDegrees>
              <LongitudeDegrees>-0.21750351414084435</LongitudeDegrees>
            </Position>
            <AltitudeMeters>80.4000015258789</AltitudeMeters>
            <DistanceMeters>4069.60009765625</DistanceMeters>
            <HeartRateBpm>
              <Value>118</Value>
            </HeartRateBpm>
            <Extensions>
              <ns3:TPX>
                <ns3:Speed>1.437000036239624</ns3:Speed>
              </ns3:TPX>
            </Extensions>
          </Trackpoint>
          <Trackpoint>
            <Time>2026-02-24T18:15:14.000Z</Time>
            <Position>
              <LatitudeDegrees>51.76664002239704</LatitudeDegrees>
              <LongitudeDegrees>-0.21759680472314358</LongitudeDegrees>
            </Position>
            <AltitudeMeters>80.4000015258789</AltitudeMeters>
            <DistanceMeters>4083.320068359375</DistanceMeters>
            <HeartRateBpm>
              <Value>116</Value>
            </HeartRateBpm>
            <Extensions>
              <ns3:TPX>
                <ns3:Speed>1.4279999732971191</ns3:Speed>
              </ns3:TPX>
            </Extensions>
          </Trackpoint>
          <Trackpoint>
            <Time>2026-02-24T18:15:20.000Z</Time>
            <Position>
              <LatitudeDegrees>51.76658713258803</LatitudeDegrees>
              <LongitudeDegrees>-0.21756327711045742</LongitudeDegrees>
            </Position>
            <AltitudeMeters>80.0</AltitudeMeters>
            <DistanceMeters>4089.489990234375</DistanceMeters>
            <HeartRateBpm>
              <Value>115</Value>
            </HeartRateBpm>
            <Extensions>
              <ns3:TPX>
                <ns3:Speed>1.399999976158142</ns3:Speed>
              </ns3:TPX>
            </Extensions>
          </Trackpoint>
          <Trackpoint>
            <Time>2026-02-24T18:15:25.000Z</Time>
            <Position>
              <LatitudeDegrees>51.76652267575264</LatitudeDegrees>
              <LongitudeDegrees>-0.21761935204267502</LongitudeDegrees>
            </Position>
            <AltitudeMeters>80.0</AltitudeMeters>
            <DistanceMeters>4098.0498046875</DistanceMeters>
            <HeartRateBpm>
              <Value>112</Value>
            </HeartRateBpm>
            <Extensions>
              <ns3:TPX>
                <ns3:Speed>1.4179999828338623</ns3:Speed>
              </ns3:TPX>
            </Extensions>
          </Trackpoint>
          <Trackpoint>
            <Time>2026-02-24T18:15:26.000Z</Time>
            <Position>
              <LatitudeDegrees>51.7665125336498</LatitudeDegrees>
              <LongitudeDegrees>-0.21762815304100513</LongitudeDegrees>
            </Position>
            <AltitudeMeters>80.0</AltitudeMeters>
            <DistanceMeters>4099.22998046875</DistanceMeters>
            <HeartRateBpm>
              <Value>111</Value>
            </HeartRateBpm>
            <Extensions>
              <ns3:TPX>
                <ns3:Speed>1.4279999732971191</ns3:Speed>
              </ns3:TPX>
            </Extensions>
          </Trackpoint>
          <Trackpoint>
            <Time>2026-02-24T18:15:29.000Z</Time>
            <Position>
              <LatitudeDegrees>51.76648202352226</LatitudeDegrees>
              <LongitudeDegrees>-0.21764449775218964</LongitudeDegrees>
            </Position>
            <AltitudeMeters>80.0</AltitudeMeters>
            <DistanceMeters>4102.89013671875</DistanceMeters>
            <HeartRateBpm>
              <Value>108</Value>
            </HeartRateBpm>
            <Extensions>
              <ns3:TPX>
                <ns3:Speed>1.4279999732971191</ns3:Speed>
              </ns3:TPX>
            </Extensions>
          </Trackpoint>
          <Trackpoint>
            <Time>2026-02-24T18:15:33.000Z</Time>
            <Position>
              <LatitudeDegrees>51.766437850892544</LatitudeDegrees>
              <LongitudeDegrees>-0.21764148026704788</LongitudeDegrees>
            </Position>
            <AltitudeMeters>79.80000305175781</AltitudeMeters>
            <DistanceMeters>4107.2099609375</DistanceMeters>
            <HeartRateBpm>
              <Value>107</Value>
            </HeartRateBpm>
            <Extensions>
              <ns3:TPX>
                <ns3:Speed>1.409000039100647</ns3:Speed>
              </ns3:TPX>
            </Extensions>
          </Trackpoint>
          <Trackpoint>
            <Time>2026-02-24T18:15:34.000Z</Time>
            <Position>
              <LatitudeDegrees>51.76642385311425</LatitudeDegrees>
              <LongitudeDegrees>-0.2176307514309883</LongitudeDegrees>
            </Position>
            <AltitudeMeters>79.80000305175781</AltitudeMeters>
            <DistanceMeters>4109.27001953125</DistanceMeters>
            <HeartRateBpm>
              <Value>108</Value>
            </HeartRateBpm>
            <Extensions>
              <ns3:TPX>
                <ns3:Speed>1.399999976158142</ns3:Speed>
              </ns3:TPX>
            </Extensions>
          </Trackpoint>
          <Trackpoint>
            <Time>2026-02-24T18:15:41.000Z</Time>
            <Position>
              <LatitudeDegrees>51.76636786200106</LatitudeDegrees>
              <LongitudeDegrees>-0.21752220578491688</LongitudeDegrees>
            </Position>
            <AltitudeMeters>79.5999984741211</AltitudeMeters>
            <DistanceMeters>4119.009765625</DistanceMeters>
            <HeartRateBpm>
              <Value>108</Value>
            </HeartRateBpm>
            <Extensions>
              <ns3:TPX>
                <ns3:Speed>1.409000039100647</ns3:Speed>
              </ns3:TPX>
            </Extensions>
          </Trackpoint>
          <Trackpoint>
            <Time>2026-02-24T18:15:46.000Z</Time>
            <Position>
              <LatitudeDegrees>51.76634623669088</LatitudeDegrees>
              <LongitudeDegrees>-0.217509213835001</LongitudeDegrees>
            </Position>
            <AltitudeMeters>79.5999984741211</AltitudeMeters>
            <DistanceMeters>4121.52001953125</DistanceMeters>
            <HeartRateBpm>
              <Value>107</Value>
            </HeartRateBpm>
            <Extensions>
              <ns3:TPX>
                <ns3:Speed>1.3530000448226929</ns3:Speed>
              </ns3:TPX>
            </Extensions>
          </Trackpoint>
          <Trackpoint>
            <Time>2026-02-24T18:15:47.000Z</Time>
            <Position>
              <LatitudeDegrees>51.766341207548976</LatitudeDegrees>
              <LongitudeDegrees>-0.21751943975687027</LongitudeDegrees>
            </Position>
            <AltitudeMeters>79.5999984741211</AltitudeMeters>
            <DistanceMeters>4122.02978515625</DistanceMeters>
            <HeartRateBpm>
              <Value>108</Value>
            </HeartRateBpm>
            <Extensions>
              <ns3:TPX>
                <ns3:Speed>1.3339999914169312</ns3:Speed>
              </ns3:TPX>
            </Extensions>
          </Trackpoint>
          <Trackpoint>
            <Time>2026-02-24T18:15:55.000Z</Time>
            <Position>
              <LatitudeDegrees>51.766266440972686</LatitudeDegrees>
              <LongitudeDegrees>-0.21766201592981815</LongitudeDegrees>
            </Position>
            <AltitudeMeters>80.5999984741211</AltitudeMeters>
            <DistanceMeters>4135.16015625</DistanceMeters>
            <HeartRateBpm>
              <Value>109</Value>
            </HeartRateBpm>
            <Extensions>
              <ns3:TPX>
                <ns3:Speed>1.3619999885559082</ns3:Speed>
              </ns3:TPX>
            </Extensions>
          </Trackpoint>
          <Trackpoint>
            <Time>2026-02-24T18:16:02.000Z</Time>
            <Position>
              <LatitudeDegrees>51.766218496486545</LatitudeDegrees>
              <LongitudeDegrees>-0.21777257323265076</LongitudeDegrees>
            </Position>
            <AltitudeMeters>80.80000305175781</AltitudeMeters>
            <DistanceMeters>4144.72998046875</DistanceMeters>
            <HeartRateBpm>
              <Value>112</Value>
            </HeartRateBpm>
            <Extensions>
              <ns3:TPX>
                <ns3:Speed>1.371999979019165</ns3:Speed>
              </ns3:TPX>
            </Extensions>
          </Trackpoint>
          <Trackpoint>
            <Time>2026-02-24T18:16:06.000Z</Time>
            <Position>
              <LatitudeDegrees>51.766203911975026</LatitudeDegrees>
              <LongitudeDegrees>-0.2178142312914133</LongitudeDegrees>
            </Position>
            <AltitudeMeters>80.80000305175781</AltitudeMeters>
            <DistanceMeters>4147.85986328125</DistanceMeters>
            <HeartRateBpm>
              <Value>112</Value>
            </HeartRateBpm>
            <Extensions>
              <ns3:TPX>
                <ns3:Speed>1.277999997138977</ns3:Speed>
              </ns3:TPX>
            </Extensions>
          </Trackpoint>
        </Track>
        <Extensions>
          <ns3:LX>
            <ns3:AvgSpeed>1.3250000476837158</ns3:AvgSpeed>
            <ns3:AvgRunCadence>54</ns3:AvgRunCadence>
            <ns3:MaxRunCadence>56</ns3:MaxRunCadence>
          </ns3:LX>
        </Extensions>
      </Lap>
      <Creator xsi:type="Device_t">
        <Name>Venu 3</Name>
        <UnitId>3514695726</UnitId>
        <ProductID>4260</ProductID>
        <Version>
          <VersionMajor>17</VersionMajor>
          <VersionMinor>5</VersionMinor>
          <BuildMajor>0</BuildMajor>
          <BuildMinor>0</BuildMinor>
        </Version>
      </Creator>
    </Activity>
  </Activities>
  <Author xsi:type="Application_t">
    <Name>Connect Api</Name>
    <Build>
      <Version>
        <VersionMajor>26</VersionMajor>
        <VersionMinor>3</VersionMinor>
        <BuildMajor>0</BuildMajor>
        <BuildMinor>0</BuildMinor>
      </Version>
    </Build>
    <LangID>en</LangID>
    <PartNumber>006-D2449-00</PartNumber>
  </Author>
</TrainingCenterDatabase>
