<?xml version="1.0" encoding="UTF-8"?>
<TrainingCenterDatabase
  xsi:schemaLocation="http://www.garmin.com/xmlschemas/TrainingCenterDatabase/v2 http://www.garmin.com/xmlschemas/TrainingCenterDatabasev2.xsd"
  xmlns:ns5="http://www.garmin.com/xmlschemas/ActivityGoals/v1"
  xmlns:ns3="http://www.garmin.com/xmlschemas/ActivityExtension/v2"
  xmlns:ns2="http://www.garmin.com/xmlschemas/UserProfile/v2"
  xmlns="http://www.garmin.com/xmlschemas/TrainingCenterDatabase/v2"
  xmlns:xsi="http://www.w3.org/2001/XMLSchema-instance" xmlns:ns4="http://www.garmin.com/xmlschemas/ProfileExtension/v1">
  <Activities>
    <Activity Sport="Other">
      <Id>2026-02-26T19:11:59.000Z</Id>
      <Lap StartTime="2026-02-26T19:11:59.000Z">
        <TotalTimeSeconds>1004.796</TotalTimeSeconds>
        <DistanceMeters>1000.0</DistanceMeters>
        <MaximumSpeed>3.2100000381469727</MaximumSpeed>
        <Calories>63</Calories>
        <AverageHeartRateBpm>
          <Value>107</Value>
        </AverageHeartRateBpm>
        <MaximumHeartRateBpm>
          <Value>123</Value>
        </MaximumHeartRateBpm>
        <Intensity>Active</Intensity>
        <TriggerMethod>Manual</TriggerMethod>
        <Track>
          <Trackpoint>
            <Time>2026-02-26T19:11:59.000Z</Time>
            <AltitudeMeters>75.80000305175781</AltitudeMeters>
            <DistanceMeters>1.059999942779541</DistanceMeters>
            <HeartRateBpm>
              <Value>72</Value>
            </HeartRateBpm>
            <Extensions>
              <ns3:TPX>
                <ns3:Speed>1.0640000104904175</ns3:Speed>
              </ns3:TPX>
            </Extensions>
          </Trackpoint>
          <Trackpoint>
            <Time>2026-02-26T19:12:00.000Z</Time>
            <AltitudeMeters>75.80000305175781</AltitudeMeters>
            <DistanceMeters>2.130000114440918</DistanceMeters>
            <HeartRateBpm>
              <Value>72</Value>
            </HeartRateBpm>
            <Extensions>
              <ns3:TPX>
                <ns3:Speed>1.0640000104904175</ns3:Speed>
              </ns3:TPX>
            </Extensions>
          </Trackpoint>
          <Trackpoint>
            <Time>2026-02-26T19:12:05.000Z</Time>
            <AltitudeMeters>75.5999984741211</AltitudeMeters>
            <DistanceMeters>7.440000057220459</DistanceMeters>
            <HeartRateBpm>
              <Value>75</Value>
            </HeartRateBpm>
            <Extensions>
              <ns3:TPX>
                <ns3:Speed>1.0640000104904175</ns3:Speed>
              </ns3:TPX>
            </Extensions>
          </Trackpoint>
          <Trackpoint>
            <Time>2026-02-26T19:12:12.000Z</Time>
            <AltitudeMeters>75.5999984741211</AltitudeMeters>
            <DistanceMeters>15.0600004196167</DistanceMeters>
            <HeartRateBpm>
              <Value>78</Value>
            </HeartRateBpm>
            <Extensions>
              <ns3:TPX>
                <ns3:Speed>1.128999948501587</ns3:Speed>
              </ns3:TPX>
            </Extensions>
          </Trackpoint>
          <Trackpoint>
            <Time>2026-02-26T19:12:15.000Z</Time>
            <Position>
              <LatitudeDegrees>51.761088352650404</LatitudeDegrees>
              <LongitudeDegrees>-0.2491564303636551</LongitudeDegrees>
            </Position>
            <AltitudeMeters>75.80000305175781</AltitudeMeters>
            <DistanceMeters>16.170000076293945</DistanceMeters>
            <HeartRateBpm>
              <Value>76</Value>
            </HeartRateBpm>
            <Extensions>
              <ns3:TPX>
                <ns3:Speed>0.0</ns3:Speed>
              </ns3:TPX>
            </Extensions>
          </Trackpoint>
          <Trackpoint>
            <Time>2026-02-26T19:12:22.000Z</Time>
            <Position>
              <LatitudeDegrees>51.76110385917127</LatitudeDegrees>
              <LongitudeDegrees>-0.24907177314162254</LongitudeDegrees>
            </Position>
            <AltitudeMeters>76.19999694824219</AltitudeMeters>
            <DistanceMeters>24.75</DistanceMeters>
            <HeartRateBpm>
              <Value>73</Value>
            </HeartRateBpm>
            <Extensions>
              <ns3:TPX>
                <ns3:Speed>0.0</ns3:Speed>
              </ns3:TPX>
            </Extensions>
          </Trackpoint>
          <Trackpoint>
            <Time>2026-02-26T19:12:28.000Z</Time>
            <Position>
              <LatitudeDegrees>51.76112908869982</LatitudeDegrees>
              <LongitudeDegrees>-0.24901192635297775</LongitudeDegrees>
            </Position>
            <AltitudeMeters>76.0</AltitudeMeters>
            <DistanceMeters>29.799999237060547</DistanceMeters>
            <HeartRateBpm>
              <Value>75</Value>
            </HeartRateBpm>
            <Extensions>
              <ns3:TPX>
                <ns3:Speed>0.48500001430511475</ns3:Speed>
              </ns3:TPX>
            </Extensions>
          </Trackpoint>
          <Trackpoint>
            <Time>2026-02-26T19:12:34.000Z</Time>
            <Position>
              <LatitudeDegrees>51.7611332796514</LatitudeDegrees>
              <LongitudeDegrees>-0.24897856637835503</LongitudeDegrees>
            </Position>
            <AltitudeMeters>76.19999694824219</AltitudeMeters>
            <DistanceMeters>32.59000015258789</DistanceMeters>
            <HeartRateBpm>
              <Value>77</Value>
            </HeartRateBpm>
            <Extensions>
              <ns3:TPX>
                <ns3:Speed>0.2709999978542328</ns3:Speed>
              </ns3:TPX>
            </Extensions>
          </Trackpoint>
          <Trackpoint>
            <Time>2026-02-26T19:12:37.000Z</Time>
            <Position>
              <LatitudeDegrees>51.76114249974489</LatitudeDegrees>
              <LongitudeDegrees>-0.24894948117434978</LongitudeDegrees>
            </Position>
            <AltitudeMeters>76.4000015258789</AltitudeMeters>
            <DistanceMeters>34.810001373291016</DistanceMeters>
            <HeartRateBpm>
              <Value>80</Value>
            </HeartRateBpm>
            <Extensions>
              <ns3:TPX>
                <ns3:Speed>0.5040000081062317</ns3:Speed>
              </ns3:TPX>
            </Extensions>
          </Trackpoint>
          <Trackpoint>
            <Time>2026-02-26T19:12:41.000Z</Time>
            <Position>
              <LatitudeDegrees>51.76115951500833</LatitudeDegrees>
              <LongitudeDegrees>-0.24889265187084675</LongitudeDegrees>
            </Position>
            <AltitudeMeters>76.80000305175781</AltitudeMeters>
            <DistanceMeters>39.439998626708984</DistanceMeters>
            <HeartRateBpm>
              <Value>82</Value>
            </HeartRateBpm>
            <Extensions>
              <ns3:TPX>
                <ns3:Speed>1.0449999570846558</ns3:Speed>
              </ns3:TPX>
            </Extensions>
          </Trackpoint>
          <Trackpoint>
            <Time>2026-02-26T19:12:44.000Z</Time>
            <Position>
              <LatitudeDegrees>51.76117225550115</LatitudeDegrees>
              <LongitudeDegrees>-0.2488629799336195</LongitudeDegrees>
            </Position>
            <AltitudeMeters>76.80000305175781</AltitudeMeters>
            <DistanceMeters>41.84000015258789</DistanceMeters>
            <HeartRateBpm>
              <Value>85</Value>
            </HeartRateBpm>
            <Extensions>
              <ns3:TPX>
                <ns3:Speed>0.9610000252723694</ns3:Speed>
              </ns3:TPX>
            </Extensions>
          </Trackpoint>
          <Trackpoint>
            <Time>2026-02-26T19:12:45.000Z</Time>
            <Position>
              <LatitudeDegrees>51.76117326132953</LatitudeDegrees>
              <LongitudeDegrees>-0.24885518476366997</LongitudeDegrees>
            </Position>
            <AltitudeMeters>77.0</AltitudeMeters>
            <DistanceMeters>42.27000045776367</DistanceMeters>
            <HeartRateBpm>
              <Value>86</Value>
            </HeartRateBpm>
            <Extensions>
              <ns3:TPX>
                <ns3:Speed>0.9419999718666077</ns3:Speed>
              </ns3:TPX>
            </Extensions>
          </Trackpoint>
          <Trackpoint>
            <Time>2026-02-26T19:12:49.000Z</Time>
            <Position>
              <LatitudeDegrees>51.761184241622686</LatitudeDegrees>
              <LongitudeDegrees>-0.24880950339138508</LongitudeDegrees>
            </Position>
            <AltitudeMeters>77.19999694824219</AltitudeMeters>
            <DistanceMeters>46.189998626708984</DistanceMeters>
            <HeartRateBpm>
              <Value>87</Value>
            </HeartRateBpm>
            <Extensions>
              <ns3:TPX>
                <ns3:Speed>0.8769999742507935</ns3:Speed>
              </ns3:TPX>
            </Extensions>
          </Trackpoint>
          <Trackpoint>
            <Time>2026-02-26T19:12:57.000Z</Time>
            <Position>
              <LatitudeDegrees>51.76121039316058</LatitudeDegrees>
              <LongitudeDegrees>-0.24872442707419395</LongitudeDegrees>
            </Position>
            <AltitudeMeters>77.80000305175781</AltitudeMeters>
            <DistanceMeters>52.119998931884766</DistanceMeters>
            <HeartRateBpm>
              <Value>86</Value>
            </HeartRateBpm>
            <Extensions>
              <ns3:TPX>
                <ns3:Speed>0.2709999978542328</ns3:Speed>
              </ns3:TPX>
            </Extensions>
          </Trackpoint>
          <Trackpoint>
            <Time>2026-02-26T19:13:05.000Z</Time>
            <Position>
              <LatitudeDegrees>51.76123604178429</LatitudeDegrees>
              <LongitudeDegrees>-0.24864060804247856</LongitudeDegrees>
            </Position>
            <AltitudeMeters>77.5999984741211</AltitudeMeters>
            <DistanceMeters>58.619998931884766</DistanceMeters>
            <HeartRateBpm>
              <Value>89</Value>
            </HeartRateBpm>
            <Extensions>
              <ns3:TPX>
                <ns3:Speed>1.0729999542236328</ns3:Speed>
              </ns3:TPX>
            </Extensions>
          </Trackpoint>
          <Trackpoint>
            <Time>2026-02-26T19:13:06.000Z</Time>
            <Position>
              <LatitudeDegrees>51.76123922690749</LatitudeDegrees>
              <LongitudeDegrees>-0.24864035658538342</LongitudeDegrees>
            </Position>
            <AltitudeMeters>77.4000015258789</AltitudeMeters>
            <DistanceMeters>58.68000030517578</DistanceMeters>
            <HeartRateBpm>
              <Value>89</Value>
            </HeartRateBpm>
            <Extensions>
              <ns3:TPX>
                <ns3:Speed>1.0640000104904175</ns3:Speed>
              </ns3:TPX>
            </Extensions>
          </Trackpoint>
          <Trackpoint>
            <Time>2026-02-26T19:13:11.000Z</Time>
            <Position>
              <LatitudeDegrees>51.76125582307577</LatitudeDegrees>
              <LongitudeDegrees>-0.24862753227353096</LongitudeDegrees>
            </Position>
            <AltitudeMeters>77.4000015258789</AltitudeMeters>
            <DistanceMeters>60.709999084472656</DistanceMeters>
            <HeartRateBpm>
              <Value>92</Value>
            </HeartRateBpm>
            <Extensions>
              <ns3:TPX>
                <ns3:Speed>0.9800000190734863</ns3:Speed>
              </ns3:TPX>
            </Extensions>
          </Trackpoint>
          <Trackpoint>
            <Time>2026-02-26T19:13:14.000Z</Time>
            <Position>
              <LatitudeDegrees>51.76125967875123</LatitudeDegrees>
              <LongitudeDegrees>-0.24861546233296394</LongitudeDegrees>
            </Position>
            <AltitudeMeters>77.5999984741211</AltitudeMeters>
            <DistanceMeters>61.630001068115234</DistanceMeters>
            <HeartRateBpm>
              <Value>93</Value>
            </HeartRateBpm>
            <Extensions>
              <ns3:TPX>
                <ns3:Speed>0.9419999718666077</ns3:Speed>
              </ns3:TPX>
            </Extensions>
          </Trackpoint>
          <Trackpoint>
            <Time>2026-02-26T19:13:28.000Z</Time>
            <Position>
              <LatitudeDegrees>51.761137805879116</LatitudeDegrees>
              <LongitudeDegrees>-0.248306505382061</LongitudeDegrees>
            </Position>
            <AltitudeMeters>77.5999984741211</AltitudeMeters>
            <DistanceMeters>71.30000305175781</DistanceMeters>
            <HeartRateBpm>
              <Value>96</Value>
            </HeartRateBpm>
            <Extensions>
              <ns3:TPX>
                <ns3:Speed>0.3269999921321869</ns3:Speed>
              </ns3:TPX>
            </Extensions>
          </Trackpoint>
          <Trackpoint>
            <Time>2026-02-26T19:13:32.000Z</Time>
            <Position>
              <LatitudeDegrees>51.76113545894623</LatitudeDegrees>
              <LongitudeDegrees>-0.2482154779136181</LongitudeDegrees>
            </Position>
            <AltitudeMeters>78.0</AltitudeMeters>
            <DistanceMeters>80.62999725341797</DistanceMeters>
            <HeartRateBpm>
              <Value>98</Value>
            </HeartRateBpm>
            <Extensions>
              <ns3:TPX>
                <ns3:Speed>2.305000066757202</ns3:Speed>
              </ns3:TPX>
            </Extensions>
          </Trackpoint>
          <Trackpoint>
            <Time>2026-02-26T19:13:36.000Z</Time>
            <Position>
              <LatitudeDegrees>51.76113118417561</LatitudeDegrees>
              <LongitudeDegrees>-0.24814079515635967</LongitudeDegrees>
            </Position>
            <AltitudeMeters>77.80000305175781</AltitudeMeters>
            <DistanceMeters>88.66999816894531</DistanceMeters>
            <HeartRateBpm>
              <Value>101</Value>
            </HeartRateBpm>
            <Extensions>
              <ns3:TPX>
                <ns3:Speed>2.5290000438690186</ns3:Speed>
              </ns3:TPX>
            </Extensions>
          </Trackpoint>
          <Trackpoint>
            <Time>2026-02-26T19:13:39.000Z</Time>
            <Position>
              <LatitudeDegrees>51.76113747060299</LatitudeDegrees>
              <LongitudeDegrees>-0.24811036884784698</LongitudeDegrees>
            </Position>
            <AltitudeMeters>77.80000305175781</AltitudeMeters>
            <DistanceMeters>91.02999877929688</DistanceMeters>
            <HeartRateBpm>
              <Value>105</Value>
            </HeartRateBpm>
            <Extensions>
              <ns3:TPX>
                <ns3:Speed>1.1380000114440918</ns3:Speed>
              </ns3:TPX>
            </Extensions>
          </Trackpoint>
          <Trackpoint>
            <Time>2026-02-26T19:13:40.000Z</Time>
            <Position>
              <LatitudeDegrees>51.76114576868713</LatitudeDegrees>
              <LongitudeDegrees>-0.24810056202113628</LongitudeDegrees>
            </Position>
            <AltitudeMeters>77.80000305175781</AltitudeMeters>
            <DistanceMeters>92.05999755859375</DistanceMeters>
            <HeartRateBpm>
              <Value>106</Value>
            </HeartRateBpm>
            <Extensions>
              <ns3:TPX>
                <ns3:Speed>1.0640000104904175</ns3:Speed>
              </ns3:TPX>
            </Extensions>
          </Trackpoint>
          <Trackpoint>
            <Time>2026-02-26T19:13:44.000Z</Time>
            <Position>
              <LatitudeDegrees>51.76119304262102</LatitudeDegrees>
              <LongitudeDegrees>-0.24806569330394268</LongitudeDegrees>
            </Position>
            <AltitudeMeters>77.5999984741211</AltitudeMeters>
            <DistanceMeters>94.51000213623047</DistanceMeters>
            <HeartRateBpm>
              <Value>109</Value>
            </HeartRateBpm>
            <Extensions>
              <ns3:TPX>
                <ns3:Speed>0.9890000224113464</ns3:Speed>
              </ns3:TPX>
            </Extensions>
          </Trackpoint>
          <Trackpoint>
            <Time>2026-02-26T19:13:54.000Z</Time>
            <Position>
              <LatitudeDegrees>51.76136855967343</LatitudeDegrees>
              <LongitudeDegrees>-0.2479362767189741</LongitudeDegrees>
            </Position>
            <AltitudeMeters>77.80000305175781</AltitudeMeters>
            <DistanceMeters>102.62999725341797</DistanceMeters>
            <HeartRateBpm>
              <Value>108</Value>
            </HeartRateBpm>
            <Extensions>
              <ns3:TPX>
                <ns3:Speed>0.9800000190734863</ns3:Speed>
              </ns3:TPX>
            </Extensions>
          </Trackpoint>
          <Trackpoint>
            <Time>2026-02-26T19:13:57.000Z</Time>
            <Position>
              <LatitudeDegrees>51.761393789201975</LatitudeDegrees>
              <LongitudeDegrees>-0.24790635332465172</LongitudeDegrees>
            </Position>
            <AltitudeMeters>77.5999984741211</AltitudeMeters>
            <DistanceMeters>105.98999786376953</DistanceMeters>
            <HeartRateBpm>
              <Value>108</Value>
            </HeartRateBpm>
            <Extensions>
              <ns3:TPX>
                <ns3:Speed>1.0920000076293945</ns3:Speed>
              </ns3:TPX>
            </Extensions>
          </Trackpoint>
          <Trackpoint>
            <Time>2026-02-26T19:14:02.000Z</Time>
            <Position>
              <LatitudeDegrees>51.761498395353556</LatitudeDegrees>
              <LongitudeDegrees>-0.24789906106889248</LongitudeDegrees>
            </Position>
            <AltitudeMeters>77.5999984741211</AltitudeMeters>
            <DistanceMeters>122.5</DistanceMeters>
            <HeartRateBpm>
              <Value>108</Value>
            </HeartRateBpm>
            <Extensions>
              <ns3:TPX>
                <ns3:Speed>1.9220000505447388</ns3:Speed>
              </ns3:TPX>
            </Extensions>
          </Trackpoint>
          <Trackpoint>
            <Time>2026-02-26T19:14:05.000Z</Time>
            <Position>
              <LatitudeDegrees>51.76162554882467</LatitudeDegrees>
              <LongitudeDegrees>-0.24797500111162663</LongitudeDegrees>
            </Position>
            <AltitudeMeters>77.4000015258789</AltitudeMeters>
            <DistanceMeters>144.77000427246094</DistanceMeters>
            <HeartRateBpm>
              <Value>109</Value>
            </HeartRateBpm>
            <Extensions>
              <ns3:TPX>
                <ns3:Speed>1.399999976158142</ns3:Speed>
              </ns3:TPX>
            </Extensions>
          </Trackpoint>
          <Trackpoint>
            <Time>2026-02-26T19:14:06.000Z</Time>
            <Position>
              <LatitudeDegrees>51.7616256326437</LatitudeDegrees>
              <LongitudeDegrees>-0.24797768332064152</LongitudeDegrees>
            </Position>
            <AltitudeMeters>77.4000015258789</AltitudeMeters>
            <DistanceMeters>144.77000427246094</DistanceMeters>
            <HeartRateBpm>
              <Value>110</Value>
            </HeartRateBpm>
            <Extensions>
              <ns3:TPX>
                <ns3:Speed>1.399999976158142</ns3:Speed>
              </ns3:TPX>
            </Extensions>
          </Trackpoint>
          <Trackpoint>
            <Time>2026-02-26T19:14:07.000Z</Time>
            <Position>
              <LatitudeDegrees>51.761627392843366</LatitudeDegrees>
              <LongitudeDegrees>-0.24798338301479816</LongitudeDegrees>
            </Position>
            <AltitudeMeters>77.4000015258789</AltitudeMeters>
            <DistanceMeters>144.77000427246094</DistanceMeters>
            <HeartRateBpm>
              <Value>111</Value>
            </HeartRateBpm>
            <Extensions>
              <ns3:TPX>
                <ns3:Speed>2.193000078201294</ns3:Speed>
              </ns3:TPX>
            </Extensions>
          </Trackpoint>
          <Trackpoint>
            <Time>2026-02-26T19:14:09.000Z</Time>
            <Position>
              <LatitudeDegrees>51.76163502037525</LatitudeDegrees>
              <LongitudeDegrees>-0.24799159727990627</LongitudeDegrees>
            </Position>
            <AltitudeMeters>77.5999984741211</AltitudeMeters>
            <DistanceMeters>144.77000427246094</DistanceMeters>
            <HeartRateBpm>
              <Value>111</Value>
            </HeartRateBpm>
            <Extensions>
              <ns3:TPX>
                <ns3:Speed>1.9780000448226929</ns3:Speed>
              </ns3:TPX>
            </Extensions>
          </Trackpoint>
          <Trackpoint>
            <Time>2026-02-26T19:14:13.000Z</Time>
            <Position>
              <LatitudeDegrees>51.761624459177256</LatitudeDegrees>
              <LongitudeDegrees>-0.24797516874969006</LongitudeDegrees>
            </Position>
            <AltitudeMeters>77.4000015258789</AltitudeMeters>
            <DistanceMeters>146.1300048828125</DistanceMeters>
            <HeartRateBpm>
              <Value>112</Value>
            </HeartRateBpm>
            <Extensions>
              <ns3:TPX>
                <ns3:Speed>1.0540000200271606</ns3:Speed>
              </ns3:TPX>
            </Extensions>
          </Trackpoint>
          <Trackpoint>
            <Time>2026-02-26T19:14:14.000Z</Time>
            <Position>
              <LatitudeDegrees>51.7616309132427</LatitudeDegrees>
              <LongitudeDegrees>-0.24797994643449783</LongitudeDegrees>
            </Position>
            <AltitudeMeters>77.4000015258789</AltitudeMeters>
            <DistanceMeters>146.1300048828125</DistanceMeters>
            <HeartRateBpm>
              <Value>113</Value>
            </HeartRateBpm>
            <Extensions>
              <ns3:TPX>
                <ns3:Speed>0.8960000276565552</ns3:Speed>
              </ns3:TPX>
            </Extensions>
          </Trackpoint>
          <Trackpoint>
            <Time>2026-02-26T19:14:19.000Z</Time>
            <Position>
              <LatitudeDegrees>51.76162211224437</LatitudeDegrees>
              <LongitudeDegrees>-0.24793853983283043</LongitudeDegrees>
            </Position>
            <AltitudeMeters>77.4000015258789</AltitudeMeters>
            <DistanceMeters>148.27000427246094</DistanceMeters>
            <HeartRateBpm>
              <Value>111</Value>
            </HeartRateBpm>
            <Extensions>
              <ns3:TPX>
                <ns3:Speed>0.0</ns3:Speed>
              </ns3:TPX>
            </Extensions>
          </Trackpoint>
          <Trackpoint>
            <Time>2026-02-26T19:14:22.000Z</Time>
            <Position>
              <LatitudeDegrees>51.76161582581699</LatitudeDegrees>
              <LongitudeDegrees>-0.24791146628558636</LongitudeDegrees>
            </Position>
            <AltitudeMeters>77.19999694824219</AltitudeMeters>
            <DistanceMeters>150.61000061035156</DistanceMeters>
            <HeartRateBpm>
              <Value>108</Value>
            </HeartRateBpm>
            <Extensions>
              <ns3:TPX>
                <ns3:Speed>0.6340000033378601</ns3:Speed>
              </ns3:TPX>
            </Extensions>
          </Trackpoint>
          <Trackpoint>
            <Time>2026-02-26T19:14:25.000Z</Time>
            <Position>
              <LatitudeDegrees>51.7616116348654</LatitudeDegrees>
              <LongitudeDegrees>-0.24788908660411835</LongitudeDegrees>
            </Position>
            <AltitudeMeters>77.19999694824219</AltitudeMeters>
            <DistanceMeters>151.50999450683594</DistanceMeters>
            <HeartRateBpm>
              <Value>106</Value>
            </HeartRateBpm>
            <Extensions>
              <ns3:TPX>
                <ns3:Speed>0.8299999833106995</ns3:Speed>
              </ns3:TPX>
            </Extensions>
          </Trackpoint>
          <Trackpoint>
            <Time>2026-02-26T19:14:32.000Z</Time>
            <Position>
              <LatitudeDegrees>51.761614652350545</LatitudeDegrees>
              <LongitudeDegrees>-0.24783083237707615</LongitudeDegrees>
            </Position>
            <AltitudeMeters>77.5999984741211</AltitudeMeters>
            <DistanceMeters>155.60000610351562</DistanceMeters>
            <HeartRateBpm>
              <Value>105</Value>
            </HeartRateBpm>
            <Extensions>
              <ns3:TPX>
                <ns3:Speed>1.0260000228881836</ns3:Speed>
              </ns3:TPX>
            </Extensions>
          </Trackpoint>
          <Trackpoint>
            <Time>2026-02-26T19:14:38.000Z</Time>
            <Position>
              <LatitudeDegrees>51.76164021715522</LatitudeDegrees>
              <LongitudeDegrees>-0.24776503443717957</LongitudeDegrees>
            </Position>
            <AltitudeMeters>77.4000015258789</AltitudeMeters>
            <DistanceMeters>159.47000122070312</DistanceMeters>
            <HeartRateBpm>
              <Value>104</Value>
            </HeartRateBpm>
            <Extensions>
              <ns3:TPX>
                <ns3:Speed>0.6620000004768372</ns3:Speed>
              </ns3:TPX>
            </Extensions>
          </Trackpoint>
          <Trackpoint>
            <Time>2026-02-26T19:14:43.000Z</Time>
            <Position>
              <LatitudeDegrees>51.76166083663702</LatitudeDegrees>
              <LongitudeDegrees>-0.2477081213146448</LongitudeDegrees>
            </Position>
            <AltitudeMeters>77.4000015258789</AltitudeMeters>
            <DistanceMeters>164.33999633789062</DistanceMeters>
            <HeartRateBpm>
              <Value>102</Value>
            </HeartRateBpm>
            <Extensions>
              <ns3:TPX>
                <ns3:Speed>0.7459999918937683</ns3:Speed>
              </ns3:TPX>
            </Extensions>
          </Trackpoint>
          <Trackpoint>
            <Time>2026-02-26T19:14:51.000Z</Time>
            <Position>
              <LatitudeDegrees>51.76168321631849</LatitudeDegrees>
              <LongitudeDegrees>-0.2476018387824297</LongitudeDegrees>
            </Position>
            <AltitudeMeters>77.19999694824219</AltitudeMeters>
            <DistanceMeters>171.67999267578125</DistanceMeters>
            <HeartRateBpm>
              <Value>101</Value>
            </HeartRateBpm>
            <Extensions>
              <ns3:TPX>
                <ns3:Speed>0.8769999742507935</ns3:Speed>
              </ns3:TPX>
            </Extensions>
          </Trackpoint>
          <Trackpoint>
            <Time>2026-02-26T19:15:00.000Z</Time>
            <Position>
              <LatitudeDegrees>51.76170718856156</LatitudeDegrees>
              <LongitudeDegrees>-0.24745331145823002</LongitudeDegrees>
            </Position>
            <AltitudeMeters>77.4000015258789</AltitudeMeters>
            <DistanceMeters>181.85000610351562</DistanceMeters>
            <HeartRateBpm>
              <Value>100</Value>
            </HeartRateBpm>
            <Extensions>
              <ns3:TPX>
                <ns3:Speed>1.0260000228881836</ns3:Speed>
              </ns3:TPX>
            </Extensions>
          </Trackpoint>
          <Trackpoint>
            <Time>2026-02-26T19:15:07.000Z</Time>
            <Position>
              <LatitudeDegrees>51.76177809946239</LatitudeDegrees>
              <LongitudeDegrees>-0.24726999923586845</LongitudeDegrees>
            </Position>
            <AltitudeMeters>77.80000305175781</AltitudeMeters>
            <DistanceMeters>193.9499969482422</DistanceMeters>
            <HeartRateBpm>
              <Value>99</Value>
            </HeartRateBpm>
            <Extensions>
              <ns3:TPX>
                <ns3:Speed>1.2319999933242798</ns3:Speed>
              </ns3:TPX>
            </Extensions>
          </Trackpoint>
          <Trackpoint>
            <Time>2026-02-26T19:15:13.000Z</Time>
            <Position>
              <LatitudeDegrees>51.7618568893522</LatitudeDegrees>
              <LongitudeDegrees>-0.24705274030566216</LongitudeDegrees>
            </Position>
            <AltitudeMeters>77.80000305175781</AltitudeMeters>
            <DistanceMeters>213.7100067138672</DistanceMeters>
            <HeartRateBpm>
              <Value>102</Value>
            </HeartRateBpm>
            <Extensions>
              <ns3:TPX>
                <ns3:Speed>2.743000030517578</ns3:Speed>
              </ns3:TPX>
            </Extensions>
          </Trackpoint>
          <Trackpoint>
            <Time>2026-02-26T19:15:14.000Z</Time>
            <Position>
              <LatitudeDegrees>51.76186426542699</LatitudeDegrees>
              <LongitudeDegrees>-0.24701954796910286</LongitudeDegrees>
            </Position>
            <AltitudeMeters>77.80000305175781</AltitudeMeters>
            <DistanceMeters>216.30999755859375</DistanceMeters>
            <HeartRateBpm>
              <Value>103</Value>
            </HeartRateBpm>
            <Extensions>
              <ns3:TPX>
                <ns3:Speed>2.743000030517578</ns3:Speed>
              </ns3:TPX>
            </Extensions>
          </Trackpoint>
          <Trackpoint>
            <Time>2026-02-26T19:15:17.000Z</Time>
            <Position>
              <LatitudeDegrees>51.76186426542699</LatitudeDegrees>
              <LongitudeDegrees>-0.24694008752703667</LongitudeDegrees>
            </Position>
            <AltitudeMeters>77.5999984741211</AltitudeMeters>
            <DistanceMeters>225.7899932861328</DistanceMeters>
            <HeartRateBpm>
              <Value>106</Value>
            </HeartRateBpm>
            <Extensions>
              <ns3:TPX>
                <ns3:Speed>2.7899999618530273</ns3:Speed>
              </ns3:TPX>
            </Extensions>
          </Trackpoint>
          <Trackpoint>
            <Time>2026-02-26T19:15:20.000Z</Time>
            <Position>
              <LatitudeDegrees>51.761844316497445</LatitudeDegrees>
              <LongitudeDegrees>-0.24695073254406452</LongitudeDegrees>
            </Position>
            <AltitudeMeters>77.80000305175781</AltitudeMeters>
            <DistanceMeters>227.6999969482422</DistanceMeters>
            <HeartRateBpm>
              <Value>108</Value>
            </HeartRateBpm>
            <Extensions>
              <ns3:TPX>
                <ns3:Speed>2.677999973297119</ns3:Speed>
              </ns3:TPX>
            </Extensions>
          </Trackpoint>
          <Trackpoint>
            <Time>2026-02-26T19:15:26.000Z</Time>
            <Position>
              <LatitudeDegrees>51.76180592738092</LatitudeDegrees>
              <LongitudeDegrees>-0.24700630456209183</LongitudeDegrees>
            </Position>
            <AltitudeMeters>77.4000015258789</AltitudeMeters>
            <DistanceMeters>229.8800048828125</DistanceMeters>
            <HeartRateBpm>
              <Value>109</Value>
            </HeartRateBpm>
            <Extensions>
              <ns3:TPX>
                <ns3:Speed>1.399999976158142</ns3:Speed>
              </ns3:TPX>
            </Extensions>
          </Trackpoint>
          <Trackpoint>
            <Time>2026-02-26T19:15:30.000Z</Time>
            <Position>
              <LatitudeDegrees>51.761792516335845</LatitudeDegrees>
              <LongitudeDegrees>-0.24695844389498234</LongitudeDegrees>
            </Position>
            <AltitudeMeters>77.19999694824219</AltitudeMeters>
            <DistanceMeters>235.33999633789062</DistanceMeters>
            <HeartRateBpm>
              <Value>109</Value>
            </HeartRateBpm>
            <Extensions>
              <ns3:TPX>
                <ns3:Speed>1.4279999732971191</ns3:Speed>
              </ns3:TPX>
            </Extensions>
          </Trackpoint>
          <Trackpoint>
            <Time>2026-02-26T19:15:32.000Z</Time>
            <Position>
              <LatitudeDegrees>51.76180433481932</LatitudeDegrees>
              <LongitudeDegrees>-0.24692432954907417</LongitudeDegrees>
            </Position>
            <AltitudeMeters>77.19999694824219</AltitudeMeters>
            <DistanceMeters>237.3000030517578</DistanceMeters>
            <HeartRateBpm>
              <Value>110</Value>
            </HeartRateBpm>
            <Extensions>
              <ns3:TPX>
                <ns3:Speed>1.399999976158142</ns3:Speed>
              </ns3:TPX>
            </Extensions>
          </Trackpoint>
          <Trackpoint>
            <Time>2026-02-26T19:15:39.000Z</Time>
            <Position>
              <LatitudeDegrees>51.761806681752205</LatitudeDegrees>
              <LongitudeDegrees>-0.24682894349098206</LongitudeDegrees>
            </Position>
            <AltitudeMeters>77.5999984741211</AltitudeMeters>
            <DistanceMeters>244.3300018310547</DistanceMeters>
            <HeartRateBpm>
              <Value>109</Value>
            </HeartRateBpm>
            <Extensions>
              <ns3:TPX>
                <ns3:Speed>1.315999984741211</ns3:Speed>
              </ns3:TPX>
            </Extensions>
          </Trackpoint>
          <Trackpoint>
            <Time>2026-02-26T19:15:45.000Z</Time>
            <Position>
              <LatitudeDegrees>51.76180383190513</LatitudeDegrees>
              <LongitudeDegrees>-0.24676121771335602</LongitudeDegrees>
            </Position>
            <AltitudeMeters>77.4000015258789</AltitudeMeters>
            <DistanceMeters>249.02000427246094</DistanceMeters>
            <HeartRateBpm>
              <Value>107</Value>
            </HeartRateBpm>
            <Extensions>
              <ns3:TPX>
                <ns3:Speed>1.1100000143051147</ns3:Speed>
              </ns3:TPX>
            </Extensions>
          </Trackpoint>
          <Trackpoint>
            <Time>2026-02-26T19:15:52.000Z</Time>
            <Position>
              <LatitudeDegrees>51.76178924739361</LatitudeDegrees>
              <LongitudeDegrees>-0.24666289798915386</LongitudeDegrees>
            </Position>
            <AltitudeMeters>79.0</AltitudeMeters>
            <DistanceMeters>255.72999572753906</DistanceMeters>
            <HeartRateBpm>
              <Value>107</Value>
            </HeartRateBpm>
            <Extensions>
              <ns3:TPX>
                <ns3:Speed>0.9419999718666077</ns3:Speed>
              </ns3:TPX>
            </Extensions>
          </Trackpoint>
          <Trackpoint>
            <Time>2026-02-26T19:15:53.000Z</Time>
            <Position>
              <LatitudeDegrees>51.76178740337491</LatitudeDegrees>
              <LongitudeDegrees>-0.24664714001119137</LongitudeDegrees>
            </Position>
            <AltitudeMeters>79.0</AltitudeMeters>
            <DistanceMeters>256.82000732421875</DistanceMeters>
            <HeartRateBpm>
              <Value>107</Value>
            </HeartRateBpm>
            <Extensions>
              <ns3:TPX>
                <ns3:Speed>0.9240000247955322</ns3:Speed>
              </ns3:TPX>
            </Extensions>
          </Trackpoint>
          <Trackpoint>
            <Time>2026-02-26T19:15:57.000Z</Time>
            <Position>
              <LatitudeDegrees>51.7617794405669</LatitudeDegrees>
              <LongitudeDegrees>-0.24658067151904106</LongitudeDegrees>
            </Position>
            <AltitudeMeters>78.4000015258789</AltitudeMeters>
            <DistanceMeters>261.20001220703125</DistanceMeters>
            <HeartRateBpm>
              <Value>110</Value>
            </HeartRateBpm>
            <Extensions>
              <ns3:TPX>
                <ns3:Speed>0.9610000252723694</ns3:Speed>
              </ns3:TPX>
            </Extensions>
          </Trackpoint>
          <Trackpoint>
            <Time>2026-02-26T19:15:59.000Z</Time>
            <Position>
              <LatitudeDegrees>51.7617757525295</LatitudeDegrees>
              <LongitudeDegrees>-0.2465394325554371</LongitudeDegrees>
            </Position>
            <AltitudeMeters>78.0</AltitudeMeters>
            <DistanceMeters>264.79998779296875</DistanceMeters>
            <HeartRateBpm>
              <Value>111</Value>
            </HeartRateBpm>
            <Extensions>
              <ns3:TPX>
                <ns3:Speed>0.9700000286102295</ns3:Speed>
              </ns3:TPX>
            </Extensions>
          </Trackpoint>
          <Trackpoint>
            <Time>2026-02-26T19:16:02.000Z</Time>
            <Position>
              <LatitudeDegrees>51.76177223213017</LatitudeDegrees>
              <LongitudeDegrees>-0.24651135317981243</LongitudeDegrees>
            </Position>
            <AltitudeMeters>77.5999984741211</AltitudeMeters>
            <DistanceMeters>266.54998779296875</DistanceMeters>
            <HeartRateBpm>
              <Value>110</Value>
            </HeartRateBpm>
            <Extensions>
              <ns3:TPX>
                <ns3:Speed>1.0260000228881836</ns3:Speed>
              </ns3:TPX>
            </Extensions>
          </Trackpoint>
          <Trackpoint>
            <Time>2026-02-26T19:16:10.000Z</Time>
            <Position>
              <LatitudeDegrees>51.76173560321331</LatitudeDegrees>
              <LongitudeDegrees>-0.24642015807330608</LongitudeDegrees>
            </Position>
            <AltitudeMeters>78.0</AltitudeMeters>
            <DistanceMeters>274.4700012207031</DistanceMeters>
            <HeartRateBpm>
              <Value>108</Value>
            </HeartRateBpm>
            <Extensions>
              <ns3:TPX>
                <ns3:Speed>1.0260000228881836</ns3:Speed>
              </ns3:TPX>
            </Extensions>
          </Trackpoint>
          <Trackpoint>
            <Time>2026-02-26T19:16:16.000Z</Time>
            <Position>
              <LatitudeDegrees>51.761669805273414</LatitudeDegrees>
              <LongitudeDegrees>-0.24635033681988716</LongitudeDegrees>
            </Position>
            <AltitudeMeters>77.5999984741211</AltitudeMeters>
            <DistanceMeters>282.7300109863281</DistanceMeters>
            <HeartRateBpm>
              <Value>109</Value>
            </HeartRateBpm>
            <Extensions>
              <ns3:TPX>
                <ns3:Speed>1.0360000133514404</ns3:Speed>
              </ns3:TPX>
            </Extensions>
          </Trackpoint>
          <Trackpoint>
            <Time>2026-02-26T19:16:22.000Z</Time>
            <Position>
              <LatitudeDegrees>51.76164851523936</LatitudeDegrees>
              <LongitudeDegrees>-0.24628923274576664</LongitudeDegrees>
            </Position>
            <AltitudeMeters>77.5999984741211</AltitudeMeters>
            <DistanceMeters>288.1499938964844</DistanceMeters>
            <HeartRateBpm>
              <Value>109</Value>
            </HeartRateBpm>
            <Extensions>
              <ns3:TPX>
                <ns3:Speed>1.0729999542236328</ns3:Speed>
              </ns3:TPX>
            </Extensions>
          </Trackpoint>
          <Trackpoint>
            <Time>2026-02-26T19:16:30.000Z</Time>
            <Position>
              <LatitudeDegrees>51.76168640144169</LatitudeDegrees>
              <LongitudeDegrees>-0.24618848226964474</LongitudeDegrees>
            </Position>
            <AltitudeMeters>77.80000305175781</AltitudeMeters>
            <DistanceMeters>295.32000732421875</DistanceMeters>
            <HeartRateBpm>
              <Value>109</Value>
            </HeartRateBpm>
            <Extensions>
              <ns3:TPX>
                <ns3:Speed>1.0449999570846558</ns3:Speed>
              </ns3:TPX>
            </Extensions>
          </Trackpoint>
          <Trackpoint>
            <Time>2026-02-26T19:16:37.000Z</Time>
            <Position>
              <LatitudeDegrees>51.76174440421164</LatitudeDegrees>
              <LongitudeDegrees>-0.24608714506030083</LongitudeDegrees>
            </Position>
            <AltitudeMeters>77.4000015258789</AltitudeMeters>
            <DistanceMeters>305.0199890136719</DistanceMeters>
            <HeartRateBpm>
              <Value>109</Value>
            </HeartRateBpm>
            <Extensions>
              <ns3:TPX>
                <ns3:Speed>1.0729999542236328</ns3:Speed>
              </ns3:TPX>
            </Extensions>
          </Trackpoint>
          <Trackpoint>
            <Time>2026-02-26T19:16:44.000Z</Time>
            <Position>
              <LatitudeDegrees>51.761777345091105</LatitudeDegrees>
              <LongitudeDegrees>-0.24601036682724953</LongitudeDegrees>
            </Position>
            <AltitudeMeters>77.80000305175781</AltitudeMeters>
            <DistanceMeters>311.989990234375</DistanceMeters>
            <HeartRateBpm>
              <Value>111</Value>
            </HeartRateBpm>
            <Extensions>
              <ns3:TPX>
                <ns3:Speed>1.0820000171661377</ns3:Speed>
              </ns3:TPX>
            </Extensions>
          </Trackpoint>
          <Trackpoint>
            <Time>2026-02-26T19:16:53.000Z</Time>
            <Position>
              <LatitudeDegrees>51.76181313581765</LatitudeDegrees>
              <LongitudeDegrees>-0.24587969295680523</LongitudeDegrees>
            </Position>
            <AltitudeMeters>78.0</AltitudeMeters>
            <DistanceMeters>321.2900085449219</DistanceMeters>
            <HeartRateBpm>
              <Value>112</Value>
            </HeartRateBpm>
            <Extensions>
              <ns3:TPX>
                <ns3:Speed>1.0640000104904175</ns3:Speed>
              </ns3:TPX>
            </Extensions>
          </Trackpoint>
          <Trackpoint>
            <Time>2026-02-26T19:17:01.000Z</Time>
            <Position>
              <LatitudeDegrees>51.76180944778025</LatitudeDegrees>
              <LongitudeDegrees>-0.24575413204729557</LongitudeDegrees>
            </Position>
            <AltitudeMeters>78.19999694824219</AltitudeMeters>
            <DistanceMeters>330.1099853515625</DistanceMeters>
            <HeartRateBpm>
              <Value>113</Value>
            </HeartRateBpm>
            <Extensions>
              <ns3:TPX>
                <ns3:Speed>1.0540000200271606</ns3:Speed>
              </ns3:TPX>
            </Extensions>
          </Trackpoint>
          <Trackpoint>
            <Time>2026-02-26T19:17:07.000Z</Time>
            <Position>
              <LatitudeDegrees>51.761789079755545</LatitudeDegrees>
              <LongitudeDegrees>-0.2457058522850275</LongitudeDegrees>
            </Position>
            <AltitudeMeters>78.0</AltitudeMeters>
            <DistanceMeters>334.0799865722656</DistanceMeters>
            <HeartRateBpm>
              <Value>112</Value>
            </HeartRateBpm>
            <Extensions>
              <ns3:TPX>
                <ns3:Speed>0.9980000257492065</ns3:Speed>
              </ns3:TPX>
            </Extensions>
          </Trackpoint>
          <Trackpoint>
            <Time>2026-02-26T19:17:15.000Z</Time>
            <Position>
              <LatitudeDegrees>51.761716324836016</LatitudeDegrees>
              <LongitudeDegrees>-0.24563628248870373</LongitudeDegrees>
            </Position>
            <AltitudeMeters>78.19999694824219</AltitudeMeters>
            <DistanceMeters>344.07000732421875</DistanceMeters>
            <HeartRateBpm>
              <Value>111</Value>
            </HeartRateBpm>
            <Extensions>
              <ns3:TPX>
                <ns3:Speed>1.0640000104904175</ns3:Speed>
              </ns3:TPX>
            </Extensions>
          </Trackpoint>
          <Trackpoint>
            <Time>2026-02-26T19:17:17.000Z</Time>
            <Position>
              <LatitudeDegrees>51.761717246845365</LatitudeDegrees>
              <LongitudeDegrees>-0.24562370963394642</LongitudeDegrees>
            </Position>
            <AltitudeMeters>78.19999694824219</AltitudeMeters>
            <DistanceMeters>344.4700012207031</DistanceMeters>
            <HeartRateBpm>
              <Value>111</Value>
            </HeartRateBpm>
            <Extensions>
              <ns3:TPX>
                <ns3:Speed>1.0080000162124634</ns3:Speed>
              </ns3:TPX>
            </Extensions>
          </Trackpoint>
          <Trackpoint>
            <Time>2026-02-26T19:17:21.000Z</Time>
            <Position>
              <LatitudeDegrees>51.76173300482333</LatitudeDegrees>
              <LongitudeDegrees>-0.24557199329137802</LongitudeDegrees>
            </Position>
            <AltitudeMeters>78.19999694824219</AltitudeMeters>
            <DistanceMeters>348.4100036621094</DistanceMeters>
            <HeartRateBpm>
              <Value>112</Value>
            </HeartRateBpm>
            <Extensions>
              <ns3:TPX>
                <ns3:Speed>0.9700000286102295</ns3:Speed>
              </ns3:TPX>
            </Extensions>
          </Trackpoint>
          <Trackpoint>
            <Time>2026-02-26T19:17:32.000Z</Time>
            <Position>
              <LatitudeDegrees>51.76174867898226</LatitudeDegrees>
              <LongitudeDegrees>-0.2453948836773634</LongitudeDegrees>
            </Position>
            <AltitudeMeters>79.19999694824219</AltitudeMeters>
            <DistanceMeters>360.8800048828125</DistanceMeters>
            <HeartRateBpm>
              <Value>113</Value>
            </HeartRateBpm>
            <Extensions>
              <ns3:TPX>
                <ns3:Speed>1.0169999599456787</ns3:Speed>
              </ns3:TPX>
            </Extensions>
          </Trackpoint>
          <Trackpoint>
            <Time>2026-02-26T19:17:33.000Z</Time>
            <Position>
              <LatitudeDegrees>51.7617482598871</LatitudeDegrees>
              <LongitudeDegrees>-0.2453769464045763</LongitudeDegrees>
            </Position>
            <AltitudeMeters>79.19999694824219</AltitudeMeters>
            <DistanceMeters>362.2200012207031</DistanceMeters>
            <HeartRateBpm>
              <Value>113</Value>
            </HeartRateBpm>
            <Extensions>
              <ns3:TPX>
                <ns3:Speed>1.0260000228881836</ns3:Speed>
              </ns3:TPX>
            </Extensions>
          </Trackpoint>
          <Trackpoint>
            <Time>2026-02-26T19:17:41.000Z</Time>
            <Position>
              <LatitudeDegrees>51.76173325628042</LatitudeDegrees>
              <LongitudeDegrees>-0.2452832367271185</LongitudeDegrees>
            </Position>
            <AltitudeMeters>78.19999694824219</AltitudeMeters>
            <DistanceMeters>368.94000244140625</DistanceMeters>
            <HeartRateBpm>
              <Value>113</Value>
            </HeartRateBpm>
            <Extensions>
              <ns3:TPX>
                <ns3:Speed>1.0360000133514404</ns3:Speed>
              </ns3:TPX>
            </Extensions>
          </Trackpoint>
          <Trackpoint>
            <Time>2026-02-26T19:17:42.000Z</Time>
            <Position>
              <LatitudeDegrees>51.76173308864236</LatitudeDegrees>
              <LongitudeDegrees>-0.24527426809072495</LongitudeDegrees>
            </Position>
            <AltitudeMeters>78.0</AltitudeMeters>
            <DistanceMeters>369.45001220703125</DistanceMeters>
            <HeartRateBpm>
              <Value>113</Value>
            </HeartRateBpm>
            <Extensions>
              <ns3:TPX>
                <ns3:Speed>1.0360000133514404</ns3:Speed>
              </ns3:TPX>
            </Extensions>
          </Trackpoint>
          <Trackpoint>
            <Time>2026-02-26T19:17:46.000Z</Time>
            <Position>
              <LatitudeDegrees>51.76170953549445</LatitudeDegrees>
              <LongitudeDegrees>-0.24523009546101093</LongitudeDegrees>
            </Position>
            <AltitudeMeters>78.4000015258789</AltitudeMeters>
            <DistanceMeters>373.6000061035156</DistanceMeters>
            <HeartRateBpm>
              <Value>118</Value>
            </HeartRateBpm>
            <Extensions>
              <ns3:TPX>
                <ns3:Speed>0.9800000190734863</ns3:Speed>
              </ns3:TPX>
            </Extensions>
          </Trackpoint>
          <Trackpoint>
            <Time>2026-02-26T19:17:48.000Z</Time>
            <Position>
              <LatitudeDegrees>51.76169050857425</LatitudeDegrees>
              <LongitudeDegrees>-0.2452310174703598</LongitudeDegrees>
            </Position>
            <AltitudeMeters>78.4000015258789</AltitudeMeters>
            <DistanceMeters>375.30999755859375</DistanceMeters>
            <HeartRateBpm>
              <Value>121</Value>
            </HeartRateBpm>
            <Extensions>
              <ns3:TPX>
                <ns3:Speed>0.9800000190734863</ns3:Speed>
              </ns3:TPX>
            </Extensions>
          </Trackpoint>
          <Trackpoint>
            <Time>2026-02-26T19:17:49.000Z</Time>
            <Position>
              <LatitudeDegrees>51.76167835481465</LatitudeDegrees>
              <LongitudeDegrees>-0.24523126892745495</LongitudeDegrees>
            </Position>
            <AltitudeMeters>78.4000015258789</AltitudeMeters>
            <DistanceMeters>376.6300048828125</DistanceMeters>
            <HeartRateBpm>
              <Value>121</Value>
            </HeartRateBpm>
            <Extensions>
              <ns3:TPX>
                <ns3:Speed>0.9800000190734863</ns3:Speed>
              </ns3:TPX>
            </Extensions>
          </Trackpoint>
          <Trackpoint>
            <Time>2026-02-26T19:17:59.000Z</Time>
            <Position>
              <LatitudeDegrees>51.76158397458494</LatitudeDegrees>
              <LongitudeDegrees>-0.24526328779757023</LongitudeDegrees>
            </Position>
            <AltitudeMeters>78.19999694824219</AltitudeMeters>
            <DistanceMeters>387.54998779296875</DistanceMeters>
            <HeartRateBpm>
              <Value>122</Value>
            </HeartRateBpm>
            <Extensions>
              <ns3:TPX>
                <ns3:Speed>1.0449999570846558</ns3:Speed>
              </ns3:TPX>
            </Extensions>
          </Trackpoint>
          <Trackpoint>
            <Time>2026-02-26T19:18:06.000Z</Time>
            <Position>
              <LatitudeDegrees>51.76152982749045</LatitudeDegrees>
              <LongitudeDegrees>-0.2452538162469864</LongitudeDegrees>
            </Position>
            <AltitudeMeters>78.4000015258789</AltitudeMeters>
            <DistanceMeters>393.55999755859375</DistanceMeters>
            <HeartRateBpm>
              <Value>121</Value>
            </HeartRateBpm>
            <Extensions>
              <ns3:TPX>
                <ns3:Speed>0.9610000252723694</ns3:Speed>
              </ns3:TPX>
            </Extensions>
          </Trackpoint>
          <Trackpoint>
            <Time>2026-02-26T19:18:14.000Z</Time>
            <Position>
              <LatitudeDegrees>51.76146034151316</LatitudeDegrees>
              <LongitudeDegrees>-0.245267478749156</LongitudeDegrees>
            </Position>
            <AltitudeMeters>78.5999984741211</AltitudeMeters>
            <DistanceMeters>401.6099853515625</DistanceMeters>
            <HeartRateBpm>
              <Value>120</Value>
            </HeartRateBpm>
            <Extensions>
              <ns3:TPX>
                <ns3:Speed>0.9700000286102295</ns3:Speed>
              </ns3:TPX>
            </Extensions>
          </Trackpoint>
          <Trackpoint>
            <Time>2026-02-26T19:18:21.000Z</Time>
            <Position>
              <LatitudeDegrees>51.7614009976387</LatitudeDegrees>
              <LongitudeDegrees>-0.24526571854948997</LongitudeDegrees>
            </Position>
            <AltitudeMeters>78.5999984741211</AltitudeMeters>
            <DistanceMeters>408.0799865722656</DistanceMeters>
            <HeartRateBpm>
              <Value>117</Value>
            </HeartRateBpm>
            <Extensions>
              <ns3:TPX>
                <ns3:Speed>0.8960000276565552</ns3:Speed>
              </ns3:TPX>
            </Extensions>
          </Trackpoint>
          <Trackpoint>
            <Time>2026-02-26T19:18:25.000Z</Time>
            <Position>
              <LatitudeDegrees>51.761370822787285</LatitudeDegrees>
              <LongitudeDegrees>-0.24525800719857216</LongitudeDegrees>
            </Position>
            <AltitudeMeters>78.80000305175781</AltitudeMeters>
            <DistanceMeters>411.8299865722656</DistanceMeters>
            <HeartRateBpm>
              <Value>116</Value>
            </HeartRateBpm>
            <Extensions>
              <ns3:TPX>
                <ns3:Speed>0.8960000276565552</ns3:Speed>
              </ns3:TPX>
            </Extensions>
          </Trackpoint>
          <Trackpoint>
            <Time>2026-02-26T19:18:33.000Z</Time>
            <Position>
              <LatitudeDegrees>51.76130703650415</LatitudeDegrees>
              <LongitudeDegrees>-0.24523881264030933</LongitudeDegrees>
            </Position>
            <AltitudeMeters>78.80000305175781</AltitudeMeters>
            <DistanceMeters>419.0</DistanceMeters>
            <HeartRateBpm>
              <Value>117</Value>
            </HeartRateBpm>
            <Extensions>
              <ns3:TPX>
                <ns3:Speed>0.9419999718666077</ns3:Speed>
              </ns3:TPX>
            </Extensions>
          </Trackpoint>
          <Trackpoint>
            <Time>2026-02-26T19:18:41.000Z</Time>
            <Position>
              <LatitudeDegrees>51.761235035955906</LatitudeDegrees>
              <LongitudeDegrees>-0.24522095918655396</LongitudeDegrees>
            </Position>
            <AltitudeMeters>78.4000015258789</AltitudeMeters>
            <DistanceMeters>427.0899963378906</DistanceMeters>
            <HeartRateBpm>
              <Value>117</Value>
            </HeartRateBpm>
            <Extensions>
              <ns3:TPX>
                <ns3:Speed>0.9800000190734863</ns3:Speed>
              </ns3:TPX>
            </Extensions>
          </Trackpoint>
          <Trackpoint>
            <Time>2026-02-26T19:18:50.000Z</Time>
            <Position>
              <LatitudeDegrees>51.7611591797322</LatitudeDegrees>
              <LongitudeDegrees>-0.24517427198588848</LongitudeDegrees>
            </Position>
            <AltitudeMeters>79.19999694824219</AltitudeMeters>
            <DistanceMeters>435.7699890136719</DistanceMeters>
            <HeartRateBpm>
              <Value>118</Value>
            </HeartRateBpm>
            <Extensions>
              <ns3:TPX>
                <ns3:Speed>0.9890000224113464</ns3:Speed>
              </ns3:TPX>
            </Extensions>
          </Trackpoint>
          <Trackpoint>
            <Time>2026-02-26T19:18:51.000Z</Time>
            <Position>
              <LatitudeDegrees>51.76114870235324</LatitudeDegrees>
              <LongitudeDegrees>-0.2451667282730341</LongitudeDegrees>
            </Position>
            <AltitudeMeters>79.4000015258789</AltitudeMeters>
            <DistanceMeters>437.3699951171875</DistanceMeters>
            <HeartRateBpm>
              <Value>118</Value>
            </HeartRateBpm>
            <Extensions>
              <ns3:TPX>
                <ns3:Speed>0.9890000224113464</ns3:Speed>
              </ns3:TPX>
            </Extensions>
          </Trackpoint>
          <Trackpoint>
            <Time>2026-02-26T19:18:57.000Z</Time>
            <Position>
              <LatitudeDegrees>51.76110972650349</LatitudeDegrees>
              <LongitudeDegrees>-0.24513714015483856</LongitudeDegrees>
            </Position>
            <AltitudeMeters>79.0</AltitudeMeters>
            <DistanceMeters>442.3800048828125</DistanceMeters>
            <HeartRateBpm>
              <Value>117</Value>
            </HeartRateBpm>
            <Extensions>
              <ns3:TPX>
                <ns3:Speed>0.9700000286102295</ns3:Speed>
              </ns3:TPX>
            </Extensions>
          </Trackpoint>
          <Trackpoint>
            <Time>2026-02-26T19:19:06.000Z</Time>
            <Position>
              <LatitudeDegrees>51.7610487062484</LatitudeDegrees>
              <LongitudeDegrees>-0.2450855914503336</LongitudeDegrees>
            </Position>
            <AltitudeMeters>79.4000015258789</AltitudeMeters>
            <DistanceMeters>450.0299987792969</DistanceMeters>
            <HeartRateBpm>
              <Value>117</Value>
            </HeartRateBpm>
            <Extensions>
              <ns3:TPX>
                <ns3:Speed>0.8960000276565552</ns3:Speed>
              </ns3:TPX>
            </Extensions>
          </Trackpoint>
          <Trackpoint>
            <Time>2026-02-26T19:19:15.000Z</Time>
            <Position>
              <LatitudeDegrees>51.76099179312587</LatitudeDegrees>
              <LongitudeDegrees>-0.2450191229581833</LongitudeDegrees>
            </Position>
            <AltitudeMeters>79.0</AltitudeMeters>
            <DistanceMeters>457.3299865722656</DistanceMeters>
            <HeartRateBpm>
              <Value>117</Value>
            </HeartRateBpm>
            <Extensions>
              <ns3:TPX>
                <ns3:Speed>0.8679999709129333</ns3:Speed>
              </ns3:TPX>
            </Extensions>
          </Trackpoint>
          <Trackpoint>
            <Time>2026-02-26T19:19:22.000Z</Time>
            <Position>
              <LatitudeDegrees>51.76094996742904</LatitudeDegrees>
              <LongitudeDegrees>-0.24493672885000706</LongitudeDegrees>
            </Position>
            <AltitudeMeters>79.19999694824219</AltitudeMeters>
            <DistanceMeters>465.3299865722656</DistanceMeters>
            <HeartRateBpm>
              <Value>117</Value>
            </HeartRateBpm>
            <Extensions>
              <ns3:TPX>
                <ns3:Speed>0.9240000247955322</ns3:Speed>
              </ns3:TPX>
            </Extensions>
          </Trackpoint>
          <Trackpoint>
            <Time>2026-02-26T19:19:30.000Z</Time>
            <Position>
              <LatitudeDegrees>51.76093437708914</LatitudeDegrees>
              <LongitudeDegrees>-0.24482734501361847</LongitudeDegrees>
            </Position>
            <AltitudeMeters>79.19999694824219</AltitudeMeters>
            <DistanceMeters>473.2099914550781</DistanceMeters>
            <HeartRateBpm>
              <Value>115</Value>
            </HeartRateBpm>
            <Extensions>
              <ns3:TPX>
                <ns3:Speed>0.9330000281333923</ns3:Speed>
              </ns3:TPX>
            </Extensions>
          </Trackpoint>
          <Trackpoint>
            <Time>2026-02-26T19:19:40.000Z</Time>
            <Position>
              <LatitudeDegrees>51.760949213057756</LatitudeDegrees>
              <LongitudeDegrees>-0.24471326731145382</LongitudeDegrees>
            </Position>
            <AltitudeMeters>79.5999984741211</AltitudeMeters>
            <DistanceMeters>481.3500061035156</DistanceMeters>
            <HeartRateBpm>
              <Value>115</Value>
            </HeartRateBpm>
            <Extensions>
              <ns3:TPX>
                <ns3:Speed>0.9240000247955322</ns3:Speed>
              </ns3:TPX>
            </Extensions>
          </Trackpoint>
          <Trackpoint>
            <Time>2026-02-26T19:19:48.000Z</Time>
            <Position>
              <LatitudeDegrees>51.76096161827445</LatitudeDegrees>
              <LongitudeDegrees>-0.24462408386170864</LongitudeDegrees>
            </Position>
            <AltitudeMeters>78.80000305175781</AltitudeMeters>
            <DistanceMeters>487.67999267578125</DistanceMeters>
            <HeartRateBpm>
              <Value>116</Value>
            </HeartRateBpm>
            <Extensions>
              <ns3:TPX>
                <ns3:Speed>0.8859999775886536</ns3:Speed>
              </ns3:TPX>
            </Extensions>
          </Trackpoint>
          <Trackpoint>
            <Time>2026-02-26T19:19:56.000Z</Time>
            <Position>
              <LatitudeDegrees>51.760966312140226</LatitudeDegrees>
              <LongitudeDegrees>-0.24452903307974339</LongitudeDegrees>
            </Position>
            <AltitudeMeters>79.80000305175781</AltitudeMeters>
            <DistanceMeters>493.8900146484375</DistanceMeters>
            <HeartRateBpm>
              <Value>117</Value>
            </HeartRateBpm>
            <Extensions>
              <ns3:TPX>
                <ns3:Speed>0.8769999742507935</ns3:Speed>
              </ns3:TPX>
            </Extensions>
          </Trackpoint>
          <Trackpoint>
            <Time>2026-02-26T19:19:58.000Z</Time>
            <Position>
              <LatitudeDegrees>51.76096589304507</LatitudeDegrees>
              <LongitudeDegrees>-0.24450916796922684</LongitudeDegrees>
            </Position>
            <AltitudeMeters>80.19999694824219</AltitudeMeters>
            <DistanceMeters>495.3699951171875</DistanceMeters>
            <HeartRateBpm>
              <Value>117</Value>
            </HeartRateBpm>
            <Extensions>
              <ns3:TPX>
                <ns3:Speed>0.8769999742507935</ns3:Speed>
              </ns3:TPX>
            </Extensions>
          </Trackpoint>
          <Trackpoint>
            <Time>2026-02-26T19:20:07.000Z</Time>
            <Position>
              <LatitudeDegrees>51.76095834933221</LatitudeDegrees>
              <LongitudeDegrees>-0.24441193789243698</LongitudeDegrees>
            </Position>
            <AltitudeMeters>79.5999984741211</AltitudeMeters>
            <DistanceMeters>502.2200012207031</DistanceMeters>
            <HeartRateBpm>
              <Value>115</Value>
            </HeartRateBpm>
            <Extensions>
              <ns3:TPX>
                <ns3:Speed>0.8399999737739563</ns3:Speed>
              </ns3:TPX>
            </Extensions>
          </Trackpoint>
          <Trackpoint>
            <Time>2026-02-26T19:20:15.000Z</Time>
            <Position>
              <LatitudeDegrees>51.76098022609949</LatitudeDegrees>
              <LongitudeDegrees>-0.2442960161715746</LongitudeDegrees>
            </Position>
            <AltitudeMeters>79.5999984741211</AltitudeMeters>
            <DistanceMeters>509.8999938964844</DistanceMeters>
            <HeartRateBpm>
              <Value>112</Value>
            </HeartRateBpm>
            <Extensions>
              <ns3:TPX>
                <ns3:Speed>0.8399999737739563</ns3:Speed>
              </ns3:TPX>
            </Extensions>
          </Trackpoint>
          <Trackpoint>
            <Time>2026-02-26T19:20:17.000Z</Time>
            <Position>
              <LatitudeDegrees>51.76098491996527</LatitudeDegrees>
              <LongitudeDegrees>-0.24425167590379715</LongitudeDegrees>
            </Position>
            <AltitudeMeters>79.80000305175781</AltitudeMeters>
            <DistanceMeters>513.4000244140625</DistanceMeters>
            <HeartRateBpm>
              <Value>112</Value>
            </HeartRateBpm>
            <Extensions>
              <ns3:TPX>
                <ns3:Speed>0.8859999775886536</ns3:Speed>
              </ns3:TPX>
            </Extensions>
          </Trackpoint>
          <Trackpoint>
            <Time>2026-02-26T19:20:27.000Z</Time>
            <Position>
              <LatitudeDegrees>51.76100159995258</LatitudeDegrees>
              <LongitudeDegrees>-0.24411169812083244</LongitudeDegrees>
            </Position>
            <AltitudeMeters>79.19999694824219</AltitudeMeters>
            <DistanceMeters>523.9299926757812</DistanceMeters>
            <HeartRateBpm>
              <Value>114</Value>
            </HeartRateBpm>
            <Extensions>
              <ns3:TPX>
                <ns3:Speed>0.9800000190734863</ns3:Speed>
              </ns3:TPX>
            </Extensions>
          </Trackpoint>
          <Trackpoint>
            <Time>2026-02-26T19:20:28.000Z</Time>
            <Position>
              <LatitudeDegrees>51.761005874723196</LatitudeDegrees>
              <LongitudeDegrees>-0.2440983708947897</LongitudeDegrees>
            </Position>
            <AltitudeMeters>79.19999694824219</AltitudeMeters>
            <DistanceMeters>525.0599975585938</DistanceMeters>
            <HeartRateBpm>
              <Value>113</Value>
            </HeartRateBpm>
            <Extensions>
              <ns3:TPX>
                <ns3:Speed>0.9890000224113464</ns3:Speed>
              </ns3:TPX>
            </Extensions>
          </Trackpoint>
          <Trackpoint>
            <Time>2026-02-26T19:20:37.000Z</Time>
            <Position>
              <LatitudeDegrees>51.761016100645065</LatitudeDegrees>
              <LongitudeDegrees>-0.2439656015485525</LongitudeDegrees>
            </Position>
            <AltitudeMeters>79.19999694824219</AltitudeMeters>
            <DistanceMeters>534.1799926757812</DistanceMeters>
            <HeartRateBpm>
              <Value>112</Value>
            </HeartRateBpm>
            <Extensions>
              <ns3:TPX>
                <ns3:Speed>0.9610000252723694</ns3:Speed>
              </ns3:TPX>
            </Extensions>
          </Trackpoint>
          <Trackpoint>
            <Time>2026-02-26T19:20:46.000Z</Time>
            <Position>
              <LatitudeDegrees>51.76102104596794</LatitudeDegrees>
              <LongitudeDegrees>-0.2438441477715969</LongitudeDegrees>
            </Position>
            <AltitudeMeters>79.0</AltitudeMeters>
            <DistanceMeters>542.6500244140625</DistanceMeters>
            <HeartRateBpm>
              <Value>111</Value>
            </HeartRateBpm>
            <Extensions>
              <ns3:TPX>
                <ns3:Speed>0.9520000219345093</ns3:Speed>
              </ns3:TPX>
            </Extensions>
          </Trackpoint>
          <Trackpoint>
            <Time>2026-02-26T19:20:52.000Z</Time>
            <Position>
              <LatitudeDegrees>51.761021884158254</LatitudeDegrees>
              <LongitudeDegrees>-0.24374851025640965</LongitudeDegrees>
            </Position>
            <AltitudeMeters>79.19999694824219</AltitudeMeters>
            <DistanceMeters>549.280029296875</DistanceMeters>
            <HeartRateBpm>
              <Value>110</Value>
            </HeartRateBpm>
            <Extensions>
              <ns3:TPX>
                <ns3:Speed>0.9890000224113464</ns3:Speed>
              </ns3:TPX>
            </Extensions>
          </Trackpoint>
          <Trackpoint>
            <Time>2026-02-26T19:21:01.000Z</Time>
            <Position>
              <LatitudeDegrees>51.761017525568604</LatitudeDegrees>
              <LongitudeDegrees>-0.24364490993320942</LongitudeDegrees>
            </Position>
            <AltitudeMeters>79.4000015258789</AltitudeMeters>
            <DistanceMeters>556.5900268554688</DistanceMeters>
            <HeartRateBpm>
              <Value>109</Value>
            </HeartRateBpm>
            <Extensions>
              <ns3:TPX>
                <ns3:Speed>0.9800000190734863</ns3:Speed>
              </ns3:TPX>
            </Extensions>
          </Trackpoint>
          <Trackpoint>
            <Time>2026-02-26T19:21:08.000Z</Time>
            <Position>
              <LatitudeDegrees>51.76101844757795</LatitudeDegrees>
              <LongitudeDegrees>-0.243549020960927</LongitudeDegrees>
            </Position>
            <AltitudeMeters>78.80000305175781</AltitudeMeters>
            <DistanceMeters>562.9000244140625</DistanceMeters>
            <HeartRateBpm>
              <Value>111</Value>
            </HeartRateBpm>
            <Extensions>
              <ns3:TPX>
                <ns3:Speed>0.9419999718666077</ns3:Speed>
              </ns3:TPX>
            </Extensions>
          </Trackpoint>
          <Trackpoint>
            <Time>2026-02-26T19:21:14.000Z</Time>
            <Position>
              <LatitudeDegrees>51.761024817824364</LatitudeDegrees>
              <LongitudeDegrees>-0.2434602566063404</LongitudeDegrees>
            </Position>
            <AltitudeMeters>78.80000305175781</AltitudeMeters>
            <DistanceMeters>569.25</DistanceMeters>
            <HeartRateBpm>
              <Value>108</Value>
            </HeartRateBpm>
            <Extensions>
              <ns3:TPX>
                <ns3:Speed>0.9700000286102295</ns3:Speed>
              </ns3:TPX>
            </Extensions>
          </Trackpoint>
          <Trackpoint>
            <Time>2026-02-26T19:21:15.000Z</Time>
            <Position>
              <LatitudeDegrees>51.76102431491017</LatitudeDegrees>
              <LongitudeDegrees>-0.24345195852220058</LongitudeDegrees>
            </Position>
            <AltitudeMeters>78.80000305175781</AltitudeMeters>
            <DistanceMeters>569.8499755859375</DistanceMeters>
            <HeartRateBpm>
              <Value>107</Value>
            </HeartRateBpm>
            <Extensions>
              <ns3:TPX>
                <ns3:Speed>0.9700000286102295</ns3:Speed>
              </ns3:TPX>
            </Extensions>
          </Trackpoint>
          <Trackpoint>
            <Time>2026-02-26T19:21:23.000Z</Time>
            <Position>
              <LatitudeDegrees>51.761042503640056</LatitudeDegrees>
              <LongitudeDegrees>-0.24333955720067024</LongitudeDegrees>
            </Position>
            <AltitudeMeters>78.80000305175781</AltitudeMeters>
            <DistanceMeters>577.9400024414062</DistanceMeters>
            <HeartRateBpm>
              <Value>106</Value>
            </HeartRateBpm>
            <Extensions>
              <ns3:TPX>
                <ns3:Speed>0.9800000190734863</ns3:Speed>
              </ns3:TPX>
            </Extensions>
          </Trackpoint>
          <Trackpoint>
            <Time>2026-02-26T19:21:32.000Z</Time>
            <Position>
              <LatitudeDegrees>51.761072343215346</LatitudeDegrees>
              <LongitudeDegrees>-0.24323143064975739</LongitudeDegrees>
            </Position>
            <AltitudeMeters>78.19999694824219</AltitudeMeters>
            <DistanceMeters>585.8599853515625</DistanceMeters>
            <HeartRateBpm>
              <Value>106</Value>
            </HeartRateBpm>
            <Extensions>
              <ns3:TPX>
                <ns3:Speed>0.9240000247955322</ns3:Speed>
              </ns3:TPX>
            </Extensions>
          </Trackpoint>
          <Trackpoint>
            <Time>2026-02-26T19:21:33.000Z</Time>
            <Position>
              <LatitudeDegrees>51.76107636652887</LatitudeDegrees>
              <LongitudeDegrees>-0.24321969598531723</LongitudeDegrees>
            </Position>
            <AltitudeMeters>78.19999694824219</AltitudeMeters>
            <DistanceMeters>587.0499877929688</DistanceMeters>
            <HeartRateBpm>
              <Value>107</Value>
            </HeartRateBpm>
            <Extensions>
              <ns3:TPX>
                <ns3:Speed>0.9240000247955322</ns3:Speed>
              </ns3:TPX>
            </Extensions>
          </Trackpoint>
          <Trackpoint>
            <Time>2026-02-26T19:21:42.000Z</Time>
            <Position>
              <LatitudeDegrees>51.76111743785441</LatitudeDegrees>
              <LongitudeDegrees>-0.24310486391186714</LongitudeDegrees>
            </Position>
            <AltitudeMeters>78.0</AltitudeMeters>
            <DistanceMeters>596.260009765625</DistanceMeters>
            <HeartRateBpm>
              <Value>107</Value>
            </HeartRateBpm>
            <Extensions>
              <ns3:TPX>
                <ns3:Speed>0.9890000224113464</ns3:Speed>
              </ns3:TPX>
            </Extensions>
          </Trackpoint>
          <Trackpoint>
            <Time>2026-02-26T19:21:50.000Z</Time>
            <Position>
              <LatitudeDegrees>51.76115155220032</LatitudeDegrees>
              <LongitudeDegrees>-0.24301995523273945</LongitudeDegrees>
            </Position>
            <AltitudeMeters>78.19999694824219</AltitudeMeters>
            <DistanceMeters>603.0700073242188</DistanceMeters>
            <HeartRateBpm>
              <Value>107</Value>
            </HeartRateBpm>
            <Extensions>
              <ns3:TPX>
                <ns3:Speed>0.9520000219345093</ns3:Speed>
              </ns3:TPX>
            </Extensions>
          </Trackpoint>
          <Trackpoint>
            <Time>2026-02-26T19:21:59.000Z</Time>
            <Position>
              <LatitudeDegrees>51.76118985749781</LatitudeDegrees>
              <LongitudeDegrees>-0.24291417561471462</LongitudeDegrees>
            </Position>
            <AltitudeMeters>78.0</AltitudeMeters>
            <DistanceMeters>611.3300170898438</DistanceMeters>
            <HeartRateBpm>
              <Value>107</Value>
            </HeartRateBpm>
            <Extensions>
              <ns3:TPX>
                <ns3:Speed>0.9330000281333923</ns3:Speed>
              </ns3:TPX>
            </Extensions>
          </Trackpoint>
          <Trackpoint>
            <Time>2026-02-26T19:22:09.000Z</Time>
            <Position>
              <LatitudeDegrees>51.7612371314317</LatitudeDegrees>
              <LongitudeDegrees>-0.24280110374093056</LongitudeDegrees>
            </Position>
            <AltitudeMeters>78.19999694824219</AltitudeMeters>
            <DistanceMeters>621.0499877929688</DistanceMeters>
            <HeartRateBpm>
              <Value>107</Value>
            </HeartRateBpm>
            <Extensions>
              <ns3:TPX>
                <ns3:Speed>0.9419999718666077</ns3:Speed>
              </ns3:TPX>
            </Extensions>
          </Trackpoint>
          <Trackpoint>
            <Time>2026-02-26T19:22:20.000Z</Time>
            <Position>
              <LatitudeDegrees>51.761286333203316</LatitudeDegrees>
              <LongitudeDegrees>-0.2426570188254118</LongitudeDegrees>
            </Position>
            <AltitudeMeters>78.4000015258789</AltitudeMeters>
            <DistanceMeters>632.7100219726562</DistanceMeters>
            <HeartRateBpm>
              <Value>108</Value>
            </HeartRateBpm>
            <Extensions>
              <ns3:TPX>
                <ns3:Speed>0.9700000286102295</ns3:Speed>
              </ns3:TPX>
            </Extensions>
          </Trackpoint>
          <Trackpoint>
            <Time>2026-02-26T19:22:30.000Z</Time>
            <Position>
              <LatitudeDegrees>51.7613301705569</LatitudeDegrees>
              <LongitudeDegrees>-0.24257009848952293</LongitudeDegrees>
            </Position>
            <AltitudeMeters>78.80000305175781</AltitudeMeters>
            <DistanceMeters>640.22998046875</DistanceMeters>
            <HeartRateBpm>
              <Value>108</Value>
            </HeartRateBpm>
            <Extensions>
              <ns3:TPX>
                <ns3:Speed>0.9419999718666077</ns3:Speed>
              </ns3:TPX>
            </Extensions>
          </Trackpoint>
          <Trackpoint>
            <Time>2026-02-26T19:22:33.000Z</Time>
            <Position>
              <LatitudeDegrees>51.76135053858161</LatitudeDegrees>
              <LongitudeDegrees>-0.24253950454294682</LongitudeDegrees>
            </Position>
            <AltitudeMeters>79.19999694824219</AltitudeMeters>
            <DistanceMeters>643.030029296875</DistanceMeters>
            <HeartRateBpm>
              <Value>108</Value>
            </HeartRateBpm>
            <Extensions>
              <ns3:TPX>
                <ns3:Speed>0.9330000281333923</ns3:Speed>
              </ns3:TPX>
            </Extensions>
          </Trackpoint>
          <Trackpoint>
            <Time>2026-02-26T19:22:41.000Z</Time>
            <Position>
              <LatitudeDegrees>51.761401165276766</LatitudeDegrees>
              <LongitudeDegrees>-0.2424316294491291</LongitudeDegrees>
            </Position>
            <AltitudeMeters>79.0</AltitudeMeters>
            <DistanceMeters>652.4099731445312</DistanceMeters>
            <HeartRateBpm>
              <Value>108</Value>
            </HeartRateBpm>
            <Extensions>
              <ns3:TPX>
                <ns3:Speed>0.9520000219345093</ns3:Speed>
              </ns3:TPX>
            </Extensions>
          </Trackpoint>
          <Trackpoint>
            <Time>2026-02-26T19:22:49.000Z</Time>
            <Position>
              <LatitudeDegrees>51.761448103934526</LatitudeDegrees>
              <LongitudeDegrees>-0.24234739132225513</LongitudeDegrees>
            </Position>
            <AltitudeMeters>78.5999984741211</AltitudeMeters>
            <DistanceMeters>661.0800170898438</DistanceMeters>
            <HeartRateBpm>
              <Value>109</Value>
            </HeartRateBpm>
            <Extensions>
              <ns3:TPX>
                <ns3:Speed>0.9800000190734863</ns3:Speed>
              </ns3:TPX>
            </Extensions>
          </Trackpoint>
          <Trackpoint>
            <Time>2026-02-26T19:22:59.000Z</Time>
            <Position>
              <LatitudeDegrees>51.76149621605873</LatitudeDegrees>
              <LongitudeDegrees>-0.24222258478403091</LongitudeDegrees>
            </Position>
            <AltitudeMeters>78.19999694824219</AltitudeMeters>
            <DistanceMeters>670.9199829101562</DistanceMeters>
            <HeartRateBpm>
              <Value>108</Value>
            </HeartRateBpm>
            <Extensions>
              <ns3:TPX>
                <ns3:Speed>0.9890000224113464</ns3:Speed>
              </ns3:TPX>
            </Extensions>
          </Trackpoint>
          <Trackpoint>
            <Time>2026-02-26T19:23:04.000Z</Time>
            <Position>
              <LatitudeDegrees>51.76151507534087</LatitudeDegrees>
              <LongitudeDegrees>-0.24216827005147934</LongitudeDegrees>
            </Position>
            <AltitudeMeters>78.19999694824219</AltitudeMeters>
            <DistanceMeters>674.7100219726562</DistanceMeters>
            <HeartRateBpm>
              <Value>105</Value>
            </HeartRateBpm>
            <Extensions>
              <ns3:TPX>
                <ns3:Speed>0.9800000190734863</ns3:Speed>
              </ns3:TPX>
            </Extensions>
          </Trackpoint>
          <Trackpoint>
            <Time>2026-02-26T19:23:08.000Z</Time>
            <Position>
              <LatitudeDegrees>51.76153510808945</LatitudeDegrees>
              <LongitudeDegrees>-0.24211177602410316</LongitudeDegrees>
            </Position>
            <AltitudeMeters>78.19999694824219</AltitudeMeters>
            <DistanceMeters>679.8200073242188</DistanceMeters>
            <HeartRateBpm>
              <Value>103</Value>
            </HeartRateBpm>
            <Extensions>
              <ns3:TPX>
                <ns3:Speed>0.9700000286102295</ns3:Speed>
              </ns3:TPX>
            </Extensions>
          </Trackpoint>
          <Trackpoint>
            <Time>2026-02-26T19:23:18.000Z</Time>
            <Position>
              <LatitudeDegrees>51.76157626323402</LatitudeDegrees>
              <LongitudeDegrees>-0.24202074855566025</LongitudeDegrees>
            </Position>
            <AltitudeMeters>78.80000305175781</AltitudeMeters>
            <DistanceMeters>687.1300048828125</DistanceMeters>
            <HeartRateBpm>
              <Value>103</Value>
            </HeartRateBpm>
            <Extensions>
              <ns3:TPX>
                <ns3:Speed>0.9610000252723694</ns3:Speed>
              </ns3:TPX>
            </Extensions>
          </Trackpoint>
          <Trackpoint>
            <Time>2026-02-26T19:23:27.000Z</Time>
            <Position>
              <LatitudeDegrees>51.761653209105134</LatitudeDegrees>
              <LongitudeDegrees>-0.24191714823246002</LongitudeDegrees>
            </Position>
            <AltitudeMeters>78.4000015258789</AltitudeMeters>
            <DistanceMeters>699.030029296875</DistanceMeters>
            <HeartRateBpm>
              <Value>102</Value>
            </HeartRateBpm>
            <Extensions>
              <ns3:TPX>
                <ns3:Speed>0.9800000190734863</ns3:Speed>
              </ns3:TPX>
            </Extensions>
          </Trackpoint>
          <Trackpoint>
            <Time>2026-02-26T19:23:32.000Z</Time>
            <Position>
              <LatitudeDegrees>51.761686988174915</LatitudeDegrees>
              <LongitudeDegrees>-0.24186392314732075</LongitudeDegrees>
            </Position>
            <AltitudeMeters>78.5999984741211</AltitudeMeters>
            <DistanceMeters>704.1300048828125</DistanceMeters>
            <HeartRateBpm>
              <Value>106</Value>
            </HeartRateBpm>
            <Extensions>
              <ns3:TPX>
                <ns3:Speed>1.0080000162124634</ns3:Speed>
              </ns3:TPX>
            </Extensions>
          </Trackpoint>
          <Trackpoint>
            <Time>2026-02-26T19:23:36.000Z</Time>
            <Position>
              <LatitudeDegrees>51.76170224323869</LatitudeDegrees>
              <LongitudeDegrees>-0.24182184599339962</LongitudeDegrees>
            </Position>
            <AltitudeMeters>79.0</AltitudeMeters>
            <DistanceMeters>707.2999877929688</DistanceMeters>
            <HeartRateBpm>
              <Value>106</Value>
            </HeartRateBpm>
            <Extensions>
              <ns3:TPX>
                <ns3:Speed>0.9980000257492065</ns3:Speed>
              </ns3:TPX>
            </Extensions>
          </Trackpoint>
          <Trackpoint>
            <Time>2026-02-26T19:23:45.000Z</Time>
            <Position>
              <LatitudeDegrees>51.76174105145037</LatitudeDegrees>
              <LongitudeDegrees>-0.24170718155801296</LongitudeDegrees>
            </Position>
            <AltitudeMeters>78.0</AltitudeMeters>
            <DistanceMeters>716.239990234375</DistanceMeters>
            <HeartRateBpm>
              <Value>107</Value>
            </HeartRateBpm>
            <Extensions>
              <ns3:TPX>
                <ns3:Speed>1.0260000228881836</ns3:Speed>
              </ns3:TPX>
            </Extensions>
          </Trackpoint>
          <Trackpoint>
            <Time>2026-02-26T19:23:53.000Z</Time>
            <Position>
              <LatitudeDegrees>51.761753456667066</LatitudeDegrees>
              <LongitudeDegrees>-0.24165429174900055</LongitudeDegrees>
            </Position>
            <AltitudeMeters>78.19999694824219</AltitudeMeters>
            <DistanceMeters>720.8499755859375</DistanceMeters>
            <HeartRateBpm>
              <Value>107</Value>
            </HeartRateBpm>
            <Extensions>
              <ns3:TPX>
                <ns3:Speed>0.8960000276565552</ns3:Speed>
              </ns3:TPX>
            </Extensions>
          </Trackpoint>
          <Trackpoint>
            <Time>2026-02-26T19:24:02.000Z</Time>
            <Position>
              <LatitudeDegrees>51.76179771311581</LatitudeDegrees>
              <LongitudeDegrees>-0.24155697785317898</LongitudeDegrees>
            </Position>
            <AltitudeMeters>78.5999984741211</AltitudeMeters>
            <DistanceMeters>729.0700073242188</DistanceMeters>
            <HeartRateBpm>
              <Value>106</Value>
            </HeartRateBpm>
            <Extensions>
              <ns3:TPX>
                <ns3:Speed>0.9610000252723694</ns3:Speed>
              </ns3:TPX>
            </Extensions>
          </Trackpoint>
          <Trackpoint>
            <Time>2026-02-26T19:24:11.000Z</Time>
            <Position>
              <LatitudeDegrees>51.761850686743855</LatitudeDegrees>
              <LongitudeDegrees>-0.24145178496837616</LongitudeDegrees>
            </Position>
            <AltitudeMeters>78.80000305175781</AltitudeMeters>
            <DistanceMeters>737.7899780273438</DistanceMeters>
            <HeartRateBpm>
              <Value>105</Value>
            </HeartRateBpm>
            <Extensions>
              <ns3:TPX>
                <ns3:Speed>0.9800000190734863</ns3:Speed>
              </ns3:TPX>
            </Extensions>
          </Trackpoint>
          <Trackpoint>
            <Time>2026-02-26T19:24:21.000Z</Time>
            <Position>
              <LatitudeDegrees>51.761916149407625</LatitudeDegrees>
              <LongitudeDegrees>-0.2413349412381649</LongitudeDegrees>
            </Position>
            <AltitudeMeters>78.0</AltitudeMeters>
            <DistanceMeters>749.0999755859375</DistanceMeters>
            <HeartRateBpm>
              <Value>105</Value>
            </HeartRateBpm>
            <Extensions>
              <ns3:TPX>
                <ns3:Speed>1.0360000133514404</ns3:Speed>
              </ns3:TPX>
            </Extensions>
          </Trackpoint>
          <Trackpoint>
            <Time>2026-02-26T19:24:29.000Z</Time>
            <Position>
              <LatitudeDegrees>51.76195219159126</LatitudeDegrees>
              <LongitudeDegrees>-0.2412276528775692</LongitudeDegrees>
            </Position>
            <AltitudeMeters>78.19999694824219</AltitudeMeters>
            <DistanceMeters>757.4000244140625</DistanceMeters>
            <HeartRateBpm>
              <Value>106</Value>
            </HeartRateBpm>
            <Extensions>
              <ns3:TPX>
                <ns3:Speed>0.9980000257492065</ns3:Speed>
              </ns3:TPX>
            </Extensions>
          </Trackpoint>
          <Trackpoint>
            <Time>2026-02-26T19:24:35.000Z</Time>
            <Position>
              <LatitudeDegrees>51.76197063177824</LatitudeDegrees>
              <LongitudeDegrees>-0.24115313775837421</LongitudeDegrees>
            </Position>
            <AltitudeMeters>78.0</AltitudeMeters>
            <DistanceMeters>762.6900024414062</DistanceMeters>
            <HeartRateBpm>
              <Value>103</Value>
            </HeartRateBpm>
            <Extensions>
              <ns3:TPX>
                <ns3:Speed>1.0080000162124634</ns3:Speed>
              </ns3:TPX>
            </Extensions>
          </Trackpoint>
          <Trackpoint>
            <Time>2026-02-26T19:24:39.000Z</Time>
            <Position>
              <LatitudeDegrees>51.76197809167206</LatitudeDegrees>
              <LongitudeDegrees>-0.2411121502518654</LongitudeDegrees>
            </Position>
            <AltitudeMeters>78.19999694824219</AltitudeMeters>
            <DistanceMeters>766.1599731445312</DistanceMeters>
            <HeartRateBpm>
              <Value>102</Value>
            </HeartRateBpm>
            <Extensions>
              <ns3:TPX>
                <ns3:Speed>1.0169999599456787</ns3:Speed>
              </ns3:TPX>
            </Extensions>
          </Trackpoint>
          <Trackpoint>
            <Time>2026-02-26T19:24:47.000Z</Time>
            <Position>
              <LatitudeDegrees>51.76201698370278</LatitudeDegrees>
              <LongitudeDegrees>-0.24103612639009953</LongitudeDegrees>
            </Position>
            <AltitudeMeters>77.5999984741211</AltitudeMeters>
            <DistanceMeters>772.5700073242188</DistanceMeters>
            <HeartRateBpm>
              <Value>105</Value>
            </HeartRateBpm>
            <Extensions>
              <ns3:TPX>
                <ns3:Speed>0.9610000252723694</ns3:Speed>
              </ns3:TPX>
            </Extensions>
          </Trackpoint>
          <Trackpoint>
            <Time>2026-02-26T19:24:55.000Z</Time>
            <Position>
              <LatitudeDegrees>51.762067191302776</LatitudeDegrees>
              <LongitudeDegrees>-0.24094191379845142</LongitudeDegrees>
            </Position>
            <AltitudeMeters>77.5999984741211</AltitudeMeters>
            <DistanceMeters>781.27001953125</DistanceMeters>
            <HeartRateBpm>
              <Value>105</Value>
            </HeartRateBpm>
            <Extensions>
              <ns3:TPX>
                <ns3:Speed>0.9520000219345093</ns3:Speed>
              </ns3:TPX>
            </Extensions>
          </Trackpoint>
          <Trackpoint>
            <Time>2026-02-26T19:25:03.000Z</Time>
            <Position>
              <LatitudeDegrees>51.76212796010077</LatitudeDegrees>
              <LongitudeDegrees>-0.2408464439213276</LongitudeDegrees>
            </Position>
            <AltitudeMeters>78.0</AltitudeMeters>
            <DistanceMeters>790.2100219726562</DistanceMeters>
            <HeartRateBpm>
              <Value>105</Value>
            </HeartRateBpm>
            <Extensions>
              <ns3:TPX>
                <ns3:Speed>0.9800000190734863</ns3:Speed>
              </ns3:TPX>
            </Extensions>
          </Trackpoint>
          <Trackpoint>
            <Time>2026-02-26T19:25:11.000Z</Time>
            <Position>
              <LatitudeDegrees>51.76217934116721</LatitudeDegrees>
              <LongitudeDegrees>-0.2407571766525507</LongitudeDegrees>
            </Position>
            <AltitudeMeters>78.0</AltitudeMeters>
            <DistanceMeters>799.239990234375</DistanceMeters>
            <HeartRateBpm>
              <Value>104</Value>
            </HeartRateBpm>
            <Extensions>
              <ns3:TPX>
                <ns3:Speed>1.0080000162124634</ns3:Speed>
              </ns3:TPX>
            </Extensions>
          </Trackpoint>
          <Trackpoint>
            <Time>2026-02-26T19:25:20.000Z</Time>
            <Position>
              <LatitudeDegrees>51.76221923902631</LatitudeDegrees>
              <LongitudeDegrees>-0.24067101068794727</LongitudeDegrees>
            </Position>
            <AltitudeMeters>78.0</AltitudeMeters>
            <DistanceMeters>806.8300170898438</DistanceMeters>
            <HeartRateBpm>
              <Value>103</Value>
            </HeartRateBpm>
            <Extensions>
              <ns3:TPX>
                <ns3:Speed>0.9330000281333923</ns3:Speed>
              </ns3:TPX>
            </Extensions>
          </Trackpoint>
          <Trackpoint>
            <Time>2026-02-26T19:25:29.000Z</Time>
            <Position>
              <LatitudeDegrees>51.76226181909442</LatitudeDegrees>
              <LongitudeDegrees>-0.2405889518558979</LongitudeDegrees>
            </Position>
            <AltitudeMeters>78.4000015258789</AltitudeMeters>
            <DistanceMeters>813.969970703125</DistanceMeters>
            <HeartRateBpm>
              <Value>102</Value>
            </HeartRateBpm>
            <Extensions>
              <ns3:TPX>
                <ns3:Speed>0.8399999737739563</ns3:Speed>
              </ns3:TPX>
            </Extensions>
          </Trackpoint>
          <Trackpoint>
            <Time>2026-02-26T19:25:32.000Z</Time>
            <Position>
              <LatitudeDegrees>51.762279169633985</LatitudeDegrees>
              <LongitudeDegrees>-0.24056137539446354</LongitudeDegrees>
            </Position>
            <AltitudeMeters>78.4000015258789</AltitudeMeters>
            <DistanceMeters>816.8900146484375</DistanceMeters>
            <HeartRateBpm>
              <Value>105</Value>
            </HeartRateBpm>
            <Extensions>
              <ns3:TPX>
                <ns3:Speed>0.8579999804496765</ns3:Speed>
              </ns3:TPX>
            </Extensions>
          </Trackpoint>
          <Trackpoint>
            <Time>2026-02-26T19:25:36.000Z</Time>
            <Position>
              <LatitudeDegrees>51.76230280660093</LatitudeDegrees>
              <LongitudeDegrees>-0.2405218966305256</LongitudeDegrees>
            </Position>
            <AltitudeMeters>78.4000015258789</AltitudeMeters>
            <DistanceMeters>820.3900146484375</DistanceMeters>
            <HeartRateBpm>
              <Value>107</Value>
            </HeartRateBpm>
            <Extensions>
              <ns3:TPX>
                <ns3:Speed>0.8579999804496765</ns3:Speed>
              </ns3:TPX>
            </Extensions>
          </Trackpoint>
          <Trackpoint>
            <Time>2026-02-26T19:25:46.000Z</Time>
            <Position>
              <LatitudeDegrees>51.76235334947705</LatitudeDegrees>
              <LongitudeDegrees>-0.24041150696575642</LongitudeDegrees>
            </Position>
            <AltitudeMeters>78.0</AltitudeMeters>
            <DistanceMeters>830.1900024414062</DistanceMeters>
            <HeartRateBpm>
              <Value>108</Value>
            </HeartRateBpm>
            <Extensions>
              <ns3:TPX>
                <ns3:Speed>0.9240000247955322</ns3:Speed>
              </ns3:TPX>
            </Extensions>
          </Trackpoint>
          <Trackpoint>
            <Time>2026-02-26T19:25:56.000Z</Time>
            <Position>
              <LatitudeDegrees>51.76240313798189</LatitudeDegrees>
              <LongitudeDegrees>-0.24030220694839954</LongitudeDegrees>
            </Position>
            <AltitudeMeters>77.5999984741211</AltitudeMeters>
            <DistanceMeters>839.4600219726562</DistanceMeters>
            <HeartRateBpm>
              <Value>106</Value>
            </HeartRateBpm>
            <Extensions>
              <ns3:TPX>
                <ns3:Speed>0.9049999713897705</ns3:Speed>
              </ns3:TPX>
            </Extensions>
          </Trackpoint>
          <Trackpoint>
            <Time>2026-02-26T19:26:06.000Z</Time>
            <Position>
              <LatitudeDegrees>51.762447226792574</LatitudeDegrees>
              <LongitudeDegrees>-0.24019810371100903</LongitudeDegrees>
            </Position>
            <AltitudeMeters>77.5999984741211</AltitudeMeters>
            <DistanceMeters>848.2000122070312</DistanceMeters>
            <HeartRateBpm>
              <Value>105</Value>
            </HeartRateBpm>
            <Extensions>
              <ns3:TPX>
                <ns3:Speed>0.9049999713897705</ns3:Speed>
              </ns3:TPX>
            </Extensions>
          </Trackpoint>
          <Trackpoint>
            <Time>2026-02-26T19:26:14.000Z</Time>
            <Position>
              <LatitudeDegrees>51.76250338554382</LatitudeDegrees>
              <LongitudeDegrees>-0.2401173859834671</LongitudeDegrees>
            </Position>
            <AltitudeMeters>77.5999984741211</AltitudeMeters>
            <DistanceMeters>856.7100219726562</DistanceMeters>
            <HeartRateBpm>
              <Value>103</Value>
            </HeartRateBpm>
            <Extensions>
              <ns3:TPX>
                <ns3:Speed>0.9240000247955322</ns3:Speed>
              </ns3:TPX>
            </Extensions>
          </Trackpoint>
          <Trackpoint>
            <Time>2026-02-26T19:26:19.000Z</Time>
            <Position>
              <LatitudeDegrees>51.762528866529465</LatitudeDegrees>
              <LongitudeDegrees>-0.24007338099181652</LongitudeDegrees>
            </Position>
            <AltitudeMeters>77.4000015258789</AltitudeMeters>
            <DistanceMeters>861.4000244140625</DistanceMeters>
            <HeartRateBpm>
              <Value>106</Value>
            </HeartRateBpm>
            <Extensions>
              <ns3:TPX>
                <ns3:Speed>0.9330000281333923</ns3:Speed>
              </ns3:TPX>
            </Extensions>
          </Trackpoint>
          <Trackpoint>
            <Time>2026-02-26T19:26:20.000Z</Time>
            <Position>
              <LatitudeDegrees>51.76253146491945</LatitudeDegrees>
              <LongitudeDegrees>-0.24006173014640808</LongitudeDegrees>
            </Position>
            <AltitudeMeters>77.4000015258789</AltitudeMeters>
            <DistanceMeters>862.219970703125</DistanceMeters>
            <HeartRateBpm>
              <Value>106</Value>
            </HeartRateBpm>
            <Extensions>
              <ns3:TPX>
                <ns3:Speed>0.9330000281333923</ns3:Speed>
              </ns3:TPX>
            </Extensions>
          </Trackpoint>
          <Trackpoint>
            <Time>2026-02-26T19:26:24.000Z</Time>
            <Position>
              <LatitudeDegrees>51.76255795173347</LatitudeDegrees>
              <LongitudeDegrees>-0.24001311510801315</LongitudeDegrees>
            </Position>
            <AltitudeMeters>77.19999694824219</AltitudeMeters>
            <DistanceMeters>865.9400024414062</DistanceMeters>
            <HeartRateBpm>
              <Value>107</Value>
            </HeartRateBpm>
            <Extensions>
              <ns3:TPX>
                <ns3:Speed>0.9240000247955322</ns3:Speed>
              </ns3:TPX>
            </Extensions>
          </Trackpoint>
          <Trackpoint>
            <Time>2026-02-26T19:26:35.000Z</Time>
            <Position>
              <LatitudeDegrees>51.76262584514916</LatitudeDegrees>
              <LongitudeDegrees>-0.23991253226995468</LongitudeDegrees>
            </Position>
            <AltitudeMeters>78.19999694824219</AltitudeMeters>
            <DistanceMeters>876.6699829101562</DistanceMeters>
            <HeartRateBpm>
              <Value>107</Value>
            </HeartRateBpm>
            <Extensions>
              <ns3:TPX>
                <ns3:Speed>0.9700000286102295</ns3:Speed>
              </ns3:TPX>
            </Extensions>
          </Trackpoint>
          <Trackpoint>
            <Time>2026-02-26T19:26:44.000Z</Time>
            <Position>
              <LatitudeDegrees>51.76267814822495</LatitudeDegrees>
              <LongitudeDegrees>-0.23982376791536808</LongitudeDegrees>
            </Position>
            <AltitudeMeters>77.80000305175781</AltitudeMeters>
            <DistanceMeters>884.9299926757812</DistanceMeters>
            <HeartRateBpm>
              <Value>109</Value>
            </HeartRateBpm>
            <Extensions>
              <ns3:TPX>
                <ns3:Speed>0.9330000281333923</ns3:Speed>
              </ns3:TPX>
            </Extensions>
          </Trackpoint>
          <Trackpoint>
            <Time>2026-02-26T19:26:54.000Z</Time>
            <Position>
              <LatitudeDegrees>51.76273397170007</LatitudeDegrees>
              <LongitudeDegrees>-0.23971237242221832</LongitudeDegrees>
            </Position>
            <AltitudeMeters>77.80000305175781</AltitudeMeters>
            <DistanceMeters>894.989990234375</DistanceMeters>
            <HeartRateBpm>
              <Value>108</Value>
            </HeartRateBpm>
            <Extensions>
              <ns3:TPX>
                <ns3:Speed>0.9419999718666077</ns3:Speed>
              </ns3:TPX>
            </Extensions>
          </Trackpoint>
          <Trackpoint>
            <Time>2026-02-26T19:27:02.000Z</Time>
            <Position>
              <LatitudeDegrees>51.76278283819556</LatitudeDegrees>
              <LongitudeDegrees>-0.23961497470736504</LongitudeDegrees>
            </Position>
            <AltitudeMeters>77.80000305175781</AltitudeMeters>
            <DistanceMeters>903.8400268554688</DistanceMeters>
            <HeartRateBpm>
              <Value>107</Value>
            </HeartRateBpm>
            <Extensions>
              <ns3:TPX>
                <ns3:Speed>0.9520000219345093</ns3:Speed>
              </ns3:TPX>
            </Extensions>
          </Trackpoint>
          <Trackpoint>
            <Time>2026-02-26T19:27:11.000Z</Time>
            <Position>
              <LatitudeDegrees>51.7628273461014</LatitudeDegrees>
              <LongitudeDegrees>-0.23952361196279526</LongitudeDegrees>
            </Position>
            <AltitudeMeters>78.19999694824219</AltitudeMeters>
            <DistanceMeters>912.0700073242188</DistanceMeters>
            <HeartRateBpm>
              <Value>106</Value>
            </HeartRateBpm>
            <Extensions>
              <ns3:TPX>
                <ns3:Speed>0.9520000219345093</ns3:Speed>
              </ns3:TPX>
            </Extensions>
          </Trackpoint>
          <Trackpoint>
            <Time>2026-02-26T19:27:20.000Z</Time>
            <Position>
              <LatitudeDegrees>51.7628757096827</LatitudeDegrees>
              <LongitudeDegrees>-0.23945890367031097</LongitudeDegrees>
            </Position>
            <AltitudeMeters>78.4000015258789</AltitudeMeters>
            <DistanceMeters>918.719970703125</DistanceMeters>
            <HeartRateBpm>
              <Value>105</Value>
            </HeartRateBpm>
            <Extensions>
              <ns3:TPX>
                <ns3:Speed>0.9419999718666077</ns3:Speed>
              </ns3:TPX>
            </Extensions>
          </Trackpoint>
          <Trackpoint>
            <Time>2026-02-26T19:27:29.000Z</Time>
            <Position>
              <LatitudeDegrees>51.76295164972544</LatitudeDegrees>
              <LongitudeDegrees>-0.239353459328413</LongitudeDegrees>
            </Position>
            <AltitudeMeters>78.0</AltitudeMeters>
            <DistanceMeters>929.989990234375</DistanceMeters>
            <HeartRateBpm>
              <Value>102</Value>
            </HeartRateBpm>
            <Extensions>
              <ns3:TPX>
                <ns3:Speed>0.9800000190734863</ns3:Speed>
              </ns3:TPX>
            </Extensions>
          </Trackpoint>
          <Trackpoint>
            <Time>2026-02-26T19:27:30.000Z</Time>
            <Position>
              <LatitudeDegrees>51.76295760087669</LatitudeDegrees>
              <LongitudeDegrees>-0.23934340104460716</LongitudeDegrees>
            </Position>
            <AltitudeMeters>78.0</AltitudeMeters>
            <DistanceMeters>930.9400024414062</DistanceMeters>
            <HeartRateBpm>
              <Value>103</Value>
            </HeartRateBpm>
            <Extensions>
              <ns3:TPX>
                <ns3:Speed>0.9890000224113464</ns3:Speed>
              </ns3:TPX>
            </Extensions>
          </Trackpoint>
          <Trackpoint>
            <Time>2026-02-26T19:27:34.000Z</Time>
            <Position>
              <LatitudeDegrees>51.76298098638654</LatitudeDegrees>
              <LongitudeDegrees>-0.23931498639285564</LongitudeDegrees>
            </Position>
            <AltitudeMeters>77.5999984741211</AltitudeMeters>
            <DistanceMeters>934.1300048828125</DistanceMeters>
            <HeartRateBpm>
              <Value>106</Value>
            </HeartRateBpm>
            <Extensions>
              <ns3:TPX>
                <ns3:Speed>0.9800000190734863</ns3:Speed>
              </ns3:TPX>
            </Extensions>
          </Trackpoint>
          <Trackpoint>
            <Time>2026-02-26T19:27:39.000Z</Time>
            <Position>
              <LatitudeDegrees>51.76301635801792</LatitudeDegrees>
              <LongitudeDegrees>-0.23927508853375912</LongitudeDegrees>
            </Position>
            <AltitudeMeters>77.4000015258789</AltitudeMeters>
            <DistanceMeters>939.0800170898438</DistanceMeters>
            <HeartRateBpm>
              <Value>106</Value>
            </HeartRateBpm>
            <Extensions>
              <ns3:TPX>
                <ns3:Speed>0.9610000252723694</ns3:Speed>
              </ns3:TPX>
            </Extensions>
          </Trackpoint>
          <Trackpoint>
            <Time>2026-02-26T19:27:47.000Z</Time>
            <Position>
              <LatitudeDegrees>51.76308089867234</LatitudeDegrees>
              <LongitudeDegrees>-0.23922563530504704</LongitudeDegrees>
            </Position>
            <AltitudeMeters>77.4000015258789</AltitudeMeters>
            <DistanceMeters>947.2899780273438</DistanceMeters>
            <HeartRateBpm>
              <Value>105</Value>
            </HeartRateBpm>
            <Extensions>
              <ns3:TPX>
                <ns3:Speed>0.9700000286102295</ns3:Speed>
              </ns3:TPX>
            </Extensions>
          </Trackpoint>
          <Trackpoint>
            <Time>2026-02-26T19:27:53.000Z</Time>
            <Position>
              <LatitudeDegrees>51.76311903633177</LatitudeDegrees>
              <LongitudeDegrees>-0.23917458951473236</LongitudeDegrees>
            </Position>
            <AltitudeMeters>78.4000015258789</AltitudeMeters>
            <DistanceMeters>952.5700073242188</DistanceMeters>
            <HeartRateBpm>
              <Value>104</Value>
            </HeartRateBpm>
            <Extensions>
              <ns3:TPX>
                <ns3:Speed>0.9610000252723694</ns3:Speed>
              </ns3:TPX>
            </Extensions>
          </Trackpoint>
          <Trackpoint>
            <Time>2026-02-26T19:27:56.000Z</Time>
            <Position>
              <LatitudeDegrees>51.76314577460289</LatitudeDegrees>
              <LongitudeDegrees>-0.2391605917364359</LongitudeDegrees>
            </Position>
            <AltitudeMeters>78.19999694824219</AltitudeMeters>
            <DistanceMeters>955.3300170898438</DistanceMeters>
            <HeartRateBpm>
              <Value>106</Value>
            </HeartRateBpm>
            <Extensions>
              <ns3:TPX>
                <ns3:Speed>0.9610000252723694</ns3:Speed>
              </ns3:TPX>
            </Extensions>
          </Trackpoint>
          <Trackpoint>
            <Time>2026-02-26T19:27:59.000Z</Time>
            <Position>
              <LatitudeDegrees>51.763176368549466</LatitudeDegrees>
              <LongitudeDegrees>-0.23913980461657047</LongitudeDegrees>
            </Position>
            <AltitudeMeters>78.19999694824219</AltitudeMeters>
            <DistanceMeters>959.3800048828125</DistanceMeters>
            <HeartRateBpm>
              <Value>109</Value>
            </HeartRateBpm>
            <Extensions>
              <ns3:TPX>
                <ns3:Speed>0.9520000219345093</ns3:Speed>
              </ns3:TPX>
            </Extensions>
          </Trackpoint>
          <Trackpoint>
            <Time>2026-02-26T19:28:03.000Z</Time>
            <Position>
              <LatitudeDegrees>51.76320838741958</LatitudeDegrees>
              <LongitudeDegrees>-0.23910820484161377</LongitudeDegrees>
            </Position>
            <AltitudeMeters>78.0</AltitudeMeters>
            <DistanceMeters>963.3699951171875</DistanceMeters>
            <HeartRateBpm>
              <Value>111</Value>
            </HeartRateBpm>
            <Extensions>
              <ns3:TPX>
                <ns3:Speed>0.9520000219345093</ns3:Speed>
              </ns3:TPX>
            </Extensions>
          </Trackpoint>
          <Trackpoint>
            <Time>2026-02-26T19:28:12.000Z</Time>
            <Position>
              <LatitudeDegrees>51.76326739601791</LatitudeDegrees>
              <LongitudeDegrees>-0.23904919624328613</LongitudeDegrees>
            </Position>
            <AltitudeMeters>78.4000015258789</AltitudeMeters>
            <DistanceMeters>971.3900146484375</DistanceMeters>
            <HeartRateBpm>
              <Value>114</Value>
            </HeartRateBpm>
            <Extensions>
              <ns3:TPX>
                <ns3:Speed>0.9610000252723694</ns3:Speed>
              </ns3:TPX>
            </Extensions>
          </Trackpoint>
          <Trackpoint>
            <Time>2026-02-26T19:28:21.000Z</Time>
            <Position>
              <LatitudeDegrees>51.7633403185755</LatitudeDegrees>
              <LongitudeDegrees>-0.2389880083501339</LongitudeDegrees>
            </Position>
            <AltitudeMeters>78.19999694824219</AltitudeMeters>
            <DistanceMeters>980.4000244140625</DistanceMeters>
            <HeartRateBpm>
              <Value>116</Value>
            </HeartRateBpm>
            <Extensions>
              <ns3:TPX>
                <ns3:Speed>0.9700000286102295</ns3:Speed>
              </ns3:TPX>
            </Extensions>
          </Trackpoint>
          <Trackpoint>
            <Time>2026-02-26T19:28:27.000Z</Time>
            <Position>
              <LatitudeDegrees>51.763384994119406</LatitudeDegrees>
              <LongitudeDegrees>-0.23894542828202248</LongitudeDegrees>
            </Position>
            <AltitudeMeters>78.19999694824219</AltitudeMeters>
            <DistanceMeters>986.2000122070312</DistanceMeters>
            <HeartRateBpm>
              <Value>117</Value>
            </HeartRateBpm>
            <Extensions>
              <ns3:TPX>
                <ns3:Speed>0.9700000286102295</ns3:Speed>
              </ns3:TPX>
            </Extensions>
          </Trackpoint>
          <Trackpoint>
            <Time>2026-02-26T19:28:35.000Z</Time>
            <Position>
              <LatitudeDegrees>51.763427490368485</LatitudeDegrees>
              <LongitudeDegrees>-0.23888709023594856</LongitudeDegrees>
            </Position>
            <AltitudeMeters>78.19999694824219</AltitudeMeters>
            <DistanceMeters>992.4400024414062</DistanceMeters>
            <HeartRateBpm>
              <Value>116</Value>
            </HeartRateBpm>
            <Extensions>
              <ns3:TPX>
                <ns3:Speed>0.9419999718666077</ns3:Speed>
              </ns3:TPX>
            </Extensions>
          </Trackpoint>
          <Trackpoint>
            <Time>2026-02-26T19:28:44.000Z</Time>
            <Position>
              <LatitudeDegrees>51.76349764689803</LatitudeDegrees>
              <LongitudeDegrees>-0.23882112465798855</LongitudeDegrees>
            </Position>
            <AltitudeMeters>78.4000015258789</AltitudeMeters>
            <DistanceMeters>1000.8499755859375</DistanceMeters>
            <HeartRateBpm>
              <Value>115</Value>
            </HeartRateBpm>
            <Extensions>
              <ns3:TPX>
                <ns3:Speed>0.9419999718666077</ns3:Speed>
              </ns3:TPX>
            </Extensions>
          </Trackpoint>
        </Track>
        <Extensions>
          <ns3:LX>
            <ns3:AvgSpeed>0.9950000047683716</ns3:AvgSpeed>
            <ns3:AvgRunCadence>37</ns3:AvgRunCadence>
            <ns3:MaxRunCadence>55</ns3:MaxRunCadence>
          </ns3:LX>
        </Extensions>
      </Lap>
      <Lap StartTime="2026-02-26T19:28:44.000Z">
        <TotalTimeSeconds>1085.647</TotalTimeSeconds>
        <DistanceMeters>1000.0</DistanceMeters>
        <MaximumSpeed>1.315999984741211</MaximumSpeed>
        <Calories>64</Calories>
        <AverageHeartRateBpm>
          <Value>104</Value>
        </AverageHeartRateBpm>
        <MaximumHeartRateBpm>
          <Value>115</Value>
        </MaximumHeartRateBpm>
        <Intensity>Active</Intensity>
        <TriggerMethod>Manual</TriggerMethod>
        <Track>
          <Trackpoint>
            <Time>2026-02-26T19:28:44.000Z</Time>
            <Position>
              <LatitudeDegrees>51.76349764689803</LatitudeDegrees>
              <LongitudeDegrees>-0.23882112465798855</LongitudeDegrees>
            </Position>
            <AltitudeMeters>78.4000015258789</AltitudeMeters>
            <DistanceMeters>1000.8499755859375</DistanceMeters>
            <HeartRateBpm>
              <Value>115</Value>
            </HeartRateBpm>
            <Extensions>
              <ns3:TPX>
                <ns3:Speed>0.9419999718666077</ns3:Speed>
              </ns3:TPX>
            </Extensions>
          </Trackpoint>
          <Trackpoint>
            <Time>2026-02-26T19:28:47.000Z</Time>
            <Position>
              <LatitudeDegrees>51.763517931103706</LatitudeDegrees>
              <LongitudeDegrees>-0.23880427703261375</LongitudeDegrees>
            </Position>
            <AltitudeMeters>78.5999984741211</AltitudeMeters>
            <DistanceMeters>1003.5900268554688</DistanceMeters>
            <HeartRateBpm>
              <Value>112</Value>
            </HeartRateBpm>
            <Extensions>
              <ns3:TPX>
                <ns3:Speed>0.9330000281333923</ns3:Speed>
              </ns3:TPX>
            </Extensions>
          </Trackpoint>
          <Trackpoint>
            <Time>2026-02-26T19:28:52.000Z</Time>
            <Position>
              <LatitudeDegrees>51.76355632022023</LatitudeDegrees>
              <LongitudeDegrees>-0.23877116851508617</LongitudeDegrees>
            </Position>
            <AltitudeMeters>78.5999984741211</AltitudeMeters>
            <DistanceMeters>1008.3499755859375</DistanceMeters>
            <HeartRateBpm>
              <Value>110</Value>
            </HeartRateBpm>
            <Extensions>
              <ns3:TPX>
                <ns3:Speed>0.9419999718666077</ns3:Speed>
              </ns3:TPX>
            </Extensions>
          </Trackpoint>
          <Trackpoint>
            <Time>2026-02-26T19:29:01.000Z</Time>
            <Position>
              <LatitudeDegrees>51.763629326596856</LatitudeDegrees>
              <LongitudeDegrees>-0.23872649297118187</LongitudeDegrees>
            </Position>
            <AltitudeMeters>78.19999694824219</AltitudeMeters>
            <DistanceMeters>1017.3900146484375</DistanceMeters>
            <HeartRateBpm>
              <Value>110</Value>
            </HeartRateBpm>
            <Extensions>
              <ns3:TPX>
                <ns3:Speed>0.9520000219345093</ns3:Speed>
              </ns3:TPX>
            </Extensions>
          </Trackpoint>
          <Trackpoint>
            <Time>2026-02-26T19:29:09.000Z</Time>
            <Position>
              <LatitudeDegrees>51.76368674263358</LatitudeDegrees>
              <LongitudeDegrees>-0.23867301642894745</LongitudeDegrees>
            </Position>
            <AltitudeMeters>78.4000015258789</AltitudeMeters>
            <DistanceMeters>1024.8900146484375</DistanceMeters>
            <HeartRateBpm>
              <Value>108</Value>
            </HeartRateBpm>
            <Extensions>
              <ns3:TPX>
                <ns3:Speed>0.9419999718666077</ns3:Speed>
              </ns3:TPX>
            </Extensions>
          </Trackpoint>
          <Trackpoint>
            <Time>2026-02-26T19:29:16.000Z</Time>
            <Position>
              <LatitudeDegrees>51.76373544149101</LatitudeDegrees>
              <LongitudeDegrees>-0.23862197063863277</LongitudeDegrees>
            </Position>
            <AltitudeMeters>78.4000015258789</AltitudeMeters>
            <DistanceMeters>1031.1700439453125</DistanceMeters>
            <HeartRateBpm>
              <Value>107</Value>
            </HeartRateBpm>
            <Extensions>
              <ns3:TPX>
                <ns3:Speed>0.9419999718666077</ns3:Speed>
              </ns3:TPX>
            </Extensions>
          </Trackpoint>
          <Trackpoint>
            <Time>2026-02-26T19:29:25.000Z</Time>
            <Position>
              <LatitudeDegrees>51.76380216144025</LatitudeDegrees>
              <LongitudeDegrees>-0.2385933045297861</LongitudeDegrees>
            </Position>
            <AltitudeMeters>78.19999694824219</AltitudeMeters>
            <DistanceMeters>1038.9000244140625</DistanceMeters>
            <HeartRateBpm>
              <Value>108</Value>
            </HeartRateBpm>
            <Extensions>
              <ns3:TPX>
                <ns3:Speed>0.8960000276565552</ns3:Speed>
              </ns3:TPX>
            </Extensions>
          </Trackpoint>
          <Trackpoint>
            <Time>2026-02-26T19:29:33.000Z</Time>
            <Position>
              <LatitudeDegrees>51.76383376121521</LatitudeDegrees>
              <LongitudeDegrees>-0.23859573528170586</LongitudeDegrees>
            </Position>
            <AltitudeMeters>78.0</AltitudeMeters>
            <DistanceMeters>1043.530029296875</DistanceMeters>
            <HeartRateBpm>
              <Value>106</Value>
            </HeartRateBpm>
            <Extensions>
              <ns3:TPX>
                <ns3:Speed>0.8859999775886536</ns3:Speed>
              </ns3:TPX>
            </Extensions>
          </Trackpoint>
          <Trackpoint>
            <Time>2026-02-26T19:29:39.000Z</Time>
            <Position>
              <LatitudeDegrees>51.76383518613875</LatitudeDegrees>
              <LongitudeDegrees>-0.23859338834881783</LongitudeDegrees>
            </Position>
            <AltitudeMeters>79.0</AltitudeMeters>
            <DistanceMeters>1044.5</DistanceMeters>
            <HeartRateBpm>
              <Value>102</Value>
            </HeartRateBpm>
            <Extensions>
              <ns3:TPX>
                <ns3:Speed>0.0</ns3:Speed>
              </ns3:TPX>
            </Extensions>
          </Trackpoint>
          <Trackpoint>
            <Time>2026-02-26T19:29:40.000Z</Time>
            <Position>
              <LatitudeDegrees>51.763838874176145</LatitudeDegrees>
              <LongitudeDegrees>-0.2385915443301201</LongitudeDegrees>
            </Position>
            <AltitudeMeters>79.4000015258789</AltitudeMeters>
            <DistanceMeters>1044.77001953125</DistanceMeters>
            <HeartRateBpm>
              <Value>99</Value>
            </HeartRateBpm>
            <Extensions>
              <ns3:TPX>
                <ns3:Speed>0.0</ns3:Speed>
              </ns3:TPX>
            </Extensions>
          </Trackpoint>
          <Trackpoint>
            <Time>2026-02-26T19:29:41.000Z</Time>
            <Position>
              <LatitudeDegrees>51.76384239457548</LatitudeDegrees>
              <LongitudeDegrees>-0.23858869448304176</LongitudeDegrees>
            </Position>
            <AltitudeMeters>79.4000015258789</AltitudeMeters>
            <DistanceMeters>1045.469970703125</DistanceMeters>
            <HeartRateBpm>
              <Value>99</Value>
            </HeartRateBpm>
            <Extensions>
              <ns3:TPX>
                <ns3:Speed>0.0</ns3:Speed>
              </ns3:TPX>
            </Extensions>
          </Trackpoint>
          <Trackpoint>
            <Time>2026-02-26T19:29:44.000Z</Time>
            <Position>
              <LatitudeDegrees>51.763855973258615</LatitudeDegrees>
              <LongitudeDegrees>-0.2385704219341278</LongitudeDegrees>
            </Position>
            <AltitudeMeters>78.19999694824219</AltitudeMeters>
            <DistanceMeters>1047.260009765625</DistanceMeters>
            <HeartRateBpm>
              <Value>99</Value>
            </HeartRateBpm>
            <Extensions>
              <ns3:TPX>
                <ns3:Speed>0.0</ns3:Speed>
              </ns3:TPX>
            </Extensions>
          </Trackpoint>
          <Trackpoint>
            <Time>2026-02-26T19:29:46.000Z</Time>
            <Position>
              <LatitudeDegrees>51.76386804319918</LatitudeDegrees>
              <LongitudeDegrees>-0.23854385130107403</LongitudeDegrees>
            </Position>
            <AltitudeMeters>77.80000305175781</AltitudeMeters>
            <DistanceMeters>1049.719970703125</DistanceMeters>
            <HeartRateBpm>
              <Value>100</Value>
            </HeartRateBpm>
            <Extensions>
              <ns3:TPX>
                <ns3:Speed>0.0</ns3:Speed>
              </ns3:TPX>
            </Extensions>
          </Trackpoint>
          <Trackpoint>
            <Time>2026-02-26T19:29:52.000Z</Time>
            <Position>
              <LatitudeDegrees>51.76393719390035</LatitudeDegrees>
              <LongitudeDegrees>-0.23848962038755417</LongitudeDegrees>
            </Position>
            <AltitudeMeters>78.0</AltitudeMeters>
            <DistanceMeters>1058.3499755859375</DistanceMeters>
            <HeartRateBpm>
              <Value>101</Value>
            </HeartRateBpm>
            <Extensions>
              <ns3:TPX>
                <ns3:Speed>0.6439999938011169</ns3:Speed>
              </ns3:TPX>
            </Extensions>
          </Trackpoint>
          <Trackpoint>
            <Time>2026-02-26T19:30:00.000Z</Time>
            <Position>
              <LatitudeDegrees>51.76402470096946</LatitudeDegrees>
              <LongitudeDegrees>-0.23841745220124722</LongitudeDegrees>
            </Position>
            <AltitudeMeters>78.5999984741211</AltitudeMeters>
            <DistanceMeters>1068.4599609375</DistanceMeters>
            <HeartRateBpm>
              <Value>101</Value>
            </HeartRateBpm>
            <Extensions>
              <ns3:TPX>
                <ns3:Speed>0.35499998927116394</ns3:Speed>
              </ns3:TPX>
            </Extensions>
          </Trackpoint>
          <Trackpoint>
            <Time>2026-02-26T19:30:08.000Z</Time>
            <Position>
              <LatitudeDegrees>51.764053953811526</LatitudeDegrees>
              <LongitudeDegrees>-0.23832575418055058</LongitudeDegrees>
            </Position>
            <AltitudeMeters>79.0</AltitudeMeters>
            <DistanceMeters>1075.739990234375</DistanceMeters>
            <HeartRateBpm>
              <Value>102</Value>
            </HeartRateBpm>
            <Extensions>
              <ns3:TPX>
                <ns3:Speed>0.9700000286102295</ns3:Speed>
              </ns3:TPX>
            </Extensions>
          </Trackpoint>
          <Trackpoint>
            <Time>2026-02-26T19:30:09.000Z</Time>
            <Position>
              <LatitudeDegrees>51.76405797712505</LatitudeDegrees>
              <LongitudeDegrees>-0.238315612077713</LongitudeDegrees>
            </Position>
            <AltitudeMeters>79.4000015258789</AltitudeMeters>
            <DistanceMeters>1076.8299560546875</DistanceMeters>
            <HeartRateBpm>
              <Value>102</Value>
            </HeartRateBpm>
            <Extensions>
              <ns3:TPX>
                <ns3:Speed>0.9139999747276306</ns3:Speed>
              </ns3:TPX>
            </Extensions>
          </Trackpoint>
          <Trackpoint>
            <Time>2026-02-26T19:30:15.000Z</Time>
            <Position>
              <LatitudeDegrees>51.7640985455364</LatitudeDegrees>
              <LongitudeDegrees>-0.2382697630673647</LongitudeDegrees>
            </Position>
            <AltitudeMeters>80.4000015258789</AltitudeMeters>
            <DistanceMeters>1082.9000244140625</DistanceMeters>
            <HeartRateBpm>
              <Value>104</Value>
            </HeartRateBpm>
            <Extensions>
              <ns3:TPX>
                <ns3:Speed>0.9419999718666077</ns3:Speed>
              </ns3:TPX>
            </Extensions>
          </Trackpoint>
          <Trackpoint>
            <Time>2026-02-26T19:30:18.000Z</Time>
            <Position>
              <LatitudeDegrees>51.76412017084658</LatitudeDegrees>
              <LongitudeDegrees>-0.23824998177587986</LongitudeDegrees>
            </Position>
            <AltitudeMeters>80.0</AltitudeMeters>
            <DistanceMeters>1085.5899658203125</DistanceMeters>
            <HeartRateBpm>
              <Value>107</Value>
            </HeartRateBpm>
            <Extensions>
              <ns3:TPX>
                <ns3:Speed>0.9700000286102295</ns3:Speed>
              </ns3:TPX>
            </Extensions>
          </Trackpoint>
          <Trackpoint>
            <Time>2026-02-26T19:30:22.000Z</Time>
            <Position>
              <LatitudeDegrees>51.76415587775409</LatitudeDegrees>
              <LongitudeDegrees>-0.2382229082286358</LongitudeDegrees>
            </Position>
            <AltitudeMeters>79.80000305175781</AltitudeMeters>
            <DistanceMeters>1089.8699951171875</DistanceMeters>
            <HeartRateBpm>
              <Value>109</Value>
            </HeartRateBpm>
            <Extensions>
              <ns3:TPX>
                <ns3:Speed>0.9240000247955322</ns3:Speed>
              </ns3:TPX>
            </Extensions>
          </Trackpoint>
          <Trackpoint>
            <Time>2026-02-26T19:30:30.000Z</Time>
            <Position>
              <LatitudeDegrees>51.764228884130716</LatitudeDegrees>
              <LongitudeDegrees>-0.23817211389541626</LongitudeDegrees>
            </Position>
            <AltitudeMeters>80.0</AltitudeMeters>
            <DistanceMeters>1098.8499755859375</DistanceMeters>
            <HeartRateBpm>
              <Value>109</Value>
            </HeartRateBpm>
            <Extensions>
              <ns3:TPX>
                <ns3:Speed>1.0080000162124634</ns3:Speed>
              </ns3:TPX>
            </Extensions>
          </Trackpoint>
          <Trackpoint>
            <Time>2026-02-26T19:30:35.000Z</Time>
            <Position>
              <LatitudeDegrees>51.76425696350634</LatitudeDegrees>
              <LongitudeDegrees>-0.23812475614249706</LongitudeDegrees>
            </Position>
            <AltitudeMeters>79.19999694824219</AltitudeMeters>
            <DistanceMeters>1103.2900390625</DistanceMeters>
            <HeartRateBpm>
              <Value>110</Value>
            </HeartRateBpm>
            <Extensions>
              <ns3:TPX>
                <ns3:Speed>1.0260000228881836</ns3:Speed>
              </ns3:TPX>
            </Extensions>
          </Trackpoint>
          <Trackpoint>
            <Time>2026-02-26T19:30:37.000Z</Time>
            <Position>
              <LatitudeDegrees>51.76426727324724</LatitudeDegrees>
              <LongitudeDegrees>-0.23811008781194687</LongitudeDegrees>
            </Position>
            <AltitudeMeters>79.0</AltitudeMeters>
            <DistanceMeters>1104.97998046875</DistanceMeters>
            <HeartRateBpm>
              <Value>110</Value>
            </HeartRateBpm>
            <Extensions>
              <ns3:TPX>
                <ns3:Speed>0.9980000257492065</ns3:Speed>
              </ns3:TPX>
            </Extensions>
          </Trackpoint>
          <Trackpoint>
            <Time>2026-02-26T19:30:47.000Z</Time>
            <Position>
              <LatitudeDegrees>51.76434975117445</LatitudeDegrees>
              <LongitudeDegrees>-0.23804537951946259</LongitudeDegrees>
            </Position>
            <AltitudeMeters>78.80000305175781</AltitudeMeters>
            <DistanceMeters>1114.8800048828125</DistanceMeters>
            <HeartRateBpm>
              <Value>110</Value>
            </HeartRateBpm>
            <Extensions>
              <ns3:TPX>
                <ns3:Speed>0.9610000252723694</ns3:Speed>
              </ns3:TPX>
            </Extensions>
          </Trackpoint>
          <Trackpoint>
            <Time>2026-02-26T19:30:56.000Z</Time>
            <Position>
              <LatitudeDegrees>51.764422841370106</LatitudeDegrees>
              <LongitudeDegrees>-0.23798687383532524</LongitudeDegrees>
            </Position>
            <AltitudeMeters>78.5999984741211</AltitudeMeters>
            <DistanceMeters>1124.25</DistanceMeters>
            <HeartRateBpm>
              <Value>110</Value>
            </HeartRateBpm>
            <Extensions>
              <ns3:TPX>
                <ns3:Speed>0.9800000190734863</ns3:Speed>
              </ns3:TPX>
            </Extensions>
          </Trackpoint>
          <Trackpoint>
            <Time>2026-02-26T19:31:03.000Z</Time>
            <Position>
              <LatitudeDegrees>51.764482855796814</LatitudeDegrees>
              <LongitudeDegrees>-0.23793507367372513</LongitudeDegrees>
            </Position>
            <AltitudeMeters>78.4000015258789</AltitudeMeters>
            <DistanceMeters>1131.6600341796875</DistanceMeters>
            <HeartRateBpm>
              <Value>107</Value>
            </HeartRateBpm>
            <Extensions>
              <ns3:TPX>
                <ns3:Speed>1.0080000162124634</ns3:Speed>
              </ns3:TPX>
            </Extensions>
          </Trackpoint>
          <Trackpoint>
            <Time>2026-02-26T19:31:05.000Z</Time>
            <Position>
              <LatitudeDegrees>51.76450163125992</LatitudeDegrees>
              <LongitudeDegrees>-0.23792057298123837</LongitudeDegrees>
            </Position>
            <AltitudeMeters>78.4000015258789</AltitudeMeters>
            <DistanceMeters>1133.8800048828125</DistanceMeters>
            <HeartRateBpm>
              <Value>107</Value>
            </HeartRateBpm>
            <Extensions>
              <ns3:TPX>
                <ns3:Speed>1.0080000162124634</ns3:Speed>
              </ns3:TPX>
            </Extensions>
          </Trackpoint>
          <Trackpoint>
            <Time>2026-02-26T19:31:16.000Z</Time>
            <Position>
              <LatitudeDegrees>51.76459609530866</LatitudeDegrees>
              <LongitudeDegrees>-0.23787296377122402</LongitudeDegrees>
            </Position>
            <AltitudeMeters>78.5999984741211</AltitudeMeters>
            <DistanceMeters>1145.1500244140625</DistanceMeters>
            <HeartRateBpm>
              <Value>107</Value>
            </HeartRateBpm>
            <Extensions>
              <ns3:TPX>
                <ns3:Speed>0.9890000224113464</ns3:Speed>
              </ns3:TPX>
            </Extensions>
          </Trackpoint>
          <Trackpoint>
            <Time>2026-02-26T19:31:25.000Z</Time>
            <Position>
              <LatitudeDegrees>51.76464730873704</LatitudeDegrees>
              <LongitudeDegrees>-0.23782568983733654</LongitudeDegrees>
            </Position>
            <AltitudeMeters>78.5999984741211</AltitudeMeters>
            <DistanceMeters>1151.72998046875</DistanceMeters>
            <HeartRateBpm>
              <Value>107</Value>
            </HeartRateBpm>
            <Extensions>
              <ns3:TPX>
                <ns3:Speed>0.9520000219345093</ns3:Speed>
              </ns3:TPX>
            </Extensions>
          </Trackpoint>
          <Trackpoint>
            <Time>2026-02-26T19:31:35.000Z</Time>
            <Position>
              <LatitudeDegrees>51.76473347470164</LatitudeDegrees>
              <LongitudeDegrees>-0.23777145892381668</LongitudeDegrees>
            </Position>
            <AltitudeMeters>78.5999984741211</AltitudeMeters>
            <DistanceMeters>1161.8900146484375</DistanceMeters>
            <HeartRateBpm>
              <Value>108</Value>
            </HeartRateBpm>
            <Extensions>
              <ns3:TPX>
                <ns3:Speed>0.9240000247955322</ns3:Speed>
              </ns3:TPX>
            </Extensions>
          </Trackpoint>
          <Trackpoint>
            <Time>2026-02-26T19:31:44.000Z</Time>
            <Position>
              <LatitudeDegrees>51.764803128317</LatitudeDegrees>
              <LongitudeDegrees>-0.23770968429744244</LongitudeDegrees>
            </Position>
            <AltitudeMeters>78.19999694824219</AltitudeMeters>
            <DistanceMeters>1170.6400146484375</DistanceMeters>
            <HeartRateBpm>
              <Value>110</Value>
            </HeartRateBpm>
            <Extensions>
              <ns3:TPX>
                <ns3:Speed>0.9240000247955322</ns3:Speed>
              </ns3:TPX>
            </Extensions>
          </Trackpoint>
          <Trackpoint>
            <Time>2026-02-26T19:31:53.000Z</Time>
            <Position>
              <LatitudeDegrees>51.764863058924675</LatitudeDegrees>
              <LongitudeDegrees>-0.23766173981130123</LongitudeDegrees>
            </Position>
            <AltitudeMeters>78.19999694824219</AltitudeMeters>
            <DistanceMeters>1178.219970703125</DistanceMeters>
            <HeartRateBpm>
              <Value>107</Value>
            </HeartRateBpm>
            <Extensions>
              <ns3:TPX>
                <ns3:Speed>0.8679999709129333</ns3:Speed>
              </ns3:TPX>
            </Extensions>
          </Trackpoint>
          <Trackpoint>
            <Time>2026-02-26T19:31:59.000Z</Time>
            <Position>
              <LatitudeDegrees>51.764896335080266</LatitudeDegrees>
              <LongitudeDegrees>-0.2376375999301672</LongitudeDegrees>
            </Position>
            <AltitudeMeters>78.19999694824219</AltitudeMeters>
            <DistanceMeters>1182.280029296875</DistanceMeters>
            <HeartRateBpm>
              <Value>105</Value>
            </HeartRateBpm>
            <Extensions>
              <ns3:TPX>
                <ns3:Speed>0.8209999799728394</ns3:Speed>
              </ns3:TPX>
            </Extensions>
          </Trackpoint>
          <Trackpoint>
            <Time>2026-02-26T19:32:08.000Z</Time>
            <Position>
              <LatitudeDegrees>51.764986691996455</LatitudeDegrees>
              <LongitudeDegrees>-0.23758454248309135</LongitudeDegrees>
            </Position>
            <AltitudeMeters>78.19999694824219</AltitudeMeters>
            <DistanceMeters>1193.1600341796875</DistanceMeters>
            <HeartRateBpm>
              <Value>103</Value>
            </HeartRateBpm>
            <Extensions>
              <ns3:TPX>
                <ns3:Speed>0.8579999804496765</ns3:Speed>
              </ns3:TPX>
            </Extensions>
          </Trackpoint>
          <Trackpoint>
            <Time>2026-02-26T19:32:12.000Z</Time>
            <Position>
              <LatitudeDegrees>51.76501678302884</LatitudeDegrees>
              <LongitudeDegrees>-0.23756174370646477</LongitudeDegrees>
            </Position>
            <AltitudeMeters>78.4000015258789</AltitudeMeters>
            <DistanceMeters>1196.8800048828125</DistanceMeters>
            <HeartRateBpm>
              <Value>102</Value>
            </HeartRateBpm>
            <Extensions>
              <ns3:TPX>
                <ns3:Speed>0.9980000257492065</ns3:Speed>
              </ns3:TPX>
            </Extensions>
          </Trackpoint>
          <Trackpoint>
            <Time>2026-02-26T19:32:15.000Z</Time>
            <Position>
              <LatitudeDegrees>51.76503530703485</LatitudeDegrees>
              <LongitudeDegrees>-0.23756585083901882</LongitudeDegrees>
            </Position>
            <AltitudeMeters>78.4000015258789</AltitudeMeters>
            <DistanceMeters>1199.0699462890625</DistanceMeters>
            <HeartRateBpm>
              <Value>103</Value>
            </HeartRateBpm>
            <Extensions>
              <ns3:TPX>
                <ns3:Speed>0.9330000281333923</ns3:Speed>
              </ns3:TPX>
            </Extensions>
          </Trackpoint>
          <Trackpoint>
            <Time>2026-02-26T19:32:17.000Z</Time>
            <Position>
              <LatitudeDegrees>51.7650396656245</LatitudeDegrees>
              <LongitudeDegrees>-0.23758035153150558</LongitudeDegrees>
            </Position>
            <AltitudeMeters>78.19999694824219</AltitudeMeters>
            <DistanceMeters>1199.989990234375</DistanceMeters>
            <HeartRateBpm>
              <Value>104</Value>
            </HeartRateBpm>
            <Extensions>
              <ns3:TPX>
                <ns3:Speed>0.9240000247955322</ns3:Speed>
              </ns3:TPX>
            </Extensions>
          </Trackpoint>
          <Trackpoint>
            <Time>2026-02-26T19:32:22.000Z</Time>
            <Position>
              <LatitudeDegrees>51.765047712251544</LatitudeDegrees>
              <LongitudeDegrees>-0.23760147392749786</LongitudeDegrees>
            </Position>
            <AltitudeMeters>78.0</AltitudeMeters>
            <DistanceMeters>1202.1300048828125</DistanceMeters>
            <HeartRateBpm>
              <Value>106</Value>
            </HeartRateBpm>
            <Extensions>
              <ns3:TPX>
                <ns3:Speed>0.8019999861717224</ns3:Speed>
              </ns3:TPX>
            </Extensions>
          </Trackpoint>
          <Trackpoint>
            <Time>2026-02-26T19:32:26.000Z</Time>
            <Position>
              <LatitudeDegrees>51.76504511386156</LatitudeDegrees>
              <LongitudeDegrees>-0.23759870789945126</LongitudeDegrees>
            </Position>
            <AltitudeMeters>78.0</AltitudeMeters>
            <DistanceMeters>1202.219970703125</DistanceMeters>
            <HeartRateBpm>
              <Value>109</Value>
            </HeartRateBpm>
            <Extensions>
              <ns3:TPX>
                <ns3:Speed>0.0</ns3:Speed>
              </ns3:TPX>
            </Extensions>
          </Trackpoint>
          <Trackpoint>
            <Time>2026-02-26T19:32:29.000Z</Time>
            <Position>
              <LatitudeDegrees>51.765043856576085</LatitudeDegrees>
              <LongitudeDegrees>-0.237600551918149</LongitudeDegrees>
            </Position>
            <AltitudeMeters>78.0</AltitudeMeters>
            <DistanceMeters>1202.550048828125</DistanceMeters>
            <HeartRateBpm>
              <Value>106</Value>
            </HeartRateBpm>
            <Extensions>
              <ns3:TPX>
                <ns3:Speed>0.0</ns3:Speed>
              </ns3:TPX>
            </Extensions>
          </Trackpoint>
          <Trackpoint>
            <Time>2026-02-26T19:32:34.000Z</Time>
            <Position>
              <LatitudeDegrees>51.765040419995785</LatitudeDegrees>
              <LongitudeDegrees>-0.23760289885103703</LongitudeDegrees>
            </Position>
            <AltitudeMeters>78.4000015258789</AltitudeMeters>
            <DistanceMeters>1202.77001953125</DistanceMeters>
            <HeartRateBpm>
              <Value>105</Value>
            </HeartRateBpm>
            <Extensions>
              <ns3:TPX>
                <ns3:Speed>0.0</ns3:Speed>
              </ns3:TPX>
            </Extensions>
          </Trackpoint>
          <Trackpoint>
            <Time>2026-02-26T19:32:43.000Z</Time>
            <Position>
              <LatitudeDegrees>51.76505207084119</LatitudeDegrees>
              <LongitudeDegrees>-0.23761429823935032</LongitudeDegrees>
            </Position>
            <AltitudeMeters>78.19999694824219</AltitudeMeters>
            <DistanceMeters>1204.8199462890625</DistanceMeters>
            <HeartRateBpm>
              <Value>105</Value>
            </HeartRateBpm>
            <Extensions>
              <ns3:TPX>
                <ns3:Speed>0.0</ns3:Speed>
              </ns3:TPX>
            </Extensions>
          </Trackpoint>
          <Trackpoint>
            <Time>2026-02-26T19:32:46.000Z</Time>
            <Position>
              <LatitudeDegrees>51.765063386410475</LatitudeDegrees>
              <LongitudeDegrees>-0.23759803734719753</LongitudeDegrees>
            </Position>
            <AltitudeMeters>78.4000015258789</AltitudeMeters>
            <DistanceMeters>1205.56005859375</DistanceMeters>
            <HeartRateBpm>
              <Value>102</Value>
            </HeartRateBpm>
            <Extensions>
              <ns3:TPX>
                <ns3:Speed>0.0</ns3:Speed>
              </ns3:TPX>
            </Extensions>
          </Trackpoint>
          <Trackpoint>
            <Time>2026-02-26T19:32:47.000Z</Time>
            <Position>
              <LatitudeDegrees>51.76507260650396</LatitudeDegrees>
              <LongitudeDegrees>-0.23759602569043636</LongitudeDegrees>
            </Position>
            <AltitudeMeters>78.4000015258789</AltitudeMeters>
            <DistanceMeters>1206.8800048828125</DistanceMeters>
            <HeartRateBpm>
              <Value>99</Value>
            </HeartRateBpm>
            <Extensions>
              <ns3:TPX>
                <ns3:Speed>0.0</ns3:Speed>
              </ns3:TPX>
            </Extensions>
          </Trackpoint>
          <Trackpoint>
            <Time>2026-02-26T19:32:48.000Z</Time>
            <Position>
              <LatitudeDegrees>51.7650864366442</LatitudeDegrees>
              <LongitudeDegrees>-0.237590242177248</LongitudeDegrees>
            </Position>
            <AltitudeMeters>78.19999694824219</AltitudeMeters>
            <DistanceMeters>1208.81005859375</DistanceMeters>
            <HeartRateBpm>
              <Value>94</Value>
            </HeartRateBpm>
            <Extensions>
              <ns3:TPX>
                <ns3:Speed>0.0</ns3:Speed>
              </ns3:TPX>
            </Extensions>
          </Trackpoint>
          <Trackpoint>
            <Time>2026-02-26T19:32:50.000Z</Time>
            <Position>
              <LatitudeDegrees>51.76510713994503</LatitudeDegrees>
              <LongitudeDegrees>-0.23758823052048683</LongitudeDegrees>
            </Position>
            <AltitudeMeters>78.0</AltitudeMeters>
            <DistanceMeters>1210.97998046875</DistanceMeters>
            <HeartRateBpm>
              <Value>91</Value>
            </HeartRateBpm>
            <Extensions>
              <ns3:TPX>
                <ns3:Speed>1.2319999933242798</ns3:Speed>
              </ns3:TPX>
            </Extensions>
          </Trackpoint>
          <Trackpoint>
            <Time>2026-02-26T19:32:52.000Z</Time>
            <Position>
              <LatitudeDegrees>51.765116192400455</LatitudeDegrees>
              <LongitudeDegrees>-0.2375630009919405</LongitudeDegrees>
            </Position>
            <AltitudeMeters>78.0</AltitudeMeters>
            <DistanceMeters>1212.969970703125</DistanceMeters>
            <HeartRateBpm>
              <Value>91</Value>
            </HeartRateBpm>
            <Extensions>
              <ns3:TPX>
                <ns3:Speed>1.156999945640564</ns3:Speed>
              </ns3:TPX>
            </Extensions>
          </Trackpoint>
          <Trackpoint>
            <Time>2026-02-26T19:32:55.000Z</Time>
            <Position>
              <LatitudeDegrees>51.76511401310563</LatitudeDegrees>
              <LongitudeDegrees>-0.2375194150954485</LongitudeDegrees>
            </Position>
            <AltitudeMeters>77.80000305175781</AltitudeMeters>
            <DistanceMeters>1215.780029296875</DistanceMeters>
            <HeartRateBpm>
              <Value>91</Value>
            </HeartRateBpm>
            <Extensions>
              <ns3:TPX>
                <ns3:Speed>0.9700000286102295</ns3:Speed>
              </ns3:TPX>
            </Extensions>
          </Trackpoint>
          <Trackpoint>
            <Time>2026-02-26T19:33:02.000Z</Time>
            <Position>
              <LatitudeDegrees>51.7651327047497</LatitudeDegrees>
              <LongitudeDegrees>-0.23741564713418484</LongitudeDegrees>
            </Position>
            <AltitudeMeters>78.19999694824219</AltitudeMeters>
            <DistanceMeters>1223.760009765625</DistanceMeters>
            <HeartRateBpm>
              <Value>91</Value>
            </HeartRateBpm>
            <Extensions>
              <ns3:TPX>
                <ns3:Speed>1.1100000143051147</ns3:Speed>
              </ns3:TPX>
            </Extensions>
          </Trackpoint>
          <Trackpoint>
            <Time>2026-02-26T19:33:10.000Z</Time>
            <Position>
              <LatitudeDegrees>51.76519816741347</LatitudeDegrees>
              <LongitudeDegrees>-0.23735580034554005</LongitudeDegrees>
            </Position>
            <AltitudeMeters>78.19999694824219</AltitudeMeters>
            <DistanceMeters>1232.0</DistanceMeters>
            <HeartRateBpm>
              <Value>92</Value>
            </HeartRateBpm>
            <Extensions>
              <ns3:TPX>
                <ns3:Speed>1.0260000228881836</ns3:Speed>
              </ns3:TPX>
            </Extensions>
          </Trackpoint>
          <Trackpoint>
            <Time>2026-02-26T19:33:20.000Z</Time>
            <Position>
              <LatitudeDegrees>51.76528751850128</LatitudeDegrees>
              <LongitudeDegrees>-0.23730726912617683</LongitudeDegrees>
            </Position>
            <AltitudeMeters>78.5999984741211</AltitudeMeters>
            <DistanceMeters>1242.68994140625</DistanceMeters>
            <HeartRateBpm>
              <Value>93</Value>
            </HeartRateBpm>
            <Extensions>
              <ns3:TPX>
                <ns3:Speed>1.0449999570846558</ns3:Speed>
              </ns3:TPX>
            </Extensions>
          </Trackpoint>
          <Trackpoint>
            <Time>2026-02-26T19:33:29.000Z</Time>
            <Position>
              <LatitudeDegrees>51.765362955629826</LatitudeDegrees>
              <LongitudeDegrees>-0.23725396022200584</LongitudeDegrees>
            </Position>
            <AltitudeMeters>78.19999694824219</AltitudeMeters>
            <DistanceMeters>1251.93994140625</DistanceMeters>
            <HeartRateBpm>
              <Value>96</Value>
            </HeartRateBpm>
            <Extensions>
              <ns3:TPX>
                <ns3:Speed>0.9890000224113464</ns3:Speed>
              </ns3:TPX>
            </Extensions>
          </Trackpoint>
          <Trackpoint>
            <Time>2026-02-26T19:33:31.000Z</Time>
            <Position>
              <LatitudeDegrees>51.76537695340812</LatitudeDegrees>
              <LongitudeDegrees>-0.23724323138594627</LongitudeDegrees>
            </Position>
            <AltitudeMeters>78.4000015258789</AltitudeMeters>
            <DistanceMeters>1253.489990234375</DistanceMeters>
            <HeartRateBpm>
              <Value>99</Value>
            </HeartRateBpm>
            <Extensions>
              <ns3:TPX>
                <ns3:Speed>0.9980000257492065</ns3:Speed>
              </ns3:TPX>
            </Extensions>
          </Trackpoint>
          <Trackpoint>
            <Time>2026-02-26T19:33:37.000Z</Time>
            <Position>
              <LatitudeDegrees>51.765422048047185</LatitudeDegrees>
              <LongitudeDegrees>-0.23720836266875267</LongitudeDegrees>
            </Position>
            <AltitudeMeters>78.5999984741211</AltitudeMeters>
            <DistanceMeters>1259.47998046875</DistanceMeters>
            <HeartRateBpm>
              <Value>100</Value>
            </HeartRateBpm>
            <Extensions>
              <ns3:TPX>
                <ns3:Speed>0.9890000224113464</ns3:Speed>
              </ns3:TPX>
            </Extensions>
          </Trackpoint>
          <Trackpoint>
            <Time>2026-02-26T19:33:44.000Z</Time>
            <Position>
              <LatitudeDegrees>51.76547795534134</LatitudeDegrees>
              <LongitudeDegrees>-0.2371562272310257</LongitudeDegrees>
            </Position>
            <AltitudeMeters>78.5999984741211</AltitudeMeters>
            <DistanceMeters>1265.97998046875</DistanceMeters>
            <HeartRateBpm>
              <Value>100</Value>
            </HeartRateBpm>
            <Extensions>
              <ns3:TPX>
                <ns3:Speed>0.9890000224113464</ns3:Speed>
              </ns3:TPX>
            </Extensions>
          </Trackpoint>
          <Trackpoint>
            <Time>2026-02-26T19:33:51.000Z</Time>
            <Position>
              <LatitudeDegrees>51.765533024445176</LatitudeDegrees>
              <LongitudeDegrees>-0.23711574263870716</LongitudeDegrees>
            </Position>
            <AltitudeMeters>79.0</AltitudeMeters>
            <DistanceMeters>1273.3800048828125</DistanceMeters>
            <HeartRateBpm>
              <Value>101</Value>
            </HeartRateBpm>
            <Extensions>
              <ns3:TPX>
                <ns3:Speed>1.0169999599456787</ns3:Speed>
              </ns3:TPX>
            </Extensions>
          </Trackpoint>
          <Trackpoint>
            <Time>2026-02-26T19:33:56.000Z</Time>
            <Position>
              <LatitudeDegrees>51.76557577215135</LatitudeDegrees>
              <LongitudeDegrees>-0.23709755390882492</LongitudeDegrees>
            </Position>
            <AltitudeMeters>78.5999984741211</AltitudeMeters>
            <DistanceMeters>1277.9200439453125</DistanceMeters>
            <HeartRateBpm>
              <Value>104</Value>
            </HeartRateBpm>
            <Extensions>
              <ns3:TPX>
                <ns3:Speed>0.9980000257492065</ns3:Speed>
              </ns3:TPX>
            </Extensions>
          </Trackpoint>
          <Trackpoint>
            <Time>2026-02-26T19:33:57.000Z</Time>
            <Position>
              <LatitudeDegrees>51.76558583043516</LatitudeDegrees>
              <LongitudeDegrees>-0.23709135130047798</LongitudeDegrees>
            </Position>
            <AltitudeMeters>78.5999984741211</AltitudeMeters>
            <DistanceMeters>1279.010009765625</DistanceMeters>
            <HeartRateBpm>
              <Value>106</Value>
            </HeartRateBpm>
            <Extensions>
              <ns3:TPX>
                <ns3:Speed>0.9980000257492065</ns3:Speed>
              </ns3:TPX>
            </Extensions>
          </Trackpoint>
          <Trackpoint>
            <Time>2026-02-26T19:34:05.000Z</Time>
            <Position>
              <LatitudeDegrees>51.76565288566053</LatitudeDegrees>
              <LongitudeDegrees>-0.23703929968178272</LongitudeDegrees>
            </Position>
            <AltitudeMeters>78.5999984741211</AltitudeMeters>
            <DistanceMeters>1287.3499755859375</DistanceMeters>
            <HeartRateBpm>
              <Value>104</Value>
            </HeartRateBpm>
            <Extensions>
              <ns3:TPX>
                <ns3:Speed>1.0080000162124634</ns3:Speed>
              </ns3:TPX>
            </Extensions>
          </Trackpoint>
          <Trackpoint>
            <Time>2026-02-26T19:34:13.000Z</Time>
            <Position>
              <LatitudeDegrees>51.765719186514616</LatitudeDegrees>
              <LongitudeDegrees>-0.2369885891675949</LongitudeDegrees>
            </Position>
            <AltitudeMeters>78.5999984741211</AltitudeMeters>
            <DistanceMeters>1295.47998046875</DistanceMeters>
            <HeartRateBpm>
              <Value>104</Value>
            </HeartRateBpm>
            <Extensions>
              <ns3:TPX>
                <ns3:Speed>0.9980000257492065</ns3:Speed>
              </ns3:TPX>
            </Extensions>
          </Trackpoint>
          <Trackpoint>
            <Time>2026-02-26T19:34:16.000Z</Time>
            <Position>
              <LatitudeDegrees>51.76573687233031</LatitudeDegrees>
              <LongitudeDegrees>-0.23697450757026672</LongitudeDegrees>
            </Position>
            <AltitudeMeters>78.4000015258789</AltitudeMeters>
            <DistanceMeters>1297.8399658203125</DistanceMeters>
            <HeartRateBpm>
              <Value>107</Value>
            </HeartRateBpm>
            <Extensions>
              <ns3:TPX>
                <ns3:Speed>0.9980000257492065</ns3:Speed>
              </ns3:TPX>
            </Extensions>
          </Trackpoint>
          <Trackpoint>
            <Time>2026-02-26T19:34:20.000Z</Time>
            <Position>
              <LatitudeDegrees>51.76575849764049</LatitudeDegrees>
              <LongitudeDegrees>-0.23696470074355602</LongitudeDegrees>
            </Position>
            <AltitudeMeters>78.19999694824219</AltitudeMeters>
            <DistanceMeters>1300.3199462890625</DistanceMeters>
            <HeartRateBpm>
              <Value>109</Value>
            </HeartRateBpm>
            <Extensions>
              <ns3:TPX>
                <ns3:Speed>0.9240000247955322</ns3:Speed>
              </ns3:TPX>
            </Extensions>
          </Trackpoint>
          <Trackpoint>
            <Time>2026-02-26T19:34:27.000Z</Time>
            <Position>
              <LatitudeDegrees>51.765808537602425</LatitudeDegrees>
              <LongitudeDegrees>-0.23692136630415916</LongitudeDegrees>
            </Position>
            <AltitudeMeters>78.4000015258789</AltitudeMeters>
            <DistanceMeters>1306.72998046875</DistanceMeters>
            <HeartRateBpm>
              <Value>109</Value>
            </HeartRateBpm>
            <Extensions>
              <ns3:TPX>
                <ns3:Speed>0.8859999775886536</ns3:Speed>
              </ns3:TPX>
            </Extensions>
          </Trackpoint>
          <Trackpoint>
            <Time>2026-02-26T19:34:34.000Z</Time>
            <Position>
              <LatitudeDegrees>51.765852039679885</LatitudeDegrees>
              <LongitudeDegrees>-0.2368693146854639</LongitudeDegrees>
            </Position>
            <AltitudeMeters>78.5999984741211</AltitudeMeters>
            <DistanceMeters>1313.06005859375</DistanceMeters>
            <HeartRateBpm>
              <Value>106</Value>
            </HeartRateBpm>
            <Extensions>
              <ns3:TPX>
                <ns3:Speed>0.9240000247955322</ns3:Speed>
              </ns3:TPX>
            </Extensions>
          </Trackpoint>
          <Trackpoint>
            <Time>2026-02-26T19:34:35.000Z</Time>
            <Position>
              <LatitudeDegrees>51.765855476260185</LatitudeDegrees>
              <LongitudeDegrees>-0.23686780594289303</LongitudeDegrees>
            </Position>
            <AltitudeMeters>78.80000305175781</AltitudeMeters>
            <DistanceMeters>1313.4200439453125</DistanceMeters>
            <HeartRateBpm>
              <Value>105</Value>
            </HeartRateBpm>
            <Extensions>
              <ns3:TPX>
                <ns3:Speed>0.9049999713897705</ns3:Speed>
              </ns3:TPX>
            </Extensions>
          </Trackpoint>
          <Trackpoint>
            <Time>2026-02-26T19:34:38.000Z</Time>
            <Position>
              <LatitudeDegrees>51.765874586999416</LatitudeDegrees>
              <LongitudeDegrees>-0.2368409000337124</LongitudeDegrees>
            </Position>
            <AltitudeMeters>79.0</AltitudeMeters>
            <DistanceMeters>1316.050048828125</DistanceMeters>
            <HeartRateBpm>
              <Value>102</Value>
            </HeartRateBpm>
            <Extensions>
              <ns3:TPX>
                <ns3:Speed>0.8209999799728394</ns3:Speed>
              </ns3:TPX>
            </Extensions>
          </Trackpoint>
          <Trackpoint>
            <Time>2026-02-26T19:34:44.000Z</Time>
            <Position>
              <LatitudeDegrees>51.76591297611594</LatitudeDegrees>
              <LongitudeDegrees>-0.2368143294006586</LongitudeDegrees>
            </Position>
            <AltitudeMeters>79.0</AltitudeMeters>
            <DistanceMeters>1320.5799560546875</DistanceMeters>
            <HeartRateBpm>
              <Value>102</Value>
            </HeartRateBpm>
            <Extensions>
              <ns3:TPX>
                <ns3:Speed>0.8399999737739563</ns3:Speed>
              </ns3:TPX>
            </Extensions>
          </Trackpoint>
          <Trackpoint>
            <Time>2026-02-26T19:34:51.000Z</Time>
            <Position>
              <LatitudeDegrees>51.76596745848656</LatitudeDegrees>
              <LongitudeDegrees>-0.2367756888270378</LongitudeDegrees>
            </Position>
            <AltitudeMeters>78.19999694824219</AltitudeMeters>
            <DistanceMeters>1327.3199462890625</DistanceMeters>
            <HeartRateBpm>
              <Value>101</Value>
            </HeartRateBpm>
            <Extensions>
              <ns3:TPX>
                <ns3:Speed>0.8489999771118164</ns3:Speed>
              </ns3:TPX>
            </Extensions>
          </Trackpoint>
          <Trackpoint>
            <Time>2026-02-26T19:34:59.000Z</Time>
            <Position>
              <LatitudeDegrees>51.7660307418555</LatitudeDegrees>
              <LongitudeDegrees>-0.23673126474022865</LongitudeDegrees>
            </Position>
            <AltitudeMeters>79.19999694824219</AltitudeMeters>
            <DistanceMeters>1334.6600341796875</DistanceMeters>
            <HeartRateBpm>
              <Value>99</Value>
            </HeartRateBpm>
            <Extensions>
              <ns3:TPX>
                <ns3:Speed>0.9049999713897705</ns3:Speed>
              </ns3:TPX>
            </Extensions>
          </Trackpoint>
          <Trackpoint>
            <Time>2026-02-26T19:35:06.000Z</Time>
            <Position>
              <LatitudeDegrees>51.76607952453196</LatitudeDegrees>
              <LongitudeDegrees>-0.23668332025408745</LongitudeDegrees>
            </Position>
            <AltitudeMeters>79.0</AltitudeMeters>
            <DistanceMeters>1341.47998046875</DistanceMeters>
            <HeartRateBpm>
              <Value>99</Value>
            </HeartRateBpm>
            <Extensions>
              <ns3:TPX>
                <ns3:Speed>0.9240000247955322</ns3:Speed>
              </ns3:TPX>
            </Extensions>
          </Trackpoint>
          <Trackpoint>
            <Time>2026-02-26T19:35:13.000Z</Time>
            <Position>
              <LatitudeDegrees>51.766120847314596</LatitudeDegrees>
              <LongitudeDegrees>-0.23664459586143494</LongitudeDegrees>
            </Position>
            <AltitudeMeters>79.0</AltitudeMeters>
            <DistanceMeters>1346.8299560546875</DistanceMeters>
            <HeartRateBpm>
              <Value>100</Value>
            </HeartRateBpm>
            <Extensions>
              <ns3:TPX>
                <ns3:Speed>0.8209999799728394</ns3:Speed>
              </ns3:TPX>
            </Extensions>
          </Trackpoint>
          <Trackpoint>
            <Time>2026-02-26T19:35:20.000Z</Time>
            <Position>
              <LatitudeDegrees>51.76616636104882</LatitudeDegrees>
              <LongitudeDegrees>-0.23659422062337399</LongitudeDegrees>
            </Position>
            <AltitudeMeters>79.0</AltitudeMeters>
            <DistanceMeters>1352.6400146484375</DistanceMeters>
            <HeartRateBpm>
              <Value>101</Value>
            </HeartRateBpm>
            <Extensions>
              <ns3:TPX>
                <ns3:Speed>0.8209999799728394</ns3:Speed>
              </ns3:TPX>
            </Extensions>
          </Trackpoint>
          <Trackpoint>
            <Time>2026-02-26T19:35:28.000Z</Time>
            <Position>
              <LatitudeDegrees>51.76622411236167</LatitudeDegrees>
              <LongitudeDegrees>-0.23653722368180752</LongitudeDegrees>
            </Position>
            <AltitudeMeters>78.80000305175781</AltitudeMeters>
            <DistanceMeters>1360.760009765625</DistanceMeters>
            <HeartRateBpm>
              <Value>100</Value>
            </HeartRateBpm>
            <Extensions>
              <ns3:TPX>
                <ns3:Speed>0.8859999775886536</ns3:Speed>
              </ns3:TPX>
            </Extensions>
          </Trackpoint>
          <Trackpoint>
            <Time>2026-02-26T19:35:36.000Z</Time>
            <Position>
              <LatitudeDegrees>51.766272811219096</LatitudeDegrees>
              <LongitudeDegrees>-0.23649372160434723</LongitudeDegrees>
            </Position>
            <AltitudeMeters>79.4000015258789</AltitudeMeters>
            <DistanceMeters>1366.449951171875</DistanceMeters>
            <HeartRateBpm>
              <Value>100</Value>
            </HeartRateBpm>
            <Extensions>
              <ns3:TPX>
                <ns3:Speed>0.8299999833106995</ns3:Speed>
              </ns3:TPX>
            </Extensions>
          </Trackpoint>
          <Trackpoint>
            <Time>2026-02-26T19:35:44.000Z</Time>
            <Position>
              <LatitudeDegrees>51.76633265800774</LatitudeDegrees>
              <LongitudeDegrees>-0.23644443601369858</LongitudeDegrees>
            </Position>
            <AltitudeMeters>79.0</AltitudeMeters>
            <DistanceMeters>1373.7099609375</DistanceMeters>
            <HeartRateBpm>
              <Value>99</Value>
            </HeartRateBpm>
            <Extensions>
              <ns3:TPX>
                <ns3:Speed>0.8859999775886536</ns3:Speed>
              </ns3:TPX>
            </Extensions>
          </Trackpoint>
          <Trackpoint>
            <Time>2026-02-26T19:35:52.000Z</Time>
            <Position>
              <LatitudeDegrees>51.766393510624766</LatitudeDegrees>
              <LongitudeDegrees>-0.2364009339362383</LongitudeDegrees>
            </Position>
            <AltitudeMeters>79.0</AltitudeMeters>
            <DistanceMeters>1381.550048828125</DistanceMeters>
            <HeartRateBpm>
              <Value>100</Value>
            </HeartRateBpm>
            <Extensions>
              <ns3:TPX>
                <ns3:Speed>0.8769999742507935</ns3:Speed>
              </ns3:TPX>
            </Extensions>
          </Trackpoint>
          <Trackpoint>
            <Time>2026-02-26T19:36:00.000Z</Time>
            <Position>
              <LatitudeDegrees>51.7664453946054</LatitudeDegrees>
              <LongitudeDegrees>-0.23634393699467182</LongitudeDegrees>
            </Position>
            <AltitudeMeters>78.4000015258789</AltitudeMeters>
            <DistanceMeters>1388.5799560546875</DistanceMeters>
            <HeartRateBpm>
              <Value>97</Value>
            </HeartRateBpm>
            <Extensions>
              <ns3:TPX>
                <ns3:Speed>0.8960000276565552</ns3:Speed>
              </ns3:TPX>
            </Extensions>
          </Trackpoint>
          <Trackpoint>
            <Time>2026-02-26T19:36:01.000Z</Time>
            <Position>
              <LatitudeDegrees>51.766455033794045</LatitudeDegrees>
              <LongitudeDegrees>-0.23633630946278572</LongitudeDegrees>
            </Position>
            <AltitudeMeters>78.5999984741211</AltitudeMeters>
            <DistanceMeters>1389.6300048828125</DistanceMeters>
            <HeartRateBpm>
              <Value>97</Value>
            </HeartRateBpm>
            <Extensions>
              <ns3:TPX>
                <ns3:Speed>0.8769999742507935</ns3:Speed>
              </ns3:TPX>
            </Extensions>
          </Trackpoint>
          <Trackpoint>
            <Time>2026-02-26T19:36:10.000Z</Time>
            <Position>
              <LatitudeDegrees>51.76652477122843</LatitudeDegrees>
              <LongitudeDegrees>-0.2362762950360775</LongitudeDegrees>
            </Position>
            <AltitudeMeters>79.0</AltitudeMeters>
            <DistanceMeters>1398.3599853515625</DistanceMeters>
            <HeartRateBpm>
              <Value>97</Value>
            </HeartRateBpm>
            <Extensions>
              <ns3:TPX>
                <ns3:Speed>0.8859999775886536</ns3:Speed>
              </ns3:TPX>
            </Extensions>
          </Trackpoint>
          <Trackpoint>
            <Time>2026-02-26T19:36:18.000Z</Time>
            <Position>
              <LatitudeDegrees>51.76658319309354</LatitudeDegrees>
              <LongitudeDegrees>-0.23622650653123856</LongitudeDegrees>
            </Position>
            <AltitudeMeters>78.80000305175781</AltitudeMeters>
            <DistanceMeters>1405.7099609375</DistanceMeters>
            <HeartRateBpm>
              <Value>97</Value>
            </HeartRateBpm>
            <Extensions>
              <ns3:TPX>
                <ns3:Speed>0.9049999713897705</ns3:Speed>
              </ns3:TPX>
            </Extensions>
          </Trackpoint>
          <Trackpoint>
            <Time>2026-02-26T19:36:26.000Z</Time>
            <Position>
              <LatitudeDegrees>51.766633316874504</LatitudeDegrees>
              <LongitudeDegrees>-0.23618962615728378</LongitudeDegrees>
            </Position>
            <AltitudeMeters>78.5999984741211</AltitudeMeters>
            <DistanceMeters>1412.300048828125</DistanceMeters>
            <HeartRateBpm>
              <Value>97</Value>
            </HeartRateBpm>
            <Extensions>
              <ns3:TPX>
                <ns3:Speed>0.8859999775886536</ns3:Speed>
              </ns3:TPX>
            </Extensions>
          </Trackpoint>
          <Trackpoint>
            <Time>2026-02-26T19:36:34.000Z</Time>
            <Position>
              <LatitudeDegrees>51.766687547788024</LatitudeDegrees>
              <LongitudeDegrees>-0.23613723926246166</LongitudeDegrees>
            </Position>
            <AltitudeMeters>78.5999984741211</AltitudeMeters>
            <DistanceMeters>1419.1199951171875</DistanceMeters>
            <HeartRateBpm>
              <Value>97</Value>
            </HeartRateBpm>
            <Extensions>
              <ns3:TPX>
                <ns3:Speed>0.8489999771118164</ns3:Speed>
              </ns3:TPX>
            </Extensions>
          </Trackpoint>
          <Trackpoint>
            <Time>2026-02-26T19:36:42.000Z</Time>
            <Position>
              <LatitudeDegrees>51.766760386526585</LatitudeDegrees>
              <LongitudeDegrees>-0.23608887568116188</LongitudeDegrees>
            </Position>
            <AltitudeMeters>78.5999984741211</AltitudeMeters>
            <DistanceMeters>1428.0699462890625</DistanceMeters>
            <HeartRateBpm>
              <Value>97</Value>
            </HeartRateBpm>
            <Extensions>
              <ns3:TPX>
                <ns3:Speed>0.9520000219345093</ns3:Speed>
              </ns3:TPX>
            </Extensions>
          </Trackpoint>
          <Trackpoint>
            <Time>2026-02-26T19:36:50.000Z</Time>
            <Position>
              <LatitudeDegrees>51.766813192516565</LatitudeDegrees>
              <LongitudeDegrees>-0.23603866808116436</LongitudeDegrees>
            </Position>
            <AltitudeMeters>78.4000015258789</AltitudeMeters>
            <DistanceMeters>1434.8699951171875</DistanceMeters>
            <HeartRateBpm>
              <Value>97</Value>
            </HeartRateBpm>
            <Extensions>
              <ns3:TPX>
                <ns3:Speed>0.9330000281333923</ns3:Speed>
              </ns3:TPX>
            </Extensions>
          </Trackpoint>
          <Trackpoint>
            <Time>2026-02-26T19:36:57.000Z</Time>
            <Position>
              <LatitudeDegrees>51.76687362603843</LatitudeDegrees>
              <LongitudeDegrees>-0.23598980158567429</LongitudeDegrees>
            </Position>
            <AltitudeMeters>78.5999984741211</AltitudeMeters>
            <DistanceMeters>1442.4000244140625</DistanceMeters>
            <HeartRateBpm>
              <Value>98</Value>
            </HeartRateBpm>
            <Extensions>
              <ns3:TPX>
                <ns3:Speed>0.9139999747276306</ns3:Speed>
              </ns3:TPX>
            </Extensions>
          </Trackpoint>
          <Trackpoint>
            <Time>2026-02-26T19:37:04.000Z</Time>
            <Position>
              <LatitudeDegrees>51.76692668348551</LatitudeDegrees>
              <LongitudeDegrees>-0.2359414380043745</LongitudeDegrees>
            </Position>
            <AltitudeMeters>78.5999984741211</AltitudeMeters>
            <DistanceMeters>1449.1800537109375</DistanceMeters>
            <HeartRateBpm>
              <Value>98</Value>
            </HeartRateBpm>
            <Extensions>
              <ns3:TPX>
                <ns3:Speed>0.9419999718666077</ns3:Speed>
              </ns3:TPX>
            </Extensions>
          </Trackpoint>
          <Trackpoint>
            <Time>2026-02-26T19:37:12.000Z</Time>
            <Position>
              <LatitudeDegrees>51.766987117007375</LatitudeDegrees>
              <LongitudeDegrees>-0.23589324206113815</LongitudeDegrees>
            </Position>
            <AltitudeMeters>78.5999984741211</AltitudeMeters>
            <DistanceMeters>1456.760009765625</DistanceMeters>
            <HeartRateBpm>
              <Value>99</Value>
            </HeartRateBpm>
            <Extensions>
              <ns3:TPX>
                <ns3:Speed>0.9330000281333923</ns3:Speed>
              </ns3:TPX>
            </Extensions>
          </Trackpoint>
          <Trackpoint>
            <Time>2026-02-26T19:37:15.000Z</Time>
            <Position>
              <LatitudeDegrees>51.767011508345604</LatitudeDegrees>
              <LongitudeDegrees>-0.2358782384544611</LongitudeDegrees>
            </Position>
            <AltitudeMeters>78.4000015258789</AltitudeMeters>
            <DistanceMeters>1459.6099853515625</DistanceMeters>
            <HeartRateBpm>
              <Value>102</Value>
            </HeartRateBpm>
            <Extensions>
              <ns3:TPX>
                <ns3:Speed>0.9330000281333923</ns3:Speed>
              </ns3:TPX>
            </Extensions>
          </Trackpoint>
          <Trackpoint>
            <Time>2026-02-26T19:37:16.000Z</Time>
            <Position>
              <LatitudeDegrees>51.76701569929719</LatitudeDegrees>
              <LongitudeDegrees>-0.23587413132190704</LongitudeDegrees>
            </Position>
            <AltitudeMeters>78.4000015258789</AltitudeMeters>
            <DistanceMeters>1460.27001953125</DistanceMeters>
            <HeartRateBpm>
              <Value>105</Value>
            </HeartRateBpm>
            <Extensions>
              <ns3:TPX>
                <ns3:Speed>0.9330000281333923</ns3:Speed>
              </ns3:TPX>
            </Extensions>
          </Trackpoint>
          <Trackpoint>
            <Time>2026-02-26T19:37:19.000Z</Time>
            <Position>
              <LatitudeDegrees>51.767031624913216</LatitudeDegrees>
              <LongitudeDegrees>-0.23585686460137367</LongitudeDegrees>
            </Position>
            <AltitudeMeters>78.4000015258789</AltitudeMeters>
            <DistanceMeters>1462.449951171875</DistanceMeters>
            <HeartRateBpm>
              <Value>106</Value>
            </HeartRateBpm>
            <Extensions>
              <ns3:TPX>
                <ns3:Speed>0.9240000247955322</ns3:Speed>
              </ns3:TPX>
            </Extensions>
          </Trackpoint>
          <Trackpoint>
            <Time>2026-02-26T19:37:26.000Z</Time>
            <Position>
              <LatitudeDegrees>51.76708183251321</LatitudeDegrees>
              <LongitudeDegrees>-0.23578721098601818</LongitudeDegrees>
            </Position>
            <AltitudeMeters>78.4000015258789</AltitudeMeters>
            <DistanceMeters>1470.0</DistanceMeters>
            <HeartRateBpm>
              <Value>106</Value>
            </HeartRateBpm>
            <Extensions>
              <ns3:TPX>
                <ns3:Speed>0.9139999747276306</ns3:Speed>
              </ns3:TPX>
            </Extensions>
          </Trackpoint>
          <Trackpoint>
            <Time>2026-02-26T19:37:34.000Z</Time>
            <Position>
              <LatitudeDegrees>51.76713950000703</LatitudeDegrees>
              <LongitudeDegrees>-0.23574655875563622</LongitudeDegrees>
            </Position>
            <AltitudeMeters>78.19999694824219</AltitudeMeters>
            <DistanceMeters>1476.6700439453125</DistanceMeters>
            <HeartRateBpm>
              <Value>105</Value>
            </HeartRateBpm>
            <Extensions>
              <ns3:TPX>
                <ns3:Speed>0.9330000281333923</ns3:Speed>
              </ns3:TPX>
            </Extensions>
          </Trackpoint>
          <Trackpoint>
            <Time>2026-02-26T19:37:37.000Z</Time>
            <Position>
              <LatitudeDegrees>51.76715978421271</LatitudeDegrees>
              <LongitudeDegrees>-0.23572837002575397</LongitudeDegrees>
            </Position>
            <AltitudeMeters>78.19999694824219</AltitudeMeters>
            <DistanceMeters>1479.1500244140625</DistanceMeters>
            <HeartRateBpm>
              <Value>107</Value>
            </HeartRateBpm>
            <Extensions>
              <ns3:TPX>
                <ns3:Speed>0.9139999747276306</ns3:Speed>
              </ns3:TPX>
            </Extensions>
          </Trackpoint>
          <Trackpoint>
            <Time>2026-02-26T19:37:42.000Z</Time>
            <Position>
              <LatitudeDegrees>51.767193395644426</LatitudeDegrees>
              <LongitudeDegrees>-0.23570423014461994</LongitudeDegrees>
            </Position>
            <AltitudeMeters>78.19999694824219</AltitudeMeters>
            <DistanceMeters>1483.0699462890625</DistanceMeters>
            <HeartRateBpm>
              <Value>107</Value>
            </HeartRateBpm>
            <Extensions>
              <ns3:TPX>
                <ns3:Speed>0.8579999804496765</ns3:Speed>
              </ns3:TPX>
            </Extensions>
          </Trackpoint>
          <Trackpoint>
            <Time>2026-02-26T19:37:50.000Z</Time>
            <Position>
              <LatitudeDegrees>51.76726061850786</LatitudeDegrees>
              <LongitudeDegrees>-0.23565427400171757</LongitudeDegrees>
            </Position>
            <AltitudeMeters>78.19999694824219</AltitudeMeters>
            <DistanceMeters>1491.489990234375</DistanceMeters>
            <HeartRateBpm>
              <Value>105</Value>
            </HeartRateBpm>
            <Extensions>
              <ns3:TPX>
                <ns3:Speed>0.9049999713897705</ns3:Speed>
              </ns3:TPX>
            </Extensions>
          </Trackpoint>
          <Trackpoint>
            <Time>2026-02-26T19:37:56.000Z</Time>
            <Position>
              <LatitudeDegrees>51.767297415062785</LatitudeDegrees>
              <LongitudeDegrees>-0.23562242276966572</LongitudeDegrees>
            </Position>
            <AltitudeMeters>78.4000015258789</AltitudeMeters>
            <DistanceMeters>1496.5899658203125</DistanceMeters>
            <HeartRateBpm>
              <Value>106</Value>
            </HeartRateBpm>
            <Extensions>
              <ns3:TPX>
                <ns3:Speed>0.9049999713897705</ns3:Speed>
              </ns3:TPX>
            </Extensions>
          </Trackpoint>
          <Trackpoint>
            <Time>2026-02-26T19:38:04.000Z</Time>
            <Position>
              <LatitudeDegrees>51.76735432818532</LatitudeDegrees>
              <LongitudeDegrees>-0.23558487184345722</LongitudeDegrees>
            </Position>
            <AltitudeMeters>78.0</AltitudeMeters>
            <DistanceMeters>1502.9300537109375</DistanceMeters>
            <HeartRateBpm>
              <Value>107</Value>
            </HeartRateBpm>
            <Extensions>
              <ns3:TPX>
                <ns3:Speed>0.8679999709129333</ns3:Speed>
              </ns3:TPX>
            </Extensions>
          </Trackpoint>
          <Trackpoint>
            <Time>2026-02-26T19:38:12.000Z</Time>
            <Position>
              <LatitudeDegrees>51.767417108640075</LatitudeDegrees>
              <LongitudeDegrees>-0.2355281263589859</LongitudeDegrees>
            </Position>
            <AltitudeMeters>78.0</AltitudeMeters>
            <DistanceMeters>1511.2099609375</DistanceMeters>
            <HeartRateBpm>
              <Value>107</Value>
            </HeartRateBpm>
            <Extensions>
              <ns3:TPX>
                <ns3:Speed>0.8859999775886536</ns3:Speed>
              </ns3:TPX>
            </Extensions>
          </Trackpoint>
          <Trackpoint>
            <Time>2026-02-26T19:38:20.000Z</Time>
            <Position>
              <LatitudeDegrees>51.76749179139733</LatitudeDegrees>
              <LongitudeDegrees>-0.23547657765448093</LongitudeDegrees>
            </Position>
            <AltitudeMeters>78.0</AltitudeMeters>
            <DistanceMeters>1520.0899658203125</DistanceMeters>
            <HeartRateBpm>
              <Value>105</Value>
            </HeartRateBpm>
            <Extensions>
              <ns3:TPX>
                <ns3:Speed>0.9419999718666077</ns3:Speed>
              </ns3:TPX>
            </Extensions>
          </Trackpoint>
          <Trackpoint>
            <Time>2026-02-26T19:38:25.000Z</Time>
            <Position>
              <LatitudeDegrees>51.76751995459199</LatitudeDegrees>
              <LongitudeDegrees>-0.23544766008853912</LongitudeDegrees>
            </Position>
            <AltitudeMeters>78.19999694824219</AltitudeMeters>
            <DistanceMeters>1524.1600341796875</DistanceMeters>
            <HeartRateBpm>
              <Value>102</Value>
            </HeartRateBpm>
            <Extensions>
              <ns3:TPX>
                <ns3:Speed>0.9610000252723694</ns3:Speed>
              </ns3:TPX>
            </Extensions>
          </Trackpoint>
          <Trackpoint>
            <Time>2026-02-26T19:38:28.000Z</Time>
            <Position>
              <LatitudeDegrees>51.76753085106611</LatitudeDegrees>
              <LongitudeDegrees>-0.23543165065348148</LongitudeDegrees>
            </Position>
            <AltitudeMeters>78.4000015258789</AltitudeMeters>
            <DistanceMeters>1525.47998046875</DistanceMeters>
            <HeartRateBpm>
              <Value>102</Value>
            </HeartRateBpm>
            <Extensions>
              <ns3:TPX>
                <ns3:Speed>0.9139999747276306</ns3:Speed>
              </ns3:TPX>
            </Extensions>
          </Trackpoint>
          <Trackpoint>
            <Time>2026-02-26T19:38:35.000Z</Time>
            <Position>
              <LatitudeDegrees>51.76759329624474</LatitudeDegrees>
              <LongitudeDegrees>-0.23540189489722252</LongitudeDegrees>
            </Position>
            <AltitudeMeters>78.0</AltitudeMeters>
            <DistanceMeters>1532.469970703125</DistanceMeters>
            <HeartRateBpm>
              <Value>103</Value>
            </HeartRateBpm>
            <Extensions>
              <ns3:TPX>
                <ns3:Speed>0.9240000247955322</ns3:Speed>
              </ns3:TPX>
            </Extensions>
          </Trackpoint>
          <Trackpoint>
            <Time>2026-02-26T19:38:42.000Z</Time>
            <Position>
              <LatitudeDegrees>51.767656495794654</LatitudeDegrees>
              <LongitudeDegrees>-0.23537817411124706</LongitudeDegrees>
            </Position>
            <AltitudeMeters>78.19999694824219</AltitudeMeters>
            <DistanceMeters>1539.93994140625</DistanceMeters>
            <HeartRateBpm>
              <Value>102</Value>
            </HeartRateBpm>
            <Extensions>
              <ns3:TPX>
                <ns3:Speed>0.9419999718666077</ns3:Speed>
              </ns3:TPX>
            </Extensions>
          </Trackpoint>
          <Trackpoint>
            <Time>2026-02-26T19:38:46.000Z</Time>
            <Position>
              <LatitudeDegrees>51.76768993958831</LatitudeDegrees>
              <LongitudeDegrees>-0.235362583771348</LongitudeDegrees>
            </Position>
            <AltitudeMeters>78.0</AltitudeMeters>
            <DistanceMeters>1543.489990234375</DistanceMeters>
            <HeartRateBpm>
              <Value>99</Value>
            </HeartRateBpm>
            <Extensions>
              <ns3:TPX>
                <ns3:Speed>0.9520000219345093</ns3:Speed>
              </ns3:TPX>
            </Extensions>
          </Trackpoint>
          <Trackpoint>
            <Time>2026-02-26T19:38:48.000Z</Time>
            <Position>
              <LatitudeDegrees>51.76770511083305</LatitudeDegrees>
              <LongitudeDegrees>-0.23534984327852726</LongitudeDegrees>
            </Position>
            <AltitudeMeters>78.0</AltitudeMeters>
            <DistanceMeters>1545.6500244140625</DistanceMeters>
            <HeartRateBpm>
              <Value>96</Value>
            </HeartRateBpm>
            <Extensions>
              <ns3:TPX>
                <ns3:Speed>0.9520000219345093</ns3:Speed>
              </ns3:TPX>
            </Extensions>
          </Trackpoint>
          <Trackpoint>
            <Time>2026-02-26T19:38:50.000Z</Time>
            <Position>
              <LatitudeDegrees>51.76772070117295</LatitudeDegrees>
              <LongitudeDegrees>-0.2353299781680107</LongitudeDegrees>
            </Position>
            <AltitudeMeters>78.0</AltitudeMeters>
            <DistanceMeters>1547.739990234375</DistanceMeters>
            <HeartRateBpm>
              <Value>95</Value>
            </HeartRateBpm>
            <Extensions>
              <ns3:TPX>
                <ns3:Speed>0.9520000219345093</ns3:Speed>
              </ns3:TPX>
            </Extensions>
          </Trackpoint>
          <Trackpoint>
            <Time>2026-02-26T19:38:56.000Z</Time>
            <Position>
              <LatitudeDegrees>51.76776194013655</LatitudeDegrees>
              <LongitudeDegrees>-0.23527826182544231</LongitudeDegrees>
            </Position>
            <AltitudeMeters>78.0</AltitudeMeters>
            <DistanceMeters>1554.1400146484375</DistanceMeters>
            <HeartRateBpm>
              <Value>93</Value>
            </HeartRateBpm>
            <Extensions>
              <ns3:TPX>
                <ns3:Speed>0.9890000224113464</ns3:Speed>
              </ns3:TPX>
            </Extensions>
          </Trackpoint>
          <Trackpoint>
            <Time>2026-02-26T19:39:04.000Z</Time>
            <Position>
              <LatitudeDegrees>51.76780384965241</LatitudeDegrees>
              <LongitudeDegrees>-0.23520542308688164</LongitudeDegrees>
            </Position>
            <AltitudeMeters>78.4000015258789</AltitudeMeters>
            <DistanceMeters>1560.7900390625</DistanceMeters>
            <HeartRateBpm>
              <Value>95</Value>
            </HeartRateBpm>
            <Extensions>
              <ns3:TPX>
                <ns3:Speed>0.9700000286102295</ns3:Speed>
              </ns3:TPX>
            </Extensions>
          </Trackpoint>
          <Trackpoint>
            <Time>2026-02-26T19:39:10.000Z</Time>
            <Position>
              <LatitudeDegrees>51.767846178263426</LatitudeDegrees>
              <LongitudeDegrees>-0.2351714763790369</LongitudeDegrees>
            </Position>
            <AltitudeMeters>77.80000305175781</AltitudeMeters>
            <DistanceMeters>1565.9200439453125</DistanceMeters>
            <HeartRateBpm>
              <Value>97</Value>
            </HeartRateBpm>
            <Extensions>
              <ns3:TPX>
                <ns3:Speed>0.9610000252723694</ns3:Speed>
              </ns3:TPX>
            </Extensions>
          </Trackpoint>
          <Trackpoint>
            <Time>2026-02-26T19:39:17.000Z</Time>
            <Position>
              <LatitudeDegrees>51.76791633479297</LatitudeDegrees>
              <LongitudeDegrees>-0.2351305726915598</LongitudeDegrees>
            </Position>
            <AltitudeMeters>78.0</AltitudeMeters>
            <DistanceMeters>1573.760009765625</DistanceMeters>
            <HeartRateBpm>
              <Value>97</Value>
            </HeartRateBpm>
            <Extensions>
              <ns3:TPX>
                <ns3:Speed>0.9610000252723694</ns3:Speed>
              </ns3:TPX>
            </Extensions>
          </Trackpoint>
          <Trackpoint>
            <Time>2026-02-26T19:39:20.000Z</Time>
            <Position>
              <LatitudeDegrees>51.76794365979731</LatitudeDegrees>
              <LongitudeDegrees>-0.23512286134064198</LongitudeDegrees>
            </Position>
            <AltitudeMeters>78.19999694824219</AltitudeMeters>
            <DistanceMeters>1577.3199462890625</DistanceMeters>
            <HeartRateBpm>
              <Value>100</Value>
            </HeartRateBpm>
            <Extensions>
              <ns3:TPX>
                <ns3:Speed>0.9890000224113464</ns3:Speed>
              </ns3:TPX>
            </Extensions>
          </Trackpoint>
          <Trackpoint>
            <Time>2026-02-26T19:39:22.000Z</Time>
            <Position>
              <LatitudeDegrees>51.76796218380332</LatitudeDegrees>
              <LongitudeDegrees>-0.2351033315062523</LongitudeDegrees>
            </Position>
            <AltitudeMeters>78.0</AltitudeMeters>
            <DistanceMeters>1579.68994140625</DistanceMeters>
            <HeartRateBpm>
              <Value>101</Value>
            </HeartRateBpm>
            <Extensions>
              <ns3:TPX>
                <ns3:Speed>0.9890000224113464</ns3:Speed>
              </ns3:TPX>
            </Extensions>
          </Trackpoint>
          <Trackpoint>
            <Time>2026-02-26T19:39:28.000Z</Time>
            <Position>
              <LatitudeDegrees>51.767992274835706</LatitudeDegrees>
              <LongitudeDegrees>-0.23507198318839073</LongitudeDegrees>
            </Position>
            <AltitudeMeters>78.0</AltitudeMeters>
            <DistanceMeters>1584.02001953125</DistanceMeters>
            <HeartRateBpm>
              <Value>101</Value>
            </HeartRateBpm>
            <Extensions>
              <ns3:TPX>
                <ns3:Speed>0.9800000190734863</ns3:Speed>
              </ns3:TPX>
            </Extensions>
          </Trackpoint>
          <Trackpoint>
            <Time>2026-02-26T19:39:36.000Z</Time>
            <Position>
              <LatitudeDegrees>51.76805346272886</LatitudeDegrees>
              <LongitudeDegrees>-0.23501330986618996</LongitudeDegrees>
            </Position>
            <AltitudeMeters>78.0</AltitudeMeters>
            <DistanceMeters>1591.47998046875</DistanceMeters>
            <HeartRateBpm>
              <Value>101</Value>
            </HeartRateBpm>
            <Extensions>
              <ns3:TPX>
                <ns3:Speed>0.9520000219345093</ns3:Speed>
              </ns3:TPX>
            </Extensions>
          </Trackpoint>
          <Trackpoint>
            <Time>2026-02-26T19:39:42.000Z</Time>
            <Position>
              <LatitudeDegrees>51.76810601726174</LatitudeDegrees>
              <LongitudeDegrees>-0.23496871814131737</LongitudeDegrees>
            </Position>
            <AltitudeMeters>77.80000305175781</AltitudeMeters>
            <DistanceMeters>1598.0899658203125</DistanceMeters>
            <HeartRateBpm>
              <Value>101</Value>
            </HeartRateBpm>
            <Extensions>
              <ns3:TPX>
                <ns3:Speed>0.9700000286102295</ns3:Speed>
              </ns3:TPX>
            </Extensions>
          </Trackpoint>
          <Trackpoint>
            <Time>2026-02-26T19:39:49.000Z</Time>
            <Position>
              <LatitudeDegrees>51.76816703751683</LatitudeDegrees>
              <LongitudeDegrees>-0.2349275629967451</LongitudeDegrees>
            </Position>
            <AltitudeMeters>77.5999984741211</AltitudeMeters>
            <DistanceMeters>1605.9100341796875</DistanceMeters>
            <HeartRateBpm>
              <Value>99</Value>
            </HeartRateBpm>
            <Extensions>
              <ns3:TPX>
                <ns3:Speed>0.9980000257492065</ns3:Speed>
              </ns3:TPX>
            </Extensions>
          </Trackpoint>
          <Trackpoint>
            <Time>2026-02-26T19:39:53.000Z</Time>
            <Position>
              <LatitudeDegrees>51.768194111064076</LatitudeDegrees>
              <LongitudeDegrees>-0.23490635678172112</LongitudeDegrees>
            </Position>
            <AltitudeMeters>77.5999984741211</AltitudeMeters>
            <DistanceMeters>1609.22998046875</DistanceMeters>
            <HeartRateBpm>
              <Value>96</Value>
            </HeartRateBpm>
            <Extensions>
              <ns3:TPX>
                <ns3:Speed>0.9890000224113464</ns3:Speed>
              </ns3:TPX>
            </Extensions>
          </Trackpoint>
          <Trackpoint>
            <Time>2026-02-26T19:39:58.000Z</Time>
            <Position>
              <LatitudeDegrees>51.768226297572255</LatitudeDegrees>
              <LongitudeDegrees>-0.23486888967454433</LongitudeDegrees>
            </Position>
            <AltitudeMeters>77.4000015258789</AltitudeMeters>
            <DistanceMeters>1613.27001953125</DistanceMeters>
            <HeartRateBpm>
              <Value>94</Value>
            </HeartRateBpm>
            <Extensions>
              <ns3:TPX>
                <ns3:Speed>0.9700000286102295</ns3:Speed>
              </ns3:TPX>
            </Extensions>
          </Trackpoint>
          <Trackpoint>
            <Time>2026-02-26T19:40:06.000Z</Time>
            <Position>
              <LatitudeDegrees>51.76829754374921</LatitudeDegrees>
              <LongitudeDegrees>-0.2347995713353157</LongitudeDegrees>
            </Position>
            <AltitudeMeters>77.80000305175781</AltitudeMeters>
            <DistanceMeters>1622.300048828125</DistanceMeters>
            <HeartRateBpm>
              <Value>94</Value>
            </HeartRateBpm>
            <Extensions>
              <ns3:TPX>
                <ns3:Speed>0.9800000190734863</ns3:Speed>
              </ns3:TPX>
            </Extensions>
          </Trackpoint>
          <Trackpoint>
            <Time>2026-02-26T19:40:11.000Z</Time>
            <Position>
              <LatitudeDegrees>51.76831263117492</LatitudeDegrees>
              <LongitudeDegrees>-0.23472723551094532</LongitudeDegrees>
            </Position>
            <AltitudeMeters>78.19999694824219</AltitudeMeters>
            <DistanceMeters>1628.030029296875</DistanceMeters>
            <HeartRateBpm>
              <Value>97</Value>
            </HeartRateBpm>
            <Extensions>
              <ns3:TPX>
                <ns3:Speed>1.0080000162124634</ns3:Speed>
              </ns3:TPX>
            </Extensions>
          </Trackpoint>
          <Trackpoint>
            <Time>2026-02-26T19:40:13.000Z</Time>
            <Position>
              <LatitudeDegrees>51.768310284242034</LatitudeDegrees>
              <LongitudeDegrees>-0.2347041852772236</LongitudeDegrees>
            </Position>
            <AltitudeMeters>78.4000015258789</AltitudeMeters>
            <DistanceMeters>1629.72998046875</DistanceMeters>
            <HeartRateBpm>
              <Value>97</Value>
            </HeartRateBpm>
            <Extensions>
              <ns3:TPX>
                <ns3:Speed>1.0169999599456787</ns3:Speed>
              </ns3:TPX>
            </Extensions>
          </Trackpoint>
          <Trackpoint>
            <Time>2026-02-26T19:40:18.000Z</Time>
            <Position>
              <LatitudeDegrees>51.76828865893185</LatitudeDegrees>
              <LongitudeDegrees>-0.2346824761480093</LongitudeDegrees>
            </Position>
            <AltitudeMeters>78.80000305175781</AltitudeMeters>
            <DistanceMeters>1630.8499755859375</DistanceMeters>
            <HeartRateBpm>
              <Value>100</Value>
            </HeartRateBpm>
            <Extensions>
              <ns3:TPX>
                <ns3:Speed>0.9419999718666077</ns3:Speed>
              </ns3:TPX>
            </Extensions>
          </Trackpoint>
          <Trackpoint>
            <Time>2026-02-26T19:40:21.000Z</Time>
            <Position>
              <LatitudeDegrees>51.768288323655725</LatitudeDegrees>
              <LongitudeDegrees>-0.23467409424483776</LongitudeDegrees>
            </Position>
            <AltitudeMeters>79.0</AltitudeMeters>
            <DistanceMeters>1631.97998046875</DistanceMeters>
            <HeartRateBpm>
              <Value>102</Value>
            </HeartRateBpm>
            <Extensions>
              <ns3:TPX>
                <ns3:Speed>0.8769999742507935</ns3:Speed>
              </ns3:TPX>
            </Extensions>
          </Trackpoint>
          <Trackpoint>
            <Time>2026-02-26T19:40:24.000Z</Time>
            <Position>
              <LatitudeDegrees>51.76828480325639</LatitudeDegrees>
              <LongitudeDegrees>-0.23467568680644035</LongitudeDegrees>
            </Position>
            <AltitudeMeters>79.19999694824219</AltitudeMeters>
            <DistanceMeters>1632.2900390625</DistanceMeters>
            <HeartRateBpm>
              <Value>103</Value>
            </HeartRateBpm>
            <Extensions>
              <ns3:TPX>
                <ns3:Speed>0.7739999890327454</ns3:Speed>
              </ns3:TPX>
            </Extensions>
          </Trackpoint>
          <Trackpoint>
            <Time>2026-02-26T19:40:29.000Z</Time>
            <Position>
              <LatitudeDegrees>51.76827407442033</LatitudeDegrees>
              <LongitudeDegrees>-0.2346248086541891</LongitudeDegrees>
            </Position>
            <AltitudeMeters>78.80000305175781</AltitudeMeters>
            <DistanceMeters>1635.800048828125</DistanceMeters>
            <HeartRateBpm>
              <Value>105</Value>
            </HeartRateBpm>
            <Extensions>
              <ns3:TPX>
                <ns3:Speed>0.0</ns3:Speed>
              </ns3:TPX>
            </Extensions>
          </Trackpoint>
          <Trackpoint>
            <Time>2026-02-26T19:40:37.000Z</Time>
            <Position>
              <LatitudeDegrees>51.768257142975926</LatitudeDegrees>
              <LongitudeDegrees>-0.2345033548772335</LongitudeDegrees>
            </Position>
            <AltitudeMeters>79.0</AltitudeMeters>
            <DistanceMeters>1645.2099609375</DistanceMeters>
            <HeartRateBpm>
              <Value>103</Value>
            </HeartRateBpm>
            <Extensions>
              <ns3:TPX>
                <ns3:Speed>1.2319999933242798</ns3:Speed>
              </ns3:TPX>
            </Extensions>
          </Trackpoint>
          <Trackpoint>
            <Time>2026-02-26T19:40:38.000Z</Time>
            <Position>
              <LatitudeDegrees>51.76826510578394</LatitudeDegrees>
              <LongitudeDegrees>-0.23449262604117393</LongitudeDegrees>
            </Position>
            <AltitudeMeters>79.0</AltitudeMeters>
            <DistanceMeters>1646.27001953125</DistanceMeters>
            <HeartRateBpm>
              <Value>103</Value>
            </HeartRateBpm>
            <Extensions>
              <ns3:TPX>
                <ns3:Speed>1.1009999513626099</ns3:Speed>
              </ns3:TPX>
            </Extensions>
          </Trackpoint>
          <Trackpoint>
            <Time>2026-02-26T19:40:45.000Z</Time>
            <Position>
              <LatitudeDegrees>51.768302991986275</LatitudeDegrees>
              <LongitudeDegrees>-0.2343725971877575</LongitudeDegrees>
            </Position>
            <AltitudeMeters>79.19999694824219</AltitudeMeters>
            <DistanceMeters>1655.4000244140625</DistanceMeters>
            <HeartRateBpm>
              <Value>106</Value>
            </HeartRateBpm>
            <Extensions>
              <ns3:TPX>
                <ns3:Speed>1.222000002861023</ns3:Speed>
              </ns3:TPX>
            </Extensions>
          </Trackpoint>
          <Trackpoint>
            <Time>2026-02-26T19:40:46.000Z</Time>
            <Position>
              <LatitudeDegrees>51.76829980686307</LatitudeDegrees>
              <LongitudeDegrees>-0.2343476191163063</LongitudeDegrees>
            </Position>
            <AltitudeMeters>79.19999694824219</AltitudeMeters>
            <DistanceMeters>1656.8699951171875</DistanceMeters>
            <HeartRateBpm>
              <Value>106</Value>
            </HeartRateBpm>
            <Extensions>
              <ns3:TPX>
                <ns3:Speed>1.2319999933242798</ns3:Speed>
              </ns3:TPX>
            </Extensions>
          </Trackpoint>
          <Trackpoint>
            <Time>2026-02-26T19:40:51.000Z</Time>
            <Position>
              <LatitudeDegrees>51.76828865893185</LatitudeDegrees>
              <LongitudeDegrees>-0.23434770293533802</LongitudeDegrees>
            </Position>
            <AltitudeMeters>79.5999984741211</AltitudeMeters>
            <DistanceMeters>1658.8399658203125</DistanceMeters>
            <HeartRateBpm>
              <Value>108</Value>
            </HeartRateBpm>
            <Extensions>
              <ns3:TPX>
                <ns3:Speed>1.1759999990463257</ns3:Speed>
              </ns3:TPX>
            </Extensions>
          </Trackpoint>
          <Trackpoint>
            <Time>2026-02-26T19:40:55.000Z</Time>
            <Position>
              <LatitudeDegrees>51.76828019320965</LatitudeDegrees>
              <LongitudeDegrees>-0.2343470323830843</LongitudeDegrees>
            </Position>
            <AltitudeMeters>79.5999984741211</AltitudeMeters>
            <DistanceMeters>1659.739990234375</DistanceMeters>
            <HeartRateBpm>
              <Value>111</Value>
            </HeartRateBpm>
            <Extensions>
              <ns3:TPX>
                <ns3:Speed>1.0449999570846558</ns3:Speed>
              </ns3:TPX>
            </Extensions>
          </Trackpoint>
          <Trackpoint>
            <Time>2026-02-26T19:40:56.000Z</Time>
            <Position>
              <LatitudeDegrees>51.76827499642968</LatitudeDegrees>
              <LongitudeDegrees>-0.23433462716639042</LongitudeDegrees>
            </Position>
            <AltitudeMeters>79.4000015258789</AltitudeMeters>
            <DistanceMeters>1660.1400146484375</DistanceMeters>
            <HeartRateBpm>
              <Value>111</Value>
            </HeartRateBpm>
            <Extensions>
              <ns3:TPX>
                <ns3:Speed>1.0080000162124634</ns3:Speed>
              </ns3:TPX>
            </Extensions>
          </Trackpoint>
          <Trackpoint>
            <Time>2026-02-26T19:40:58.000Z</Time>
            <Position>
              <LatitudeDegrees>51.76826854236424</LatitudeDegrees>
              <LongitudeDegrees>-0.23430336266756058</LongitudeDegrees>
            </Position>
            <AltitudeMeters>79.19999694824219</AltitudeMeters>
            <DistanceMeters>1662.8299560546875</DistanceMeters>
            <HeartRateBpm>
              <Value>113</Value>
            </HeartRateBpm>
            <Extensions>
              <ns3:TPX>
                <ns3:Speed>0.8960000276565552</ns3:Speed>
              </ns3:TPX>
            </Extensions>
          </Trackpoint>
          <Trackpoint>
            <Time>2026-02-26T19:41:04.000Z</Time>
            <Position>
              <LatitudeDegrees>51.76824021153152</LatitudeDegrees>
              <LongitudeDegrees>-0.23422935046255589</LongitudeDegrees>
            </Position>
            <AltitudeMeters>79.0</AltitudeMeters>
            <DistanceMeters>1668.81005859375</DistanceMeters>
            <HeartRateBpm>
              <Value>110</Value>
            </HeartRateBpm>
            <Extensions>
              <ns3:TPX>
                <ns3:Speed>0.8019999861717224</ns3:Speed>
              </ns3:TPX>
            </Extensions>
          </Trackpoint>
          <Trackpoint>
            <Time>2026-02-26T19:41:08.000Z</Time>
            <Position>
              <LatitudeDegrees>51.76823467947543</LatitudeDegrees>
              <LongitudeDegrees>-0.2341875247657299</LongitudeDegrees>
            </Position>
            <AltitudeMeters>79.0</AltitudeMeters>
            <DistanceMeters>1672.300048828125</DistanceMeters>
            <HeartRateBpm>
              <Value>108</Value>
            </HeartRateBpm>
            <Extensions>
              <ns3:TPX>
                <ns3:Speed>0.6809999942779541</ns3:Speed>
              </ns3:TPX>
            </Extensions>
          </Trackpoint>
          <Trackpoint>
            <Time>2026-02-26T19:41:14.000Z</Time>
            <Position>
              <LatitudeDegrees>51.768269799649715</LatitudeDegrees>
              <LongitudeDegrees>-0.23414494469761848</LongitudeDegrees>
            </Position>
            <AltitudeMeters>79.19999694824219</AltitudeMeters>
            <DistanceMeters>1676.7099609375</DistanceMeters>
            <HeartRateBpm>
              <Value>107</Value>
            </HeartRateBpm>
            <Extensions>
              <ns3:TPX>
                <ns3:Speed>0.7739999890327454</ns3:Speed>
              </ns3:TPX>
            </Extensions>
          </Trackpoint>
          <Trackpoint>
            <Time>2026-02-26T19:41:20.000Z</Time>
            <Position>
              <LatitudeDegrees>51.76831481046975</LatitudeDegrees>
              <LongitudeDegrees>-0.23410135880112648</LongitudeDegrees>
            </Position>
            <AltitudeMeters>79.0</AltitudeMeters>
            <DistanceMeters>1682.6800537109375</DistanceMeters>
            <HeartRateBpm>
              <Value>107</Value>
            </HeartRateBpm>
            <Extensions>
              <ns3:TPX>
                <ns3:Speed>1.0360000133514404</ns3:Speed>
              </ns3:TPX>
            </Extensions>
          </Trackpoint>
          <Trackpoint>
            <Time>2026-02-26T19:41:27.000Z</Time>
            <Position>
              <LatitudeDegrees>51.7683326639235</LatitudeDegrees>
              <LongitudeDegrees>-0.23401670157909393</LongitudeDegrees>
            </Position>
            <AltitudeMeters>78.5999984741211</AltitudeMeters>
            <DistanceMeters>1689.4000244140625</DistanceMeters>
            <HeartRateBpm>
              <Value>105</Value>
            </HeartRateBpm>
            <Extensions>
              <ns3:TPX>
                <ns3:Speed>0.9700000286102295</ns3:Speed>
              </ns3:TPX>
            </Extensions>
          </Trackpoint>
          <Trackpoint>
            <Time>2026-02-26T19:41:34.000Z</Time>
            <Position>
              <LatitudeDegrees>51.76830265671015</LatitudeDegrees>
              <LongitudeDegrees>-0.23392089642584324</LongitudeDegrees>
            </Position>
            <AltitudeMeters>78.5999984741211</AltitudeMeters>
            <DistanceMeters>1696.8599853515625</DistanceMeters>
            <HeartRateBpm>
              <Value>104</Value>
            </HeartRateBpm>
            <Extensions>
              <ns3:TPX>
                <ns3:Speed>0.9980000257492065</ns3:Speed>
              </ns3:TPX>
            </Extensions>
          </Trackpoint>
          <Trackpoint>
            <Time>2026-02-26T19:41:42.000Z</Time>
            <Position>
              <LatitudeDegrees>51.768308440223336</LatitudeDegrees>
              <LongitudeDegrees>-0.23380975238978863</LongitudeDegrees>
            </Position>
            <AltitudeMeters>78.4000015258789</AltitudeMeters>
            <DistanceMeters>1704.68994140625</DistanceMeters>
            <HeartRateBpm>
              <Value>103</Value>
            </HeartRateBpm>
            <Extensions>
              <ns3:TPX>
                <ns3:Speed>0.9890000224113464</ns3:Speed>
              </ns3:TPX>
            </Extensions>
          </Trackpoint>
          <Trackpoint>
            <Time>2026-02-26T19:41:48.000Z</Time>
            <Position>
              <LatitudeDegrees>51.768299136310816</LatitudeDegrees>
              <LongitudeDegrees>-0.23372920230031013</LongitudeDegrees>
            </Position>
            <AltitudeMeters>78.4000015258789</AltitudeMeters>
            <DistanceMeters>1710.56005859375</DistanceMeters>
            <HeartRateBpm>
              <Value>103</Value>
            </HeartRateBpm>
            <Extensions>
              <ns3:TPX>
                <ns3:Speed>0.9890000224113464</ns3:Speed>
              </ns3:TPX>
            </Extensions>
          </Trackpoint>
          <Trackpoint>
            <Time>2026-02-26T19:41:57.000Z</Time>
            <Position>
              <LatitudeDegrees>51.76828036084771</LatitudeDegrees>
              <LongitudeDegrees>-0.23360556922852993</LongitudeDegrees>
            </Position>
            <AltitudeMeters>78.80000305175781</AltitudeMeters>
            <DistanceMeters>1719.1800537109375</DistanceMeters>
            <HeartRateBpm>
              <Value>102</Value>
            </HeartRateBpm>
            <Extensions>
              <ns3:TPX>
                <ns3:Speed>0.9520000219345093</ns3:Speed>
              </ns3:TPX>
            </Extensions>
          </Trackpoint>
          <Trackpoint>
            <Time>2026-02-26T19:42:08.000Z</Time>
            <Position>
              <LatitudeDegrees>51.76824423484504</LatitudeDegrees>
              <LongitudeDegrees>-0.23345863446593285</LongitudeDegrees>
            </Position>
            <AltitudeMeters>78.5999984741211</AltitudeMeters>
            <DistanceMeters>1730.3699951171875</DistanceMeters>
            <HeartRateBpm>
              <Value>103</Value>
            </HeartRateBpm>
            <Extensions>
              <ns3:TPX>
                <ns3:Speed>1.0080000162124634</ns3:Speed>
              </ns3:TPX>
            </Extensions>
          </Trackpoint>
          <Trackpoint>
            <Time>2026-02-26T19:42:17.000Z</Time>
            <Position>
              <LatitudeDegrees>51.7682171612978</LatitudeDegrees>
              <LongitudeDegrees>-0.2333478257060051</LongitudeDegrees>
            </Position>
            <AltitudeMeters>78.19999694824219</AltitudeMeters>
            <DistanceMeters>1738.56005859375</DistanceMeters>
            <HeartRateBpm>
              <Value>102</Value>
            </HeartRateBpm>
            <Extensions>
              <ns3:TPX>
                <ns3:Speed>1.0080000162124634</ns3:Speed>
              </ns3:TPX>
            </Extensions>
          </Trackpoint>
          <Trackpoint>
            <Time>2026-02-26T19:42:26.000Z</Time>
            <Position>
              <LatitudeDegrees>51.76819805055857</LatitudeDegrees>
              <LongitudeDegrees>-0.23324673995375633</LongitudeDegrees>
            </Position>
            <AltitudeMeters>78.4000015258789</AltitudeMeters>
            <DistanceMeters>1745.6099853515625</DistanceMeters>
            <HeartRateBpm>
              <Value>104</Value>
            </HeartRateBpm>
            <Extensions>
              <ns3:TPX>
                <ns3:Speed>0.9700000286102295</ns3:Speed>
              </ns3:TPX>
            </Extensions>
          </Trackpoint>
          <Trackpoint>
            <Time>2026-02-26T19:42:32.000Z</Time>
            <Position>
              <LatitudeDegrees>51.76821590401232</LatitudeDegrees>
              <LongitudeDegrees>-0.23317063227295876</LongitudeDegrees>
            </Position>
            <AltitudeMeters>78.80000305175781</AltitudeMeters>
            <DistanceMeters>1751.18994140625</DistanceMeters>
            <HeartRateBpm>
              <Value>104</Value>
            </HeartRateBpm>
            <Extensions>
              <ns3:TPX>
                <ns3:Speed>0.9139999747276306</ns3:Speed>
              </ns3:TPX>
            </Extensions>
          </Trackpoint>
          <Trackpoint>
            <Time>2026-02-26T19:42:38.000Z</Time>
            <Position>
              <LatitudeDegrees>51.768257059156895</LatitudeDegrees>
              <LongitudeDegrees>-0.23311405442655087</LongitudeDegrees>
            </Position>
            <AltitudeMeters>78.80000305175781</AltitudeMeters>
            <DistanceMeters>1757.1500244140625</DistanceMeters>
            <HeartRateBpm>
              <Value>105</Value>
            </HeartRateBpm>
            <Extensions>
              <ns3:TPX>
                <ns3:Speed>0.9240000247955322</ns3:Speed>
              </ns3:TPX>
            </Extensions>
          </Trackpoint>
          <Trackpoint>
            <Time>2026-02-26T19:42:39.000Z</Time>
            <Position>
              <LatitudeDegrees>51.768253622576594</LatitudeDegrees>
              <LongitudeDegrees>-0.2330968715250492</LongitudeDegrees>
            </Position>
            <AltitudeMeters>78.80000305175781</AltitudeMeters>
            <DistanceMeters>1758.1199951171875</DistanceMeters>
            <HeartRateBpm>
              <Value>106</Value>
            </HeartRateBpm>
            <Extensions>
              <ns3:TPX>
                <ns3:Speed>0.9240000247955322</ns3:Speed>
              </ns3:TPX>
            </Extensions>
          </Trackpoint>
          <Trackpoint>
            <Time>2026-02-26T19:42:43.000Z</Time>
            <Position>
              <LatitudeDegrees>51.76824222318828</LatitudeDegrees>
              <LongitudeDegrees>-0.233027720823884</LongitudeDegrees>
            </Position>
            <AltitudeMeters>79.0</AltitudeMeters>
            <DistanceMeters>1763.22998046875</DistanceMeters>
            <HeartRateBpm>
              <Value>109</Value>
            </HeartRateBpm>
            <Extensions>
              <ns3:TPX>
                <ns3:Speed>0.9610000252723694</ns3:Speed>
              </ns3:TPX>
            </Extensions>
          </Trackpoint>
          <Trackpoint>
            <Time>2026-02-26T19:42:44.000Z</Time>
            <Position>
              <LatitudeDegrees>51.76823828369379</LatitudeDegrees>
              <LongitudeDegrees>-0.23301053792238235</LongitudeDegrees>
            </Position>
            <AltitudeMeters>78.80000305175781</AltitudeMeters>
            <DistanceMeters>1764.3900146484375</DistanceMeters>
            <HeartRateBpm>
              <Value>109</Value>
            </HeartRateBpm>
            <Extensions>
              <ns3:TPX>
                <ns3:Speed>0.9700000286102295</ns3:Speed>
              </ns3:TPX>
            </Extensions>
          </Trackpoint>
          <Trackpoint>
            <Time>2026-02-26T19:42:49.000Z</Time>
            <Position>
              <LatitudeDegrees>51.76824842579663</LatitudeDegrees>
              <LongitudeDegrees>-0.23295211605727673</LongitudeDegrees>
            </Position>
            <AltitudeMeters>78.4000015258789</AltitudeMeters>
            <DistanceMeters>1768.6800537109375</DistanceMeters>
            <HeartRateBpm>
              <Value>110</Value>
            </HeartRateBpm>
            <Extensions>
              <ns3:TPX>
                <ns3:Speed>0.9890000224113464</ns3:Speed>
              </ns3:TPX>
            </Extensions>
          </Trackpoint>
          <Trackpoint>
            <Time>2026-02-26T19:42:50.000Z</Time>
            <Position>
              <LatitudeDegrees>51.76825437694788</LatitudeDegrees>
              <LongitudeDegrees>-0.23293476551771164</LongitudeDegrees>
            </Position>
            <AltitudeMeters>78.5999984741211</AltitudeMeters>
            <DistanceMeters>1769.97998046875</DistanceMeters>
            <HeartRateBpm>
              <Value>110</Value>
            </HeartRateBpm>
            <Extensions>
              <ns3:TPX>
                <ns3:Speed>0.9700000286102295</ns3:Speed>
              </ns3:TPX>
            </Extensions>
          </Trackpoint>
          <Trackpoint>
            <Time>2026-02-26T19:42:58.000Z</Time>
            <Position>
              <LatitudeDegrees>51.76829184405506</LatitudeDegrees>
              <LongitudeDegrees>-0.23286561481654644</LongitudeDegrees>
            </Position>
            <AltitudeMeters>78.80000305175781</AltitudeMeters>
            <DistanceMeters>1776.530029296875</DistanceMeters>
            <HeartRateBpm>
              <Value>109</Value>
            </HeartRateBpm>
            <Extensions>
              <ns3:TPX>
                <ns3:Speed>0.9610000252723694</ns3:Speed>
              </ns3:TPX>
            </Extensions>
          </Trackpoint>
          <Trackpoint>
            <Time>2026-02-26T19:43:07.000Z</Time>
            <Position>
              <LatitudeDegrees>51.76837356761098</LatitudeDegrees>
              <LongitudeDegrees>-0.2328022476285696</LongitudeDegrees>
            </Position>
            <AltitudeMeters>78.4000015258789</AltitudeMeters>
            <DistanceMeters>1787.02001953125</DistanceMeters>
            <HeartRateBpm>
              <Value>109</Value>
            </HeartRateBpm>
            <Extensions>
              <ns3:TPX>
                <ns3:Speed>1.0360000133514404</ns3:Speed>
              </ns3:TPX>
            </Extensions>
          </Trackpoint>
          <Trackpoint>
            <Time>2026-02-26T19:43:17.000Z</Time>
            <Position>
              <LatitudeDegrees>51.7684365157038</LatitudeDegrees>
              <LongitudeDegrees>-0.23271876387298107</LongitudeDegrees>
            </Position>
            <AltitudeMeters>78.80000305175781</AltitudeMeters>
            <DistanceMeters>1796.1500244140625</DistanceMeters>
            <HeartRateBpm>
              <Value>108</Value>
            </HeartRateBpm>
            <Extensions>
              <ns3:TPX>
                <ns3:Speed>0.9700000286102295</ns3:Speed>
              </ns3:TPX>
            </Extensions>
          </Trackpoint>
          <Trackpoint>
            <Time>2026-02-26T19:43:27.000Z</Time>
            <Position>
              <LatitudeDegrees>51.76850424148142</LatitudeDegrees>
              <LongitudeDegrees>-0.23263846524059772</LongitudeDegrees>
            </Position>
            <AltitudeMeters>78.5999984741211</AltitudeMeters>
            <DistanceMeters>1805.1700439453125</DistanceMeters>
            <HeartRateBpm>
              <Value>109</Value>
            </HeartRateBpm>
            <Extensions>
              <ns3:TPX>
                <ns3:Speed>0.9330000281333923</ns3:Speed>
              </ns3:TPX>
            </Extensions>
          </Trackpoint>
          <Trackpoint>
            <Time>2026-02-26T19:43:35.000Z</Time>
            <Position>
              <LatitudeDegrees>51.76855444908142</LatitudeDegrees>
              <LongitudeDegrees>-0.23255154490470886</LongitudeDegrees>
            </Position>
            <AltitudeMeters>78.19999694824219</AltitudeMeters>
            <DistanceMeters>1813.3800048828125</DistanceMeters>
            <HeartRateBpm>
              <Value>110</Value>
            </HeartRateBpm>
            <Extensions>
              <ns3:TPX>
                <ns3:Speed>0.9419999718666077</ns3:Speed>
              </ns3:TPX>
            </Extensions>
          </Trackpoint>
          <Trackpoint>
            <Time>2026-02-26T19:43:41.000Z</Time>
            <Position>
              <LatitudeDegrees>51.768586887046695</LatitudeDegrees>
              <LongitudeDegrees>-0.23246881552040577</LongitudeDegrees>
            </Position>
            <AltitudeMeters>78.19999694824219</AltitudeMeters>
            <DistanceMeters>1820.47998046875</DistanceMeters>
            <HeartRateBpm>
              <Value>109</Value>
            </HeartRateBpm>
            <Extensions>
              <ns3:TPX>
                <ns3:Speed>0.9700000286102295</ns3:Speed>
              </ns3:TPX>
            </Extensions>
          </Trackpoint>
          <Trackpoint>
            <Time>2026-02-26T19:43:46.000Z</Time>
            <Position>
              <LatitudeDegrees>51.768589317798615</LatitudeDegrees>
              <LongitudeDegrees>-0.23241575807332993</LongitudeDegrees>
            </Position>
            <AltitudeMeters>78.5999984741211</AltitudeMeters>
            <DistanceMeters>1824.4200439453125</DistanceMeters>
            <HeartRateBpm>
              <Value>106</Value>
            </HeartRateBpm>
            <Extensions>
              <ns3:TPX>
                <ns3:Speed>0.9890000224113464</ns3:Speed>
              </ns3:TPX>
            </Extensions>
          </Trackpoint>
          <Trackpoint>
            <Time>2026-02-26T19:43:48.000Z</Time>
            <Position>
              <LatitudeDegrees>51.768579594790936</LatitudeDegrees>
              <LongitudeDegrees>-0.23238751105964184</LongitudeDegrees>
            </Position>
            <AltitudeMeters>78.80000305175781</AltitudeMeters>
            <DistanceMeters>1826.280029296875</DistanceMeters>
            <HeartRateBpm>
              <Value>105</Value>
            </HeartRateBpm>
            <Extensions>
              <ns3:TPX>
                <ns3:Speed>0.9700000286102295</ns3:Speed>
              </ns3:TPX>
            </Extensions>
          </Trackpoint>
          <Trackpoint>
            <Time>2026-02-26T19:43:56.000Z</Time>
            <Position>
              <LatitudeDegrees>51.76853433251381</LatitudeDegrees>
              <LongitudeDegrees>-0.23228307254612446</LongitudeDegrees>
            </Position>
            <AltitudeMeters>78.5999984741211</AltitudeMeters>
            <DistanceMeters>1835.0799560546875</DistanceMeters>
            <HeartRateBpm>
              <Value>105</Value>
            </HeartRateBpm>
            <Extensions>
              <ns3:TPX>
                <ns3:Speed>0.9800000190734863</ns3:Speed>
              </ns3:TPX>
            </Extensions>
          </Trackpoint>
          <Trackpoint>
            <Time>2026-02-26T19:44:05.000Z</Time>
            <Position>
              <LatitudeDegrees>51.768468702211976</LatitudeDegrees>
              <LongitudeDegrees>-0.23220143280923367</LongitudeDegrees>
            </Position>
            <AltitudeMeters>79.0</AltitudeMeters>
            <DistanceMeters>1844.4200439453125</DistanceMeters>
            <HeartRateBpm>
              <Value>106</Value>
            </HeartRateBpm>
            <Extensions>
              <ns3:TPX>
                <ns3:Speed>0.9890000224113464</ns3:Speed>
              </ns3:TPX>
            </Extensions>
          </Trackpoint>
          <Trackpoint>
            <Time>2026-02-26T19:44:13.000Z</Time>
            <Position>
              <LatitudeDegrees>51.76841480657458</LatitudeDegrees>
              <LongitudeDegrees>-0.2321378979831934</LongitudeDegrees>
            </Position>
            <AltitudeMeters>78.80000305175781</AltitudeMeters>
            <DistanceMeters>1852.1199951171875</DistanceMeters>
            <HeartRateBpm>
              <Value>107</Value>
            </HeartRateBpm>
            <Extensions>
              <ns3:TPX>
                <ns3:Speed>0.9890000224113464</ns3:Speed>
              </ns3:TPX>
            </Extensions>
          </Trackpoint>
          <Trackpoint>
            <Time>2026-02-26T19:44:22.000Z</Time>
            <Position>
              <LatitudeDegrees>51.76836032420397</LatitudeDegrees>
              <LongitudeDegrees>-0.23206246085464954</LongitudeDegrees>
            </Position>
            <AltitudeMeters>78.80000305175781</AltitudeMeters>
            <DistanceMeters>1860.0400390625</DistanceMeters>
            <HeartRateBpm>
              <Value>106</Value>
            </HeartRateBpm>
            <Extensions>
              <ns3:TPX>
                <ns3:Speed>0.9419999718666077</ns3:Speed>
              </ns3:TPX>
            </Extensions>
          </Trackpoint>
          <Trackpoint>
            <Time>2026-02-26T19:44:28.000Z</Time>
            <Position>
              <LatitudeDegrees>51.768318163231015</LatitudeDegrees>
              <LongitudeDegrees>-0.23200294934213161</LongitudeDegrees>
            </Position>
            <AltitudeMeters>78.4000015258789</AltitudeMeters>
            <DistanceMeters>1865.6800537109375</DistanceMeters>
            <HeartRateBpm>
              <Value>106</Value>
            </HeartRateBpm>
            <Extensions>
              <ns3:TPX>
                <ns3:Speed>0.9419999718666077</ns3:Speed>
              </ns3:TPX>
            </Extensions>
          </Trackpoint>
          <Trackpoint>
            <Time>2026-02-26T19:44:35.000Z</Time>
            <Position>
              <LatitudeDegrees>51.76827005110681</LatitudeDegrees>
              <LongitudeDegrees>-0.23193614557385445</LongitudeDegrees>
            </Position>
            <AltitudeMeters>78.80000305175781</AltitudeMeters>
            <DistanceMeters>1873.010009765625</DistanceMeters>
            <HeartRateBpm>
              <Value>108</Value>
            </HeartRateBpm>
            <Extensions>
              <ns3:TPX>
                <ns3:Speed>0.9520000219345093</ns3:Speed>
              </ns3:TPX>
            </Extensions>
          </Trackpoint>
          <Trackpoint>
            <Time>2026-02-26T19:44:40.000Z</Time>
            <Position>
              <LatitudeDegrees>51.76823643967509</LatitudeDegrees>
              <LongitudeDegrees>-0.23189658299088478</LongitudeDegrees>
            </Position>
            <AltitudeMeters>78.80000305175781</AltitudeMeters>
            <DistanceMeters>1878.1400146484375</DistanceMeters>
            <HeartRateBpm>
              <Value>111</Value>
            </HeartRateBpm>
            <Extensions>
              <ns3:TPX>
                <ns3:Speed>1.0260000228881836</ns3:Speed>
              </ns3:TPX>
            </Extensions>
          </Trackpoint>
          <Trackpoint>
            <Time>2026-02-26T19:44:43.000Z</Time>
            <Position>
              <LatitudeDegrees>51.76821724511683</LatitudeDegrees>
              <LongitudeDegrees>-0.2318678330630064</LongitudeDegrees>
            </Position>
            <AltitudeMeters>79.0</AltitudeMeters>
            <DistanceMeters>1880.719970703125</DistanceMeters>
            <HeartRateBpm>
              <Value>113</Value>
            </HeartRateBpm>
            <Extensions>
              <ns3:TPX>
                <ns3:Speed>0.9890000224113464</ns3:Speed>
              </ns3:TPX>
            </Extensions>
          </Trackpoint>
          <Trackpoint>
            <Time>2026-02-26T19:44:52.000Z</Time>
            <Position>
              <LatitudeDegrees>51.7681635171175</LatitudeDegrees>
              <LongitudeDegrees>-0.23177387192845345</LongitudeDegrees>
            </Position>
            <AltitudeMeters>78.80000305175781</AltitudeMeters>
            <DistanceMeters>1889.6600341796875</DistanceMeters>
            <HeartRateBpm>
              <Value>113</Value>
            </HeartRateBpm>
            <Extensions>
              <ns3:TPX>
                <ns3:Speed>0.9980000257492065</ns3:Speed>
              </ns3:TPX>
            </Extensions>
          </Trackpoint>
          <Trackpoint>
            <Time>2026-02-26T19:45:00.000Z</Time>
            <Position>
              <LatitudeDegrees>51.76812688820064</LatitudeDegrees>
              <LongitudeDegrees>-0.23171276785433292</LongitudeDegrees>
            </Position>
            <AltitudeMeters>78.80000305175781</AltitudeMeters>
            <DistanceMeters>1895.699951171875</DistanceMeters>
            <HeartRateBpm>
              <Value>111</Value>
            </HeartRateBpm>
            <Extensions>
              <ns3:TPX>
                <ns3:Speed>0.9139999747276306</ns3:Speed>
              </ns3:TPX>
            </Extensions>
          </Trackpoint>
          <Trackpoint>
            <Time>2026-02-26T19:45:02.000Z</Time>
            <Position>
              <LatitudeDegrees>51.76811523735523</LatitudeDegrees>
              <LongitudeDegrees>-0.23170078173279762</LongitudeDegrees>
            </Position>
            <AltitudeMeters>78.5999984741211</AltitudeMeters>
            <DistanceMeters>1897.0999755859375</DistanceMeters>
            <HeartRateBpm>
              <Value>108</Value>
            </HeartRateBpm>
            <Extensions>
              <ns3:TPX>
                <ns3:Speed>0.8859999775886536</ns3:Speed>
              </ns3:TPX>
            </Extensions>
          </Trackpoint>
          <Trackpoint>
            <Time>2026-02-26T19:45:09.000Z</Time>
            <Position>
              <LatitudeDegrees>51.768058743327856</LatitudeDegrees>
              <LongitudeDegrees>-0.23162685334682465</LongitudeDegrees>
            </Position>
            <AltitudeMeters>78.80000305175781</AltitudeMeters>
            <DistanceMeters>1905.0699462890625</DistanceMeters>
            <HeartRateBpm>
              <Value>106</Value>
            </HeartRateBpm>
            <Extensions>
              <ns3:TPX>
                <ns3:Speed>0.9139999747276306</ns3:Speed>
              </ns3:TPX>
            </Extensions>
          </Trackpoint>
          <Trackpoint>
            <Time>2026-02-26T19:45:17.000Z</Time>
            <Position>
              <LatitudeDegrees>51.768006943166256</LatitudeDegrees>
              <LongitudeDegrees>-0.2315682638436556</LongitudeDegrees>
            </Position>
            <AltitudeMeters>78.5999984741211</AltitudeMeters>
            <DistanceMeters>1912.3299560546875</DistanceMeters>
            <HeartRateBpm>
              <Value>106</Value>
            </HeartRateBpm>
            <Extensions>
              <ns3:TPX>
                <ns3:Speed>0.9520000219345093</ns3:Speed>
              </ns3:TPX>
            </Extensions>
          </Trackpoint>
          <Trackpoint>
            <Time>2026-02-26T19:45:21.000Z</Time>
            <Position>
              <LatitudeDegrees>51.76797961816192</LatitudeDegrees>
              <LongitudeDegrees>-0.23153381422162056</LongitudeDegrees>
            </Position>
            <AltitudeMeters>78.4000015258789</AltitudeMeters>
            <DistanceMeters>1916.1500244140625</DistanceMeters>
            <HeartRateBpm>
              <Value>109</Value>
            </HeartRateBpm>
            <Extensions>
              <ns3:TPX>
                <ns3:Speed>0.9240000247955322</ns3:Speed>
              </ns3:TPX>
            </Extensions>
          </Trackpoint>
          <Trackpoint>
            <Time>2026-02-26T19:45:25.000Z</Time>
            <Position>
              <LatitudeDegrees>51.76795648410916</LatitudeDegrees>
              <LongitudeDegrees>-0.23149852640926838</LongitudeDegrees>
            </Position>
            <AltitudeMeters>78.80000305175781</AltitudeMeters>
            <DistanceMeters>1919.7900390625</DistanceMeters>
            <HeartRateBpm>
              <Value>111</Value>
            </HeartRateBpm>
            <Extensions>
              <ns3:TPX>
                <ns3:Speed>0.9700000286102295</ns3:Speed>
              </ns3:TPX>
            </Extensions>
          </Trackpoint>
          <Trackpoint>
            <Time>2026-02-26T19:45:32.000Z</Time>
            <Position>
              <LatitudeDegrees>51.76790694706142</LatitudeDegrees>
              <LongitudeDegrees>-0.23144111037254333</LongitudeDegrees>
            </Position>
            <AltitudeMeters>79.0</AltitudeMeters>
            <DistanceMeters>1926.6800537109375</DistanceMeters>
            <HeartRateBpm>
              <Value>114</Value>
            </HeartRateBpm>
            <Extensions>
              <ns3:TPX>
                <ns3:Speed>0.9330000281333923</ns3:Speed>
              </ns3:TPX>
            </Extensions>
          </Trackpoint>
          <Trackpoint>
            <Time>2026-02-26T19:45:34.000Z</Time>
            <Position>
              <LatitudeDegrees>51.7678957991302</LatitudeDegrees>
              <LongitudeDegrees>-0.23142359219491482</LongitudeDegrees>
            </Position>
            <AltitudeMeters>78.80000305175781</AltitudeMeters>
            <DistanceMeters>1928.530029296875</DistanceMeters>
            <HeartRateBpm>
              <Value>115</Value>
            </HeartRateBpm>
            <Extensions>
              <ns3:TPX>
                <ns3:Speed>0.9330000281333923</ns3:Speed>
              </ns3:TPX>
            </Extensions>
          </Trackpoint>
          <Trackpoint>
            <Time>2026-02-26T19:45:43.000Z</Time>
            <Position>
              <LatitudeDegrees>51.76782991737127</LatitudeDegrees>
              <LongitudeDegrees>-0.23134974762797356</LongitudeDegrees>
            </Position>
            <AltitudeMeters>78.5999984741211</AltitudeMeters>
            <DistanceMeters>1937.300048828125</DistanceMeters>
            <HeartRateBpm>
              <Value>115</Value>
            </HeartRateBpm>
            <Extensions>
              <ns3:TPX>
                <ns3:Speed>0.9139999747276306</ns3:Speed>
              </ns3:TPX>
            </Extensions>
          </Trackpoint>
          <Trackpoint>
            <Time>2026-02-26T19:45:53.000Z</Time>
            <Position>
              <LatitudeDegrees>51.7677734233439</LatitudeDegrees>
              <LongitudeDegrees>-0.23124958388507366</LongitudeDegrees>
            </Position>
            <AltitudeMeters>78.80000305175781</AltitudeMeters>
            <DistanceMeters>1946.7099609375</DistanceMeters>
            <HeartRateBpm>
              <Value>115</Value>
            </HeartRateBpm>
            <Extensions>
              <ns3:TPX>
                <ns3:Speed>0.9330000281333923</ns3:Speed>
              </ns3:TPX>
            </Extensions>
          </Trackpoint>
          <Trackpoint>
            <Time>2026-02-26T19:46:02.000Z</Time>
            <Position>
              <LatitudeDegrees>51.7676973156631</LatitudeDegrees>
              <LongitudeDegrees>-0.2311686147004366</LongitudeDegrees>
            </Position>
            <AltitudeMeters>79.0</AltitudeMeters>
            <DistanceMeters>1956.81005859375</DistanceMeters>
            <HeartRateBpm>
              <Value>113</Value>
            </HeartRateBpm>
            <Extensions>
              <ns3:TPX>
                <ns3:Speed>1.0729999542236328</ns3:Speed>
              </ns3:TPX>
            </Extensions>
          </Trackpoint>
          <Trackpoint>
            <Time>2026-02-26T19:46:09.000Z</Time>
            <Position>
              <LatitudeDegrees>51.767648197710514</LatitudeDegrees>
              <LongitudeDegrees>-0.23111295886337757</LongitudeDegrees>
            </Position>
            <AltitudeMeters>79.0</AltitudeMeters>
            <DistanceMeters>1963.9300537109375</DistanceMeters>
            <HeartRateBpm>
              <Value>112</Value>
            </HeartRateBpm>
            <Extensions>
              <ns3:TPX>
                <ns3:Speed>1.0640000104904175</ns3:Speed>
              </ns3:TPX>
            </Extensions>
          </Trackpoint>
          <Trackpoint>
            <Time>2026-02-26T19:46:19.000Z</Time>
            <Position>
              <LatitudeDegrees>51.767593547701836</LatitudeDegrees>
              <LongitudeDegrees>-0.23104473017156124</LongitudeDegrees>
            </Position>
            <AltitudeMeters>79.0</AltitudeMeters>
            <DistanceMeters>1971.43994140625</DistanceMeters>
            <HeartRateBpm>
              <Value>111</Value>
            </HeartRateBpm>
            <Extensions>
              <ns3:TPX>
                <ns3:Speed>1.0169999599456787</ns3:Speed>
              </ns3:TPX>
            </Extensions>
          </Trackpoint>
          <Trackpoint>
            <Time>2026-02-26T19:46:28.000Z</Time>
            <Position>
              <LatitudeDegrees>51.767535377293825</LatitudeDegrees>
              <LongitudeDegrees>-0.2309710532426834</LongitudeDegrees>
            </Position>
            <AltitudeMeters>79.0</AltitudeMeters>
            <DistanceMeters>1979.47998046875</DistanceMeters>
            <HeartRateBpm>
              <Value>110</Value>
            </HeartRateBpm>
            <Extensions>
              <ns3:TPX>
                <ns3:Speed>0.9520000219345093</ns3:Speed>
              </ns3:TPX>
            </Extensions>
          </Trackpoint>
          <Trackpoint>
            <Time>2026-02-26T19:46:38.000Z</Time>
            <Position>
              <LatitudeDegrees>51.76746186800301</LatitudeDegrees>
              <LongitudeDegrees>-0.23090165108442307</LongitudeDegrees>
            </Position>
            <AltitudeMeters>79.19999694824219</AltitudeMeters>
            <DistanceMeters>1989.3299560546875</DistanceMeters>
            <HeartRateBpm>
              <Value>108</Value>
            </HeartRateBpm>
            <Extensions>
              <ns3:TPX>
                <ns3:Speed>0.9800000190734863</ns3:Speed>
              </ns3:TPX>
            </Extensions>
          </Trackpoint>
          <Trackpoint>
            <Time>2026-02-26T19:46:48.000Z</Time>
            <Position>
              <LatitudeDegrees>51.76738567650318</LatitudeDegrees>
              <LongitudeDegrees>-0.23081649094820023</LongitudeDegrees>
            </Position>
            <AltitudeMeters>78.80000305175781</AltitudeMeters>
            <DistanceMeters>1999.3599853515625</DistanceMeters>
            <HeartRateBpm>
              <Value>107</Value>
            </HeartRateBpm>
            <Extensions>
              <ns3:TPX>
                <ns3:Speed>0.9610000252723694</ns3:Speed>
              </ns3:TPX>
            </Extensions>
          </Trackpoint>
          <Trackpoint>
            <Time>2026-02-26T19:46:50.000Z</Time>
            <Position>
              <LatitudeDegrees>51.76737402565777</LatitudeDegrees>
              <LongitudeDegrees>-0.23079377599060535</LongitudeDegrees>
            </Position>
            <AltitudeMeters>79.0</AltitudeMeters>
            <DistanceMeters>2001.4599609375</DistanceMeters>
            <HeartRateBpm>
              <Value>107</Value>
            </HeartRateBpm>
            <Extensions>
              <ns3:TPX>
                <ns3:Speed>0.9700000286102295</ns3:Speed>
              </ns3:TPX>
            </Extensions>
          </Trackpoint>
        </Track>
        <Extensions>
          <ns3:LX>
            <ns3:AvgSpeed>0.9210000038146973</ns3:AvgSpeed>
            <ns3:AvgRunCadence>37</ns3:AvgRunCadence>
            <ns3:MaxRunCadence>55</ns3:MaxRunCadence>
          </ns3:LX>
        </Extensions>
      </Lap>
      <Lap StartTime="2026-02-26T19:46:50.000Z">
        <TotalTimeSeconds>1126.848</TotalTimeSeconds>
        <DistanceMeters>1000.0</DistanceMeters>
        <MaximumSpeed>2.4730000495910645</MaximumSpeed>
        <Calories>68</Calories>
        <AverageHeartRateBpm>
          <Value>108</Value>
        </AverageHeartRateBpm>
        <MaximumHeartRateBpm>
          <Value>131</Value>
        </MaximumHeartRateBpm>
        <Intensity>Active</Intensity>
        <TriggerMethod>Manual</TriggerMethod>
        <Track>
          <Trackpoint>
            <Time>2026-02-26T19:46:50.000Z</Time>
            <Position>
              <LatitudeDegrees>51.76737402565777</LatitudeDegrees>
              <LongitudeDegrees>-0.23079377599060535</LongitudeDegrees>
            </Position>
            <AltitudeMeters>79.0</AltitudeMeters>
            <DistanceMeters>2001.4599609375</DistanceMeters>
            <HeartRateBpm>
              <Value>107</Value>
            </HeartRateBpm>
            <Extensions>
              <ns3:TPX>
                <ns3:Speed>0.9700000286102295</ns3:Speed>
              </ns3:TPX>
            </Extensions>
          </Trackpoint>
          <Trackpoint>
            <Time>2026-02-26T19:46:57.000Z</Time>
            <Position>
              <LatitudeDegrees>51.76733857020736</LatitudeDegrees>
              <LongitudeDegrees>-0.2307275589555502</LongitudeDegrees>
            </Position>
            <AltitudeMeters>79.0</AltitudeMeters>
            <DistanceMeters>2007.5699462890625</DistanceMeters>
            <HeartRateBpm>
              <Value>106</Value>
            </HeartRateBpm>
            <Extensions>
              <ns3:TPX>
                <ns3:Speed>0.9520000219345093</ns3:Speed>
              </ns3:TPX>
            </Extensions>
          </Trackpoint>
          <Trackpoint>
            <Time>2026-02-26T19:47:05.000Z</Time>
            <Position>
              <LatitudeDegrees>51.76729439757764</LatitudeDegrees>
              <LongitudeDegrees>-0.23066343739628792</LongitudeDegrees>
            </Position>
            <AltitudeMeters>79.5999984741211</AltitudeMeters>
            <DistanceMeters>2014.1400146484375</DistanceMeters>
            <HeartRateBpm>
              <Value>106</Value>
            </HeartRateBpm>
            <Extensions>
              <ns3:TPX>
                <ns3:Speed>0.9330000281333923</ns3:Speed>
              </ns3:TPX>
            </Extensions>
          </Trackpoint>
          <Trackpoint>
            <Time>2026-02-26T19:47:09.000Z</Time>
            <Position>
              <LatitudeDegrees>51.767268078401685</LatitudeDegrees>
              <LongitudeDegrees>-0.2306045964360237</LongitudeDegrees>
            </Position>
            <AltitudeMeters>79.4000015258789</AltitudeMeters>
            <DistanceMeters>2019.1300048828125</DistanceMeters>
            <HeartRateBpm>
              <Value>110</Value>
            </HeartRateBpm>
            <Extensions>
              <ns3:TPX>
                <ns3:Speed>0.9139999747276306</ns3:Speed>
              </ns3:TPX>
            </Extensions>
          </Trackpoint>
          <Trackpoint>
            <Time>2026-02-26T19:47:11.000Z</Time>
            <Position>
              <LatitudeDegrees>51.76726112142205</LatitudeDegrees>
              <LongitudeDegrees>-0.23058070801198483</LongitudeDegrees>
            </Position>
            <AltitudeMeters>79.19999694824219</AltitudeMeters>
            <DistanceMeters>2021.0699462890625</DistanceMeters>
            <HeartRateBpm>
              <Value>110</Value>
            </HeartRateBpm>
            <Extensions>
              <ns3:TPX>
                <ns3:Speed>0.9330000281333923</ns3:Speed>
              </ns3:TPX>
            </Extensions>
          </Trackpoint>
          <Trackpoint>
            <Time>2026-02-26T19:47:20.000Z</Time>
            <Position>
              <LatitudeDegrees>51.76721401512623</LatitudeDegrees>
              <LongitudeDegrees>-0.23050175048410892</LongitudeDegrees>
            </Position>
            <AltitudeMeters>79.80000305175781</AltitudeMeters>
            <DistanceMeters>2028.72998046875</DistanceMeters>
            <HeartRateBpm>
              <Value>112</Value>
            </HeartRateBpm>
            <Extensions>
              <ns3:TPX>
                <ns3:Speed>0.9240000247955322</ns3:Speed>
              </ns3:TPX>
            </Extensions>
          </Trackpoint>
          <Trackpoint>
            <Time>2026-02-26T19:47:27.000Z</Time>
            <Position>
              <LatitudeDegrees>51.767169423401356</LatitudeDegrees>
              <LongitudeDegrees>-0.2304379642009735</LongitudeDegrees>
            </Position>
            <AltitudeMeters>79.80000305175781</AltitudeMeters>
            <DistanceMeters>2035.4599609375</DistanceMeters>
            <HeartRateBpm>
              <Value>114</Value>
            </HeartRateBpm>
            <Extensions>
              <ns3:TPX>
                <ns3:Speed>0.9330000281333923</ns3:Speed>
              </ns3:TPX>
            </Extensions>
          </Trackpoint>
          <Trackpoint>
            <Time>2026-02-26T19:47:34.000Z</Time>
            <Position>
              <LatitudeDegrees>51.76713631488383</LatitudeDegrees>
              <LongitudeDegrees>-0.23036202415823936</LongitudeDegrees>
            </Position>
            <AltitudeMeters>79.5999984741211</AltitudeMeters>
            <DistanceMeters>2042.0999755859375</DistanceMeters>
            <HeartRateBpm>
              <Value>114</Value>
            </HeartRateBpm>
            <Extensions>
              <ns3:TPX>
                <ns3:Speed>0.9700000286102295</ns3:Speed>
              </ns3:TPX>
            </Extensions>
          </Trackpoint>
          <Trackpoint>
            <Time>2026-02-26T19:47:41.000Z</Time>
            <Position>
              <LatitudeDegrees>51.767098512500525</LatitudeDegrees>
              <LongitudeDegrees>-0.2302931249141693</LongitudeDegrees>
            </Position>
            <AltitudeMeters>79.5999984741211</AltitudeMeters>
            <DistanceMeters>2048.320068359375</DistanceMeters>
            <HeartRateBpm>
              <Value>114</Value>
            </HeartRateBpm>
            <Extensions>
              <ns3:TPX>
                <ns3:Speed>0.8960000276565552</ns3:Speed>
              </ns3:TPX>
            </Extensions>
          </Trackpoint>
          <Trackpoint>
            <Time>2026-02-26T19:47:48.000Z</Time>
            <Position>
              <LatitudeDegrees>51.76706054247916</LatitudeDegrees>
              <LongitudeDegrees>-0.23021810688078403</LongitudeDegrees>
            </Position>
            <AltitudeMeters>79.5999984741211</AltitudeMeters>
            <DistanceMeters>2055.1298828125</DistanceMeters>
            <HeartRateBpm>
              <Value>114</Value>
            </HeartRateBpm>
            <Extensions>
              <ns3:TPX>
                <ns3:Speed>0.9049999713897705</ns3:Speed>
              </ns3:TPX>
            </Extensions>
          </Trackpoint>
          <Trackpoint>
            <Time>2026-02-26T19:47:51.000Z</Time>
            <Position>
              <LatitudeDegrees>51.76705081947148</LatitudeDegrees>
              <LongitudeDegrees>-0.23019572719931602</LongitudeDegrees>
            </Position>
            <AltitudeMeters>79.80000305175781</AltitudeMeters>
            <DistanceMeters>2056.949951171875</DistanceMeters>
            <HeartRateBpm>
              <Value>111</Value>
            </HeartRateBpm>
            <Extensions>
              <ns3:TPX>
                <ns3:Speed>0.8859999775886536</ns3:Speed>
              </ns3:TPX>
            </Extensions>
          </Trackpoint>
          <Trackpoint>
            <Time>2026-02-26T19:47:56.000Z</Time>
            <Position>
              <LatitudeDegrees>51.76701419055462</LatitudeDegrees>
              <LongitudeDegrees>-0.2301302645355463</LongitudeDegrees>
            </Position>
            <AltitudeMeters>80.0</AltitudeMeters>
            <DistanceMeters>2063.159912109375</DistanceMeters>
            <HeartRateBpm>
              <Value>108</Value>
            </HeartRateBpm>
            <Extensions>
              <ns3:TPX>
                <ns3:Speed>0.8489999771118164</ns3:Speed>
              </ns3:TPX>
            </Extensions>
          </Trackpoint>
          <Trackpoint>
            <Time>2026-02-26T19:48:05.000Z</Time>
            <Position>
              <LatitudeDegrees>51.76696490496397</LatitudeDegrees>
              <LongitudeDegrees>-0.23004409857094288</LongitudeDegrees>
            </Position>
            <AltitudeMeters>79.80000305175781</AltitudeMeters>
            <DistanceMeters>2070.929931640625</DistanceMeters>
            <HeartRateBpm>
              <Value>108</Value>
            </HeartRateBpm>
            <Extensions>
              <ns3:TPX>
                <ns3:Speed>0.8679999709129333</ns3:Speed>
              </ns3:TPX>
            </Extensions>
          </Trackpoint>
          <Trackpoint>
            <Time>2026-02-26T19:48:13.000Z</Time>
            <Position>
              <LatitudeDegrees>51.76691587083042</LatitudeDegrees>
              <LongitudeDegrees>-0.22995298728346825</LongitudeDegrees>
            </Position>
            <AltitudeMeters>79.80000305175781</AltitudeMeters>
            <DistanceMeters>2079.43994140625</DistanceMeters>
            <HeartRateBpm>
              <Value>109</Value>
            </HeartRateBpm>
            <Extensions>
              <ns3:TPX>
                <ns3:Speed>0.9520000219345093</ns3:Speed>
              </ns3:TPX>
            </Extensions>
          </Trackpoint>
          <Trackpoint>
            <Time>2026-02-26T19:48:23.000Z</Time>
            <Position>
              <LatitudeDegrees>51.76687312312424</LatitudeDegrees>
              <LongitudeDegrees>-0.2298531588166952</LongitudeDegrees>
            </Position>
            <AltitudeMeters>80.0</AltitudeMeters>
            <DistanceMeters>2087.830078125</DistanceMeters>
            <HeartRateBpm>
              <Value>110</Value>
            </HeartRateBpm>
            <Extensions>
              <ns3:TPX>
                <ns3:Speed>0.9240000247955322</ns3:Speed>
              </ns3:TPX>
            </Extensions>
          </Trackpoint>
          <Trackpoint>
            <Time>2026-02-26T19:48:27.000Z</Time>
            <Position>
              <LatitudeDegrees>51.76684822887182</LatitudeDegrees>
              <LongitudeDegrees>-0.22980580106377602</LongitudeDegrees>
            </Position>
            <AltitudeMeters>79.80000305175781</AltitudeMeters>
            <DistanceMeters>2092.22998046875</DistanceMeters>
            <HeartRateBpm>
              <Value>107</Value>
            </HeartRateBpm>
            <Extensions>
              <ns3:TPX>
                <ns3:Speed>0.9049999713897705</ns3:Speed>
              </ns3:TPX>
            </Extensions>
          </Trackpoint>
          <Trackpoint>
            <Time>2026-02-26T19:48:30.000Z</Time>
            <Position>
              <LatitudeDegrees>51.76683347672224</LatitudeDegrees>
              <LongitudeDegrees>-0.22977319546043873</LongitudeDegrees>
            </Position>
            <AltitudeMeters>79.80000305175781</AltitudeMeters>
            <DistanceMeters>2094.679931640625</DistanceMeters>
            <HeartRateBpm>
              <Value>105</Value>
            </HeartRateBpm>
            <Extensions>
              <ns3:TPX>
                <ns3:Speed>0.9330000281333923</ns3:Speed>
              </ns3:TPX>
            </Extensions>
          </Trackpoint>
          <Trackpoint>
            <Time>2026-02-26T19:48:39.000Z</Time>
            <Position>
              <LatitudeDegrees>51.76678108982742</LatitudeDegrees>
              <LongitudeDegrees>-0.22967537865042686</LongitudeDegrees>
            </Position>
            <AltitudeMeters>79.19999694824219</AltitudeMeters>
            <DistanceMeters>2103.81005859375</DistanceMeters>
            <HeartRateBpm>
              <Value>107</Value>
            </HeartRateBpm>
            <Extensions>
              <ns3:TPX>
                <ns3:Speed>0.9610000252723694</ns3:Speed>
              </ns3:TPX>
            </Extensions>
          </Trackpoint>
          <Trackpoint>
            <Time>2026-02-26T19:48:47.000Z</Time>
            <Position>
              <LatitudeDegrees>51.766744796186686</LatitudeDegrees>
              <LongitudeDegrees>-0.2296021208167076</LongitudeDegrees>
            </Position>
            <AltitudeMeters>79.4000015258789</AltitudeMeters>
            <DistanceMeters>2110.169921875</DistanceMeters>
            <HeartRateBpm>
              <Value>106</Value>
            </HeartRateBpm>
            <Extensions>
              <ns3:TPX>
                <ns3:Speed>0.8579999804496765</ns3:Speed>
              </ns3:TPX>
            </Extensions>
          </Trackpoint>
          <Trackpoint>
            <Time>2026-02-26T19:48:55.000Z</Time>
            <Position>
              <LatitudeDegrees>51.766706658527255</LatitudeDegrees>
              <LongitudeDegrees>-0.22951100952923298</LongitudeDegrees>
            </Position>
            <AltitudeMeters>79.80000305175781</AltitudeMeters>
            <DistanceMeters>2117.679931640625</DistanceMeters>
            <HeartRateBpm>
              <Value>105</Value>
            </HeartRateBpm>
            <Extensions>
              <ns3:TPX>
                <ns3:Speed>0.8859999775886536</ns3:Speed>
              </ns3:TPX>
            </Extensions>
          </Trackpoint>
          <Trackpoint>
            <Time>2026-02-26T19:49:03.000Z</Time>
            <Position>
              <LatitudeDegrees>51.766656283289194</LatitudeDegrees>
              <LongitudeDegrees>-0.2294109296053648</LongitudeDegrees>
            </Position>
            <AltitudeMeters>79.4000015258789</AltitudeMeters>
            <DistanceMeters>2126.4599609375</DistanceMeters>
            <HeartRateBpm>
              <Value>105</Value>
            </HeartRateBpm>
            <Extensions>
              <ns3:TPX>
                <ns3:Speed>0.9240000247955322</ns3:Speed>
              </ns3:TPX>
            </Extensions>
          </Trackpoint>
          <Trackpoint>
            <Time>2026-02-26T19:49:11.000Z</Time>
            <Position>
              <LatitudeDegrees>51.76661755889654</LatitudeDegrees>
              <LongitudeDegrees>-0.22932987660169601</LongitudeDegrees>
            </Position>
            <AltitudeMeters>79.80000305175781</AltitudeMeters>
            <DistanceMeters>2133.81005859375</DistanceMeters>
            <HeartRateBpm>
              <Value>107</Value>
            </HeartRateBpm>
            <Extensions>
              <ns3:TPX>
                <ns3:Speed>0.9419999718666077</ns3:Speed>
              </ns3:TPX>
            </Extensions>
          </Trackpoint>
          <Trackpoint>
            <Time>2026-02-26T19:49:19.000Z</Time>
            <Position>
              <LatitudeDegrees>51.766564417630434</LatitudeDegrees>
              <LongitudeDegrees>-0.22925728932023048</LongitudeDegrees>
            </Position>
            <AltitudeMeters>79.80000305175781</AltitudeMeters>
            <DistanceMeters>2141.360107421875</DistanceMeters>
            <HeartRateBpm>
              <Value>108</Value>
            </HeartRateBpm>
            <Extensions>
              <ns3:TPX>
                <ns3:Speed>0.9330000281333923</ns3:Speed>
              </ns3:TPX>
            </Extensions>
          </Trackpoint>
          <Trackpoint>
            <Time>2026-02-26T19:49:26.000Z</Time>
            <Position>
              <LatitudeDegrees>51.76653432659805</LatitudeDegrees>
              <LongitudeDegrees>-0.22918646223843098</LongitudeDegrees>
            </Position>
            <AltitudeMeters>80.0</AltitudeMeters>
            <DistanceMeters>2147.7900390625</DistanceMeters>
            <HeartRateBpm>
              <Value>108</Value>
            </HeartRateBpm>
            <Extensions>
              <ns3:TPX>
                <ns3:Speed>0.9520000219345093</ns3:Speed>
              </ns3:TPX>
            </Extensions>
          </Trackpoint>
          <Trackpoint>
            <Time>2026-02-26T19:49:34.000Z</Time>
            <Position>
              <LatitudeDegrees>51.766498032957315</LatitudeDegrees>
              <LongitudeDegrees>-0.229090740904212</LongitudeDegrees>
            </Position>
            <AltitudeMeters>80.19999694824219</AltitudeMeters>
            <DistanceMeters>2155.280029296875</DistanceMeters>
            <HeartRateBpm>
              <Value>109</Value>
            </HeartRateBpm>
            <Extensions>
              <ns3:TPX>
                <ns3:Speed>0.9139999747276306</ns3:Speed>
              </ns3:TPX>
            </Extensions>
          </Trackpoint>
          <Trackpoint>
            <Time>2026-02-26T19:49:40.000Z</Time>
            <Position>
              <LatitudeDegrees>51.76647640764713</LatitudeDegrees>
              <LongitudeDegrees>-0.22902837954461575</LongitudeDegrees>
            </Position>
            <AltitudeMeters>80.4000015258789</AltitudeMeters>
            <DistanceMeters>2160.169921875</DistanceMeters>
            <HeartRateBpm>
              <Value>112</Value>
            </HeartRateBpm>
            <Extensions>
              <ns3:TPX>
                <ns3:Speed>0.9240000247955322</ns3:Speed>
              </ns3:TPX>
            </Extensions>
          </Trackpoint>
          <Trackpoint>
            <Time>2026-02-26T19:49:41.000Z</Time>
            <Position>
              <LatitudeDegrees>51.76647045649588</LatitudeDegrees>
              <LongitudeDegrees>-0.2290172316133976</LongitudeDegrees>
            </Position>
            <AltitudeMeters>80.4000015258789</AltitudeMeters>
            <DistanceMeters>2161.110107421875</DistanceMeters>
            <HeartRateBpm>
              <Value>112</Value>
            </HeartRateBpm>
            <Extensions>
              <ns3:TPX>
                <ns3:Speed>0.9139999747276306</ns3:Speed>
              </ns3:TPX>
            </Extensions>
          </Trackpoint>
          <Trackpoint>
            <Time>2026-02-26T19:49:49.000Z</Time>
            <Position>
              <LatitudeDegrees>51.76642829552293</LatitudeDegrees>
              <LongitudeDegrees>-0.22893240675330162</LongitudeDegrees>
            </Position>
            <AltitudeMeters>80.5999984741211</AltitudeMeters>
            <DistanceMeters>2168.7900390625</DistanceMeters>
            <HeartRateBpm>
              <Value>112</Value>
            </HeartRateBpm>
            <Extensions>
              <ns3:TPX>
                <ns3:Speed>0.9240000247955322</ns3:Speed>
              </ns3:TPX>
            </Extensions>
          </Trackpoint>
          <Trackpoint>
            <Time>2026-02-26T19:49:57.000Z</Time>
            <Position>
              <LatitudeDegrees>51.76639124751091</LatitudeDegrees>
              <LongitudeDegrees>-0.22885294631123543</LongitudeDegrees>
            </Position>
            <AltitudeMeters>80.5999984741211</AltitudeMeters>
            <DistanceMeters>2175.590087890625</DistanceMeters>
            <HeartRateBpm>
              <Value>112</Value>
            </HeartRateBpm>
            <Extensions>
              <ns3:TPX>
                <ns3:Speed>0.8679999709129333</ns3:Speed>
              </ns3:TPX>
            </Extensions>
          </Trackpoint>
          <Trackpoint>
            <Time>2026-02-26T19:50:06.000Z</Time>
            <Position>
              <LatitudeDegrees>51.7663452308625</LatitudeDegrees>
              <LongitudeDegrees>-0.22875563241541386</LongitudeDegrees>
            </Position>
            <AltitudeMeters>80.5999984741211</AltitudeMeters>
            <DistanceMeters>2184.169921875</DistanceMeters>
            <HeartRateBpm>
              <Value>112</Value>
            </HeartRateBpm>
            <Extensions>
              <ns3:TPX>
                <ns3:Speed>0.9049999713897705</ns3:Speed>
              </ns3:TPX>
            </Extensions>
          </Trackpoint>
          <Trackpoint>
            <Time>2026-02-26T19:50:15.000Z</Time>
            <Position>
              <LatitudeDegrees>51.76630281843245</LatitudeDegrees>
              <LongitudeDegrees>-0.2286671195179224</LongitudeDegrees>
            </Position>
            <AltitudeMeters>80.5999984741211</AltitudeMeters>
            <DistanceMeters>2191.75</DistanceMeters>
            <HeartRateBpm>
              <Value>111</Value>
            </HeartRateBpm>
            <Extensions>
              <ns3:TPX>
                <ns3:Speed>0.8769999742507935</ns3:Speed>
              </ns3:TPX>
            </Extensions>
          </Trackpoint>
          <Trackpoint>
            <Time>2026-02-26T19:50:22.000Z</Time>
            <Position>
              <LatitudeDegrees>51.76627985201776</LatitudeDegrees>
              <LongitudeDegrees>-0.22858782671391964</LongitudeDegrees>
            </Position>
            <AltitudeMeters>80.80000305175781</AltitudeMeters>
            <DistanceMeters>2197.739990234375</DistanceMeters>
            <HeartRateBpm>
              <Value>111</Value>
            </HeartRateBpm>
            <Extensions>
              <ns3:TPX>
                <ns3:Speed>0.8769999742507935</ns3:Speed>
              </ns3:TPX>
            </Extensions>
          </Trackpoint>
          <Trackpoint>
            <Time>2026-02-26T19:50:30.000Z</Time>
            <Position>
              <LatitudeDegrees>51.76625361666083</LatitudeDegrees>
              <LongitudeDegrees>-0.2285015769302845</LongitudeDegrees>
            </Position>
            <AltitudeMeters>81.19999694824219</AltitudeMeters>
            <DistanceMeters>2204.530029296875</DistanceMeters>
            <HeartRateBpm>
              <Value>112</Value>
            </HeartRateBpm>
            <Extensions>
              <ns3:TPX>
                <ns3:Speed>0.8769999742507935</ns3:Speed>
              </ns3:TPX>
            </Extensions>
          </Trackpoint>
          <Trackpoint>
            <Time>2026-02-26T19:50:37.000Z</Time>
            <Position>
              <LatitudeDegrees>51.766225872561336</LatitudeDegrees>
              <LongitudeDegrees>-0.22841415368020535</LongitudeDegrees>
            </Position>
            <AltitudeMeters>81.0</AltitudeMeters>
            <DistanceMeters>2211.419921875</DistanceMeters>
            <HeartRateBpm>
              <Value>112</Value>
            </HeartRateBpm>
            <Extensions>
              <ns3:TPX>
                <ns3:Speed>0.8960000276565552</ns3:Speed>
              </ns3:TPX>
            </Extensions>
          </Trackpoint>
          <Trackpoint>
            <Time>2026-02-26T19:50:46.000Z</Time>
            <Position>
              <LatitudeDegrees>51.76618496887386</LatitudeDegrees>
              <LongitudeDegrees>-0.2283262275159359</LongitudeDegrees>
            </Position>
            <AltitudeMeters>81.19999694824219</AltitudeMeters>
            <DistanceMeters>2218.739990234375</DistanceMeters>
            <HeartRateBpm>
              <Value>114</Value>
            </HeartRateBpm>
            <Extensions>
              <ns3:TPX>
                <ns3:Speed>0.8769999742507935</ns3:Speed>
              </ns3:TPX>
            </Extensions>
          </Trackpoint>
          <Trackpoint>
            <Time>2026-02-26T19:50:55.000Z</Time>
            <Position>
              <LatitudeDegrees>51.76614238880575</LatitudeDegrees>
              <LongitudeDegrees>-0.2282304223626852</LongitudeDegrees>
            </Position>
            <AltitudeMeters>81.19999694824219</AltitudeMeters>
            <DistanceMeters>2227.0</DistanceMeters>
            <HeartRateBpm>
              <Value>115</Value>
            </HeartRateBpm>
            <Extensions>
              <ns3:TPX>
                <ns3:Speed>0.8769999742507935</ns3:Speed>
              </ns3:TPX>
            </Extensions>
          </Trackpoint>
          <Trackpoint>
            <Time>2026-02-26T19:50:57.000Z</Time>
            <Position>
              <LatitudeDegrees>51.76613283343613</LatitudeDegrees>
              <LongitudeDegrees>-0.2282080426812172</LongitudeDegrees>
            </Position>
            <AltitudeMeters>81.4000015258789</AltitudeMeters>
            <DistanceMeters>2228.909912109375</DistanceMeters>
            <HeartRateBpm>
              <Value>114</Value>
            </HeartRateBpm>
            <Extensions>
              <ns3:TPX>
                <ns3:Speed>0.8859999775886536</ns3:Speed>
              </ns3:TPX>
            </Extensions>
          </Trackpoint>
          <Trackpoint>
            <Time>2026-02-26T19:51:04.000Z</Time>
            <Position>
              <LatitudeDegrees>51.76609771326184</LatitudeDegrees>
              <LongitudeDegrees>-0.228117099031806</LongitudeDegrees>
            </Position>
            <AltitudeMeters>81.19999694824219</AltitudeMeters>
            <DistanceMeters>2236.169921875</DistanceMeters>
            <HeartRateBpm>
              <Value>114</Value>
            </HeartRateBpm>
            <Extensions>
              <ns3:TPX>
                <ns3:Speed>0.9520000219345093</ns3:Speed>
              </ns3:TPX>
            </Extensions>
          </Trackpoint>
          <Trackpoint>
            <Time>2026-02-26T19:51:11.000Z</Time>
            <Position>
              <LatitudeDegrees>51.76607013680041</LatitudeDegrees>
              <LongitudeDegrees>-0.22804845124483109</LongitudeDegrees>
            </Position>
            <AltitudeMeters>81.0</AltitudeMeters>
            <DistanceMeters>2242.159912109375</DistanceMeters>
            <HeartRateBpm>
              <Value>113</Value>
            </HeartRateBpm>
            <Extensions>
              <ns3:TPX>
                <ns3:Speed>0.9520000219345093</ns3:Speed>
              </ns3:TPX>
            </Extensions>
          </Trackpoint>
          <Trackpoint>
            <Time>2026-02-26T19:51:19.000Z</Time>
            <Position>
              <LatitudeDegrees>51.76603266969323</LatitudeDegrees>
              <LongitudeDegrees>-0.22794703021645546</LongitudeDegrees>
            </Position>
            <AltitudeMeters>80.80000305175781</AltitudeMeters>
            <DistanceMeters>2250.14990234375</DistanceMeters>
            <HeartRateBpm>
              <Value>110</Value>
            </HeartRateBpm>
            <Extensions>
              <ns3:TPX>
                <ns3:Speed>0.9330000281333923</ns3:Speed>
              </ns3:TPX>
            </Extensions>
          </Trackpoint>
          <Trackpoint>
            <Time>2026-02-26T19:51:20.000Z</Time>
            <Position>
              <LatitudeDegrees>51.76602805964649</LatitudeDegrees>
              <LongitudeDegrees>-0.22793294861912727</LongitudeDegrees>
            </Position>
            <AltitudeMeters>81.0</AltitudeMeters>
            <DistanceMeters>2251.25</DistanceMeters>
            <HeartRateBpm>
              <Value>107</Value>
            </HeartRateBpm>
            <Extensions>
              <ns3:TPX>
                <ns3:Speed>0.9330000281333923</ns3:Speed>
              </ns3:TPX>
            </Extensions>
          </Trackpoint>
          <Trackpoint>
            <Time>2026-02-26T19:51:28.000Z</Time>
            <Position>
              <LatitudeDegrees>51.76598749123514</LatitudeDegrees>
              <LongitudeDegrees>-0.227836724370718</LongitudeDegrees>
            </Position>
            <AltitudeMeters>80.80000305175781</AltitudeMeters>
            <DistanceMeters>2259.260009765625</DistanceMeters>
            <HeartRateBpm>
              <Value>104</Value>
            </HeartRateBpm>
            <Extensions>
              <ns3:TPX>
                <ns3:Speed>0.9890000224113464</ns3:Speed>
              </ns3:TPX>
            </Extensions>
          </Trackpoint>
          <Trackpoint>
            <Time>2026-02-26T19:51:29.000Z</Time>
            <Position>
              <LatitudeDegrees>51.765982462093234</LatitudeDegrees>
              <LongitudeDegrees>-0.2278269175440073</LongitudeDegrees>
            </Position>
            <AltitudeMeters>80.80000305175781</AltitudeMeters>
            <DistanceMeters>2260.18994140625</DistanceMeters>
            <HeartRateBpm>
              <Value>104</Value>
            </HeartRateBpm>
            <Extensions>
              <ns3:TPX>
                <ns3:Speed>0.9890000224113464</ns3:Speed>
              </ns3:TPX>
            </Extensions>
          </Trackpoint>
          <Trackpoint>
            <Time>2026-02-26T19:51:38.000Z</Time>
            <Position>
              <LatitudeDegrees>51.76594465970993</LatitudeDegrees>
              <LongitudeDegrees>-0.22773480042815208</LongitudeDegrees>
            </Position>
            <AltitudeMeters>80.80000305175781</AltitudeMeters>
            <DistanceMeters>2267.860107421875</DistanceMeters>
            <HeartRateBpm>
              <Value>104</Value>
            </HeartRateBpm>
            <Extensions>
              <ns3:TPX>
                <ns3:Speed>0.9049999713897705</ns3:Speed>
              </ns3:TPX>
            </Extensions>
          </Trackpoint>
          <Trackpoint>
            <Time>2026-02-26T19:51:46.000Z</Time>
            <Position>
              <LatitudeDegrees>51.76591146737337</LatitudeDegrees>
              <LongitudeDegrees>-0.22766657173633575</LongitudeDegrees>
            </Position>
            <AltitudeMeters>81.19999694824219</AltitudeMeters>
            <DistanceMeters>2273.929931640625</DistanceMeters>
            <HeartRateBpm>
              <Value>105</Value>
            </HeartRateBpm>
            <Extensions>
              <ns3:TPX>
                <ns3:Speed>0.8859999775886536</ns3:Speed>
              </ns3:TPX>
            </Extensions>
          </Trackpoint>
          <Trackpoint>
            <Time>2026-02-26T19:51:53.000Z</Time>
            <Position>
              <LatitudeDegrees>51.76587869413197</LatitudeDegrees>
              <LongitudeDegrees>-0.22760353982448578</LongitudeDegrees>
            </Position>
            <AltitudeMeters>82.0</AltitudeMeters>
            <DistanceMeters>2279.68994140625</DistanceMeters>
            <HeartRateBpm>
              <Value>105</Value>
            </HeartRateBpm>
            <Extensions>
              <ns3:TPX>
                <ns3:Speed>0.8579999804496765</ns3:Speed>
              </ns3:TPX>
            </Extensions>
          </Trackpoint>
          <Trackpoint>
            <Time>2026-02-26T19:52:00.000Z</Time>
            <Position>
              <LatitudeDegrees>51.76584357395768</LatitudeDegrees>
              <LongitudeDegrees>-0.2275432739406824</LongitudeDegrees>
            </Position>
            <AltitudeMeters>82.19999694824219</AltitudeMeters>
            <DistanceMeters>2285.14990234375</DistanceMeters>
            <HeartRateBpm>
              <Value>108</Value>
            </HeartRateBpm>
            <Extensions>
              <ns3:TPX>
                <ns3:Speed>0.8859999775886536</ns3:Speed>
              </ns3:TPX>
            </Extensions>
          </Trackpoint>
          <Trackpoint>
            <Time>2026-02-26T19:52:03.000Z</Time>
            <Position>
              <LatitudeDegrees>51.76582555286586</LatitudeDegrees>
              <LongitudeDegrees>-0.22750698029994965</LongitudeDegrees>
            </Position>
            <AltitudeMeters>82.4000015258789</AltitudeMeters>
            <DistanceMeters>2288.39990234375</DistanceMeters>
            <HeartRateBpm>
              <Value>109</Value>
            </HeartRateBpm>
            <Extensions>
              <ns3:TPX>
                <ns3:Speed>0.8769999742507935</ns3:Speed>
              </ns3:TPX>
            </Extensions>
          </Trackpoint>
          <Trackpoint>
            <Time>2026-02-26T19:52:07.000Z</Time>
            <Position>
              <LatitudeDegrees>51.765807615593076</LatitudeDegrees>
              <LongitudeDegrees>-0.2274637296795845</LongitudeDegrees>
            </Position>
            <AltitudeMeters>82.4000015258789</AltitudeMeters>
            <DistanceMeters>2292.139892578125</DistanceMeters>
            <HeartRateBpm>
              <Value>111</Value>
            </HeartRateBpm>
            <Extensions>
              <ns3:TPX>
                <ns3:Speed>0.9419999718666077</ns3:Speed>
              </ns3:TPX>
            </Extensions>
          </Trackpoint>
          <Trackpoint>
            <Time>2026-02-26T19:52:10.000Z</Time>
            <Position>
              <LatitudeDegrees>51.76579554565251</LatitudeDegrees>
              <LongitudeDegrees>-0.22743875160813332</LongitudeDegrees>
            </Position>
            <AltitudeMeters>82.4000015258789</AltitudeMeters>
            <DistanceMeters>2294.030029296875</DistanceMeters>
            <HeartRateBpm>
              <Value>114</Value>
            </HeartRateBpm>
            <Extensions>
              <ns3:TPX>
                <ns3:Speed>0.8960000276565552</ns3:Speed>
              </ns3:TPX>
            </Extensions>
          </Trackpoint>
          <Trackpoint>
            <Time>2026-02-26T19:52:11.000Z</Time>
            <Position>
              <LatitudeDegrees>51.765791522338986</LatitudeDegrees>
              <LongitudeDegrees>-0.22742961533367634</LongitudeDegrees>
            </Position>
            <AltitudeMeters>82.4000015258789</AltitudeMeters>
            <DistanceMeters>2294.9599609375</DistanceMeters>
            <HeartRateBpm>
              <Value>122</Value>
            </HeartRateBpm>
            <Extensions>
              <ns3:TPX>
                <ns3:Speed>0.8859999775886536</ns3:Speed>
              </ns3:TPX>
            </Extensions>
          </Trackpoint>
          <Trackpoint>
            <Time>2026-02-26T19:52:12.000Z</Time>
            <Position>
              <LatitudeDegrees>51.76578649319708</LatitudeDegrees>
              <LongitudeDegrees>-0.2274201437830925</LongitudeDegrees>
            </Position>
            <AltitudeMeters>82.4000015258789</AltitudeMeters>
            <DistanceMeters>2295.780029296875</DistanceMeters>
            <HeartRateBpm>
              <Value>129</Value>
            </HeartRateBpm>
            <Extensions>
              <ns3:TPX>
                <ns3:Speed>0.8679999709129333</ns3:Speed>
              </ns3:TPX>
            </Extensions>
          </Trackpoint>
          <Trackpoint>
            <Time>2026-02-26T19:52:14.000Z</Time>
            <Position>
              <LatitudeDegrees>51.76577257923782</LatitudeDegrees>
              <LongitudeDegrees>-0.2273944951593876</LongitudeDegrees>
            </Position>
            <AltitudeMeters>82.4000015258789</AltitudeMeters>
            <DistanceMeters>2297.929931640625</DistanceMeters>
            <HeartRateBpm>
              <Value>130</Value>
            </HeartRateBpm>
            <Extensions>
              <ns3:TPX>
                <ns3:Speed>0.8679999709129333</ns3:Speed>
              </ns3:TPX>
            </Extensions>
          </Trackpoint>
          <Trackpoint>
            <Time>2026-02-26T19:52:21.000Z</Time>
            <Position>
              <LatitudeDegrees>51.765736704692245</LatitudeDegrees>
              <LongitudeDegrees>-0.22732995450496674</LongitudeDegrees>
            </Position>
            <AltitudeMeters>82.4000015258789</AltitudeMeters>
            <DistanceMeters>2304.030029296875</DistanceMeters>
            <HeartRateBpm>
              <Value>130</Value>
            </HeartRateBpm>
            <Extensions>
              <ns3:TPX>
                <ns3:Speed>0.8769999742507935</ns3:Speed>
              </ns3:TPX>
            </Extensions>
          </Trackpoint>
          <Trackpoint>
            <Time>2026-02-26T19:52:29.000Z</Time>
            <Position>
              <LatitudeDegrees>51.76569144241512</LatitudeDegrees>
              <LongitudeDegrees>-0.22724881768226624</LongitudeDegrees>
            </Position>
            <AltitudeMeters>82.19999694824219</AltitudeMeters>
            <DistanceMeters>2311.800048828125</DistanceMeters>
            <HeartRateBpm>
              <Value>129</Value>
            </HeartRateBpm>
            <Extensions>
              <ns3:TPX>
                <ns3:Speed>0.9330000281333923</ns3:Speed>
              </ns3:TPX>
            </Extensions>
          </Trackpoint>
          <Trackpoint>
            <Time>2026-02-26T19:52:37.000Z</Time>
            <Position>
              <LatitudeDegrees>51.7656369600445</LatitudeDegrees>
              <LongitudeDegrees>-0.22718067280948162</LongitudeDegrees>
            </Position>
            <AltitudeMeters>82.80000305175781</AltitudeMeters>
            <DistanceMeters>2319.2099609375</DistanceMeters>
            <HeartRateBpm>
              <Value>126</Value>
            </HeartRateBpm>
            <Extensions>
              <ns3:TPX>
                <ns3:Speed>0.8859999775886536</ns3:Speed>
              </ns3:TPX>
            </Extensions>
          </Trackpoint>
          <Trackpoint>
            <Time>2026-02-26T19:52:45.000Z</Time>
            <Position>
              <LatitudeDegrees>51.765590189024806</LatitudeDegrees>
              <LongitudeDegrees>-0.22711076773703098</LongitudeDegrees>
            </Position>
            <AltitudeMeters>82.80000305175781</AltitudeMeters>
            <DistanceMeters>2326.64990234375</DistanceMeters>
            <HeartRateBpm>
              <Value>123</Value>
            </HeartRateBpm>
            <Extensions>
              <ns3:TPX>
                <ns3:Speed>0.9139999747276306</ns3:Speed>
              </ns3:TPX>
            </Extensions>
          </Trackpoint>
          <Trackpoint>
            <Time>2026-02-26T19:52:52.000Z</Time>
            <Position>
              <LatitudeDegrees>51.76554853096604</LatitudeDegrees>
              <LongitudeDegrees>-0.2270509209483862</LongitudeDegrees>
            </Position>
            <AltitudeMeters>82.80000305175781</AltitudeMeters>
            <DistanceMeters>2332.6298828125</DistanceMeters>
            <HeartRateBpm>
              <Value>122</Value>
            </HeartRateBpm>
            <Extensions>
              <ns3:TPX>
                <ns3:Speed>0.9049999713897705</ns3:Speed>
              </ns3:TPX>
            </Extensions>
          </Trackpoint>
          <Trackpoint>
            <Time>2026-02-26T19:52:58.000Z</Time>
            <Position>
              <LatitudeDegrees>51.76551382988691</LatitudeDegrees>
              <LongitudeDegrees>-0.2269927505403757</LongitudeDegrees>
            </Position>
            <AltitudeMeters>83.0</AltitudeMeters>
            <DistanceMeters>2338.010009765625</DistanceMeters>
            <HeartRateBpm>
              <Value>119</Value>
            </HeartRateBpm>
            <Extensions>
              <ns3:TPX>
                <ns3:Speed>0.8960000276565552</ns3:Speed>
              </ns3:TPX>
            </Extensions>
          </Trackpoint>
          <Trackpoint>
            <Time>2026-02-26T19:53:07.000Z</Time>
            <Position>
              <LatitudeDegrees>51.76546982489526</LatitudeDegrees>
              <LongitudeDegrees>-0.22691781632602215</LongitudeDegrees>
            </Position>
            <AltitudeMeters>83.4000015258789</AltitudeMeters>
            <DistanceMeters>2345.639892578125</DistanceMeters>
            <HeartRateBpm>
              <Value>118</Value>
            </HeartRateBpm>
            <Extensions>
              <ns3:TPX>
                <ns3:Speed>0.8859999775886536</ns3:Speed>
              </ns3:TPX>
            </Extensions>
          </Trackpoint>
          <Trackpoint>
            <Time>2026-02-26T19:53:14.000Z</Time>
            <Position>
              <LatitudeDegrees>51.76543202251196</LatitudeDegrees>
              <LongitudeDegrees>-0.22685193456709385</LongitudeDegrees>
            </Position>
            <AltitudeMeters>82.80000305175781</AltitudeMeters>
            <DistanceMeters>2351.72998046875</DistanceMeters>
            <HeartRateBpm>
              <Value>117</Value>
            </HeartRateBpm>
            <Extensions>
              <ns3:TPX>
                <ns3:Speed>0.8769999742507935</ns3:Speed>
              </ns3:TPX>
            </Extensions>
          </Trackpoint>
          <Trackpoint>
            <Time>2026-02-26T19:53:22.000Z</Time>
            <Position>
              <LatitudeDegrees>51.76538374274969</LatitudeDegrees>
              <LongitudeDegrees>-0.2267803531140089</LongitudeDegrees>
            </Position>
            <AltitudeMeters>82.80000305175781</AltitudeMeters>
            <DistanceMeters>2359.330078125</DistanceMeters>
            <HeartRateBpm>
              <Value>117</Value>
            </HeartRateBpm>
            <Extensions>
              <ns3:TPX>
                <ns3:Speed>0.8859999775886536</ns3:Speed>
              </ns3:TPX>
            </Extensions>
          </Trackpoint>
          <Trackpoint>
            <Time>2026-02-26T19:53:29.000Z</Time>
            <Position>
              <LatitudeDegrees>51.76533479243517</LatitudeDegrees>
              <LongitudeDegrees>-0.2267117891460657</LongitudeDegrees>
            </Position>
            <AltitudeMeters>83.19999694824219</AltitudeMeters>
            <DistanceMeters>2366.169921875</DistanceMeters>
            <HeartRateBpm>
              <Value>117</Value>
            </HeartRateBpm>
            <Extensions>
              <ns3:TPX>
                <ns3:Speed>0.8960000276565552</ns3:Speed>
              </ns3:TPX>
            </Extensions>
          </Trackpoint>
          <Trackpoint>
            <Time>2026-02-26T19:53:33.000Z</Time>
            <Position>
              <LatitudeDegrees>51.76531031727791</LatitudeDegrees>
              <LongitudeDegrees>-0.2266861405223608</LongitudeDegrees>
            </Position>
            <AltitudeMeters>83.19999694824219</AltitudeMeters>
            <DistanceMeters>2369.39990234375</DistanceMeters>
            <HeartRateBpm>
              <Value>121</Value>
            </HeartRateBpm>
            <Extensions>
              <ns3:TPX>
                <ns3:Speed>0.9139999747276306</ns3:Speed>
              </ns3:TPX>
            </Extensions>
          </Trackpoint>
          <Trackpoint>
            <Time>2026-02-26T19:53:37.000Z</Time>
            <Position>
              <LatitudeDegrees>51.765283830463886</LatitudeDegrees>
              <LongitudeDegrees>-0.22666250355541706</LongitudeDegrees>
            </Position>
            <AltitudeMeters>83.19999694824219</AltitudeMeters>
            <DistanceMeters>2372.830078125</DistanceMeters>
            <HeartRateBpm>
              <Value>122</Value>
            </HeartRateBpm>
            <Extensions>
              <ns3:TPX>
                <ns3:Speed>0.9049999713897705</ns3:Speed>
              </ns3:TPX>
            </Extensions>
          </Trackpoint>
          <Trackpoint>
            <Time>2026-02-26T19:53:44.000Z</Time>
            <Position>
              <LatitudeDegrees>51.76523261703551</LatitudeDegrees>
              <LongitudeDegrees>-0.2265979629009962</LongitudeDegrees>
            </Position>
            <AltitudeMeters>83.0</AltitudeMeters>
            <DistanceMeters>2380.419921875</DistanceMeters>
            <HeartRateBpm>
              <Value>121</Value>
            </HeartRateBpm>
            <Extensions>
              <ns3:TPX>
                <ns3:Speed>0.9139999747276306</ns3:Speed>
              </ns3:TPX>
            </Extensions>
          </Trackpoint>
          <Trackpoint>
            <Time>2026-02-26T19:53:50.000Z</Time>
            <Position>
              <LatitudeDegrees>51.765197832137346</LatitudeDegrees>
              <LongitudeDegrees>-0.2265548799186945</LongitudeDegrees>
            </Position>
            <AltitudeMeters>83.0</AltitudeMeters>
            <DistanceMeters>2385.52001953125</DistanceMeters>
            <HeartRateBpm>
              <Value>118</Value>
            </HeartRateBpm>
            <Extensions>
              <ns3:TPX>
                <ns3:Speed>0.9240000247955322</ns3:Speed>
              </ns3:TPX>
            </Extensions>
          </Trackpoint>
          <Trackpoint>
            <Time>2026-02-26T19:53:51.000Z</Time>
            <Position>
              <LatitudeDegrees>51.76519280299544</LatitudeDegrees>
              <LongitudeDegrees>-0.22654909640550613</LongitudeDegrees>
            </Position>
            <AltitudeMeters>83.0</AltitudeMeters>
            <DistanceMeters>2385.93994140625</DistanceMeters>
            <HeartRateBpm>
              <Value>117</Value>
            </HeartRateBpm>
            <Extensions>
              <ns3:TPX>
                <ns3:Speed>0.9139999747276306</ns3:Speed>
              </ns3:TPX>
            </Extensions>
          </Trackpoint>
          <Trackpoint>
            <Time>2026-02-26T19:53:53.000Z</Time>
            <Position>
              <LatitudeDegrees>51.76517637446523</LatitudeDegrees>
              <LongitudeDegrees>-0.22653266787528992</LongitudeDegrees>
            </Position>
            <AltitudeMeters>83.0</AltitudeMeters>
            <DistanceMeters>2387.860107421875</DistanceMeters>
            <HeartRateBpm>
              <Value>113</Value>
            </HeartRateBpm>
            <Extensions>
              <ns3:TPX>
                <ns3:Speed>0.8579999804496765</ns3:Speed>
              </ns3:TPX>
            </Extensions>
          </Trackpoint>
          <Trackpoint>
            <Time>2026-02-26T19:53:58.000Z</Time>
            <Position>
              <LatitudeDegrees>51.76514527760446</LatitudeDegrees>
              <LongitudeDegrees>-0.22648539394140244</LongitudeDegrees>
            </Position>
            <AltitudeMeters>83.0</AltitudeMeters>
            <DistanceMeters>2392.81005859375</DistanceMeters>
            <HeartRateBpm>
              <Value>111</Value>
            </HeartRateBpm>
            <Extensions>
              <ns3:TPX>
                <ns3:Speed>0.8679999709129333</ns3:Speed>
              </ns3:TPX>
            </Extensions>
          </Trackpoint>
          <Trackpoint>
            <Time>2026-02-26T19:54:06.000Z</Time>
            <Position>
              <LatitudeDegrees>51.76509263925254</LatitudeDegrees>
              <LongitudeDegrees>-0.226408950984478</LongitudeDegrees>
            </Position>
            <AltitudeMeters>82.80000305175781</AltitudeMeters>
            <DistanceMeters>2400.860107421875</DistanceMeters>
            <HeartRateBpm>
              <Value>109</Value>
            </HeartRateBpm>
            <Extensions>
              <ns3:TPX>
                <ns3:Speed>0.9240000247955322</ns3:Speed>
              </ns3:TPX>
            </Extensions>
          </Trackpoint>
          <Trackpoint>
            <Time>2026-02-26T19:54:14.000Z</Time>
            <Position>
              <LatitudeDegrees>51.76505207084119</LatitudeDegrees>
              <LongitudeDegrees>-0.2263442426919937</LongitudeDegrees>
            </Position>
            <AltitudeMeters>82.80000305175781</AltitudeMeters>
            <DistanceMeters>2406.989990234375</DistanceMeters>
            <HeartRateBpm>
              <Value>108</Value>
            </HeartRateBpm>
            <Extensions>
              <ns3:TPX>
                <ns3:Speed>0.9049999713897705</ns3:Speed>
              </ns3:TPX>
            </Extensions>
          </Trackpoint>
          <Trackpoint>
            <Time>2026-02-26T19:54:23.000Z</Time>
            <Position>
              <LatitudeDegrees>51.7649878654629</LatitudeDegrees>
              <LongitudeDegrees>-0.2262854017317295</LongitudeDegrees>
            </Position>
            <AltitudeMeters>83.0</AltitudeMeters>
            <DistanceMeters>2415.050048828125</DistanceMeters>
            <HeartRateBpm>
              <Value>108</Value>
            </HeartRateBpm>
            <Extensions>
              <ns3:TPX>
                <ns3:Speed>0.9049999713897705</ns3:Speed>
              </ns3:TPX>
            </Extensions>
          </Trackpoint>
          <Trackpoint>
            <Time>2026-02-26T19:54:30.000Z</Time>
            <Position>
              <LatitudeDegrees>51.7649376578629</LatitudeDegrees>
              <LongitudeDegrees>-0.22624382749199867</LongitudeDegrees>
            </Position>
            <AltitudeMeters>83.19999694824219</AltitudeMeters>
            <DistanceMeters>2421.60009765625</DistanceMeters>
            <HeartRateBpm>
              <Value>108</Value>
            </HeartRateBpm>
            <Extensions>
              <ns3:TPX>
                <ns3:Speed>0.9240000247955322</ns3:Speed>
              </ns3:TPX>
            </Extensions>
          </Trackpoint>
          <Trackpoint>
            <Time>2026-02-26T19:54:32.000Z</Time>
            <Position>
              <LatitudeDegrees>51.76492592319846</LatitudeDegrees>
              <LongitudeDegrees>-0.22622941061854362</LongitudeDegrees>
            </Position>
            <AltitudeMeters>83.4000015258789</AltitudeMeters>
            <DistanceMeters>2422.719970703125</DistanceMeters>
            <HeartRateBpm>
              <Value>108</Value>
            </HeartRateBpm>
            <Extensions>
              <ns3:TPX>
                <ns3:Speed>0.9139999747276306</ns3:Speed>
              </ns3:TPX>
            </Extensions>
          </Trackpoint>
          <Trackpoint>
            <Time>2026-02-26T19:54:37.000Z</Time>
            <Position>
              <LatitudeDegrees>51.76486616022885</LatitudeDegrees>
              <LongitudeDegrees>-0.22621004842221737</LongitudeDegrees>
            </Position>
            <AltitudeMeters>83.4000015258789</AltitudeMeters>
            <DistanceMeters>2429.550048828125</DistanceMeters>
            <HeartRateBpm>
              <Value>108</Value>
            </HeartRateBpm>
            <Extensions>
              <ns3:TPX>
                <ns3:Speed>0.9610000252723694</ns3:Speed>
              </ns3:TPX>
            </Extensions>
          </Trackpoint>
          <Trackpoint>
            <Time>2026-02-26T19:54:46.000Z</Time>
            <Position>
              <LatitudeDegrees>51.764793740585446</LatitudeDegrees>
              <LongitudeDegrees>-0.22618372924625874</LongitudeDegrees>
            </Position>
            <AltitudeMeters>83.80000305175781</AltitudeMeters>
            <DistanceMeters>2437.929931640625</DistanceMeters>
            <HeartRateBpm>
              <Value>110</Value>
            </HeartRateBpm>
            <Extensions>
              <ns3:TPX>
                <ns3:Speed>0.9980000257492065</ns3:Speed>
              </ns3:TPX>
            </Extensions>
          </Trackpoint>
          <Trackpoint>
            <Time>2026-02-26T19:54:51.000Z</Time>
            <Position>
              <LatitudeDegrees>51.76476121880114</LatitudeDegrees>
              <LongitudeDegrees>-0.22614852525293827</LongitudeDegrees>
            </Position>
            <AltitudeMeters>84.0</AltitudeMeters>
            <DistanceMeters>2442.659912109375</DistanceMeters>
            <HeartRateBpm>
              <Value>113</Value>
            </HeartRateBpm>
            <Extensions>
              <ns3:TPX>
                <ns3:Speed>0.8960000276565552</ns3:Speed>
              </ns3:TPX>
            </Extensions>
          </Trackpoint>
          <Trackpoint>
            <Time>2026-02-26T19:54:53.000Z</Time>
            <Position>
              <LatitudeDegrees>51.764747807756066</LatitudeDegrees>
              <LongitudeDegrees>-0.22612782195210457</LongitudeDegrees>
            </Position>
            <AltitudeMeters>84.19999694824219</AltitudeMeters>
            <DistanceMeters>2444.739990234375</DistanceMeters>
            <HeartRateBpm>
              <Value>114</Value>
            </HeartRateBpm>
            <Extensions>
              <ns3:TPX>
                <ns3:Speed>0.9240000247955322</ns3:Speed>
              </ns3:TPX>
            </Extensions>
          </Trackpoint>
          <Trackpoint>
            <Time>2026-02-26T19:54:57.000Z</Time>
            <Position>
              <LatitudeDegrees>51.76472257822752</LatitudeDegrees>
              <LongitudeDegrees>-0.2260893490165472</LongitudeDegrees>
            </Position>
            <AltitudeMeters>84.0</AltitudeMeters>
            <DistanceMeters>2448.56005859375</DistanceMeters>
            <HeartRateBpm>
              <Value>118</Value>
            </HeartRateBpm>
            <Extensions>
              <ns3:TPX>
                <ns3:Speed>0.9139999747276306</ns3:Speed>
              </ns3:TPX>
            </Extensions>
          </Trackpoint>
          <Trackpoint>
            <Time>2026-02-26T19:54:58.000Z</Time>
            <Position>
              <LatitudeDegrees>51.76471880637109</LatitudeDegrees>
              <LongitudeDegrees>-0.22607853636145592</LongitudeDegrees>
            </Position>
            <AltitudeMeters>84.0</AltitudeMeters>
            <DistanceMeters>2449.64990234375</DistanceMeters>
            <HeartRateBpm>
              <Value>122</Value>
            </HeartRateBpm>
            <Extensions>
              <ns3:TPX>
                <ns3:Speed>0.9139999747276306</ns3:Speed>
              </ns3:TPX>
            </Extensions>
          </Trackpoint>
          <Trackpoint>
            <Time>2026-02-26T19:55:00.000Z</Time>
            <Position>
              <LatitudeDegrees>51.764712100848556</LatitudeDegrees>
              <LongitudeDegrees>-0.22605699487030506</LongitudeDegrees>
            </Position>
            <AltitudeMeters>83.80000305175781</AltitudeMeters>
            <DistanceMeters>2451.260009765625</DistanceMeters>
            <HeartRateBpm>
              <Value>123</Value>
            </HeartRateBpm>
            <Extensions>
              <ns3:TPX>
                <ns3:Speed>0.9520000219345093</ns3:Speed>
              </ns3:TPX>
            </Extensions>
          </Trackpoint>
          <Trackpoint>
            <Time>2026-02-26T19:55:08.000Z</Time>
            <Position>
              <LatitudeDegrees>51.76466885022819</LatitudeDegrees>
              <LongitudeDegrees>-0.22598164156079292</LongitudeDegrees>
            </Position>
            <AltitudeMeters>84.0</AltitudeMeters>
            <DistanceMeters>2458.18994140625</DistanceMeters>
            <HeartRateBpm>
              <Value>122</Value>
            </HeartRateBpm>
            <Extensions>
              <ns3:TPX>
                <ns3:Speed>0.8489999771118164</ns3:Speed>
              </ns3:TPX>
            </Extensions>
          </Trackpoint>
          <Trackpoint>
            <Time>2026-02-26T19:55:17.000Z</Time>
            <Position>
              <LatitudeDegrees>51.76461059600115</LatitudeDegrees>
              <LongitudeDegrees>-0.22590109147131443</LongitudeDegrees>
            </Position>
            <AltitudeMeters>83.80000305175781</AltitudeMeters>
            <DistanceMeters>2466.889892578125</DistanceMeters>
            <HeartRateBpm>
              <Value>120</Value>
            </HeartRateBpm>
            <Extensions>
              <ns3:TPX>
                <ns3:Speed>0.9330000281333923</ns3:Speed>
              </ns3:TPX>
            </Extensions>
          </Trackpoint>
          <Trackpoint>
            <Time>2026-02-26T19:55:24.000Z</Time>
            <Position>
              <LatitudeDegrees>51.76457564346492</LatitudeDegrees>
              <LongitudeDegrees>-0.2258443459868431</LongitudeDegrees>
            </Position>
            <AltitudeMeters>84.0</AltitudeMeters>
            <DistanceMeters>2472.530029296875</DistanceMeters>
            <HeartRateBpm>
              <Value>117</Value>
            </HeartRateBpm>
            <Extensions>
              <ns3:TPX>
                <ns3:Speed>0.8859999775886536</ns3:Speed>
              </ns3:TPX>
            </Extensions>
          </Trackpoint>
          <Trackpoint>
            <Time>2026-02-26T19:55:26.000Z</Time>
            <Position>
              <LatitudeDegrees>51.76456265151501</LatitudeDegrees>
              <LongitudeDegrees>-0.22583093494176865</LongitudeDegrees>
            </Position>
            <AltitudeMeters>84.0</AltitudeMeters>
            <DistanceMeters>2474.090087890625</DistanceMeters>
            <HeartRateBpm>
              <Value>116</Value>
            </HeartRateBpm>
            <Extensions>
              <ns3:TPX>
                <ns3:Speed>0.8859999775886536</ns3:Speed>
              </ns3:TPX>
            </Extensions>
          </Trackpoint>
          <Trackpoint>
            <Time>2026-02-26T19:55:33.000Z</Time>
            <Position>
              <LatitudeDegrees>51.764521077275276</LatitudeDegrees>
              <LongitudeDegrees>-0.22577770985662937</LongitudeDegrees>
            </Position>
            <AltitudeMeters>83.80000305175781</AltitudeMeters>
            <DistanceMeters>2479.68994140625</DistanceMeters>
            <HeartRateBpm>
              <Value>113</Value>
            </HeartRateBpm>
            <Extensions>
              <ns3:TPX>
                <ns3:Speed>0.8859999775886536</ns3:Speed>
              </ns3:TPX>
            </Extensions>
          </Trackpoint>
          <Trackpoint>
            <Time>2026-02-26T19:55:34.000Z</Time>
            <Position>
              <LatitudeDegrees>51.76451328210533</LatitudeDegrees>
              <LongitudeDegrees>-0.22576874122023582</LongitudeDegrees>
            </Position>
            <AltitudeMeters>83.80000305175781</AltitudeMeters>
            <DistanceMeters>2480.739990234375</DistanceMeters>
            <HeartRateBpm>
              <Value>113</Value>
            </HeartRateBpm>
            <Extensions>
              <ns3:TPX>
                <ns3:Speed>0.8859999775886536</ns3:Speed>
              </ns3:TPX>
            </Extensions>
          </Trackpoint>
          <Trackpoint>
            <Time>2026-02-26T19:55:43.000Z</Time>
            <Position>
              <LatitudeDegrees>51.764457039535046</LatitudeDegrees>
              <LongitudeDegrees>-0.2256880234926939</LongitudeDegrees>
            </Position>
            <AltitudeMeters>83.80000305175781</AltitudeMeters>
            <DistanceMeters>2489.31005859375</DistanceMeters>
            <HeartRateBpm>
              <Value>112</Value>
            </HeartRateBpm>
            <Extensions>
              <ns3:TPX>
                <ns3:Speed>0.9049999713897705</ns3:Speed>
              </ns3:TPX>
            </Extensions>
          </Trackpoint>
          <Trackpoint>
            <Time>2026-02-26T19:55:49.000Z</Time>
            <Position>
              <LatitudeDegrees>51.7644143756479</LatitudeDegrees>
              <LongitudeDegrees>-0.2256438508629799</LongitudeDegrees>
            </Position>
            <AltitudeMeters>84.4000015258789</AltitudeMeters>
            <DistanceMeters>2494.89990234375</DistanceMeters>
            <HeartRateBpm>
              <Value>111</Value>
            </HeartRateBpm>
            <Extensions>
              <ns3:TPX>
                <ns3:Speed>0.8960000276565552</ns3:Speed>
              </ns3:TPX>
            </Extensions>
          </Trackpoint>
          <Trackpoint>
            <Time>2026-02-26T19:55:56.000Z</Time>
            <Position>
              <LatitudeDegrees>51.76436819136143</LatitudeDegrees>
              <LongitudeDegrees>-0.22559205070137978</LongitudeDegrees>
            </Position>
            <AltitudeMeters>84.4000015258789</AltitudeMeters>
            <DistanceMeters>2501.2900390625</DistanceMeters>
            <HeartRateBpm>
              <Value>110</Value>
            </HeartRateBpm>
            <Extensions>
              <ns3:TPX>
                <ns3:Speed>0.9049999713897705</ns3:Speed>
              </ns3:TPX>
            </Extensions>
          </Trackpoint>
          <Trackpoint>
            <Time>2026-02-26T19:55:58.000Z</Time>
            <Position>
              <LatitudeDegrees>51.76435846835375</LatitudeDegrees>
              <LongitudeDegrees>-0.22557335905730724</LongitudeDegrees>
            </Position>
            <AltitudeMeters>84.4000015258789</AltitudeMeters>
            <DistanceMeters>2503.010009765625</DistanceMeters>
            <HeartRateBpm>
              <Value>110</Value>
            </HeartRateBpm>
            <Extensions>
              <ns3:TPX>
                <ns3:Speed>0.8960000276565552</ns3:Speed>
              </ns3:TPX>
            </Extensions>
          </Trackpoint>
          <Trackpoint>
            <Time>2026-02-26T19:56:03.000Z</Time>
            <Position>
              <LatitudeDegrees>51.76433592103422</LatitudeDegrees>
              <LongitudeDegrees>-0.22551795467734337</LongitudeDegrees>
            </Position>
            <AltitudeMeters>84.4000015258789</AltitudeMeters>
            <DistanceMeters>2507.739990234375</DistanceMeters>
            <HeartRateBpm>
              <Value>110</Value>
            </HeartRateBpm>
            <Extensions>
              <ns3:TPX>
                <ns3:Speed>0.8960000276565552</ns3:Speed>
              </ns3:TPX>
            </Extensions>
          </Trackpoint>
          <Trackpoint>
            <Time>2026-02-26T19:56:11.000Z</Time>
            <Position>
              <LatitudeDegrees>51.764300130307674</LatitudeDegrees>
              <LongitudeDegrees>-0.22542533464729786</LongitudeDegrees>
            </Position>
            <AltitudeMeters>84.4000015258789</AltitudeMeters>
            <DistanceMeters>2515.1298828125</DistanceMeters>
            <HeartRateBpm>
              <Value>110</Value>
            </HeartRateBpm>
            <Extensions>
              <ns3:TPX>
                <ns3:Speed>0.8960000276565552</ns3:Speed>
              </ns3:TPX>
            </Extensions>
          </Trackpoint>
          <Trackpoint>
            <Time>2026-02-26T19:56:18.000Z</Time>
            <Position>
              <LatitudeDegrees>51.76429107785225</LatitudeDegrees>
              <LongitudeDegrees>-0.2253645658493042</LongitudeDegrees>
            </Position>
            <AltitudeMeters>84.80000305175781</AltitudeMeters>
            <DistanceMeters>2519.929931640625</DistanceMeters>
            <HeartRateBpm>
              <Value>110</Value>
            </HeartRateBpm>
            <Extensions>
              <ns3:TPX>
                <ns3:Speed>0.9419999718666077</ns3:Speed>
              </ns3:TPX>
            </Extensions>
          </Trackpoint>
          <Trackpoint>
            <Time>2026-02-26T19:56:30.000Z</Time>
            <Position>
              <LatitudeDegrees>51.76426718942821</LatitudeDegrees>
              <LongitudeDegrees>-0.22530429996550083</LongitudeDegrees>
            </Position>
            <AltitudeMeters>84.5999984741211</AltitudeMeters>
            <DistanceMeters>2525.840087890625</DistanceMeters>
            <HeartRateBpm>
              <Value>111</Value>
            </HeartRateBpm>
            <Extensions>
              <ns3:TPX>
                <ns3:Speed>1.38100004196167</ns3:Speed>
              </ns3:TPX>
            </Extensions>
          </Trackpoint>
          <Trackpoint>
            <Time>2026-02-26T19:56:38.000Z</Time>
            <Position>
              <LatitudeDegrees>51.76423089578748</LatitudeDegrees>
              <LongitudeDegrees>-0.22520849481225014</LongitudeDegrees>
            </Position>
            <AltitudeMeters>84.5999984741211</AltitudeMeters>
            <DistanceMeters>2533.739990234375</DistanceMeters>
            <HeartRateBpm>
              <Value>113</Value>
            </HeartRateBpm>
            <Extensions>
              <ns3:TPX>
                <ns3:Speed>1.1100000143051147</ns3:Speed>
              </ns3:TPX>
            </Extensions>
          </Trackpoint>
          <Trackpoint>
            <Time>2026-02-26T19:56:46.000Z</Time>
            <Position>
              <LatitudeDegrees>51.76421488635242</LatitudeDegrees>
              <LongitudeDegrees>-0.2251304592937231</LongitudeDegrees>
            </Position>
            <AltitudeMeters>85.0</AltitudeMeters>
            <DistanceMeters>2539.300048828125</DistanceMeters>
            <HeartRateBpm>
              <Value>114</Value>
            </HeartRateBpm>
            <Extensions>
              <ns3:TPX>
                <ns3:Speed>0.0</ns3:Speed>
              </ns3:TPX>
            </Extensions>
          </Trackpoint>
          <Trackpoint>
            <Time>2026-02-26T19:56:51.000Z</Time>
            <Position>
              <LatitudeDegrees>51.76419569179416</LatitudeDegrees>
              <LongitudeDegrees>-0.22506499662995338</LongitudeDegrees>
            </Position>
            <AltitudeMeters>85.0</AltitudeMeters>
            <DistanceMeters>2544.360107421875</DistanceMeters>
            <HeartRateBpm>
              <Value>111</Value>
            </HeartRateBpm>
            <Extensions>
              <ns3:TPX>
                <ns3:Speed>0.9890000224113464</ns3:Speed>
              </ns3:TPX>
            </Extensions>
          </Trackpoint>
          <Trackpoint>
            <Time>2026-02-26T19:56:54.000Z</Time>
            <Position>
              <LatitudeDegrees>51.76418018527329</LatitudeDegrees>
              <LongitudeDegrees>-0.22503146901726723</LongitudeDegrees>
            </Position>
            <AltitudeMeters>85.0</AltitudeMeters>
            <DistanceMeters>2547.159912109375</DistanceMeters>
            <HeartRateBpm>
              <Value>110</Value>
            </HeartRateBpm>
            <Extensions>
              <ns3:TPX>
                <ns3:Speed>0.9330000281333923</ns3:Speed>
              </ns3:TPX>
            </Extensions>
          </Trackpoint>
          <Trackpoint>
            <Time>2026-02-26T19:57:01.000Z</Time>
            <Position>
              <LatitudeDegrees>51.764144813641906</LatitudeDegrees>
              <LongitudeDegrees>-0.22495142184197903</LongitudeDegrees>
            </Position>
            <AltitudeMeters>85.5999984741211</AltitudeMeters>
            <DistanceMeters>2554.0400390625</DistanceMeters>
            <HeartRateBpm>
              <Value>110</Value>
            </HeartRateBpm>
            <Extensions>
              <ns3:TPX>
                <ns3:Speed>0.9419999718666077</ns3:Speed>
              </ns3:TPX>
            </Extensions>
          </Trackpoint>
          <Trackpoint>
            <Time>2026-02-26T19:57:02.000Z</Time>
            <Position>
              <LatitudeDegrees>51.764139365404844</LatitudeDegrees>
              <LongitudeDegrees>-0.22494220174849033</LongitudeDegrees>
            </Position>
            <AltitudeMeters>85.80000305175781</AltitudeMeters>
            <DistanceMeters>2555.0</DistanceMeters>
            <HeartRateBpm>
              <Value>110</Value>
            </HeartRateBpm>
            <Extensions>
              <ns3:TPX>
                <ns3:Speed>0.9419999718666077</ns3:Speed>
              </ns3:TPX>
            </Extensions>
          </Trackpoint>
          <Trackpoint>
            <Time>2026-02-26T19:57:08.000Z</Time>
            <Position>
              <LatitudeDegrees>51.76411782391369</LatitudeDegrees>
              <LongitudeDegrees>-0.22488964721560478</LongitudeDegrees>
            </Position>
            <AltitudeMeters>85.5999984741211</AltitudeMeters>
            <DistanceMeters>2559.35009765625</DistanceMeters>
            <HeartRateBpm>
              <Value>113</Value>
            </HeartRateBpm>
            <Extensions>
              <ns3:TPX>
                <ns3:Speed>0.8299999833106995</ns3:Speed>
              </ns3:TPX>
            </Extensions>
          </Trackpoint>
          <Trackpoint>
            <Time>2026-02-26T19:57:10.000Z</Time>
            <Position>
              <LatitudeDegrees>51.76411564461887</LatitudeDegrees>
              <LongitudeDegrees>-0.22486609406769276</LongitudeDegrees>
            </Position>
            <AltitudeMeters>85.4000015258789</AltitudeMeters>
            <DistanceMeters>2560.889892578125</DistanceMeters>
            <HeartRateBpm>
              <Value>113</Value>
            </HeartRateBpm>
            <Extensions>
              <ns3:TPX>
                <ns3:Speed>0.8209999799728394</ns3:Speed>
              </ns3:TPX>
            </Extensions>
          </Trackpoint>
          <Trackpoint>
            <Time>2026-02-26T19:57:13.000Z</Time>
            <Position>
              <LatitudeDegrees>51.7641019821167</LatitudeDegrees>
              <LongitudeDegrees>-0.22483030334115028</LongitudeDegrees>
            </Position>
            <AltitudeMeters>85.4000015258789</AltitudeMeters>
            <DistanceMeters>2563.679931640625</DistanceMeters>
            <HeartRateBpm>
              <Value>109</Value>
            </HeartRateBpm>
            <Extensions>
              <ns3:TPX>
                <ns3:Speed>0.8859999775886536</ns3:Speed>
              </ns3:TPX>
            </Extensions>
          </Trackpoint>
          <Trackpoint>
            <Time>2026-02-26T19:57:17.000Z</Time>
            <Position>
              <LatitudeDegrees>51.76409234292805</LatitudeDegrees>
              <LongitudeDegrees>-0.22479509934782982</LongitudeDegrees>
            </Position>
            <AltitudeMeters>85.4000015258789</AltitudeMeters>
            <DistanceMeters>2566.409912109375</DistanceMeters>
            <HeartRateBpm>
              <Value>107</Value>
            </HeartRateBpm>
            <Extensions>
              <ns3:TPX>
                <ns3:Speed>0.8859999775886536</ns3:Speed>
              </ns3:TPX>
            </Extensions>
          </Trackpoint>
          <Trackpoint>
            <Time>2026-02-26T19:57:23.000Z</Time>
            <Position>
              <LatitudeDegrees>51.7640795186162</LatitudeDegrees>
              <LongitudeDegrees>-0.22469979710876942</LongitudeDegrees>
            </Position>
            <AltitudeMeters>85.0</AltitudeMeters>
            <DistanceMeters>2573.169921875</DistanceMeters>
            <HeartRateBpm>
              <Value>108</Value>
            </HeartRateBpm>
            <Extensions>
              <ns3:TPX>
                <ns3:Speed>0.9139999747276306</ns3:Speed>
              </ns3:TPX>
            </Extensions>
          </Trackpoint>
          <Trackpoint>
            <Time>2026-02-26T19:57:30.000Z</Time>
            <Position>
              <LatitudeDegrees>51.76407549530268</LatitudeDegrees>
              <LongitudeDegrees>-0.22461824119091034</LongitudeDegrees>
            </Position>
            <AltitudeMeters>85.19999694824219</AltitudeMeters>
            <DistanceMeters>2578.919921875</DistanceMeters>
            <HeartRateBpm>
              <Value>109</Value>
            </HeartRateBpm>
            <Extensions>
              <ns3:TPX>
                <ns3:Speed>0.9419999718666077</ns3:Speed>
              </ns3:TPX>
            </Extensions>
          </Trackpoint>
          <Trackpoint>
            <Time>2026-02-26T19:57:39.000Z</Time>
            <Position>
              <LatitudeDegrees>51.76407675258815</LatitudeDegrees>
              <LongitudeDegrees>-0.22448111325502396</LongitudeDegrees>
            </Position>
            <AltitudeMeters>85.5999984741211</AltitudeMeters>
            <DistanceMeters>2588.469970703125</DistanceMeters>
            <HeartRateBpm>
              <Value>111</Value>
            </HeartRateBpm>
            <Extensions>
              <ns3:TPX>
                <ns3:Speed>0.9800000190734863</ns3:Speed>
              </ns3:TPX>
            </Extensions>
          </Trackpoint>
          <Trackpoint>
            <Time>2026-02-26T19:57:46.000Z</Time>
            <Position>
              <LatitudeDegrees>51.764072980731726</LatitudeDegrees>
              <LongitudeDegrees>-0.22439050488173962</LongitudeDegrees>
            </Position>
            <AltitudeMeters>85.5999984741211</AltitudeMeters>
            <DistanceMeters>2594.610107421875</DistanceMeters>
            <HeartRateBpm>
              <Value>112</Value>
            </HeartRateBpm>
            <Extensions>
              <ns3:TPX>
                <ns3:Speed>0.9330000281333923</ns3:Speed>
              </ns3:TPX>
            </Extensions>
          </Trackpoint>
          <Trackpoint>
            <Time>2026-02-26T19:57:49.000Z</Time>
            <Position>
              <LatitudeDegrees>51.76407155580819</LatitudeDegrees>
              <LongitudeDegrees>-0.2243506908416748</LongitudeDegrees>
            </Position>
            <AltitudeMeters>85.5999984741211</AltitudeMeters>
            <DistanceMeters>2597.340087890625</DistanceMeters>
            <HeartRateBpm>
              <Value>109</Value>
            </HeartRateBpm>
            <Extensions>
              <ns3:TPX>
                <ns3:Speed>0.9139999747276306</ns3:Speed>
              </ns3:TPX>
            </Extensions>
          </Trackpoint>
          <Trackpoint>
            <Time>2026-02-26T19:57:52.000Z</Time>
            <Position>
              <LatitudeDegrees>51.76407013088465</LatitudeDegrees>
              <LongitudeDegrees>-0.22431649267673492</LongitudeDegrees>
            </Position>
            <AltitudeMeters>85.5999984741211</AltitudeMeters>
            <DistanceMeters>2599.68994140625</DistanceMeters>
            <HeartRateBpm>
              <Value>107</Value>
            </HeartRateBpm>
            <Extensions>
              <ns3:TPX>
                <ns3:Speed>0.9139999747276306</ns3:Speed>
              </ns3:TPX>
            </Extensions>
          </Trackpoint>
          <Trackpoint>
            <Time>2026-02-26T19:57:57.000Z</Time>
            <Position>
              <LatitudeDegrees>51.76405772566795</LatitudeDegrees>
              <LongitudeDegrees>-0.2242630161345005</LongitudeDegrees>
            </Position>
            <AltitudeMeters>85.0</AltitudeMeters>
            <DistanceMeters>2603.639892578125</DistanceMeters>
            <HeartRateBpm>
              <Value>104</Value>
            </HeartRateBpm>
            <Extensions>
              <ns3:TPX>
                <ns3:Speed>0.8579999804496765</ns3:Speed>
              </ns3:TPX>
            </Extensions>
          </Trackpoint>
          <Trackpoint>
            <Time>2026-02-26T19:58:00.000Z</Time>
            <Position>
              <LatitudeDegrees>51.76404255442321</LatitudeDegrees>
              <LongitudeDegrees>-0.22423133254051208</LongitudeDegrees>
            </Position>
            <AltitudeMeters>84.80000305175781</AltitudeMeters>
            <DistanceMeters>2606.22998046875</DistanceMeters>
            <HeartRateBpm>
              <Value>103</Value>
            </HeartRateBpm>
            <Extensions>
              <ns3:TPX>
                <ns3:Speed>0.8679999709129333</ns3:Speed>
              </ns3:TPX>
            </Extensions>
          </Trackpoint>
          <Trackpoint>
            <Time>2026-02-26T19:58:07.000Z</Time>
            <Position>
              <LatitudeDegrees>51.764001147821546</LatitudeDegrees>
              <LongitudeDegrees>-0.22416469641029835</LongitudeDegrees>
            </Position>
            <AltitudeMeters>84.80000305175781</AltitudeMeters>
            <DistanceMeters>2613.0</DistanceMeters>
            <HeartRateBpm>
              <Value>102</Value>
            </HeartRateBpm>
            <Extensions>
              <ns3:TPX>
                <ns3:Speed>0.9330000281333923</ns3:Speed>
              </ns3:TPX>
            </Extensions>
          </Trackpoint>
          <Trackpoint>
            <Time>2026-02-26T19:58:15.000Z</Time>
            <Position>
              <LatitudeDegrees>51.763944486156106</LatitudeDegrees>
              <LongitudeDegrees>-0.2241329289972782</LongitudeDegrees>
            </Position>
            <AltitudeMeters>85.19999694824219</AltitudeMeters>
            <DistanceMeters>2619.469970703125</DistanceMeters>
            <HeartRateBpm>
              <Value>102</Value>
            </HeartRateBpm>
            <Extensions>
              <ns3:TPX>
                <ns3:Speed>0.9049999713897705</ns3:Speed>
              </ns3:TPX>
            </Extensions>
          </Trackpoint>
          <Trackpoint>
            <Time>2026-02-26T19:58:23.000Z</Time>
            <Position>
              <LatitudeDegrees>51.76387961022556</LatitudeDegrees>
              <LongitudeDegrees>-0.2240963838994503</LongitudeDegrees>
            </Position>
            <AltitudeMeters>84.80000305175781</AltitudeMeters>
            <DistanceMeters>2627.27001953125</DistanceMeters>
            <HeartRateBpm>
              <Value>101</Value>
            </HeartRateBpm>
            <Extensions>
              <ns3:TPX>
                <ns3:Speed>0.9240000247955322</ns3:Speed>
              </ns3:TPX>
            </Extensions>
          </Trackpoint>
          <Trackpoint>
            <Time>2026-02-26T19:58:29.000Z</Time>
            <Position>
              <LatitudeDegrees>51.76383459940553</LatitudeDegrees>
              <LongitudeDegrees>-0.22408205084502697</LongitudeDegrees>
            </Position>
            <AltitudeMeters>84.80000305175781</AltitudeMeters>
            <DistanceMeters>2632.510009765625</DistanceMeters>
            <HeartRateBpm>
              <Value>101</Value>
            </HeartRateBpm>
            <Extensions>
              <ns3:TPX>
                <ns3:Speed>0.9330000281333923</ns3:Speed>
              </ns3:TPX>
            </Extensions>
          </Trackpoint>
          <Trackpoint>
            <Time>2026-02-26T19:58:38.000Z</Time>
            <Position>
              <LatitudeDegrees>51.7637824639678</LatitudeDegrees>
              <LongitudeDegrees>-0.22405690513551235</LongitudeDegrees>
            </Position>
            <AltitudeMeters>84.80000305175781</AltitudeMeters>
            <DistanceMeters>2638.72998046875</DistanceMeters>
            <HeartRateBpm>
              <Value>100</Value>
            </HeartRateBpm>
            <Extensions>
              <ns3:TPX>
                <ns3:Speed>0.8209999799728394</ns3:Speed>
              </ns3:TPX>
            </Extensions>
          </Trackpoint>
          <Trackpoint>
            <Time>2026-02-26T19:58:40.000Z</Time>
            <Position>
              <LatitudeDegrees>51.76377517171204</LatitudeDegrees>
              <LongitudeDegrees>-0.22405405528843403</LongitudeDegrees>
            </Position>
            <AltitudeMeters>84.5999984741211</AltitudeMeters>
            <DistanceMeters>2639.590087890625</DistanceMeters>
            <HeartRateBpm>
              <Value>99</Value>
            </HeartRateBpm>
            <Extensions>
              <ns3:TPX>
                <ns3:Speed>0.8209999799728394</ns3:Speed>
              </ns3:TPX>
            </Extensions>
          </Trackpoint>
          <Trackpoint>
            <Time>2026-02-26T19:58:45.000Z</Time>
            <Position>
              <LatitudeDegrees>51.76375857554376</LatitudeDegrees>
              <LongitudeDegrees>-0.22404818795621395</LongitudeDegrees>
            </Position>
            <AltitudeMeters>83.4000015258789</AltitudeMeters>
            <DistanceMeters>2641.070068359375</DistanceMeters>
            <HeartRateBpm>
              <Value>99</Value>
            </HeartRateBpm>
            <Extensions>
              <ns3:TPX>
                <ns3:Speed>0.7459999918937683</ns3:Speed>
              </ns3:TPX>
            </Extensions>
          </Trackpoint>
          <Trackpoint>
            <Time>2026-02-26T19:58:46.000Z</Time>
            <Position>
              <LatitudeDegrees>51.76375329494476</LatitudeDegrees>
              <LongitudeDegrees>-0.22404718212783337</LongitudeDegrees>
            </Position>
            <AltitudeMeters>83.4000015258789</AltitudeMeters>
            <DistanceMeters>2641.830078125</DistanceMeters>
            <HeartRateBpm>
              <Value>98</Value>
            </HeartRateBpm>
            <Extensions>
              <ns3:TPX>
                <ns3:Speed>0.7459999918937683</ns3:Speed>
              </ns3:TPX>
            </Extensions>
          </Trackpoint>
          <Trackpoint>
            <Time>2026-02-26T19:58:52.000Z</Time>
            <Position>
              <LatitudeDegrees>51.763738710433245</LatitudeDegrees>
              <LongitudeDegrees>-0.2240653708577156</LongitudeDegrees>
            </Position>
            <AltitudeMeters>82.4000015258789</AltitudeMeters>
            <DistanceMeters>2643.739990234375</DistanceMeters>
            <HeartRateBpm>
              <Value>96</Value>
            </HeartRateBpm>
            <Extensions>
              <ns3:TPX>
                <ns3:Speed>0.7369999885559082</ns3:Speed>
              </ns3:TPX>
            </Extensions>
          </Trackpoint>
          <Trackpoint>
            <Time>2026-02-26T19:58:54.000Z</Time>
            <Position>
              <LatitudeDegrees>51.76373049616814</LatitudeDegrees>
              <LongitudeDegrees>-0.22407140582799911</LongitudeDegrees>
            </Position>
            <AltitudeMeters>82.19999694824219</AltitudeMeters>
            <DistanceMeters>2645.510009765625</DistanceMeters>
            <HeartRateBpm>
              <Value>95</Value>
            </HeartRateBpm>
            <Extensions>
              <ns3:TPX>
                <ns3:Speed>0.7369999885559082</ns3:Speed>
              </ns3:TPX>
            </Extensions>
          </Trackpoint>
          <Trackpoint>
            <Time>2026-02-26T19:59:03.000Z</Time>
            <Position>
              <LatitudeDegrees>51.76372001878917</LatitudeDegrees>
              <LongitudeDegrees>-0.22405145689845085</LongitudeDegrees>
            </Position>
            <AltitudeMeters>82.19999694824219</AltitudeMeters>
            <DistanceMeters>2650.429931640625</DistanceMeters>
            <HeartRateBpm>
              <Value>95</Value>
            </HeartRateBpm>
            <Extensions>
              <ns3:TPX>
                <ns3:Speed>0.7369999885559082</ns3:Speed>
              </ns3:TPX>
            </Extensions>
          </Trackpoint>
          <Trackpoint>
            <Time>2026-02-26T19:59:11.000Z</Time>
            <Position>
              <LatitudeDegrees>51.76359546370804</LatitudeDegrees>
              <LongitudeDegrees>-0.223726574331522</LongitudeDegrees>
            </Position>
            <AltitudeMeters>82.4000015258789</AltitudeMeters>
            <DistanceMeters>2651.77001953125</DistanceMeters>
            <HeartRateBpm>
              <Value>93</Value>
            </HeartRateBpm>
            <Extensions>
              <ns3:TPX>
                <ns3:Speed>0.7459999918937683</ns3:Speed>
              </ns3:TPX>
            </Extensions>
          </Trackpoint>
          <Trackpoint>
            <Time>2026-02-26T19:59:20.000Z</Time>
            <Position>
              <LatitudeDegrees>51.76372739486396</LatitudeDegrees>
              <LongitudeDegrees>-0.22367971949279308</LongitudeDegrees>
            </Position>
            <AltitudeMeters>82.19999694824219</AltitudeMeters>
            <DistanceMeters>2670.429931640625</DistanceMeters>
            <HeartRateBpm>
              <Value>95</Value>
            </HeartRateBpm>
            <Extensions>
              <ns3:TPX>
                <ns3:Speed>1.0820000171661377</ns3:Speed>
              </ns3:TPX>
            </Extensions>
          </Trackpoint>
          <Trackpoint>
            <Time>2026-02-26T19:59:26.000Z</Time>
            <Position>
              <LatitudeDegrees>51.76374675706029</LatitudeDegrees>
              <LongitudeDegrees>-0.2236155141144991</LongitudeDegrees>
            </Position>
            <AltitudeMeters>82.0</AltitudeMeters>
            <DistanceMeters>2687.280029296875</DistanceMeters>
            <HeartRateBpm>
              <Value>96</Value>
            </HeartRateBpm>
            <Extensions>
              <ns3:TPX>
                <ns3:Speed>1.3339999914169312</ns3:Speed>
              </ns3:TPX>
            </Extensions>
          </Trackpoint>
          <Trackpoint>
            <Time>2026-02-26T19:59:31.000Z</Time>
            <Position>
              <LatitudeDegrees>51.76382496021688</LatitudeDegrees>
              <LongitudeDegrees>-0.223661782220006</LongitudeDegrees>
            </Position>
            <AltitudeMeters>82.19999694824219</AltitudeMeters>
            <DistanceMeters>2689.550048828125</DistanceMeters>
            <HeartRateBpm>
              <Value>99</Value>
            </HeartRateBpm>
            <Extensions>
              <ns3:TPX>
                <ns3:Speed>2.1089999675750732</ns3:Speed>
              </ns3:TPX>
            </Extensions>
          </Trackpoint>
          <Trackpoint>
            <Time>2026-02-26T19:59:37.000Z</Time>
            <Position>
              <LatitudeDegrees>51.76385194994509</LatitudeDegrees>
              <LongitudeDegrees>-0.22363127209246159</LongitudeDegrees>
            </Position>
            <AltitudeMeters>82.19999694824219</AltitudeMeters>
            <DistanceMeters>2692.85009765625</DistanceMeters>
            <HeartRateBpm>
              <Value>99</Value>
            </HeartRateBpm>
            <Extensions>
              <ns3:TPX>
                <ns3:Speed>0.9520000219345093</ns3:Speed>
              </ns3:TPX>
            </Extensions>
          </Trackpoint>
          <Trackpoint>
            <Time>2026-02-26T19:59:43.000Z</Time>
            <Position>
              <LatitudeDegrees>51.76386259496212</LatitudeDegrees>
              <LongitudeDegrees>-0.22357217967510223</LongitudeDegrees>
            </Position>
            <AltitudeMeters>82.4000015258789</AltitudeMeters>
            <DistanceMeters>2697.31005859375</DistanceMeters>
            <HeartRateBpm>
              <Value>98</Value>
            </HeartRateBpm>
            <Extensions>
              <ns3:TPX>
                <ns3:Speed>0.7649999856948853</ns3:Speed>
              </ns3:TPX>
            </Extensions>
          </Trackpoint>
          <Trackpoint>
            <Time>2026-02-26T19:59:51.000Z</Time>
            <Position>
              <LatitudeDegrees>51.763882376253605</LatitudeDegrees>
              <LongitudeDegrees>-0.22351736202836037</LongitudeDegrees>
            </Position>
            <AltitudeMeters>82.5999984741211</AltitudeMeters>
            <DistanceMeters>2702.1298828125</DistanceMeters>
            <HeartRateBpm>
              <Value>98</Value>
            </HeartRateBpm>
            <Extensions>
              <ns3:TPX>
                <ns3:Speed>0.6899999976158142</ns3:Speed>
              </ns3:TPX>
            </Extensions>
          </Trackpoint>
          <Trackpoint>
            <Time>2026-02-26T19:59:58.000Z</Time>
            <Position>
              <LatitudeDegrees>51.763908779248595</LatitudeDegrees>
              <LongitudeDegrees>-0.22344980388879776</LongitudeDegrees>
            </Position>
            <AltitudeMeters>82.19999694824219</AltitudeMeters>
            <DistanceMeters>2707.989990234375</DistanceMeters>
            <HeartRateBpm>
              <Value>96</Value>
            </HeartRateBpm>
            <Extensions>
              <ns3:TPX>
                <ns3:Speed>0.7369999885559082</ns3:Speed>
              </ns3:TPX>
            </Extensions>
          </Trackpoint>
          <Trackpoint>
            <Time>2026-02-26T20:00:05.000Z</Time>
            <Position>
              <LatitudeDegrees>51.76389369182289</LatitudeDegrees>
              <LongitudeDegrees>-0.22335777059197426</LongitudeDegrees>
            </Position>
            <AltitudeMeters>82.4000015258789</AltitudeMeters>
            <DistanceMeters>2713.030029296875</DistanceMeters>
            <HeartRateBpm>
              <Value>96</Value>
            </HeartRateBpm>
            <Extensions>
              <ns3:TPX>
                <ns3:Speed>0.7929999828338623</ns3:Speed>
              </ns3:TPX>
            </Extensions>
          </Trackpoint>
          <Trackpoint>
            <Time>2026-02-26T20:00:16.000Z</Time>
            <Position>
              <LatitudeDegrees>51.76386343315244</LatitudeDegrees>
              <LongitudeDegrees>-0.22337453439831734</LongitudeDegrees>
            </Position>
            <AltitudeMeters>82.5999984741211</AltitudeMeters>
            <DistanceMeters>2717.31005859375</DistanceMeters>
            <HeartRateBpm>
              <Value>94</Value>
            </HeartRateBpm>
            <Extensions>
              <ns3:TPX>
                <ns3:Speed>0.8209999799728394</ns3:Speed>
              </ns3:TPX>
            </Extensions>
          </Trackpoint>
          <Trackpoint>
            <Time>2026-02-26T20:00:21.000Z</Time>
            <Position>
              <LatitudeDegrees>51.763805598020554</LatitudeDegrees>
              <LongitudeDegrees>-0.22324939258396626</LongitudeDegrees>
            </Position>
            <AltitudeMeters>82.4000015258789</AltitudeMeters>
            <DistanceMeters>2729.25</DistanceMeters>
            <HeartRateBpm>
              <Value>94</Value>
            </HeartRateBpm>
            <Extensions>
              <ns3:TPX>
                <ns3:Speed>0.9890000224113464</ns3:Speed>
              </ns3:TPX>
            </Extensions>
          </Trackpoint>
          <Trackpoint>
            <Time>2026-02-26T20:00:27.000Z</Time>
            <Position>
              <LatitudeDegrees>51.763908276334405</LatitudeDegrees>
              <LongitudeDegrees>-0.22315668873488903</LongitudeDegrees>
            </Position>
            <AltitudeMeters>82.5999984741211</AltitudeMeters>
            <DistanceMeters>2731.06005859375</DistanceMeters>
            <HeartRateBpm>
              <Value>97</Value>
            </HeartRateBpm>
            <Extensions>
              <ns3:TPX>
                <ns3:Speed>1.5770000219345093</ns3:Speed>
              </ns3:TPX>
            </Extensions>
          </Trackpoint>
          <Trackpoint>
            <Time>2026-02-26T20:00:29.000Z</Time>
            <Position>
              <LatitudeDegrees>51.76389712840319</LatitudeDegrees>
              <LongitudeDegrees>-0.22313112393021584</LongitudeDegrees>
            </Position>
            <AltitudeMeters>82.5999984741211</AltitudeMeters>
            <DistanceMeters>2733.070068359375</DistanceMeters>
            <HeartRateBpm>
              <Value>103</Value>
            </HeartRateBpm>
            <Extensions>
              <ns3:TPX>
                <ns3:Speed>1.6139999628067017</ns3:Speed>
              </ns3:TPX>
            </Extensions>
          </Trackpoint>
          <Trackpoint>
            <Time>2026-02-26T20:00:31.000Z</Time>
            <Position>
              <LatitudeDegrees>51.763895032927394</LatitudeDegrees>
              <LongitudeDegrees>-0.22311603650450706</LongitudeDegrees>
            </Position>
            <AltitudeMeters>82.5999984741211</AltitudeMeters>
            <DistanceMeters>2734.1201171875</DistanceMeters>
            <HeartRateBpm>
              <Value>107</Value>
            </HeartRateBpm>
            <Extensions>
              <ns3:TPX>
                <ns3:Speed>1.343999981880188</ns3:Speed>
              </ns3:TPX>
            </Extensions>
          </Trackpoint>
          <Trackpoint>
            <Time>2026-02-26T20:00:34.000Z</Time>
            <Position>
              <LatitudeDegrees>51.76387273706496</LatitudeDegrees>
              <LongitudeDegrees>-0.22309030406177044</LongitudeDegrees>
            </Position>
            <AltitudeMeters>83.0</AltitudeMeters>
            <DistanceMeters>2737.050048828125</DistanceMeters>
            <HeartRateBpm>
              <Value>108</Value>
            </HeartRateBpm>
            <Extensions>
              <ns3:TPX>
                <ns3:Speed>0.9049999713897705</ns3:Speed>
              </ns3:TPX>
            </Extensions>
          </Trackpoint>
          <Trackpoint>
            <Time>2026-02-26T20:00:37.000Z</Time>
            <Position>
              <LatitudeDegrees>51.76385823637247</LatitudeDegrees>
              <LongitudeDegrees>-0.22307253442704678</LongitudeDegrees>
            </Position>
            <AltitudeMeters>83.4000015258789</AltitudeMeters>
            <DistanceMeters>2739.60009765625</DistanceMeters>
            <HeartRateBpm>
              <Value>110</Value>
            </HeartRateBpm>
            <Extensions>
              <ns3:TPX>
                <ns3:Speed>0.9240000247955322</ns3:Speed>
              </ns3:TPX>
            </Extensions>
          </Trackpoint>
          <Trackpoint>
            <Time>2026-02-26T20:00:42.000Z</Time>
            <Position>
              <LatitudeDegrees>51.76382973790169</LatitudeDegrees>
              <LongitudeDegrees>-0.22304562851786613</LongitudeDegrees>
            </Position>
            <AltitudeMeters>84.0</AltitudeMeters>
            <DistanceMeters>2742.949951171875</DistanceMeters>
            <HeartRateBpm>
              <Value>111</Value>
            </HeartRateBpm>
            <Extensions>
              <ns3:TPX>
                <ns3:Speed>0.6620000004768372</ns3:Speed>
              </ns3:TPX>
            </Extensions>
          </Trackpoint>
          <Trackpoint>
            <Time>2026-02-26T20:00:48.000Z</Time>
            <Position>
              <LatitudeDegrees>51.76380157470703</LatitudeDegrees>
              <LongitudeDegrees>-0.2230046410113573</LongitudeDegrees>
            </Position>
            <AltitudeMeters>83.80000305175781</AltitudeMeters>
            <DistanceMeters>2747.330078125</DistanceMeters>
            <HeartRateBpm>
              <Value>114</Value>
            </HeartRateBpm>
            <Extensions>
              <ns3:TPX>
                <ns3:Speed>0.7839999794960022</ns3:Speed>
              </ns3:TPX>
            </Extensions>
          </Trackpoint>
          <Trackpoint>
            <Time>2026-02-26T20:00:51.000Z</Time>
            <Position>
              <LatitudeDegrees>51.763789504766464</LatitudeDegrees>
              <LongitudeDegrees>-0.2229822613298893</LongitudeDegrees>
            </Position>
            <AltitudeMeters>84.4000015258789</AltitudeMeters>
            <DistanceMeters>2749.469970703125</DistanceMeters>
            <HeartRateBpm>
              <Value>115</Value>
            </HeartRateBpm>
            <Extensions>
              <ns3:TPX>
                <ns3:Speed>0.7739999890327454</ns3:Speed>
              </ns3:TPX>
            </Extensions>
          </Trackpoint>
          <Trackpoint>
            <Time>2026-02-26T20:00:52.000Z</Time>
            <Position>
              <LatitudeDegrees>51.76378346979618</LatitudeDegrees>
              <LongitudeDegrees>-0.2229741308838129</LongitudeDegrees>
            </Position>
            <AltitudeMeters>84.4000015258789</AltitudeMeters>
            <DistanceMeters>2750.3701171875</DistanceMeters>
            <HeartRateBpm>
              <Value>115</Value>
            </HeartRateBpm>
            <Extensions>
              <ns3:TPX>
                <ns3:Speed>0.7739999890327454</ns3:Speed>
              </ns3:TPX>
            </Extensions>
          </Trackpoint>
          <Trackpoint>
            <Time>2026-02-26T20:00:57.000Z</Time>
            <Position>
              <LatitudeDegrees>51.763768047094345</LatitudeDegrees>
              <LongitudeDegrees>-0.22293616086244583</LongitudeDegrees>
            </Position>
            <AltitudeMeters>85.0</AltitudeMeters>
            <DistanceMeters>2753.590087890625</DistanceMeters>
            <HeartRateBpm>
              <Value>118</Value>
            </HeartRateBpm>
            <Extensions>
              <ns3:TPX>
                <ns3:Speed>0.8019999861717224</ns3:Speed>
              </ns3:TPX>
            </Extensions>
          </Trackpoint>
          <Trackpoint>
            <Time>2026-02-26T20:01:00.000Z</Time>
            <Position>
              <LatitudeDegrees>51.7637600004673</LatitudeDegrees>
              <LongitudeDegrees>-0.22291956469416618</LongitudeDegrees>
            </Position>
            <AltitudeMeters>85.0</AltitudeMeters>
            <DistanceMeters>2755.199951171875</DistanceMeters>
            <HeartRateBpm>
              <Value>119</Value>
            </HeartRateBpm>
            <Extensions>
              <ns3:TPX>
                <ns3:Speed>0.7839999794960022</ns3:Speed>
              </ns3:TPX>
            </Extensions>
          </Trackpoint>
          <Trackpoint>
            <Time>2026-02-26T20:01:05.000Z</Time>
            <Position>
              <LatitudeDegrees>51.76374030299485</LatitudeDegrees>
              <LongitudeDegrees>-0.22288310341537</LongitudeDegrees>
            </Position>
            <AltitudeMeters>85.4000015258789</AltitudeMeters>
            <DistanceMeters>2758.35009765625</DistanceMeters>
            <HeartRateBpm>
              <Value>122</Value>
            </HeartRateBpm>
            <Extensions>
              <ns3:TPX>
                <ns3:Speed>0.671999990940094</ns3:Speed>
              </ns3:TPX>
            </Extensions>
          </Trackpoint>
          <Trackpoint>
            <Time>2026-02-26T20:01:06.000Z</Time>
            <Position>
              <LatitudeDegrees>51.76373644731939</LatitudeDegrees>
              <LongitudeDegrees>-0.22287321276962757</LongitudeDegrees>
            </Position>
            <AltitudeMeters>85.4000015258789</AltitudeMeters>
            <DistanceMeters>2758.989990234375</DistanceMeters>
            <HeartRateBpm>
              <Value>122</Value>
            </HeartRateBpm>
            <Extensions>
              <ns3:TPX>
                <ns3:Speed>0.671999990940094</ns3:Speed>
              </ns3:TPX>
            </Extensions>
          </Trackpoint>
          <Trackpoint>
            <Time>2026-02-26T20:01:08.000Z</Time>
            <Position>
              <LatitudeDegrees>51.76372739486396</LatitudeDegrees>
              <LongitudeDegrees>-0.22285183891654015</LongitudeDegrees>
            </Position>
            <AltitudeMeters>85.5999984741211</AltitudeMeters>
            <DistanceMeters>2760.610107421875</DistanceMeters>
            <HeartRateBpm>
              <Value>123</Value>
            </HeartRateBpm>
            <Extensions>
              <ns3:TPX>
                <ns3:Speed>0.6620000004768372</ns3:Speed>
              </ns3:TPX>
            </Extensions>
          </Trackpoint>
          <Trackpoint>
            <Time>2026-02-26T20:01:15.000Z</Time>
            <Position>
              <LatitudeDegrees>51.76368439570069</LatitudeDegrees>
              <LongitudeDegrees>-0.22277799434959888</LongitudeDegrees>
            </Position>
            <AltitudeMeters>85.4000015258789</AltitudeMeters>
            <DistanceMeters>2767.830078125</DistanceMeters>
            <HeartRateBpm>
              <Value>123</Value>
            </HeartRateBpm>
            <Extensions>
              <ns3:TPX>
                <ns3:Speed>0.8209999799728394</ns3:Speed>
              </ns3:TPX>
            </Extensions>
          </Trackpoint>
          <Trackpoint>
            <Time>2026-02-26T20:01:21.000Z</Time>
            <Position>
              <LatitudeDegrees>51.763660591095686</LatitudeDegrees>
              <LongitudeDegrees>-0.22272133268415928</LongitudeDegrees>
            </Position>
            <AltitudeMeters>85.19999694824219</AltitudeMeters>
            <DistanceMeters>2772.6298828125</DistanceMeters>
            <HeartRateBpm>
              <Value>121</Value>
            </HeartRateBpm>
            <Extensions>
              <ns3:TPX>
                <ns3:Speed>0.8209999799728394</ns3:Speed>
              </ns3:TPX>
            </Extensions>
          </Trackpoint>
          <Trackpoint>
            <Time>2026-02-26T20:01:24.000Z</Time>
            <Position>
              <LatitudeDegrees>51.76364919170737</LatitudeDegrees>
              <LongitudeDegrees>-0.2226920798420906</LongitudeDegrees>
            </Position>
            <AltitudeMeters>85.19999694824219</AltitudeMeters>
            <DistanceMeters>2774.8701171875</DistanceMeters>
            <HeartRateBpm>
              <Value>116</Value>
            </HeartRateBpm>
            <Extensions>
              <ns3:TPX>
                <ns3:Speed>0.7929999828338623</ns3:Speed>
              </ns3:TPX>
            </Extensions>
          </Trackpoint>
          <Trackpoint>
            <Time>2026-02-26T20:01:25.000Z</Time>
            <Position>
              <LatitudeDegrees>51.76364407874644</LatitudeDegrees>
              <LongitudeDegrees>-0.22268051281571388</LongitudeDegrees>
            </Position>
            <AltitudeMeters>85.19999694824219</AltitudeMeters>
            <DistanceMeters>2776.0</DistanceMeters>
            <HeartRateBpm>
              <Value>116</Value>
            </HeartRateBpm>
            <Extensions>
              <ns3:TPX>
                <ns3:Speed>0.7929999828338623</ns3:Speed>
              </ns3:TPX>
            </Extensions>
          </Trackpoint>
          <Trackpoint>
            <Time>2026-02-26T20:01:27.000Z</Time>
            <Position>
              <LatitudeDegrees>51.763637037947774</LatitudeDegrees>
              <LongitudeDegrees>-0.22266617976129055</LongitudeDegrees>
            </Position>
            <AltitudeMeters>85.0</AltitudeMeters>
            <DistanceMeters>2777.419921875</DistanceMeters>
            <HeartRateBpm>
              <Value>115</Value>
            </HeartRateBpm>
            <Extensions>
              <ns3:TPX>
                <ns3:Speed>0.8019999861717224</ns3:Speed>
              </ns3:TPX>
            </Extensions>
          </Trackpoint>
          <Trackpoint>
            <Time>2026-02-26T20:01:37.000Z</Time>
            <Position>
              <LatitudeDegrees>51.76358171738684</LatitudeDegrees>
              <LongitudeDegrees>-0.22256769239902496</LongitudeDegrees>
            </Position>
            <AltitudeMeters>85.5999984741211</AltitudeMeters>
            <DistanceMeters>2786.550048828125</DistanceMeters>
            <HeartRateBpm>
              <Value>117</Value>
            </HeartRateBpm>
            <Extensions>
              <ns3:TPX>
                <ns3:Speed>0.8299999833106995</ns3:Speed>
              </ns3:TPX>
            </Extensions>
          </Trackpoint>
          <Trackpoint>
            <Time>2026-02-26T20:01:38.000Z</Time>
            <Position>
              <LatitudeDegrees>51.76357626914978</LatitudeDegrees>
              <LongitudeDegrees>-0.2225575502961874</LongitudeDegrees>
            </Position>
            <AltitudeMeters>85.5999984741211</AltitudeMeters>
            <DistanceMeters>2787.219970703125</DistanceMeters>
            <HeartRateBpm>
              <Value>120</Value>
            </HeartRateBpm>
            <Extensions>
              <ns3:TPX>
                <ns3:Speed>0.8399999737739563</ns3:Speed>
              </ns3:TPX>
            </Extensions>
          </Trackpoint>
          <Trackpoint>
            <Time>2026-02-26T20:01:39.000Z</Time>
            <Position>
              <LatitudeDegrees>51.76357082091272</LatitudeDegrees>
              <LongitudeDegrees>-0.22254455834627151</LongitudeDegrees>
            </Position>
            <AltitudeMeters>85.5999984741211</AltitudeMeters>
            <DistanceMeters>2788.280029296875</DistanceMeters>
            <HeartRateBpm>
              <Value>120</Value>
            </HeartRateBpm>
            <Extensions>
              <ns3:TPX>
                <ns3:Speed>0.8299999833106995</ns3:Speed>
              </ns3:TPX>
            </Extensions>
          </Trackpoint>
          <Trackpoint>
            <Time>2026-02-26T20:01:47.000Z</Time>
            <Position>
              <LatitudeDegrees>51.76351952366531</LatitudeDegrees>
              <LongitudeDegrees>-0.2224649302661419</LongitudeDegrees>
            </Position>
            <AltitudeMeters>85.0</AltitudeMeters>
            <DistanceMeters>2796.590087890625</DistanceMeters>
            <HeartRateBpm>
              <Value>119</Value>
            </HeartRateBpm>
            <Extensions>
              <ns3:TPX>
                <ns3:Speed>0.9240000247955322</ns3:Speed>
              </ns3:TPX>
            </Extensions>
          </Trackpoint>
          <Trackpoint>
            <Time>2026-02-26T20:01:55.000Z</Time>
            <Position>
              <LatitudeDegrees>51.763470405712724</LatitudeDegrees>
              <LongitudeDegrees>-0.22239921614527702</LongitudeDegrees>
            </Position>
            <AltitudeMeters>85.0</AltitudeMeters>
            <DistanceMeters>2803.699951171875</DistanceMeters>
            <HeartRateBpm>
              <Value>116</Value>
            </HeartRateBpm>
            <Extensions>
              <ns3:TPX>
                <ns3:Speed>0.9049999713897705</ns3:Speed>
              </ns3:TPX>
            </Extensions>
          </Trackpoint>
          <Trackpoint>
            <Time>2026-02-26T20:01:56.000Z</Time>
            <Position>
              <LatitudeDegrees>51.76346529275179</LatitudeDegrees>
              <LongitudeDegrees>-0.22239318117499352</LongitudeDegrees>
            </Position>
            <AltitudeMeters>85.0</AltitudeMeters>
            <DistanceMeters>2804.330078125</DistanceMeters>
            <HeartRateBpm>
              <Value>116</Value>
            </HeartRateBpm>
            <Extensions>
              <ns3:TPX>
                <ns3:Speed>0.9049999713897705</ns3:Speed>
              </ns3:TPX>
            </Extensions>
          </Trackpoint>
          <Trackpoint>
            <Time>2026-02-26T20:02:01.000Z</Time>
            <Position>
              <LatitudeDegrees>51.76343117840588</LatitudeDegrees>
              <LongitudeDegrees>-0.22235185839235783</LongitudeDegrees>
            </Position>
            <AltitudeMeters>84.4000015258789</AltitudeMeters>
            <DistanceMeters>2808.699951171875</DistanceMeters>
            <HeartRateBpm>
              <Value>114</Value>
            </HeartRateBpm>
            <Extensions>
              <ns3:TPX>
                <ns3:Speed>0.8769999742507935</ns3:Speed>
              </ns3:TPX>
            </Extensions>
          </Trackpoint>
          <Trackpoint>
            <Time>2026-02-26T20:02:05.000Z</Time>
            <Position>
              <LatitudeDegrees>51.7633958067745</LatitudeDegrees>
              <LongitudeDegrees>-0.22232143208384514</LongitudeDegrees>
            </Position>
            <AltitudeMeters>84.4000015258789</AltitudeMeters>
            <DistanceMeters>2813.47998046875</DistanceMeters>
            <HeartRateBpm>
              <Value>113</Value>
            </HeartRateBpm>
            <Extensions>
              <ns3:TPX>
                <ns3:Speed>0.9240000247955322</ns3:Speed>
              </ns3:TPX>
            </Extensions>
          </Trackpoint>
          <Trackpoint>
            <Time>2026-02-26T20:02:13.000Z</Time>
            <Position>
              <LatitudeDegrees>51.763338055461645</LatitudeDegrees>
              <LongitudeDegrees>-0.22226577624678612</LongitudeDegrees>
            </Position>
            <AltitudeMeters>84.80000305175781</AltitudeMeters>
            <DistanceMeters>2820.7900390625</DistanceMeters>
            <HeartRateBpm>
              <Value>111</Value>
            </HeartRateBpm>
            <Extensions>
              <ns3:TPX>
                <ns3:Speed>0.9240000247955322</ns3:Speed>
              </ns3:TPX>
            </Extensions>
          </Trackpoint>
          <Trackpoint>
            <Time>2026-02-26T20:02:22.000Z</Time>
            <Position>
              <LatitudeDegrees>51.76328985951841</LatitudeDegrees>
              <LongitudeDegrees>-0.22218924947082996</LongitudeDegrees>
            </Position>
            <AltitudeMeters>84.5999984741211</AltitudeMeters>
            <DistanceMeters>2828.56005859375</DistanceMeters>
            <HeartRateBpm>
              <Value>109</Value>
            </HeartRateBpm>
            <Extensions>
              <ns3:TPX>
                <ns3:Speed>0.8859999775886536</ns3:Speed>
              </ns3:TPX>
            </Extensions>
          </Trackpoint>
          <Trackpoint>
            <Time>2026-02-26T20:02:31.000Z</Time>
            <Position>
              <LatitudeDegrees>51.76322506740689</LatitudeDegrees>
              <LongitudeDegrees>-0.22213309071958065</LongitudeDegrees>
            </Position>
            <AltitudeMeters>84.4000015258789</AltitudeMeters>
            <DistanceMeters>2836.659912109375</DistanceMeters>
            <HeartRateBpm>
              <Value>108</Value>
            </HeartRateBpm>
            <Extensions>
              <ns3:TPX>
                <ns3:Speed>0.8960000276565552</ns3:Speed>
              </ns3:TPX>
            </Extensions>
          </Trackpoint>
          <Trackpoint>
            <Time>2026-02-26T20:02:38.000Z</Time>
            <Position>
              <LatitudeDegrees>51.763178296387196</LatitudeDegrees>
              <LongitudeDegrees>-0.22207718342542648</LongitudeDegrees>
            </Position>
            <AltitudeMeters>84.4000015258789</AltitudeMeters>
            <DistanceMeters>2843.110107421875</DistanceMeters>
            <HeartRateBpm>
              <Value>107</Value>
            </HeartRateBpm>
            <Extensions>
              <ns3:TPX>
                <ns3:Speed>0.8859999775886536</ns3:Speed>
              </ns3:TPX>
            </Extensions>
          </Trackpoint>
          <Trackpoint>
            <Time>2026-02-26T20:02:45.000Z</Time>
            <Position>
              <LatitudeDegrees>51.76313756033778</LatitudeDegrees>
              <LongitudeDegrees>-0.22198875434696674</LongitudeDegrees>
            </Position>
            <AltitudeMeters>84.4000015258789</AltitudeMeters>
            <DistanceMeters>2850.64990234375</DistanceMeters>
            <HeartRateBpm>
              <Value>105</Value>
            </HeartRateBpm>
            <Extensions>
              <ns3:TPX>
                <ns3:Speed>0.9240000247955322</ns3:Speed>
              </ns3:TPX>
            </Extensions>
          </Trackpoint>
          <Trackpoint>
            <Time>2026-02-26T20:02:52.000Z</Time>
            <Position>
              <LatitudeDegrees>51.76311308518052</LatitudeDegrees>
              <LongitudeDegrees>-0.2219176758080721</LongitudeDegrees>
            </Position>
            <AltitudeMeters>83.80000305175781</AltitudeMeters>
            <DistanceMeters>2856.27001953125</DistanceMeters>
            <HeartRateBpm>
              <Value>105</Value>
            </HeartRateBpm>
            <Extensions>
              <ns3:TPX>
                <ns3:Speed>0.9139999747276306</ns3:Speed>
              </ns3:TPX>
            </Extensions>
          </Trackpoint>
          <Trackpoint>
            <Time>2026-02-26T20:03:01.000Z</Time>
            <Position>
              <LatitudeDegrees>51.76306480541825</LatitudeDegrees>
              <LongitudeDegrees>-0.22184022702276707</LongitudeDegrees>
            </Position>
            <AltitudeMeters>84.19999694824219</AltitudeMeters>
            <DistanceMeters>2864.050048828125</DistanceMeters>
            <HeartRateBpm>
              <Value>103</Value>
            </HeartRateBpm>
            <Extensions>
              <ns3:TPX>
                <ns3:Speed>0.8489999771118164</ns3:Speed>
              </ns3:TPX>
            </Extensions>
          </Trackpoint>
          <Trackpoint>
            <Time>2026-02-26T20:03:06.000Z</Time>
            <Position>
              <LatitudeDegrees>51.763032702729106</LatitudeDegrees>
              <LongitudeDegrees>-0.22180477157235146</LongitudeDegrees>
            </Position>
            <AltitudeMeters>83.80000305175781</AltitudeMeters>
            <DistanceMeters>2868.489990234375</DistanceMeters>
            <HeartRateBpm>
              <Value>100</Value>
            </HeartRateBpm>
            <Extensions>
              <ns3:TPX>
                <ns3:Speed>0.8579999804496765</ns3:Speed>
              </ns3:TPX>
            </Extensions>
          </Trackpoint>
          <Trackpoint>
            <Time>2026-02-26T20:03:08.000Z</Time>
            <Position>
              <LatitudeDegrees>51.76302214153111</LatitudeDegrees>
              <LongitudeDegrees>-0.22179706022143364</LongitudeDegrees>
            </Position>
            <AltitudeMeters>83.80000305175781</AltitudeMeters>
            <DistanceMeters>2869.409912109375</DistanceMeters>
            <HeartRateBpm>
              <Value>100</Value>
            </HeartRateBpm>
            <Extensions>
              <ns3:TPX>
                <ns3:Speed>0.8489999771118164</ns3:Speed>
              </ns3:TPX>
            </Extensions>
          </Trackpoint>
          <Trackpoint>
            <Time>2026-02-26T20:03:18.000Z</Time>
            <Position>
              <LatitudeDegrees>51.762958439067006</LatitudeDegrees>
              <LongitudeDegrees>-0.22171307355165482</LongitudeDegrees>
            </Position>
            <AltitudeMeters>84.0</AltitudeMeters>
            <DistanceMeters>2878.47998046875</DistanceMeters>
            <HeartRateBpm>
              <Value>99</Value>
            </HeartRateBpm>
            <Extensions>
              <ns3:TPX>
                <ns3:Speed>0.8489999771118164</ns3:Speed>
              </ns3:TPX>
            </Extensions>
          </Trackpoint>
          <Trackpoint>
            <Time>2026-02-26T20:03:27.000Z</Time>
            <Position>
              <LatitudeDegrees>51.762916781008244</LatitudeDegrees>
              <LongitudeDegrees>-0.22163964807987213</LongitudeDegrees>
            </Position>
            <AltitudeMeters>84.0</AltitudeMeters>
            <DistanceMeters>2885.300048828125</DistanceMeters>
            <HeartRateBpm>
              <Value>99</Value>
            </HeartRateBpm>
            <Extensions>
              <ns3:TPX>
                <ns3:Speed>0.8299999833106995</ns3:Speed>
              </ns3:TPX>
            </Extensions>
          </Trackpoint>
          <Trackpoint>
            <Time>2026-02-26T20:03:36.000Z</Time>
            <Position>
              <LatitudeDegrees>51.76287881098688</LatitudeDegrees>
              <LongitudeDegrees>-0.22153479047119617</LongitudeDegrees>
            </Position>
            <AltitudeMeters>84.0</AltitudeMeters>
            <DistanceMeters>2893.6201171875</DistanceMeters>
            <HeartRateBpm>
              <Value>99</Value>
            </HeartRateBpm>
            <Extensions>
              <ns3:TPX>
                <ns3:Speed>0.8299999833106995</ns3:Speed>
              </ns3:TPX>
            </Extensions>
          </Trackpoint>
          <Trackpoint>
            <Time>2026-02-26T20:03:45.000Z</Time>
            <Position>
              <LatitudeDegrees>51.762837739661336</LatitudeDegrees>
              <LongitudeDegrees>-0.22142481990158558</LongitudeDegrees>
            </Position>
            <AltitudeMeters>83.80000305175781</AltitudeMeters>
            <DistanceMeters>2902.2099609375</DistanceMeters>
            <HeartRateBpm>
              <Value>99</Value>
            </HeartRateBpm>
            <Extensions>
              <ns3:TPX>
                <ns3:Speed>0.8399999737739563</ns3:Speed>
              </ns3:TPX>
            </Extensions>
          </Trackpoint>
          <Trackpoint>
            <Time>2026-02-26T20:03:52.000Z</Time>
            <Position>
              <LatitudeDegrees>51.76280915737152</LatitudeDegrees>
              <LongitudeDegrees>-0.2213623747229576</LongitudeDegrees>
            </Position>
            <AltitudeMeters>84.4000015258789</AltitudeMeters>
            <DistanceMeters>2907.820068359375</DistanceMeters>
            <HeartRateBpm>
              <Value>100</Value>
            </HeartRateBpm>
            <Extensions>
              <ns3:TPX>
                <ns3:Speed>0.8489999771118164</ns3:Speed>
              </ns3:TPX>
            </Extensions>
          </Trackpoint>
          <Trackpoint>
            <Time>2026-02-26T20:04:01.000Z</Time>
            <Position>
              <LatitudeDegrees>51.7627670802176</LatitudeDegrees>
              <LongitudeDegrees>-0.2212550863623619</LongitudeDegrees>
            </Position>
            <AltitudeMeters>84.0</AltitudeMeters>
            <DistanceMeters>2916.239990234375</DistanceMeters>
            <HeartRateBpm>
              <Value>100</Value>
            </HeartRateBpm>
            <Extensions>
              <ns3:TPX>
                <ns3:Speed>0.8679999709129333</ns3:Speed>
              </ns3:TPX>
            </Extensions>
          </Trackpoint>
          <Trackpoint>
            <Time>2026-02-26T20:04:10.000Z</Time>
            <Position>
              <LatitudeDegrees>51.76274419762194</LatitudeDegrees>
              <LongitudeDegrees>-0.22113757207989693</LongitudeDegrees>
            </Position>
            <AltitudeMeters>83.5999984741211</AltitudeMeters>
            <DistanceMeters>2925.1298828125</DistanceMeters>
            <HeartRateBpm>
              <Value>100</Value>
            </HeartRateBpm>
            <Extensions>
              <ns3:TPX>
                <ns3:Speed>0.8859999775886536</ns3:Speed>
              </ns3:TPX>
            </Extensions>
          </Trackpoint>
          <Trackpoint>
            <Time>2026-02-26T20:04:13.000Z</Time>
            <Position>
              <LatitudeDegrees>51.7627358995378</LatitudeDegrees>
              <LongitudeDegrees>-0.22109457291662693</LongitudeDegrees>
            </Position>
            <AltitudeMeters>83.5999984741211</AltitudeMeters>
            <DistanceMeters>2928.090087890625</DistanceMeters>
            <HeartRateBpm>
              <Value>97</Value>
            </HeartRateBpm>
            <Extensions>
              <ns3:TPX>
                <ns3:Speed>0.8859999775886536</ns3:Speed>
              </ns3:TPX>
            </Extensions>
          </Trackpoint>
          <Trackpoint>
            <Time>2026-02-26T20:04:18.000Z</Time>
            <Position>
              <LatitudeDegrees>51.762720895931125</LatitudeDegrees>
              <LongitudeDegrees>-0.22104537114501</LongitudeDegrees>
            </Position>
            <AltitudeMeters>83.5999984741211</AltitudeMeters>
            <DistanceMeters>2932.989990234375</DistanceMeters>
            <HeartRateBpm>
              <Value>94</Value>
            </HeartRateBpm>
            <Extensions>
              <ns3:TPX>
                <ns3:Speed>0.8960000276565552</ns3:Speed>
              </ns3:TPX>
            </Extensions>
          </Trackpoint>
          <Trackpoint>
            <Time>2026-02-26T20:04:19.000Z</Time>
            <Position>
              <LatitudeDegrees>51.76271963864565</LatitudeDegrees>
              <LongitudeDegrees>-0.2210383303463459</LongitudeDegrees>
            </Position>
            <AltitudeMeters>83.4000015258789</AltitudeMeters>
            <DistanceMeters>2933.2900390625</DistanceMeters>
            <HeartRateBpm>
              <Value>94</Value>
            </HeartRateBpm>
            <Extensions>
              <ns3:TPX>
                <ns3:Speed>0.8960000276565552</ns3:Speed>
              </ns3:TPX>
            </Extensions>
          </Trackpoint>
          <Trackpoint>
            <Time>2026-02-26T20:04:20.000Z</Time>
            <Position>
              <LatitudeDegrees>51.76271787844598</LatitudeDegrees>
              <LongitudeDegrees>-0.22102751769125462</LongitudeDegrees>
            </Position>
            <AltitudeMeters>83.4000015258789</AltitudeMeters>
            <DistanceMeters>2933.919921875</DistanceMeters>
            <HeartRateBpm>
              <Value>94</Value>
            </HeartRateBpm>
            <Extensions>
              <ns3:TPX>
                <ns3:Speed>0.8960000276565552</ns3:Speed>
              </ns3:TPX>
            </Extensions>
          </Trackpoint>
          <Trackpoint>
            <Time>2026-02-26T20:04:27.000Z</Time>
            <Position>
              <LatitudeDegrees>51.762694576755166</LatitudeDegrees>
              <LongitudeDegrees>-0.2209545113146305</LongitudeDegrees>
            </Position>
            <AltitudeMeters>83.80000305175781</AltitudeMeters>
            <DistanceMeters>2939.2099609375</DistanceMeters>
            <HeartRateBpm>
              <Value>93</Value>
            </HeartRateBpm>
            <Extensions>
              <ns3:TPX>
                <ns3:Speed>0.8679999709129333</ns3:Speed>
              </ns3:TPX>
            </Extensions>
          </Trackpoint>
          <Trackpoint>
            <Time>2026-02-26T20:04:35.000Z</Time>
            <Position>
              <LatitudeDegrees>51.76266088150442</LatitudeDegrees>
              <LongitudeDegrees>-0.2208586223423481</LongitudeDegrees>
            </Position>
            <AltitudeMeters>83.5999984741211</AltitudeMeters>
            <DistanceMeters>2946.719970703125</DistanceMeters>
            <HeartRateBpm>
              <Value>92</Value>
            </HeartRateBpm>
            <Extensions>
              <ns3:TPX>
                <ns3:Speed>0.8859999775886536</ns3:Speed>
              </ns3:TPX>
            </Extensions>
          </Trackpoint>
          <Trackpoint>
            <Time>2026-02-26T20:04:44.000Z</Time>
            <Position>
              <LatitudeDegrees>51.76262844353914</LatitudeDegrees>
              <LongitudeDegrees>-0.2207459695637226</LongitudeDegrees>
            </Position>
            <AltitudeMeters>83.4000015258789</AltitudeMeters>
            <DistanceMeters>2955.0400390625</DistanceMeters>
            <HeartRateBpm>
              <Value>90</Value>
            </HeartRateBpm>
            <Extensions>
              <ns3:TPX>
                <ns3:Speed>0.8859999775886536</ns3:Speed>
              </ns3:TPX>
            </Extensions>
          </Trackpoint>
          <Trackpoint>
            <Time>2026-02-26T20:04:53.000Z</Time>
            <Position>
              <LatitudeDegrees>51.762613439932466</LatitudeDegrees>
              <LongitudeDegrees>-0.2206538524478674</LongitudeDegrees>
            </Position>
            <AltitudeMeters>83.19999694824219</AltitudeMeters>
            <DistanceMeters>2962.330078125</DistanceMeters>
            <HeartRateBpm>
              <Value>89</Value>
            </HeartRateBpm>
            <Extensions>
              <ns3:TPX>
                <ns3:Speed>0.8960000276565552</ns3:Speed>
              </ns3:TPX>
            </Extensions>
          </Trackpoint>
          <Trackpoint>
            <Time>2026-02-26T20:05:03.000Z</Time>
            <Position>
              <LatitudeDegrees>51.7625979334116</LatitudeDegrees>
              <LongitudeDegrees>-0.22053717635571957</LongitudeDegrees>
            </Position>
            <AltitudeMeters>82.80000305175781</AltitudeMeters>
            <DistanceMeters>2969.949951171875</DistanceMeters>
            <HeartRateBpm>
              <Value>90</Value>
            </HeartRateBpm>
            <Extensions>
              <ns3:TPX>
                <ns3:Speed>0.8299999833106995</ns3:Speed>
              </ns3:TPX>
            </Extensions>
          </Trackpoint>
          <Trackpoint>
            <Time>2026-02-26T20:05:13.000Z</Time>
            <Position>
              <LatitudeDegrees>51.762567926198244</LatitudeDegrees>
              <LongitudeDegrees>-0.22041169926524162</LongitudeDegrees>
            </Position>
            <AltitudeMeters>83.0</AltitudeMeters>
            <DistanceMeters>2979.409912109375</DistanceMeters>
            <HeartRateBpm>
              <Value>92</Value>
            </HeartRateBpm>
            <Extensions>
              <ns3:TPX>
                <ns3:Speed>0.8769999742507935</ns3:Speed>
              </ns3:TPX>
            </Extensions>
          </Trackpoint>
          <Trackpoint>
            <Time>2026-02-26T20:05:23.000Z</Time>
            <Position>
              <LatitudeDegrees>51.76254102028906</LatitudeDegrees>
              <LongitudeDegrees>-0.22028613835573196</LongitudeDegrees>
            </Position>
            <AltitudeMeters>83.0</AltitudeMeters>
            <DistanceMeters>2989.110107421875</DistanceMeters>
            <HeartRateBpm>
              <Value>94</Value>
            </HeartRateBpm>
            <Extensions>
              <ns3:TPX>
                <ns3:Speed>0.8859999775886536</ns3:Speed>
              </ns3:TPX>
            </Extensions>
          </Trackpoint>
          <Trackpoint>
            <Time>2026-02-26T20:05:31.000Z</Time>
            <Position>
              <LatitudeDegrees>51.76252467557788</LatitudeDegrees>
              <LongitudeDegrees>-0.22018077783286572</LongitudeDegrees>
            </Position>
            <AltitudeMeters>82.80000305175781</AltitudeMeters>
            <DistanceMeters>2996.199951171875</DistanceMeters>
            <HeartRateBpm>
              <Value>96</Value>
            </HeartRateBpm>
            <Extensions>
              <ns3:TPX>
                <ns3:Speed>0.8679999709129333</ns3:Speed>
              </ns3:TPX>
            </Extensions>
          </Trackpoint>
          <Trackpoint>
            <Time>2026-02-26T20:05:37.000Z</Time>
            <Position>
              <LatitudeDegrees>51.76251252181828</LatitudeDegrees>
              <LongitudeDegrees>-0.22010969929397106</LongitudeDegrees>
            </Position>
            <AltitudeMeters>82.80000305175781</AltitudeMeters>
            <DistanceMeters>3001.320068359375</DistanceMeters>
            <HeartRateBpm>
              <Value>95</Value>
            </HeartRateBpm>
            <Extensions>
              <ns3:TPX>
                <ns3:Speed>0.8960000276565552</ns3:Speed>
              </ns3:TPX>
            </Extensions>
          </Trackpoint>
        </Track>
        <Extensions>
          <ns3:LX>
            <ns3:AvgSpeed>0.8870000243186951</ns3:AvgSpeed>
            <ns3:AvgRunCadence>37</ns3:AvgRunCadence>
            <ns3:MaxRunCadence>80</ns3:MaxRunCadence>
          </ns3:LX>
        </Extensions>
      </Lap>
      <Lap StartTime="2026-02-26T20:05:37.000Z">
        <TotalTimeSeconds>537.446</TotalTimeSeconds>
        <DistanceMeters>486.82</DistanceMeters>
        <MaximumSpeed>1.753999948501587</MaximumSpeed>
        <Calories>31</Calories>
        <AverageHeartRateBpm>
          <Value>102</Value>
        </AverageHeartRateBpm>
        <MaximumHeartRateBpm>
          <Value>109</Value>
        </MaximumHeartRateBpm>
        <Intensity>Active</Intensity>
        <TriggerMethod>Manual</TriggerMethod>
        <Track>
          <Trackpoint>
            <Time>2026-02-26T20:05:37.000Z</Time>
            <Position>
              <LatitudeDegrees>51.76251252181828</LatitudeDegrees>
              <LongitudeDegrees>-0.22010969929397106</LongitudeDegrees>
            </Position>
            <AltitudeMeters>82.80000305175781</AltitudeMeters>
            <DistanceMeters>3001.320068359375</DistanceMeters>
            <HeartRateBpm>
              <Value>95</Value>
            </HeartRateBpm>
            <Extensions>
              <ns3:TPX>
                <ns3:Speed>0.8960000276565552</ns3:Speed>
              </ns3:TPX>
            </Extensions>
          </Trackpoint>
          <Trackpoint>
            <Time>2026-02-26T20:05:39.000Z</Time>
            <Position>
              <LatitudeDegrees>51.762508833780885</LatitudeDegrees>
              <LongitudeDegrees>-0.2200794406235218</LongitudeDegrees>
            </Position>
            <AltitudeMeters>82.80000305175781</AltitudeMeters>
            <DistanceMeters>3003.22998046875</DistanceMeters>
            <HeartRateBpm>
              <Value>96</Value>
            </HeartRateBpm>
            <Extensions>
              <ns3:TPX>
                <ns3:Speed>0.8960000276565552</ns3:Speed>
              </ns3:TPX>
            </Extensions>
          </Trackpoint>
          <Trackpoint>
            <Time>2026-02-26T20:05:45.000Z</Time>
            <Position>
              <LatitudeDegrees>51.762502463534474</LatitudeDegrees>
              <LongitudeDegrees>-0.2199971303343773</LongitudeDegrees>
            </Position>
            <AltitudeMeters>83.0</AltitudeMeters>
            <DistanceMeters>3009.52001953125</DistanceMeters>
            <HeartRateBpm>
              <Value>99</Value>
            </HeartRateBpm>
            <Extensions>
              <ns3:TPX>
                <ns3:Speed>0.9139999747276306</ns3:Speed>
              </ns3:TPX>
            </Extensions>
          </Trackpoint>
          <Trackpoint>
            <Time>2026-02-26T20:05:48.000Z</Time>
            <Position>
              <LatitudeDegrees>51.76249332726002</LatitudeDegrees>
              <LongitudeDegrees>-0.21995346061885357</LongitudeDegrees>
            </Position>
            <AltitudeMeters>83.0</AltitudeMeters>
            <DistanceMeters>3012.610107421875</DistanceMeters>
            <HeartRateBpm>
              <Value>99</Value>
            </HeartRateBpm>
            <Extensions>
              <ns3:TPX>
                <ns3:Speed>0.9139999747276306</ns3:Speed>
              </ns3:TPX>
            </Extensions>
          </Trackpoint>
          <Trackpoint>
            <Time>2026-02-26T20:05:55.000Z</Time>
            <Position>
              <LatitudeDegrees>51.76248125731945</LatitudeDegrees>
              <LongitudeDegrees>-0.2198708150535822</LongitudeDegrees>
            </Position>
            <AltitudeMeters>82.80000305175781</AltitudeMeters>
            <DistanceMeters>3018.47998046875</DistanceMeters>
            <HeartRateBpm>
              <Value>99</Value>
            </HeartRateBpm>
            <Extensions>
              <ns3:TPX>
                <ns3:Speed>0.9049999713897705</ns3:Speed>
              </ns3:TPX>
            </Extensions>
          </Trackpoint>
          <Trackpoint>
            <Time>2026-02-26T20:06:02.000Z</Time>
            <Position>
              <LatitudeDegrees>51.76248176023364</LatitudeDegrees>
              <LongitudeDegrees>-0.2197864092886448</LongitudeDegrees>
            </Position>
            <AltitudeMeters>82.80000305175781</AltitudeMeters>
            <DistanceMeters>3023.969970703125</DistanceMeters>
            <HeartRateBpm>
              <Value>100</Value>
            </HeartRateBpm>
            <Extensions>
              <ns3:TPX>
                <ns3:Speed>0.8960000276565552</ns3:Speed>
              </ns3:TPX>
            </Extensions>
          </Trackpoint>
          <Trackpoint>
            <Time>2026-02-26T20:06:10.000Z</Time>
            <Position>
              <LatitudeDegrees>51.76246910355985</LatitudeDegrees>
              <LongitudeDegrees>-0.2196558192372322</LongitudeDegrees>
            </Position>
            <AltitudeMeters>82.5999984741211</AltitudeMeters>
            <DistanceMeters>3033.510009765625</DistanceMeters>
            <HeartRateBpm>
              <Value>100</Value>
            </HeartRateBpm>
            <Extensions>
              <ns3:TPX>
                <ns3:Speed>0.9049999713897705</ns3:Speed>
              </ns3:TPX>
            </Extensions>
          </Trackpoint>
          <Trackpoint>
            <Time>2026-02-26T20:06:17.000Z</Time>
            <Position>
              <LatitudeDegrees>51.76246952265501</LatitudeDegrees>
              <LongitudeDegrees>-0.21956940181553364</LongitudeDegrees>
            </Position>
            <AltitudeMeters>82.80000305175781</AltitudeMeters>
            <DistanceMeters>3040.449951171875</DistanceMeters>
            <HeartRateBpm>
              <Value>100</Value>
            </HeartRateBpm>
            <Extensions>
              <ns3:TPX>
                <ns3:Speed>0.9330000281333923</ns3:Speed>
              </ns3:TPX>
            </Extensions>
          </Trackpoint>
          <Trackpoint>
            <Time>2026-02-26T20:06:25.000Z</Time>
            <Position>
              <LatitudeDegrees>51.762466756626964</LatitudeDegrees>
              <LongitudeDegrees>-0.21945834159851074</LongitudeDegrees>
            </Position>
            <AltitudeMeters>82.5999984741211</AltitudeMeters>
            <DistanceMeters>3047.18994140625</DistanceMeters>
            <HeartRateBpm>
              <Value>101</Value>
            </HeartRateBpm>
            <Extensions>
              <ns3:TPX>
                <ns3:Speed>0.9330000281333923</ns3:Speed>
              </ns3:TPX>
            </Extensions>
          </Trackpoint>
          <Trackpoint>
            <Time>2026-02-26T20:06:27.000Z</Time>
            <Position>
              <LatitudeDegrees>51.762469690293074</LatitudeDegrees>
              <LongitudeDegrees>-0.21942464634776115</LongitudeDegrees>
            </Position>
            <AltitudeMeters>82.4000015258789</AltitudeMeters>
            <DistanceMeters>3049.31005859375</DistanceMeters>
            <HeartRateBpm>
              <Value>101</Value>
            </HeartRateBpm>
            <Extensions>
              <ns3:TPX>
                <ns3:Speed>0.9240000247955322</ns3:Speed>
              </ns3:TPX>
            </Extensions>
          </Trackpoint>
          <Trackpoint>
            <Time>2026-02-26T20:06:32.000Z</Time>
            <Position>
              <LatitudeDegrees>51.76248528063297</LatitudeDegrees>
              <LongitudeDegrees>-0.21935130469501019</LongitudeDegrees>
            </Position>
            <AltitudeMeters>83.0</AltitudeMeters>
            <DistanceMeters>3054.5400390625</DistanceMeters>
            <HeartRateBpm>
              <Value>101</Value>
            </HeartRateBpm>
            <Extensions>
              <ns3:TPX>
                <ns3:Speed>0.9419999718666077</ns3:Speed>
              </ns3:TPX>
            </Extensions>
          </Trackpoint>
          <Trackpoint>
            <Time>2026-02-26T20:06:40.000Z</Time>
            <Position>
              <LatitudeDegrees>51.76248645409942</LatitudeDegrees>
              <LongitudeDegrees>-0.219217948615551</LongitudeDegrees>
            </Position>
            <AltitudeMeters>82.19999694824219</AltitudeMeters>
            <DistanceMeters>3064.699951171875</DistanceMeters>
            <HeartRateBpm>
              <Value>101</Value>
            </HeartRateBpm>
            <Extensions>
              <ns3:TPX>
                <ns3:Speed>0.9800000190734863</ns3:Speed>
              </ns3:TPX>
            </Extensions>
          </Trackpoint>
          <Trackpoint>
            <Time>2026-02-26T20:06:47.000Z</Time>
            <Position>
              <LatitudeDegrees>51.76247094757855</LatitudeDegrees>
              <LongitudeDegrees>-0.2191297709941864</LongitudeDegrees>
            </Position>
            <AltitudeMeters>82.5999984741211</AltitudeMeters>
            <DistanceMeters>3070.820068359375</DistanceMeters>
            <HeartRateBpm>
              <Value>101</Value>
            </HeartRateBpm>
            <Extensions>
              <ns3:TPX>
                <ns3:Speed>0.9700000286102295</ns3:Speed>
              </ns3:TPX>
            </Extensions>
          </Trackpoint>
          <Trackpoint>
            <Time>2026-02-26T20:06:56.000Z</Time>
            <Position>
              <LatitudeDegrees>51.7624787427485</LatitudeDegrees>
              <LongitudeDegrees>-0.21903036162257195</LongitudeDegrees>
            </Position>
            <AltitudeMeters>82.0</AltitudeMeters>
            <DistanceMeters>3077.570068359375</DistanceMeters>
            <HeartRateBpm>
              <Value>101</Value>
            </HeartRateBpm>
            <Extensions>
              <ns3:TPX>
                <ns3:Speed>0.9419999718666077</ns3:Speed>
              </ns3:TPX>
            </Extensions>
          </Trackpoint>
          <Trackpoint>
            <Time>2026-02-26T20:07:03.000Z</Time>
            <Position>
              <LatitudeDegrees>51.762478994205594</LatitudeDegrees>
              <LongitudeDegrees>-0.21892257034778595</LongitudeDegrees>
            </Position>
            <AltitudeMeters>81.5999984741211</AltitudeMeters>
            <DistanceMeters>3084.639892578125</DistanceMeters>
            <HeartRateBpm>
              <Value>101</Value>
            </HeartRateBpm>
            <Extensions>
              <ns3:TPX>
                <ns3:Speed>0.9240000247955322</ns3:Speed>
              </ns3:TPX>
            </Extensions>
          </Trackpoint>
          <Trackpoint>
            <Time>2026-02-26T20:07:11.000Z</Time>
            <Position>
              <LatitudeDegrees>51.76247111521661</LatitudeDegrees>
              <LongitudeDegrees>-0.2188270166516304</LongitudeDegrees>
            </Position>
            <AltitudeMeters>81.5999984741211</AltitudeMeters>
            <DistanceMeters>3092.0400390625</DistanceMeters>
            <HeartRateBpm>
              <Value>100</Value>
            </HeartRateBpm>
            <Extensions>
              <ns3:TPX>
                <ns3:Speed>0.9240000247955322</ns3:Speed>
              </ns3:TPX>
            </Extensions>
          </Trackpoint>
          <Trackpoint>
            <Time>2026-02-26T20:07:14.000Z</Time>
            <Position>
              <LatitudeDegrees>51.76246273331344</LatitudeDegrees>
              <LongitudeDegrees>-0.21879298612475395</LongitudeDegrees>
            </Position>
            <AltitudeMeters>81.4000015258789</AltitudeMeters>
            <DistanceMeters>3094.1201171875</DistanceMeters>
            <HeartRateBpm>
              <Value>100</Value>
            </HeartRateBpm>
            <Extensions>
              <ns3:TPX>
                <ns3:Speed>0.9139999747276306</ns3:Speed>
              </ns3:TPX>
            </Extensions>
          </Trackpoint>
          <Trackpoint>
            <Time>2026-02-26T20:07:18.000Z</Time>
            <Position>
              <LatitudeDegrees>51.7624684330076</LatitudeDegrees>
              <LongitudeDegrees>-0.21872811019420624</LongitudeDegrees>
            </Position>
            <AltitudeMeters>81.19999694824219</AltitudeMeters>
            <DistanceMeters>3098.35009765625</DistanceMeters>
            <HeartRateBpm>
              <Value>101</Value>
            </HeartRateBpm>
            <Extensions>
              <ns3:TPX>
                <ns3:Speed>0.8960000276565552</ns3:Speed>
              </ns3:TPX>
            </Extensions>
          </Trackpoint>
          <Trackpoint>
            <Time>2026-02-26T20:07:27.000Z</Time>
            <Position>
              <LatitudeDegrees>51.762473713606596</LatitudeDegrees>
              <LongitudeDegrees>-0.21860565058887005</LongitudeDegrees>
            </Position>
            <AltitudeMeters>81.19999694824219</AltitudeMeters>
            <DistanceMeters>3107.580078125</DistanceMeters>
            <HeartRateBpm>
              <Value>101</Value>
            </HeartRateBpm>
            <Extensions>
              <ns3:TPX>
                <ns3:Speed>0.9240000247955322</ns3:Speed>
              </ns3:TPX>
            </Extensions>
          </Trackpoint>
          <Trackpoint>
            <Time>2026-02-26T20:07:34.000Z</Time>
            <Position>
              <LatitudeDegrees>51.76246407441795</LatitudeDegrees>
              <LongitudeDegrees>-0.21850674413144588</LongitudeDegrees>
            </Position>
            <AltitudeMeters>80.80000305175781</AltitudeMeters>
            <DistanceMeters>3114.409912109375</DistanceMeters>
            <HeartRateBpm>
              <Value>102</Value>
            </HeartRateBpm>
            <Extensions>
              <ns3:TPX>
                <ns3:Speed>0.9419999718666077</ns3:Speed>
              </ns3:TPX>
            </Extensions>
          </Trackpoint>
          <Trackpoint>
            <Time>2026-02-26T20:07:38.000Z</Time>
            <Position>
              <LatitudeDegrees>51.762459548190236</LatitudeDegrees>
              <LongitudeDegrees>-0.21845636889338493</LongitudeDegrees>
            </Position>
            <AltitudeMeters>80.19999694824219</AltitudeMeters>
            <DistanceMeters>3117.7900390625</DistanceMeters>
            <HeartRateBpm>
              <Value>101</Value>
            </HeartRateBpm>
            <Extensions>
              <ns3:TPX>
                <ns3:Speed>0.9419999718666077</ns3:Speed>
              </ns3:TPX>
            </Extensions>
          </Trackpoint>
          <Trackpoint>
            <Time>2026-02-26T20:07:42.000Z</Time>
            <Position>
              <LatitudeDegrees>51.76245862618089</LatitudeDegrees>
              <LongitudeDegrees>-0.21840699948370457</LongitudeDegrees>
            </Position>
            <AltitudeMeters>80.0</AltitudeMeters>
            <DistanceMeters>3121.139892578125</DistanceMeters>
            <HeartRateBpm>
              <Value>101</Value>
            </HeartRateBpm>
            <Extensions>
              <ns3:TPX>
                <ns3:Speed>0.9240000247955322</ns3:Speed>
              </ns3:TPX>
            </Extensions>
          </Trackpoint>
          <Trackpoint>
            <Time>2026-02-26T20:07:50.000Z</Time>
            <Position>
              <LatitudeDegrees>51.76244957372546</LatitudeDegrees>
              <LongitudeDegrees>-0.21828772500157356</LongitudeDegrees>
            </Position>
            <AltitudeMeters>80.5999984741211</AltitudeMeters>
            <DistanceMeters>3129.669921875</DistanceMeters>
            <HeartRateBpm>
              <Value>101</Value>
            </HeartRateBpm>
            <Extensions>
              <ns3:TPX>
                <ns3:Speed>0.9330000281333923</ns3:Speed>
              </ns3:TPX>
            </Extensions>
          </Trackpoint>
          <Trackpoint>
            <Time>2026-02-26T20:07:57.000Z</Time>
            <Position>
              <LatitudeDegrees>51.762441946193576</LatitudeDegrees>
              <LongitudeDegrees>-0.21819275803864002</LongitudeDegrees>
            </Position>
            <AltitudeMeters>80.0</AltitudeMeters>
            <DistanceMeters>3136.31005859375</DistanceMeters>
            <HeartRateBpm>
              <Value>100</Value>
            </HeartRateBpm>
            <Extensions>
              <ns3:TPX>
                <ns3:Speed>0.9330000281333923</ns3:Speed>
              </ns3:TPX>
            </Extensions>
          </Trackpoint>
          <Trackpoint>
            <Time>2026-02-26T20:08:03.000Z</Time>
            <Position>
              <LatitudeDegrees>51.762450663372874</LatitudeDegrees>
              <LongitudeDegrees>-0.2181027363985777</LongitudeDegrees>
            </Position>
            <AltitudeMeters>80.0</AltitudeMeters>
            <DistanceMeters>3142.570068359375</DistanceMeters>
            <HeartRateBpm>
              <Value>97</Value>
            </HeartRateBpm>
            <Extensions>
              <ns3:TPX>
                <ns3:Speed>0.9419999718666077</ns3:Speed>
              </ns3:TPX>
            </Extensions>
          </Trackpoint>
          <Trackpoint>
            <Time>2026-02-26T20:08:04.000Z</Time>
            <Position>
              <LatitudeDegrees>51.76245619542897</LatitudeDegrees>
              <LongitudeDegrees>-0.2180886548012495</LongitudeDegrees>
            </Position>
            <AltitudeMeters>80.0</AltitudeMeters>
            <DistanceMeters>3143.7099609375</DistanceMeters>
            <HeartRateBpm>
              <Value>97</Value>
            </HeartRateBpm>
            <Extensions>
              <ns3:TPX>
                <ns3:Speed>0.9419999718666077</ns3:Speed>
              </ns3:TPX>
            </Extensions>
          </Trackpoint>
          <Trackpoint>
            <Time>2026-02-26T20:08:10.000Z</Time>
            <Position>
              <LatitudeDegrees>51.76245963200927</LatitudeDegrees>
              <LongitudeDegrees>-0.21800081245601177</LongitudeDegrees>
            </Position>
            <AltitudeMeters>79.19999694824219</AltitudeMeters>
            <DistanceMeters>3149.8798828125</DistanceMeters>
            <HeartRateBpm>
              <Value>97</Value>
            </HeartRateBpm>
            <Extensions>
              <ns3:TPX>
                <ns3:Speed>0.9419999718666077</ns3:Speed>
              </ns3:TPX>
            </Extensions>
          </Trackpoint>
          <Trackpoint>
            <Time>2026-02-26T20:08:13.000Z</Time>
            <Position>
              <LatitudeDegrees>51.76244345493615</LatitudeDegrees>
              <LongitudeDegrees>-0.21796309389173985</LongitudeDegrees>
            </Position>
            <AltitudeMeters>79.19999694824219</AltitudeMeters>
            <DistanceMeters>3153.070068359375</DistanceMeters>
            <HeartRateBpm>
              <Value>98</Value>
            </HeartRateBpm>
            <Extensions>
              <ns3:TPX>
                <ns3:Speed>0.9890000224113464</ns3:Speed>
              </ns3:TPX>
            </Extensions>
          </Trackpoint>
          <Trackpoint>
            <Time>2026-02-26T20:08:22.000Z</Time>
            <Position>
              <LatitudeDegrees>51.762408167123795</LatitudeDegrees>
              <LongitudeDegrees>-0.21785706281661987</LongitudeDegrees>
            </Position>
            <AltitudeMeters>79.5999984741211</AltitudeMeters>
            <DistanceMeters>3161.199951171875</DistanceMeters>
            <HeartRateBpm>
              <Value>98</Value>
            </HeartRateBpm>
            <Extensions>
              <ns3:TPX>
                <ns3:Speed>0.8769999742507935</ns3:Speed>
              </ns3:TPX>
            </Extensions>
          </Trackpoint>
          <Trackpoint>
            <Time>2026-02-26T20:08:31.000Z</Time>
            <Position>
              <LatitudeDegrees>51.762379417195916</LatitudeDegrees>
              <LongitudeDegrees>-0.21774348802864552</LongitudeDegrees>
            </Position>
            <AltitudeMeters>79.5999984741211</AltitudeMeters>
            <DistanceMeters>3169.969970703125</DistanceMeters>
            <HeartRateBpm>
              <Value>99</Value>
            </HeartRateBpm>
            <Extensions>
              <ns3:TPX>
                <ns3:Speed>0.9240000247955322</ns3:Speed>
              </ns3:TPX>
            </Extensions>
          </Trackpoint>
          <Trackpoint>
            <Time>2026-02-26T20:08:41.000Z</Time>
            <Position>
              <LatitudeDegrees>51.76231454126537</LatitudeDegrees>
              <LongitudeDegrees>-0.2176268957555294</LongitudeDegrees>
            </Position>
            <AltitudeMeters>78.80000305175781</AltitudeMeters>
            <DistanceMeters>3180.780029296875</DistanceMeters>
            <HeartRateBpm>
              <Value>100</Value>
            </HeartRateBpm>
            <Extensions>
              <ns3:TPX>
                <ns3:Speed>0.9800000190734863</ns3:Speed>
              </ns3:TPX>
            </Extensions>
          </Trackpoint>
          <Trackpoint>
            <Time>2026-02-26T20:08:47.000Z</Time>
            <Position>
              <LatitudeDegrees>51.76227891817689</LatitudeDegrees>
              <LongitudeDegrees>-0.21757216192781925</LongitudeDegrees>
            </Position>
            <AltitudeMeters>78.19999694824219</AltitudeMeters>
            <DistanceMeters>3186.43994140625</DistanceMeters>
            <HeartRateBpm>
              <Value>100</Value>
            </HeartRateBpm>
            <Extensions>
              <ns3:TPX>
                <ns3:Speed>0.9800000190734863</ns3:Speed>
              </ns3:TPX>
            </Extensions>
          </Trackpoint>
          <Trackpoint>
            <Time>2026-02-26T20:08:50.000Z</Time>
            <Position>
              <LatitudeDegrees>51.76226609386504</LatitudeDegrees>
              <LongitudeDegrees>-0.2175495307892561</LongitudeDegrees>
            </Position>
            <AltitudeMeters>78.4000015258789</AltitudeMeters>
            <DistanceMeters>3188.3798828125</DistanceMeters>
            <HeartRateBpm>
              <Value>100</Value>
            </HeartRateBpm>
            <Extensions>
              <ns3:TPX>
                <ns3:Speed>0.9700000286102295</ns3:Speed>
              </ns3:TPX>
            </Extensions>
          </Trackpoint>
          <Trackpoint>
            <Time>2026-02-26T20:08:58.000Z</Time>
            <Position>
              <LatitudeDegrees>51.76222527399659</LatitudeDegrees>
              <LongitudeDegrees>-0.21744417026638985</LongitudeDegrees>
            </Position>
            <AltitudeMeters>78.19999694824219</AltitudeMeters>
            <DistanceMeters>3196.3798828125</DistanceMeters>
            <HeartRateBpm>
              <Value>100</Value>
            </HeartRateBpm>
            <Extensions>
              <ns3:TPX>
                <ns3:Speed>0.9520000219345093</ns3:Speed>
              </ns3:TPX>
            </Extensions>
          </Trackpoint>
          <Trackpoint>
            <Time>2026-02-26T20:09:05.000Z</Time>
            <Position>
              <LatitudeDegrees>51.76219669170678</LatitudeDegrees>
              <LongitudeDegrees>-0.2173704095184803</LongitudeDegrees>
            </Position>
            <AltitudeMeters>77.80000305175781</AltitudeMeters>
            <DistanceMeters>3203.080078125</DistanceMeters>
            <HeartRateBpm>
              <Value>103</Value>
            </HeartRateBpm>
            <Extensions>
              <ns3:TPX>
                <ns3:Speed>0.9800000190734863</ns3:Speed>
              </ns3:TPX>
            </Extensions>
          </Trackpoint>
          <Trackpoint>
            <Time>2026-02-26T20:09:06.000Z</Time>
            <Position>
              <LatitudeDegrees>51.76219048909843</LatitudeDegrees>
              <LongitudeDegrees>-0.2173611056059599</LongitudeDegrees>
            </Position>
            <AltitudeMeters>77.80000305175781</AltitudeMeters>
            <DistanceMeters>3203.719970703125</DistanceMeters>
            <HeartRateBpm>
              <Value>103</Value>
            </HeartRateBpm>
            <Extensions>
              <ns3:TPX>
                <ns3:Speed>0.9610000252723694</ns3:Speed>
              </ns3:TPX>
            </Extensions>
          </Trackpoint>
          <Trackpoint>
            <Time>2026-02-26T20:09:14.000Z</Time>
            <Position>
              <LatitudeDegrees>51.76214807666838</LatitudeDegrees>
              <LongitudeDegrees>-0.21728030405938625</LongitudeDegrees>
            </Position>
            <AltitudeMeters>77.80000305175781</AltitudeMeters>
            <DistanceMeters>3211.1298828125</DistanceMeters>
            <HeartRateBpm>
              <Value>102</Value>
            </HeartRateBpm>
            <Extensions>
              <ns3:TPX>
                <ns3:Speed>0.9419999718666077</ns3:Speed>
              </ns3:TPX>
            </Extensions>
          </Trackpoint>
          <Trackpoint>
            <Time>2026-02-26T20:09:21.000Z</Time>
            <Position>
              <LatitudeDegrees>51.762116057798266</LatitudeDegrees>
              <LongitudeDegrees>-0.21720495074987411</LongitudeDegrees>
            </Position>
            <AltitudeMeters>77.5999984741211</AltitudeMeters>
            <DistanceMeters>3217.010009765625</DistanceMeters>
            <HeartRateBpm>
              <Value>101</Value>
            </HeartRateBpm>
            <Extensions>
              <ns3:TPX>
                <ns3:Speed>0.9240000247955322</ns3:Speed>
              </ns3:TPX>
            </Extensions>
          </Trackpoint>
          <Trackpoint>
            <Time>2026-02-26T20:09:30.000Z</Time>
            <Position>
              <LatitudeDegrees>51.762071968987584</LatitudeDegrees>
              <LongitudeDegrees>-0.21710285916924477</LongitudeDegrees>
            </Position>
            <AltitudeMeters>77.80000305175781</AltitudeMeters>
            <DistanceMeters>3226.219970703125</DistanceMeters>
            <HeartRateBpm>
              <Value>101</Value>
            </HeartRateBpm>
            <Extensions>
              <ns3:TPX>
                <ns3:Speed>0.9139999747276306</ns3:Speed>
              </ns3:TPX>
            </Extensions>
          </Trackpoint>
          <Trackpoint>
            <Time>2026-02-26T20:09:37.000Z</Time>
            <Position>
              <LatitudeDegrees>51.76202544942498</LatitudeDegrees>
              <LongitudeDegrees>-0.21702071651816368</LongitudeDegrees>
            </Position>
            <AltitudeMeters>77.4000015258789</AltitudeMeters>
            <DistanceMeters>3233.7099609375</DistanceMeters>
            <HeartRateBpm>
              <Value>102</Value>
            </HeartRateBpm>
            <Extensions>
              <ns3:TPX>
                <ns3:Speed>0.9139999747276306</ns3:Speed>
              </ns3:TPX>
            </Extensions>
          </Trackpoint>
          <Trackpoint>
            <Time>2026-02-26T20:09:40.000Z</Time>
            <Position>
              <LatitudeDegrees>51.76200868561864</LatitudeDegrees>
              <LongitudeDegrees>-0.21699531935155392</LongitudeDegrees>
            </Position>
            <AltitudeMeters>77.19999694824219</AltitudeMeters>
            <DistanceMeters>3235.72998046875</DistanceMeters>
            <HeartRateBpm>
              <Value>102</Value>
            </HeartRateBpm>
            <Extensions>
              <ns3:TPX>
                <ns3:Speed>0.9330000281333923</ns3:Speed>
              </ns3:TPX>
            </Extensions>
          </Trackpoint>
          <Trackpoint>
            <Time>2026-02-26T20:09:44.000Z</Time>
            <Position>
              <LatitudeDegrees>51.7619898263365</LatitudeDegrees>
              <LongitudeDegrees>-0.216947877779603</LongitudeDegrees>
            </Position>
            <AltitudeMeters>77.19999694824219</AltitudeMeters>
            <DistanceMeters>3240.330078125</DistanceMeters>
            <HeartRateBpm>
              <Value>103</Value>
            </HeartRateBpm>
            <Extensions>
              <ns3:TPX>
                <ns3:Speed>0.9520000219345093</ns3:Speed>
              </ns3:TPX>
            </Extensions>
          </Trackpoint>
          <Trackpoint>
            <Time>2026-02-26T20:09:51.000Z</Time>
            <Position>
              <LatitudeDegrees>51.761964010074735</LatitudeDegrees>
              <LongitudeDegrees>-0.21686162799596786</LongitudeDegrees>
            </Position>
            <AltitudeMeters>77.0</AltitudeMeters>
            <DistanceMeters>3246.8701171875</DistanceMeters>
            <HeartRateBpm>
              <Value>100</Value>
            </HeartRateBpm>
            <Extensions>
              <ns3:TPX>
                <ns3:Speed>0.9419999718666077</ns3:Speed>
              </ns3:TPX>
            </Extensions>
          </Trackpoint>
          <Trackpoint>
            <Time>2026-02-26T20:09:54.000Z</Time>
            <Position>
              <LatitudeDegrees>51.761949341744184</LatitudeDegrees>
              <LongitudeDegrees>-0.21683011204004288</LongitudeDegrees>
            </Position>
            <AltitudeMeters>77.0</AltitudeMeters>
            <DistanceMeters>3248.989990234375</DistanceMeters>
            <HeartRateBpm>
              <Value>100</Value>
            </HeartRateBpm>
            <Extensions>
              <ns3:TPX>
                <ns3:Speed>0.9520000219345093</ns3:Speed>
              </ns3:TPX>
            </Extensions>
          </Trackpoint>
          <Trackpoint>
            <Time>2026-02-26T20:10:04.000Z</Time>
            <Position>
              <LatitudeDegrees>51.761889243498445</LatitudeDegrees>
              <LongitudeDegrees>-0.21672483533620834</LongitudeDegrees>
            </Position>
            <AltitudeMeters>77.0</AltitudeMeters>
            <DistanceMeters>3259.489990234375</DistanceMeters>
            <HeartRateBpm>
              <Value>100</Value>
            </HeartRateBpm>
            <Extensions>
              <ns3:TPX>
                <ns3:Speed>0.9700000286102295</ns3:Speed>
              </ns3:TPX>
            </Extensions>
          </Trackpoint>
          <Trackpoint>
            <Time>2026-02-26T20:10:12.000Z</Time>
            <Position>
              <LatitudeDegrees>51.76189343445003</LatitudeDegrees>
              <LongitudeDegrees>-0.21672324277460575</LongitudeDegrees>
            </Position>
            <AltitudeMeters>77.4000015258789</AltitudeMeters>
            <DistanceMeters>3261.199951171875</DistanceMeters>
            <HeartRateBpm>
              <Value>99</Value>
            </HeartRateBpm>
            <Extensions>
              <ns3:TPX>
                <ns3:Speed>0.8489999771118164</ns3:Speed>
              </ns3:TPX>
            </Extensions>
          </Trackpoint>
          <Trackpoint>
            <Time>2026-02-26T20:10:23.000Z</Time>
            <Position>
              <LatitudeDegrees>51.761875580996275</LatitudeDegrees>
              <LongitudeDegrees>-0.2167131006717682</LongitudeDegrees>
            </Position>
            <AltitudeMeters>76.5999984741211</AltitudeMeters>
            <DistanceMeters>3264.469970703125</DistanceMeters>
            <HeartRateBpm>
              <Value>99</Value>
            </HeartRateBpm>
            <Extensions>
              <ns3:TPX>
                <ns3:Speed>0.0</ns3:Speed>
              </ns3:TPX>
            </Extensions>
          </Trackpoint>
          <Trackpoint>
            <Time>2026-02-26T20:10:29.000Z</Time>
            <Position>
              <LatitudeDegrees>51.76183911971748</LatitudeDegrees>
              <LongitudeDegrees>-0.21664554253220558</LongitudeDegrees>
            </Position>
            <AltitudeMeters>76.5999984741211</AltitudeMeters>
            <DistanceMeters>3271.330078125</DistanceMeters>
            <HeartRateBpm>
              <Value>99</Value>
            </HeartRateBpm>
            <Extensions>
              <ns3:TPX>
                <ns3:Speed>0.5040000081062317</ns3:Speed>
              </ns3:TPX>
            </Extensions>
          </Trackpoint>
          <Trackpoint>
            <Time>2026-02-26T20:10:36.000Z</Time>
            <Position>
              <LatitudeDegrees>51.76180056296289</LatitudeDegrees>
              <LongitudeDegrees>-0.21658292971551418</LongitudeDegrees>
            </Position>
            <AltitudeMeters>76.5999984741211</AltitudeMeters>
            <DistanceMeters>3277.550048828125</DistanceMeters>
            <HeartRateBpm>
              <Value>100</Value>
            </HeartRateBpm>
            <Extensions>
              <ns3:TPX>
                <ns3:Speed>0.8299999833106995</ns3:Speed>
              </ns3:TPX>
            </Extensions>
          </Trackpoint>
          <Trackpoint>
            <Time>2026-02-26T20:10:46.000Z</Time>
            <Position>
              <LatitudeDegrees>51.76178723573685</LatitudeDegrees>
              <LongitudeDegrees>-0.21648704074323177</LongitudeDegrees>
            </Position>
            <AltitudeMeters>76.80000305175781</AltitudeMeters>
            <DistanceMeters>3284.72998046875</DistanceMeters>
            <HeartRateBpm>
              <Value>100</Value>
            </HeartRateBpm>
            <Extensions>
              <ns3:TPX>
                <ns3:Speed>0.0</ns3:Speed>
              </ns3:TPX>
            </Extensions>
          </Trackpoint>
          <Trackpoint>
            <Time>2026-02-26T20:10:50.000Z</Time>
            <Position>
              <LatitudeDegrees>51.76178899593651</LatitudeDegrees>
              <LongitudeDegrees>-0.2164169680327177</LongitudeDegrees>
            </Position>
            <AltitudeMeters>76.5999984741211</AltitudeMeters>
            <DistanceMeters>3289.570068359375</DistanceMeters>
            <HeartRateBpm>
              <Value>103</Value>
            </HeartRateBpm>
            <Extensions>
              <ns3:TPX>
                <ns3:Speed>0.0</ns3:Speed>
              </ns3:TPX>
            </Extensions>
          </Trackpoint>
          <Trackpoint>
            <Time>2026-02-26T20:11:00.000Z</Time>
            <Position>
              <LatitudeDegrees>51.76176527515054</LatitudeDegrees>
              <LongitudeDegrees>-0.21632577292621136</LongitudeDegrees>
            </Position>
            <AltitudeMeters>76.5999984741211</AltitudeMeters>
            <DistanceMeters>3296.10009765625</DistanceMeters>
            <HeartRateBpm>
              <Value>104</Value>
            </HeartRateBpm>
            <Extensions>
              <ns3:TPX>
                <ns3:Speed>0.8019999861717224</ns3:Speed>
              </ns3:TPX>
            </Extensions>
          </Trackpoint>
          <Trackpoint>
            <Time>2026-02-26T20:11:07.000Z</Time>
            <Position>
              <LatitudeDegrees>51.76171355880797</LatitudeDegrees>
              <LongitudeDegrees>-0.2161997091025114</LongitudeDegrees>
            </Position>
            <AltitudeMeters>76.4000015258789</AltitudeMeters>
            <DistanceMeters>3305.5400390625</DistanceMeters>
            <HeartRateBpm>
              <Value>105</Value>
            </HeartRateBpm>
            <Extensions>
              <ns3:TPX>
                <ns3:Speed>1.5299999713897705</ns3:Speed>
              </ns3:TPX>
            </Extensions>
          </Trackpoint>
          <Trackpoint>
            <Time>2026-02-26T20:11:12.000Z</Time>
            <Position>
              <LatitudeDegrees>51.76171506755054</LatitudeDegrees>
              <LongitudeDegrees>-0.21609962917864323</LongitudeDegrees>
            </Position>
            <AltitudeMeters>76.4000015258789</AltitudeMeters>
            <DistanceMeters>3312.75</DistanceMeters>
            <HeartRateBpm>
              <Value>107</Value>
            </HeartRateBpm>
            <Extensions>
              <ns3:TPX>
                <ns3:Speed>1.753999948501587</ns3:Speed>
              </ns3:TPX>
            </Extensions>
          </Trackpoint>
          <Trackpoint>
            <Time>2026-02-26T20:11:17.000Z</Time>
            <Position>
              <LatitudeDegrees>51.76174205727875</LatitudeDegrees>
              <LongitudeDegrees>-0.21604313515126705</LongitudeDegrees>
            </Position>
            <AltitudeMeters>76.4000015258789</AltitudeMeters>
            <DistanceMeters>3316.8701171875</DistanceMeters>
            <HeartRateBpm>
              <Value>108</Value>
            </HeartRateBpm>
            <Extensions>
              <ns3:TPX>
                <ns3:Speed>1.0080000162124634</ns3:Speed>
              </ns3:TPX>
            </Extensions>
          </Trackpoint>
          <Trackpoint>
            <Time>2026-02-26T20:11:22.000Z</Time>
            <Position>
              <LatitudeDegrees>51.76178145222366</LatitudeDegrees>
              <LongitudeDegrees>-0.21598764695227146</LongitudeDegrees>
            </Position>
            <AltitudeMeters>76.19999694824219</AltitudeMeters>
            <DistanceMeters>3322.97998046875</DistanceMeters>
            <HeartRateBpm>
              <Value>108</Value>
            </HeartRateBpm>
            <Extensions>
              <ns3:TPX>
                <ns3:Speed>1.2039999961853027</ns3:Speed>
              </ns3:TPX>
            </Extensions>
          </Trackpoint>
          <Trackpoint>
            <Time>2026-02-26T20:11:24.000Z</Time>
            <Position>
              <LatitudeDegrees>51.76179620437324</LatitudeDegrees>
              <LongitudeDegrees>-0.2159823663532734</LongitudeDegrees>
            </Position>
            <AltitudeMeters>76.19999694824219</AltitudeMeters>
            <DistanceMeters>3324.77001953125</DistanceMeters>
            <HeartRateBpm>
              <Value>108</Value>
            </HeartRateBpm>
            <Extensions>
              <ns3:TPX>
                <ns3:Speed>1.1759999990463257</ns3:Speed>
              </ns3:TPX>
            </Extensions>
          </Trackpoint>
          <Trackpoint>
            <Time>2026-02-26T20:11:35.000Z</Time>
            <Position>
              <LatitudeDegrees>51.76186133176088</LatitudeDegrees>
              <LongitudeDegrees>-0.21596157923340797</LongitudeDegrees>
            </Position>
            <AltitudeMeters>75.5999984741211</AltitudeMeters>
            <DistanceMeters>3332.800048828125</DistanceMeters>
            <HeartRateBpm>
              <Value>108</Value>
            </HeartRateBpm>
            <Extensions>
              <ns3:TPX>
                <ns3:Speed>0.9049999713897705</ns3:Speed>
              </ns3:TPX>
            </Extensions>
          </Trackpoint>
          <Trackpoint>
            <Time>2026-02-26T20:11:43.000Z</Time>
            <Position>
              <LatitudeDegrees>51.761879520490766</LatitudeDegrees>
              <LongitudeDegrees>-0.2158669475466013</LongitudeDegrees>
            </Position>
            <AltitudeMeters>75.19999694824219</AltitudeMeters>
            <DistanceMeters>3340.219970703125</DistanceMeters>
            <HeartRateBpm>
              <Value>108</Value>
            </HeartRateBpm>
            <Extensions>
              <ns3:TPX>
                <ns3:Speed>0.9240000247955322</ns3:Speed>
              </ns3:TPX>
            </Extensions>
          </Trackpoint>
          <Trackpoint>
            <Time>2026-02-26T20:11:52.000Z</Time>
            <Position>
              <LatitudeDegrees>51.76192562095821</LatitudeDegrees>
              <LongitudeDegrees>-0.21575764752924442</LongitudeDegrees>
            </Position>
            <AltitudeMeters>74.5999984741211</AltitudeMeters>
            <DistanceMeters>3345.56005859375</DistanceMeters>
            <HeartRateBpm>
              <Value>106</Value>
            </HeartRateBpm>
            <Extensions>
              <ns3:TPX>
                <ns3:Speed>0.9139999747276306</ns3:Speed>
              </ns3:TPX>
            </Extensions>
          </Trackpoint>
          <Trackpoint>
            <Time>2026-02-26T20:11:58.000Z</Time>
            <Position>
              <LatitudeDegrees>51.76193408668041</LatitudeDegrees>
              <LongitudeDegrees>-0.2157079428434372</LongitudeDegrees>
            </Position>
            <AltitudeMeters>74.4000015258789</AltitudeMeters>
            <DistanceMeters>3351.639892578125</DistanceMeters>
            <HeartRateBpm>
              <Value>104</Value>
            </HeartRateBpm>
            <Extensions>
              <ns3:TPX>
                <ns3:Speed>0.9049999713897705</ns3:Speed>
              </ns3:TPX>
            </Extensions>
          </Trackpoint>
          <Trackpoint>
            <Time>2026-02-26T20:12:01.000Z</Time>
            <Position>
              <LatitudeDegrees>51.76194087602198</LatitudeDegrees>
              <LongitudeDegrees>-0.21568849682807922</LongitudeDegrees>
            </Position>
            <AltitudeMeters>74.4000015258789</AltitudeMeters>
            <DistanceMeters>3356.449951171875</DistanceMeters>
            <HeartRateBpm>
              <Value>104</Value>
            </HeartRateBpm>
            <Extensions>
              <ns3:TPX>
                <ns3:Speed>1.128999948501587</ns3:Speed>
              </ns3:TPX>
            </Extensions>
          </Trackpoint>
          <Trackpoint>
            <Time>2026-02-26T20:12:08.000Z</Time>
            <Position>
              <LatitudeDegrees>51.76195453852415</LatitudeDegrees>
              <LongitudeDegrees>-0.21553711965680122</LongitudeDegrees>
            </Position>
            <AltitudeMeters>74.80000305175781</AltitudeMeters>
            <DistanceMeters>3367.590087890625</DistanceMeters>
            <HeartRateBpm>
              <Value>105</Value>
            </HeartRateBpm>
            <Extensions>
              <ns3:TPX>
                <ns3:Speed>1.4559999704360962</ns3:Speed>
              </ns3:TPX>
            </Extensions>
          </Trackpoint>
          <Trackpoint>
            <Time>2026-02-26T20:12:14.000Z</Time>
            <Position>
              <LatitudeDegrees>51.7619692068547</LatitudeDegrees>
              <LongitudeDegrees>-0.2154580783098936</LongitudeDegrees>
            </Position>
            <AltitudeMeters>75.4000015258789</AltitudeMeters>
            <DistanceMeters>3373.449951171875</DistanceMeters>
            <HeartRateBpm>
              <Value>105</Value>
            </HeartRateBpm>
            <Extensions>
              <ns3:TPX>
                <ns3:Speed>1.2039999961853027</ns3:Speed>
              </ns3:TPX>
            </Extensions>
          </Trackpoint>
          <Trackpoint>
            <Time>2026-02-26T20:12:24.000Z</Time>
            <Position>
              <LatitudeDegrees>51.761989491060376</LatitudeDegrees>
              <LongitudeDegrees>-0.21533268503844738</LongitudeDegrees>
            </Position>
            <AltitudeMeters>75.4000015258789</AltitudeMeters>
            <DistanceMeters>3382.22998046875</DistanceMeters>
            <HeartRateBpm>
              <Value>107</Value>
            </HeartRateBpm>
            <Extensions>
              <ns3:TPX>
                <ns3:Speed>0.9800000190734863</ns3:Speed>
              </ns3:TPX>
            </Extensions>
          </Trackpoint>
          <Trackpoint>
            <Time>2026-02-26T20:12:32.000Z</Time>
            <Position>
              <LatitudeDegrees>51.7620022315532</LatitudeDegrees>
              <LongitudeDegrees>-0.21523193456232548</LongitudeDegrees>
            </Position>
            <AltitudeMeters>75.4000015258789</AltitudeMeters>
            <DistanceMeters>3389.590087890625</DistanceMeters>
            <HeartRateBpm>
              <Value>109</Value>
            </HeartRateBpm>
            <Extensions>
              <ns3:TPX>
                <ns3:Speed>0.9520000219345093</ns3:Speed>
              </ns3:TPX>
            </Extensions>
          </Trackpoint>
          <Trackpoint>
            <Time>2026-02-26T20:12:40.000Z</Time>
            <Position>
              <LatitudeDegrees>51.76201262511313</LatitudeDegrees>
              <LongitudeDegrees>-0.2151247300207615</LongitudeDegrees>
            </Position>
            <AltitudeMeters>75.5999984741211</AltitudeMeters>
            <DistanceMeters>3396.93994140625</DistanceMeters>
            <HeartRateBpm>
              <Value>107</Value>
            </HeartRateBpm>
            <Extensions>
              <ns3:TPX>
                <ns3:Speed>0.9330000281333923</ns3:Speed>
              </ns3:TPX>
            </Extensions>
          </Trackpoint>
          <Trackpoint>
            <Time>2026-02-26T20:12:48.000Z</Time>
            <Position>
              <LatitudeDegrees>51.76205805502832</LatitudeDegrees>
              <LongitudeDegrees>-0.21505214273929596</LongitudeDegrees>
            </Position>
            <AltitudeMeters>75.5999984741211</AltitudeMeters>
            <DistanceMeters>3403.919921875</DistanceMeters>
            <HeartRateBpm>
              <Value>108</Value>
            </HeartRateBpm>
            <Extensions>
              <ns3:TPX>
                <ns3:Speed>0.8769999742507935</ns3:Speed>
              </ns3:TPX>
            </Extensions>
          </Trackpoint>
          <Trackpoint>
            <Time>2026-02-26T20:12:57.000Z</Time>
            <Position>
              <LatitudeDegrees>51.762139946222305</LatitudeDegrees>
              <LongitudeDegrees>-0.21503856405615807</LongitudeDegrees>
            </Position>
            <AltitudeMeters>75.5999984741211</AltitudeMeters>
            <DistanceMeters>3413.639892578125</DistanceMeters>
            <HeartRateBpm>
              <Value>109</Value>
            </HeartRateBpm>
            <Extensions>
              <ns3:TPX>
                <ns3:Speed>1.0260000228881836</ns3:Speed>
              </ns3:TPX>
            </Extensions>
          </Trackpoint>
          <Trackpoint>
            <Time>2026-02-26T20:12:59.000Z</Time>
            <Position>
              <LatitudeDegrees>51.76215771585703</LatitudeDegrees>
              <LongitudeDegrees>-0.21502473391592503</LongitudeDegrees>
            </Position>
            <AltitudeMeters>75.5999984741211</AltitudeMeters>
            <DistanceMeters>3416.010009765625</DistanceMeters>
            <HeartRateBpm>
              <Value>109</Value>
            </HeartRateBpm>
            <Extensions>
              <ns3:TPX>
                <ns3:Speed>0.9980000257492065</ns3:Speed>
              </ns3:TPX>
            </Extensions>
          </Trackpoint>
          <Trackpoint>
            <Time>2026-02-26T20:13:03.000Z</Time>
            <Position>
              <LatitudeDegrees>51.7621748149395</LatitudeDegrees>
              <LongitudeDegrees>-0.21495206281542778</LongitudeDegrees>
            </Position>
            <AltitudeMeters>75.80000305175781</AltitudeMeters>
            <DistanceMeters>3420.969970703125</DistanceMeters>
            <HeartRateBpm>
              <Value>107</Value>
            </HeartRateBpm>
            <Extensions>
              <ns3:TPX>
                <ns3:Speed>1.0169999599456787</ns3:Speed>
              </ns3:TPX>
            </Extensions>
          </Trackpoint>
          <Trackpoint>
            <Time>2026-02-26T20:13:05.000Z</Time>
            <Position>
              <LatitudeDegrees>51.762191746383905</LatitudeDegrees>
              <LongitudeDegrees>-0.2149325329810381</LongitudeDegrees>
            </Position>
            <AltitudeMeters>75.80000305175781</AltitudeMeters>
            <DistanceMeters>3423.409912109375</DistanceMeters>
            <HeartRateBpm>
              <Value>106</Value>
            </HeartRateBpm>
            <Extensions>
              <ns3:TPX>
                <ns3:Speed>1.1009999513626099</ns3:Speed>
              </ns3:TPX>
            </Extensions>
          </Trackpoint>
          <Trackpoint>
            <Time>2026-02-26T20:13:09.000Z</Time>
            <Position>
              <LatitudeDegrees>51.762225441634655</LatitudeDegrees>
              <LongitudeDegrees>-0.2149326168000698</LongitudeDegrees>
            </Position>
            <AltitudeMeters>75.80000305175781</AltitudeMeters>
            <DistanceMeters>3427.469970703125</DistanceMeters>
            <HeartRateBpm>
              <Value>106</Value>
            </HeartRateBpm>
            <Extensions>
              <ns3:TPX>
                <ns3:Speed>1.1480000019073486</ns3:Speed>
              </ns3:TPX>
            </Extensions>
          </Trackpoint>
          <Trackpoint>
            <Time>2026-02-26T20:13:18.000Z</Time>
            <Position>
              <LatitudeDegrees>51.7622921615839</LatitudeDegrees>
              <LongitudeDegrees>-0.21490847691893578</LongitudeDegrees>
            </Position>
            <AltitudeMeters>76.0</AltitudeMeters>
            <DistanceMeters>3435.39990234375</DistanceMeters>
            <HeartRateBpm>
              <Value>106</Value>
            </HeartRateBpm>
            <Extensions>
              <ns3:TPX>
                <ns3:Speed>1.0260000228881836</ns3:Speed>
              </ns3:TPX>
            </Extensions>
          </Trackpoint>
          <Trackpoint>
            <Time>2026-02-26T20:13:28.000Z</Time>
            <Position>
              <LatitudeDegrees>51.76238436251879</LatitudeDegrees>
              <LongitudeDegrees>-0.21488911472260952</LongitudeDegrees>
            </Position>
            <AltitudeMeters>75.80000305175781</AltitudeMeters>
            <DistanceMeters>3445.669921875</DistanceMeters>
            <HeartRateBpm>
              <Value>107</Value>
            </HeartRateBpm>
            <Extensions>
              <ns3:TPX>
                <ns3:Speed>0.9800000190734863</ns3:Speed>
              </ns3:TPX>
            </Extensions>
          </Trackpoint>
          <Trackpoint>
            <Time>2026-02-26T20:13:35.000Z</Time>
            <Position>
              <LatitudeDegrees>51.76242501474917</LatitudeDegrees>
              <LongitudeDegrees>-0.2148116659373045</LongitudeDegrees>
            </Position>
            <AltitudeMeters>75.80000305175781</AltitudeMeters>
            <DistanceMeters>3452.719970703125</DistanceMeters>
            <HeartRateBpm>
              <Value>107</Value>
            </HeartRateBpm>
            <Extensions>
              <ns3:TPX>
                <ns3:Speed>0.9520000219345093</ns3:Speed>
              </ns3:TPX>
            </Extensions>
          </Trackpoint>
          <Trackpoint>
            <Time>2026-02-26T20:13:40.000Z</Time>
            <Position>
              <LatitudeDegrees>51.762430630624294</LatitudeDegrees>
              <LongitudeDegrees>-0.21474058739840984</LongitudeDegrees>
            </Position>
            <AltitudeMeters>75.80000305175781</AltitudeMeters>
            <DistanceMeters>3457.60009765625</DistanceMeters>
            <HeartRateBpm>
              <Value>104</Value>
            </HeartRateBpm>
            <Extensions>
              <ns3:TPX>
                <ns3:Speed>0.9700000286102295</ns3:Speed>
              </ns3:TPX>
            </Extensions>
          </Trackpoint>
          <Trackpoint>
            <Time>2026-02-26T20:13:43.000Z</Time>
            <Position>
              <LatitudeDegrees>51.762428199872375</LatitudeDegrees>
              <LongitudeDegrees>-0.21471560932695866</LongitudeDegrees>
            </Position>
            <AltitudeMeters>75.4000015258789</AltitudeMeters>
            <DistanceMeters>3459.820068359375</DistanceMeters>
            <HeartRateBpm>
              <Value>102</Value>
            </HeartRateBpm>
            <Extensions>
              <ns3:TPX>
                <ns3:Speed>0.9700000286102295</ns3:Speed>
              </ns3:TPX>
            </Extensions>
          </Trackpoint>
          <Trackpoint>
            <Time>2026-02-26T20:13:49.000Z</Time>
            <Position>
              <LatitudeDegrees>51.762412525713444</LatitudeDegrees>
              <LongitudeDegrees>-0.21464972756803036</LongitudeDegrees>
            </Position>
            <AltitudeMeters>75.4000015258789</AltitudeMeters>
            <DistanceMeters>3464.4599609375</DistanceMeters>
            <HeartRateBpm>
              <Value>101</Value>
            </HeartRateBpm>
            <Extensions>
              <ns3:TPX>
                <ns3:Speed>0.9049999713897705</ns3:Speed>
              </ns3:TPX>
            </Extensions>
          </Trackpoint>
          <Trackpoint>
            <Time>2026-02-26T20:13:57.000Z</Time>
            <Position>
              <LatitudeDegrees>51.76241713576019</LatitudeDegrees>
              <LongitudeDegrees>-0.21453422494232655</LongitudeDegrees>
            </Position>
            <AltitudeMeters>75.5999984741211</AltitudeMeters>
            <DistanceMeters>3471.699951171875</DistanceMeters>
            <HeartRateBpm>
              <Value>102</Value>
            </HeartRateBpm>
            <Extensions>
              <ns3:TPX>
                <ns3:Speed>0.9330000281333923</ns3:Speed>
              </ns3:TPX>
            </Extensions>
          </Trackpoint>
          <Trackpoint>
            <Time>2026-02-26T20:14:04.000Z</Time>
            <Position>
              <LatitudeDegrees>51.76242845132947</LatitudeDegrees>
              <LongitudeDegrees>-0.2144212368875742</LongitudeDegrees>
            </Position>
            <AltitudeMeters>75.5999984741211</AltitudeMeters>
            <DistanceMeters>3479.929931640625</DistanceMeters>
            <HeartRateBpm>
              <Value>102</Value>
            </HeartRateBpm>
            <Extensions>
              <ns3:TPX>
                <ns3:Speed>0.9700000286102295</ns3:Speed>
              </ns3:TPX>
            </Extensions>
          </Trackpoint>
          <Trackpoint>
            <Time>2026-02-26T20:14:11.000Z</Time>
            <Position>
              <LatitudeDegrees>51.762430714443326</LatitudeDegrees>
              <LongitudeDegrees>-0.21437672898173332</LongitudeDegrees>
            </Position>
            <AltitudeMeters>76.0</AltitudeMeters>
            <DistanceMeters>3484.070068359375</DistanceMeters>
            <HeartRateBpm>
              <Value>102</Value>
            </HeartRateBpm>
            <Extensions>
              <ns3:TPX>
                <ns3:Speed>0.9610000252723694</ns3:Speed>
              </ns3:TPX>
            </Extensions>
          </Trackpoint>
          <Trackpoint>
            <Time>2026-02-26T20:14:23.000Z</Time>
            <Position>
              <LatitudeDegrees>51.76243138499558</LatitudeDegrees>
              <LongitudeDegrees>-0.2143940795212984</LongitudeDegrees>
            </Position>
            <AltitudeMeters>75.80000305175781</AltitudeMeters>
            <DistanceMeters>3484.6201171875</DistanceMeters>
            <HeartRateBpm>
              <Value>101</Value>
            </HeartRateBpm>
            <Extensions>
              <ns3:TPX>
                <ns3:Speed>0.0</ns3:Speed>
              </ns3:TPX>
            </Extensions>
          </Trackpoint>
          <Trackpoint>
            <Time>2026-02-26T20:14:33.000Z</Time>
            <Position>
              <LatitudeDegrees>51.76244932226837</LatitudeDegrees>
              <LongitudeDegrees>-0.2143913134932518</LongitudeDegrees>
            </Position>
            <AltitudeMeters>76.19999694824219</AltitudeMeters>
            <DistanceMeters>3486.820068359375</DistanceMeters>
            <HeartRateBpm>
              <Value>99</Value>
            </HeartRateBpm>
            <Extensions>
              <ns3:TPX>
                <ns3:Speed>0.0</ns3:Speed>
              </ns3:TPX>
            </Extensions>
          </Trackpoint>
        </Track>
        <Extensions>
          <ns3:LX>
            <ns3:AvgSpeed>0.906000018119812</ns3:AvgSpeed>
            <ns3:AvgRunCadence>39</ns3:AvgRunCadence>
            <ns3:MaxRunCadence>54</ns3:MaxRunCadence>
          </ns3:LX>
        </Extensions>
      </Lap>
      <Creator xsi:type="Device_t">
        <Name>Venu 3</Name>
        <UnitId>3514695726</UnitId>
        <ProductID>4260</ProductID>
        <Version>
          <VersionMajor>17</VersionMajor>
          <VersionMinor>5</VersionMinor>
          <BuildMajor>0</BuildMajor>
          <BuildMinor>0</BuildMinor>
        </Version>
      </Creator>
    </Activity>
  </Activities>
  <Author xsi:type="Application_t">
    <Name>Connect Api</Name>
    <Build>
      <Version>
        <VersionMajor>26</VersionMajor>
        <VersionMinor>3</VersionMinor>
        <BuildMajor>0</BuildMajor>
        <BuildMinor>0</BuildMinor>
      </Version>
    </Build>
    <LangID>en</LangID>
    <PartNumber>006-D2449-00</PartNumber>
  </Author>
</TrainingCenterDatabase>
