<?xml version="1.0" encoding="UTF-8"?>
<TrainingCenterDatabase
  xsi:schemaLocation="http://www.garmin.com/xmlschemas/TrainingCenterDatabase/v2 http://www.garmin.com/xmlschemas/TrainingCenterDatabasev2.xsd"
  xmlns:ns5="http://www.garmin.com/xmlschemas/ActivityGoals/v1"
  xmlns:ns3="http://www.garmin.com/xmlschemas/ActivityExtension/v2"
  xmlns:ns2="http://www.garmin.com/xmlschemas/UserProfile/v2"
  xmlns="http://www.garmin.com/xmlschemas/TrainingCenterDatabase/v2"
  xmlns:xsi="http://www.w3.org/2001/XMLSchema-instance" xmlns:ns4="http://www.garmin.com/xmlschemas/ProfileExtension/v1">
  <Activities>
    <Activity Sport="Other">
      <Id>2026-02-24T07:48:22.000Z</Id>
      <Lap StartTime="2026-02-24T07:48:22.000Z">
        <TotalTimeSeconds>764.839</TotalTimeSeconds>
        <DistanceMeters>1000.0</DistanceMeters>
        <MaximumSpeed>1.4559999704360962</MaximumSpeed>
        <Calories>63</Calories>
        <AverageHeartRateBpm>
          <Value>126</Value>
        </AverageHeartRateBpm>
        <MaximumHeartRateBpm>
          <Value>134</Value>
        </MaximumHeartRateBpm>
        <Intensity>Active</Intensity>
        <TriggerMethod>Manual</TriggerMethod>
        <Track>
          <Trackpoint>
            <Time>2026-02-24T07:48:22.000Z</Time>
            <AltitudeMeters>81.80000305175781</AltitudeMeters>
            <DistanceMeters>0.0</DistanceMeters>
            <HeartRateBpm>
              <Value>108</Value>
            </HeartRateBpm>
            <Extensions>
              <ns3:TPX>
                <ns3:Speed>0.0</ns3:Speed>
              </ns3:TPX>
            </Extensions>
          </Trackpoint>
          <Trackpoint>
            <Time>2026-02-24T07:48:23.000Z</Time>
            <AltitudeMeters>81.80000305175781</AltitudeMeters>
            <DistanceMeters>0.0</DistanceMeters>
            <HeartRateBpm>
              <Value>108</Value>
            </HeartRateBpm>
            <Extensions>
              <ns3:TPX>
                <ns3:Speed>0.0</ns3:Speed>
              </ns3:TPX>
            </Extensions>
          </Trackpoint>
          <Trackpoint>
            <Time>2026-02-24T07:48:44.000Z</Time>
            <Position>
              <LatitudeDegrees>51.76585019566119</LatitudeDegrees>
              <LongitudeDegrees>-0.21770115941762924</LongitudeDegrees>
            </Position>
            <AltitudeMeters>81.19999694824219</AltitudeMeters>
            <DistanceMeters>12.789999961853027</DistanceMeters>
            <HeartRateBpm>
              <Value>110</Value>
            </HeartRateBpm>
            <Extensions>
              <ns3:TPX>
                <ns3:Speed>0.0</ns3:Speed>
              </ns3:TPX>
            </Extensions>
          </Trackpoint>
          <Trackpoint>
            <Time>2026-02-24T07:48:52.000Z</Time>
            <Position>
              <LatitudeDegrees>51.76572857424617</LatitudeDegrees>
              <LongitudeDegrees>-0.21779579110443592</LongitudeDegrees>
            </Position>
            <AltitudeMeters>81.19999694824219</AltitudeMeters>
            <DistanceMeters>27.09000015258789</DistanceMeters>
            <HeartRateBpm>
              <Value>110</Value>
            </HeartRateBpm>
            <Extensions>
              <ns3:TPX>
                <ns3:Speed>0.0</ns3:Speed>
              </ns3:TPX>
            </Extensions>
          </Trackpoint>
          <Trackpoint>
            <Time>2026-02-24T07:48:59.000Z</Time>
            <Position>
              <LatitudeDegrees>51.76567585207522</LatitudeDegrees>
              <LongitudeDegrees>-0.21781942807137966</LongitudeDegrees>
            </Position>
            <AltitudeMeters>81.4000015258789</AltitudeMeters>
            <DistanceMeters>33.20000076293945</DistanceMeters>
            <HeartRateBpm>
              <Value>111</Value>
            </HeartRateBpm>
            <Extensions>
              <ns3:TPX>
                <ns3:Speed>0.0</ns3:Speed>
              </ns3:TPX>
            </Extensions>
          </Trackpoint>
          <Trackpoint>
            <Time>2026-02-24T07:49:08.000Z</Time>
            <Position>
              <LatitudeDegrees>51.765579879283905</LatitudeDegrees>
              <LongitudeDegrees>-0.21779210306704044</LongitudeDegrees>
            </Position>
            <AltitudeMeters>81.4000015258789</AltitudeMeters>
            <DistanceMeters>44.529998779296875</DistanceMeters>
            <HeartRateBpm>
              <Value>110</Value>
            </HeartRateBpm>
            <Extensions>
              <ns3:TPX>
                <ns3:Speed>0.4390000104904175</ns3:Speed>
              </ns3:TPX>
            </Extensions>
          </Trackpoint>
          <Trackpoint>
            <Time>2026-02-24T07:49:14.000Z</Time>
            <Position>
              <LatitudeDegrees>51.765517266467214</LatitudeDegrees>
              <LongitudeDegrees>-0.21780693903565407</LongitudeDegrees>
            </Position>
            <AltitudeMeters>81.5999984741211</AltitudeMeters>
            <DistanceMeters>52.380001068115234</DistanceMeters>
            <HeartRateBpm>
              <Value>113</Value>
            </HeartRateBpm>
            <Extensions>
              <ns3:TPX>
                <ns3:Speed>1.1380000114440918</ns3:Speed>
              </ns3:TPX>
            </Extensions>
          </Trackpoint>
          <Trackpoint>
            <Time>2026-02-24T07:49:15.000Z</Time>
            <Position>
              <LatitudeDegrees>51.7655111476779</LatitudeDegrees>
              <LongitudeDegrees>-0.21780777722597122</LongitudeDegrees>
            </Position>
            <AltitudeMeters>81.80000305175781</AltitudeMeters>
            <DistanceMeters>53.11000061035156</DistanceMeters>
            <HeartRateBpm>
              <Value>116</Value>
            </HeartRateBpm>
            <Extensions>
              <ns3:TPX>
                <ns3:Speed>1.1380000114440918</ns3:Speed>
              </ns3:TPX>
            </Extensions>
          </Trackpoint>
          <Trackpoint>
            <Time>2026-02-24T07:49:17.000Z</Time>
            <Position>
              <LatitudeDegrees>51.7654937133193</LatitudeDegrees>
              <LongitudeDegrees>-0.21780995652079582</LongitudeDegrees>
            </Position>
            <AltitudeMeters>82.0</AltitudeMeters>
            <DistanceMeters>54.5099983215332</DistanceMeters>
            <HeartRateBpm>
              <Value>117</Value>
            </HeartRateBpm>
            <Extensions>
              <ns3:TPX>
                <ns3:Speed>1.1200000047683716</ns3:Speed>
              </ns3:TPX>
            </Extensions>
          </Trackpoint>
          <Trackpoint>
            <Time>2026-02-24T07:49:25.000Z</Time>
            <Position>
              <LatitudeDegrees>51.76539556123316</LatitudeDegrees>
              <LongitudeDegrees>-0.21782378666102886</LongitudeDegrees>
            </Position>
            <AltitudeMeters>82.0</AltitudeMeters>
            <DistanceMeters>65.41000366210938</DistanceMeters>
            <HeartRateBpm>
              <Value>120</Value>
            </HeartRateBpm>
            <Extensions>
              <ns3:TPX>
                <ns3:Speed>1.2130000591278076</ns3:Speed>
              </ns3:TPX>
            </Extensions>
          </Trackpoint>
          <Trackpoint>
            <Time>2026-02-24T07:49:26.000Z</Time>
            <Position>
              <LatitudeDegrees>51.765382988378406</LatitudeDegrees>
              <LongitudeDegrees>-0.21782370284199715</LongitudeDegrees>
            </Position>
            <AltitudeMeters>82.0</AltitudeMeters>
            <DistanceMeters>66.9000015258789</DistanceMeters>
            <HeartRateBpm>
              <Value>127</Value>
            </HeartRateBpm>
            <Extensions>
              <ns3:TPX>
                <ns3:Speed>1.2130000591278076</ns3:Speed>
              </ns3:TPX>
            </Extensions>
          </Trackpoint>
          <Trackpoint>
            <Time>2026-02-24T07:49:28.000Z</Time>
            <Position>
              <LatitudeDegrees>51.76535960286856</LatitudeDegrees>
              <LongitudeDegrees>-0.21782755851745605</LongitudeDegrees>
            </Position>
            <AltitudeMeters>82.19999694824219</AltitudeMeters>
            <DistanceMeters>69.88999938964844</DistanceMeters>
            <HeartRateBpm>
              <Value>129</Value>
            </HeartRateBpm>
            <Extensions>
              <ns3:TPX>
                <ns3:Speed>1.2690000534057617</ns3:Speed>
              </ns3:TPX>
            </Extensions>
          </Trackpoint>
          <Trackpoint>
            <Time>2026-02-24T07:49:36.000Z</Time>
            <Position>
              <LatitudeDegrees>51.76526488736272</LatitudeDegrees>
              <LongitudeDegrees>-0.21782898344099522</LongitudeDegrees>
            </Position>
            <AltitudeMeters>82.4000015258789</AltitudeMeters>
            <DistanceMeters>79.80999755859375</DistanceMeters>
            <HeartRateBpm>
              <Value>131</Value>
            </HeartRateBpm>
            <Extensions>
              <ns3:TPX>
                <ns3:Speed>1.222000002861023</ns3:Speed>
              </ns3:TPX>
            </Extensions>
          </Trackpoint>
          <Trackpoint>
            <Time>2026-02-24T07:49:48.000Z</Time>
            <Position>
              <LatitudeDegrees>51.76512633450329</LatitudeDegrees>
              <LongitudeDegrees>-0.2178402990102768</LongitudeDegrees>
            </Position>
            <AltitudeMeters>82.5999984741211</AltitudeMeters>
            <DistanceMeters>95.87999725341797</DistanceMeters>
            <HeartRateBpm>
              <Value>131</Value>
            </HeartRateBpm>
            <Extensions>
              <ns3:TPX>
                <ns3:Speed>1.3899999856948853</ns3:Speed>
              </ns3:TPX>
            </Extensions>
          </Trackpoint>
          <Trackpoint>
            <Time>2026-02-24T07:49:55.000Z</Time>
            <Position>
              <LatitudeDegrees>51.765053076669574</LatitudeDegrees>
              <LongitudeDegrees>-0.2178414724767208</LongitudeDegrees>
            </Position>
            <AltitudeMeters>82.80000305175781</AltitudeMeters>
            <DistanceMeters>104.13999938964844</DistanceMeters>
            <HeartRateBpm>
              <Value>131</Value>
            </HeartRateBpm>
            <Extensions>
              <ns3:TPX>
                <ns3:Speed>1.3339999914169312</ns3:Speed>
              </ns3:TPX>
            </Extensions>
          </Trackpoint>
          <Trackpoint>
            <Time>2026-02-24T07:50:07.000Z</Time>
            <Position>
              <LatitudeDegrees>51.76492818631232</LatitudeDegrees>
              <LongitudeDegrees>-0.21785303950309753</LongitudeDegrees>
            </Position>
            <AltitudeMeters>82.80000305175781</AltitudeMeters>
            <DistanceMeters>118.36000061035156</DistanceMeters>
            <HeartRateBpm>
              <Value>131</Value>
            </HeartRateBpm>
            <Extensions>
              <ns3:TPX>
                <ns3:Speed>1.305999994277954</ns3:Speed>
              </ns3:TPX>
            </Extensions>
          </Trackpoint>
          <Trackpoint>
            <Time>2026-02-24T07:50:20.000Z</Time>
            <Position>
              <LatitudeDegrees>51.764773624017835</LatitudeDegrees>
              <LongitudeDegrees>-0.21787156350910664</LongitudeDegrees>
            </Position>
            <AltitudeMeters>83.19999694824219</AltitudeMeters>
            <DistanceMeters>135.3000030517578</DistanceMeters>
            <HeartRateBpm>
              <Value>127</Value>
            </HeartRateBpm>
            <Extensions>
              <ns3:TPX>
                <ns3:Speed>1.2970000505447388</ns3:Speed>
              </ns3:TPX>
            </Extensions>
          </Trackpoint>
          <Trackpoint>
            <Time>2026-02-24T07:50:29.000Z</Time>
            <Position>
              <LatitudeDegrees>51.764661725610495</LatitudeDegrees>
              <LongitudeDegrees>-0.2178691327571869</LongitudeDegrees>
            </Position>
            <AltitudeMeters>83.0</AltitudeMeters>
            <DistanceMeters>147.8800048828125</DistanceMeters>
            <HeartRateBpm>
              <Value>125</Value>
            </HeartRateBpm>
            <Extensions>
              <ns3:TPX>
                <ns3:Speed>1.2970000505447388</ns3:Speed>
              </ns3:TPX>
            </Extensions>
          </Trackpoint>
          <Trackpoint>
            <Time>2026-02-24T07:50:39.000Z</Time>
            <Position>
              <LatitudeDegrees>51.76454806700349</LatitudeDegrees>
              <LongitudeDegrees>-0.2178768441081047</LongitudeDegrees>
            </Position>
            <AltitudeMeters>83.19999694824219</AltitudeMeters>
            <DistanceMeters>160.02000427246094</DistanceMeters>
            <HeartRateBpm>
              <Value>126</Value>
            </HeartRateBpm>
            <Extensions>
              <ns3:TPX>
                <ns3:Speed>1.2879999876022339</ns3:Speed>
              </ns3:TPX>
            </Extensions>
          </Trackpoint>
          <Trackpoint>
            <Time>2026-02-24T07:50:51.000Z</Time>
            <Position>
              <LatitudeDegrees>51.764396438375115</LatitudeDegrees>
              <LongitudeDegrees>-0.21788564510643482</LongitudeDegrees>
            </Position>
            <AltitudeMeters>83.19999694824219</AltitudeMeters>
            <DistanceMeters>177.3300018310547</DistanceMeters>
            <HeartRateBpm>
              <Value>126</Value>
            </HeartRateBpm>
            <Extensions>
              <ns3:TPX>
                <ns3:Speed>1.315999984741211</ns3:Speed>
              </ns3:TPX>
            </Extensions>
          </Trackpoint>
          <Trackpoint>
            <Time>2026-02-24T07:50:55.000Z</Time>
            <Position>
              <LatitudeDegrees>51.76435025408864</LatitudeDegrees>
              <LongitudeDegrees>-0.21788782440125942</LongitudeDegrees>
            </Position>
            <AltitudeMeters>83.19999694824219</AltitudeMeters>
            <DistanceMeters>182.10000610351562</DistanceMeters>
            <HeartRateBpm>
              <Value>128</Value>
            </HeartRateBpm>
            <Extensions>
              <ns3:TPX>
                <ns3:Speed>1.3250000476837158</ns3:Speed>
              </ns3:TPX>
            </Extensions>
          </Trackpoint>
          <Trackpoint>
            <Time>2026-02-24T07:50:59.000Z</Time>
            <Position>
              <LatitudeDegrees>51.76431027241051</LatitudeDegrees>
              <LongitudeDegrees>-0.21789830178022385</LongitudeDegrees>
            </Position>
            <AltitudeMeters>83.19999694824219</AltitudeMeters>
            <DistanceMeters>186.5</DistanceMeters>
            <HeartRateBpm>
              <Value>127</Value>
            </HeartRateBpm>
            <Extensions>
              <ns3:TPX>
                <ns3:Speed>1.3250000476837158</ns3:Speed>
              </ns3:TPX>
            </Extensions>
          </Trackpoint>
          <Trackpoint>
            <Time>2026-02-24T07:51:08.000Z</Time>
            <Position>
              <LatitudeDegrees>51.764194099232554</LatitudeDegrees>
              <LongitudeDegrees>-0.21789679303765297</LongitudeDegrees>
            </Position>
            <AltitudeMeters>83.19999694824219</AltitudeMeters>
            <DistanceMeters>200.30999755859375</DistanceMeters>
            <HeartRateBpm>
              <Value>128</Value>
            </HeartRateBpm>
            <Extensions>
              <ns3:TPX>
                <ns3:Speed>1.3339999914169312</ns3:Speed>
              </ns3:TPX>
            </Extensions>
          </Trackpoint>
          <Trackpoint>
            <Time>2026-02-24T07:51:17.000Z</Time>
            <Position>
              <LatitudeDegrees>51.7640985455364</LatitudeDegrees>
              <LongitudeDegrees>-0.21790090017020702</LongitudeDegrees>
            </Position>
            <AltitudeMeters>83.19999694824219</AltitudeMeters>
            <DistanceMeters>210.52000427246094</DistanceMeters>
            <HeartRateBpm>
              <Value>126</Value>
            </HeartRateBpm>
            <Extensions>
              <ns3:TPX>
                <ns3:Speed>1.3250000476837158</ns3:Speed>
              </ns3:TPX>
            </Extensions>
          </Trackpoint>
          <Trackpoint>
            <Time>2026-02-24T07:51:25.000Z</Time>
            <Position>
              <LatitudeDegrees>51.76400852389634</LatitudeDegrees>
              <LongitudeDegrees>-0.21791288629174232</LongitudeDegrees>
            </Position>
            <AltitudeMeters>83.5999984741211</AltitudeMeters>
            <DistanceMeters>220.25999450683594</DistanceMeters>
            <HeartRateBpm>
              <Value>127</Value>
            </HeartRateBpm>
            <Extensions>
              <ns3:TPX>
                <ns3:Speed>1.305999994277954</ns3:Speed>
              </ns3:TPX>
            </Extensions>
          </Trackpoint>
          <Trackpoint>
            <Time>2026-02-24T07:51:37.000Z</Time>
            <Position>
              <LatitudeDegrees>51.76386100240052</LatitudeDegrees>
              <LongitudeDegrees>-0.21792596206068993</LongitudeDegrees>
            </Position>
            <AltitudeMeters>83.5999984741211</AltitudeMeters>
            <DistanceMeters>236.97000122070312</DistanceMeters>
            <HeartRateBpm>
              <Value>127</Value>
            </HeartRateBpm>
            <Extensions>
              <ns3:TPX>
                <ns3:Speed>1.3339999914169312</ns3:Speed>
              </ns3:TPX>
            </Extensions>
          </Trackpoint>
          <Trackpoint>
            <Time>2026-02-24T07:51:41.000Z</Time>
            <Position>
              <LatitudeDegrees>51.76381138153374</LatitudeDegrees>
              <LongitudeDegrees>-0.21792026236653328</LongitudeDegrees>
            </Position>
            <AltitudeMeters>83.5999984741211</AltitudeMeters>
            <DistanceMeters>242.47999572753906</DistanceMeters>
            <HeartRateBpm>
              <Value>124</Value>
            </HeartRateBpm>
            <Extensions>
              <ns3:TPX>
                <ns3:Speed>1.315999984741211</ns3:Speed>
              </ns3:TPX>
            </Extensions>
          </Trackpoint>
          <Trackpoint>
            <Time>2026-02-24T07:51:47.000Z</Time>
            <Position>
              <LatitudeDegrees>51.76374030299485</LatitudeDegrees>
              <LongitudeDegrees>-0.2179148979485035</LongitudeDegrees>
            </Position>
            <AltitudeMeters>83.80000305175781</AltitudeMeters>
            <DistanceMeters>250.1999969482422</DistanceMeters>
            <HeartRateBpm>
              <Value>124</Value>
            </HeartRateBpm>
            <Extensions>
              <ns3:TPX>
                <ns3:Speed>1.315999984741211</ns3:Speed>
              </ns3:TPX>
            </Extensions>
          </Trackpoint>
          <Trackpoint>
            <Time>2026-02-24T07:51:55.000Z</Time>
            <Position>
              <LatitudeDegrees>51.76364173181355</LatitudeDegrees>
              <LongitudeDegrees>-0.21792210638523102</LongitudeDegrees>
            </Position>
            <AltitudeMeters>84.0</AltitudeMeters>
            <DistanceMeters>261.69000244140625</DistanceMeters>
            <HeartRateBpm>
              <Value>125</Value>
            </HeartRateBpm>
            <Extensions>
              <ns3:TPX>
                <ns3:Speed>1.3250000476837158</ns3:Speed>
              </ns3:TPX>
            </Extensions>
          </Trackpoint>
          <Trackpoint>
            <Time>2026-02-24T07:52:05.000Z</Time>
            <Position>
              <LatitudeDegrees>51.763514913618565</LatitudeDegrees>
              <LongitudeDegrees>-0.2179291471838951</LongitudeDegrees>
            </Position>
            <AltitudeMeters>84.0</AltitudeMeters>
            <DistanceMeters>275.80999755859375</DistanceMeters>
            <HeartRateBpm>
              <Value>125</Value>
            </HeartRateBpm>
            <Extensions>
              <ns3:TPX>
                <ns3:Speed>1.3339999914169312</ns3:Speed>
              </ns3:TPX>
            </Extensions>
          </Trackpoint>
          <Trackpoint>
            <Time>2026-02-24T07:52:15.000Z</Time>
            <Position>
              <LatitudeDegrees>51.763397231698036</LatitudeDegrees>
              <LongitudeDegrees>-0.2179356850683689</LongitudeDegrees>
            </Position>
            <AltitudeMeters>84.0</AltitudeMeters>
            <DistanceMeters>288.75</DistanceMeters>
            <HeartRateBpm>
              <Value>126</Value>
            </HeartRateBpm>
            <Extensions>
              <ns3:TPX>
                <ns3:Speed>1.3250000476837158</ns3:Speed>
              </ns3:TPX>
            </Extensions>
          </Trackpoint>
          <Trackpoint>
            <Time>2026-02-24T07:52:23.000Z</Time>
            <Position>
              <LatitudeDegrees>51.76333042792976</LatitudeDegrees>
              <LongitudeDegrees>-0.2180586475878954</LongitudeDegrees>
            </Position>
            <AltitudeMeters>84.0</AltitudeMeters>
            <DistanceMeters>300.0899963378906</DistanceMeters>
            <HeartRateBpm>
              <Value>127</Value>
            </HeartRateBpm>
            <Extensions>
              <ns3:TPX>
                <ns3:Speed>1.3339999914169312</ns3:Speed>
              </ns3:TPX>
            </Extensions>
          </Trackpoint>
          <Trackpoint>
            <Time>2026-02-24T07:52:29.000Z</Time>
            <Position>
              <LatitudeDegrees>51.763318944722414</LatitudeDegrees>
              <LongitudeDegrees>-0.21820290014147758</LongitudeDegrees>
            </Position>
            <AltitudeMeters>83.80000305175781</AltitudeMeters>
            <DistanceMeters>310.7900085449219</DistanceMeters>
            <HeartRateBpm>
              <Value>125</Value>
            </HeartRateBpm>
            <Extensions>
              <ns3:TPX>
                <ns3:Speed>1.3530000448226929</ns3:Speed>
              </ns3:TPX>
            </Extensions>
          </Trackpoint>
          <Trackpoint>
            <Time>2026-02-24T07:52:37.000Z</Time>
            <Position>
              <LatitudeDegrees>51.76332514733076</LatitudeDegrees>
              <LongitudeDegrees>-0.21837405860424042</LongitudeDegrees>
            </Position>
            <AltitudeMeters>83.80000305175781</AltitudeMeters>
            <DistanceMeters>322.5</DistanceMeters>
            <HeartRateBpm>
              <Value>126</Value>
            </HeartRateBpm>
            <Extensions>
              <ns3:TPX>
                <ns3:Speed>1.3899999856948853</ns3:Speed>
              </ns3:TPX>
            </Extensions>
          </Trackpoint>
          <Trackpoint>
            <Time>2026-02-24T07:52:45.000Z</Time>
            <Position>
              <LatitudeDegrees>51.76332405768335</LatitudeDegrees>
              <LongitudeDegrees>-0.21852677688002586</LongitudeDegrees>
            </Position>
            <AltitudeMeters>83.5999984741211</AltitudeMeters>
            <DistanceMeters>333.0899963378906</DistanceMeters>
            <HeartRateBpm>
              <Value>125</Value>
            </HeartRateBpm>
            <Extensions>
              <ns3:TPX>
                <ns3:Speed>1.409000039100647</ns3:Speed>
              </ns3:TPX>
            </Extensions>
          </Trackpoint>
          <Trackpoint>
            <Time>2026-02-24T07:52:56.000Z</Time>
            <Position>
              <LatitudeDegrees>51.76332640461624</LatitudeDegrees>
              <LongitudeDegrees>-0.21873163059353828</LongitudeDegrees>
            </Position>
            <AltitudeMeters>83.5999984741211</AltitudeMeters>
            <DistanceMeters>347.29998779296875</DistanceMeters>
            <HeartRateBpm>
              <Value>123</Value>
            </HeartRateBpm>
            <Extensions>
              <ns3:TPX>
                <ns3:Speed>1.38100004196167</ns3:Speed>
              </ns3:TPX>
            </Extensions>
          </Trackpoint>
          <Trackpoint>
            <Time>2026-02-24T07:53:06.000Z</Time>
            <Position>
              <LatitudeDegrees>51.76331450231373</LatitudeDegrees>
              <LongitudeDegrees>-0.218927264213562</LongitudeDegrees>
            </Position>
            <AltitudeMeters>83.5999984741211</AltitudeMeters>
            <DistanceMeters>360.6600036621094</DistanceMeters>
            <HeartRateBpm>
              <Value>123</Value>
            </HeartRateBpm>
            <Extensions>
              <ns3:TPX>
                <ns3:Speed>1.38100004196167</ns3:Speed>
              </ns3:TPX>
            </Extensions>
          </Trackpoint>
          <Trackpoint>
            <Time>2026-02-24T07:53:16.000Z</Time>
            <Position>
              <LatitudeDegrees>51.763318944722414</LatitudeDegrees>
              <LongitudeDegrees>-0.2191226463764906</LongitudeDegrees>
            </Position>
            <AltitudeMeters>83.80000305175781</AltitudeMeters>
            <DistanceMeters>374.5400085449219</DistanceMeters>
            <HeartRateBpm>
              <Value>125</Value>
            </HeartRateBpm>
            <Extensions>
              <ns3:TPX>
                <ns3:Speed>1.3899999856948853</ns3:Speed>
              </ns3:TPX>
            </Extensions>
          </Trackpoint>
          <Trackpoint>
            <Time>2026-02-24T07:53:23.000Z</Time>
            <Position>
              <LatitudeDegrees>51.76331827417016</LatitudeDegrees>
              <LongitudeDegrees>-0.21926220506429672</LongitudeDegrees>
            </Position>
            <AltitudeMeters>83.5999984741211</AltitudeMeters>
            <DistanceMeters>384.3500061035156</DistanceMeters>
            <HeartRateBpm>
              <Value>126</Value>
            </HeartRateBpm>
            <Extensions>
              <ns3:TPX>
                <ns3:Speed>1.38100004196167</ns3:Speed>
              </ns3:TPX>
            </Extensions>
          </Trackpoint>
          <Trackpoint>
            <Time>2026-02-24T07:53:27.000Z</Time>
            <Position>
              <LatitudeDegrees>51.76331684924662</LatitudeDegrees>
              <LongitudeDegrees>-0.21933688782155514</LongitudeDegrees>
            </Position>
            <AltitudeMeters>83.5999984741211</AltitudeMeters>
            <DistanceMeters>389.1300048828125</DistanceMeters>
            <HeartRateBpm>
              <Value>129</Value>
            </HeartRateBpm>
            <Extensions>
              <ns3:TPX>
                <ns3:Speed>1.371999979019165</ns3:Speed>
              </ns3:TPX>
            </Extensions>
          </Trackpoint>
          <Trackpoint>
            <Time>2026-02-24T07:53:35.000Z</Time>
            <Position>
              <LatitudeDegrees>51.76331081427634</LatitudeDegrees>
              <LongitudeDegrees>-0.21949145011603832</LongitudeDegrees>
            </Position>
            <AltitudeMeters>83.5999984741211</AltitudeMeters>
            <DistanceMeters>399.7200012207031</DistanceMeters>
            <HeartRateBpm>
              <Value>129</Value>
            </HeartRateBpm>
            <Extensions>
              <ns3:TPX>
                <ns3:Speed>1.371999979019165</ns3:Speed>
              </ns3:TPX>
            </Extensions>
          </Trackpoint>
          <Trackpoint>
            <Time>2026-02-24T07:53:44.000Z</Time>
            <Position>
              <LatitudeDegrees>51.76330687478185</LatitudeDegrees>
              <LongitudeDegrees>-0.21965925581753254</LongitudeDegrees>
            </Position>
            <AltitudeMeters>83.4000015258789</AltitudeMeters>
            <DistanceMeters>411.3900146484375</DistanceMeters>
            <HeartRateBpm>
              <Value>127</Value>
            </HeartRateBpm>
            <Extensions>
              <ns3:TPX>
                <ns3:Speed>1.3619999885559082</ns3:Speed>
              </ns3:TPX>
            </Extensions>
          </Trackpoint>
          <Trackpoint>
            <Time>2026-02-24T07:53:52.000Z</Time>
            <Position>
              <LatitudeDegrees>51.763279382139444</LatitudeDegrees>
              <LongitudeDegrees>-0.21981381811201572</LongitudeDegrees>
            </Position>
            <AltitudeMeters>83.4000015258789</AltitudeMeters>
            <DistanceMeters>422.8299865722656</DistanceMeters>
            <HeartRateBpm>
              <Value>126</Value>
            </HeartRateBpm>
            <Extensions>
              <ns3:TPX>
                <ns3:Speed>1.3619999885559082</ns3:Speed>
              </ns3:TPX>
            </Extensions>
          </Trackpoint>
          <Trackpoint>
            <Time>2026-02-24T07:54:00.000Z</Time>
            <Position>
              <LatitudeDegrees>51.763258930295706</LatitudeDegrees>
              <LongitudeDegrees>-0.21995371207594872</LongitudeDegrees>
            </Position>
            <AltitudeMeters>83.4000015258789</AltitudeMeters>
            <DistanceMeters>432.6700134277344</DistanceMeters>
            <HeartRateBpm>
              <Value>127</Value>
            </HeartRateBpm>
            <Extensions>
              <ns3:TPX>
                <ns3:Speed>1.3530000448226929</ns3:Speed>
              </ns3:TPX>
            </Extensions>
          </Trackpoint>
          <Trackpoint>
            <Time>2026-02-24T07:54:07.000Z</Time>
            <Position>
              <LatitudeDegrees>51.763228001073</LatitudeDegrees>
              <LongitudeDegrees>-0.22010634653270245</LongitudeDegrees>
            </Position>
            <AltitudeMeters>83.4000015258789</AltitudeMeters>
            <DistanceMeters>443.7300109863281</DistanceMeters>
            <HeartRateBpm>
              <Value>126</Value>
            </HeartRateBpm>
            <Extensions>
              <ns3:TPX>
                <ns3:Speed>1.3530000448226929</ns3:Speed>
              </ns3:TPX>
            </Extensions>
          </Trackpoint>
          <Trackpoint>
            <Time>2026-02-24T07:54:14.000Z</Time>
            <Position>
              <LatitudeDegrees>51.76318483427167</LatitudeDegrees>
              <LongitudeDegrees>-0.22022134624421597</LongitudeDegrees>
            </Position>
            <AltitudeMeters>83.19999694824219</AltitudeMeters>
            <DistanceMeters>452.9599914550781</DistanceMeters>
            <HeartRateBpm>
              <Value>124</Value>
            </HeartRateBpm>
            <Extensions>
              <ns3:TPX>
                <ns3:Speed>1.3619999885559082</ns3:Speed>
              </ns3:TPX>
            </Extensions>
          </Trackpoint>
          <Trackpoint>
            <Time>2026-02-24T07:54:22.000Z</Time>
            <Position>
              <LatitudeDegrees>51.7631471157074</LatitudeDegrees>
              <LongitudeDegrees>-0.22037046030163765</LongitudeDegrees>
            </Position>
            <AltitudeMeters>83.19999694824219</AltitudeMeters>
            <DistanceMeters>464.3399963378906</DistanceMeters>
            <HeartRateBpm>
              <Value>124</Value>
            </HeartRateBpm>
            <Extensions>
              <ns3:TPX>
                <ns3:Speed>1.3619999885559082</ns3:Speed>
              </ns3:TPX>
            </Extensions>
          </Trackpoint>
          <Trackpoint>
            <Time>2026-02-24T07:54:30.000Z</Time>
            <Position>
              <LatitudeDegrees>51.7631140910089</LatitudeDegrees>
              <LongitudeDegrees>-0.2205111924558878</LongitudeDegrees>
            </Position>
            <AltitudeMeters>83.0</AltitudeMeters>
            <DistanceMeters>474.7099914550781</DistanceMeters>
            <HeartRateBpm>
              <Value>125</Value>
            </HeartRateBpm>
            <Extensions>
              <ns3:TPX>
                <ns3:Speed>1.371999979019165</ns3:Speed>
              </ns3:TPX>
            </Extensions>
          </Trackpoint>
          <Trackpoint>
            <Time>2026-02-24T07:54:37.000Z</Time>
            <Position>
              <LatitudeDegrees>51.76309749484062</LatitudeDegrees>
              <LongitudeDegrees>-0.22065578028559685</LongitudeDegrees>
            </Position>
            <AltitudeMeters>82.80000305175781</AltitudeMeters>
            <DistanceMeters>484.5899963378906</DistanceMeters>
            <HeartRateBpm>
              <Value>125</Value>
            </HeartRateBpm>
            <Extensions>
              <ns3:TPX>
                <ns3:Speed>1.3619999885559082</ns3:Speed>
              </ns3:TPX>
            </Extensions>
          </Trackpoint>
          <Trackpoint>
            <Time>2026-02-24T07:54:44.000Z</Time>
            <Position>
              <LatitudeDegrees>51.76311635412276</LatitudeDegrees>
              <LongitudeDegrees>-0.22078318521380424</LongitudeDegrees>
            </Position>
            <AltitudeMeters>82.80000305175781</AltitudeMeters>
            <DistanceMeters>493.8699951171875</DistanceMeters>
            <HeartRateBpm>
              <Value>125</Value>
            </HeartRateBpm>
            <Extensions>
              <ns3:TPX>
                <ns3:Speed>1.371999979019165</ns3:Speed>
              </ns3:TPX>
            </Extensions>
          </Trackpoint>
          <Trackpoint>
            <Time>2026-02-24T07:54:53.000Z</Time>
            <Position>
              <LatitudeDegrees>51.763131860643625</LatitudeDegrees>
              <LongitudeDegrees>-0.22097001783549786</LongitudeDegrees>
            </Position>
            <AltitudeMeters>83.0</AltitudeMeters>
            <DistanceMeters>506.44000244140625</DistanceMeters>
            <HeartRateBpm>
              <Value>126</Value>
            </HeartRateBpm>
            <Extensions>
              <ns3:TPX>
                <ns3:Speed>1.371999979019165</ns3:Speed>
              </ns3:TPX>
            </Extensions>
          </Trackpoint>
          <Trackpoint>
            <Time>2026-02-24T07:55:02.000Z</Time>
            <Position>
              <LatitudeDegrees>51.763147534802556</LatitudeDegrees>
              <LongitudeDegrees>-0.22113824263215065</LongitudeDegrees>
            </Position>
            <AltitudeMeters>83.19999694824219</AltitudeMeters>
            <DistanceMeters>518.47998046875</DistanceMeters>
            <HeartRateBpm>
              <Value>126</Value>
            </HeartRateBpm>
            <Extensions>
              <ns3:TPX>
                <ns3:Speed>1.3619999885559082</ns3:Speed>
              </ns3:TPX>
            </Extensions>
          </Trackpoint>
          <Trackpoint>
            <Time>2026-02-24T07:55:11.000Z</Time>
            <Position>
              <LatitudeDegrees>51.763155749067664</LatitudeDegrees>
              <LongitudeDegrees>-0.22130982019007206</LongitudeDegrees>
            </Position>
            <AltitudeMeters>83.4000015258789</AltitudeMeters>
            <DistanceMeters>530.6300048828125</DistanceMeters>
            <HeartRateBpm>
              <Value>127</Value>
            </HeartRateBpm>
            <Extensions>
              <ns3:TPX>
                <ns3:Speed>1.3530000448226929</ns3:Speed>
              </ns3:TPX>
            </Extensions>
          </Trackpoint>
          <Trackpoint>
            <Time>2026-02-24T07:55:18.000Z</Time>
            <Position>
              <LatitudeDegrees>51.76317066885531</LatitudeDegrees>
              <LongitudeDegrees>-0.22145130671560764</LongitudeDegrees>
            </Position>
            <AltitudeMeters>83.4000015258789</AltitudeMeters>
            <DistanceMeters>539.9000244140625</DistanceMeters>
            <HeartRateBpm>
              <Value>130</Value>
            </HeartRateBpm>
            <Extensions>
              <ns3:TPX>
                <ns3:Speed>1.343999981880188</ns3:Speed>
              </ns3:TPX>
            </Extensions>
          </Trackpoint>
          <Trackpoint>
            <Time>2026-02-24T07:55:20.000Z</Time>
            <Position>
              <LatitudeDegrees>51.763171004131436</LatitudeDegrees>
              <LongitudeDegrees>-0.22149036638438702</LongitudeDegrees>
            </Position>
            <AltitudeMeters>83.4000015258789</AltitudeMeters>
            <DistanceMeters>543.010009765625</DistanceMeters>
            <HeartRateBpm>
              <Value>131</Value>
            </HeartRateBpm>
            <Extensions>
              <ns3:TPX>
                <ns3:Speed>1.3530000448226929</ns3:Speed>
              </ns3:TPX>
            </Extensions>
          </Trackpoint>
          <Trackpoint>
            <Time>2026-02-24T07:55:29.000Z</Time>
            <Position>
              <LatitudeDegrees>51.76319556310773</LatitudeDegrees>
              <LongitudeDegrees>-0.22166202776134014</LongitudeDegrees>
            </Position>
            <AltitudeMeters>83.5999984741211</AltitudeMeters>
            <DistanceMeters>554.8900146484375</DistanceMeters>
            <HeartRateBpm>
              <Value>133</Value>
            </HeartRateBpm>
            <Extensions>
              <ns3:TPX>
                <ns3:Speed>1.3530000448226929</ns3:Speed>
              </ns3:TPX>
            </Extensions>
          </Trackpoint>
          <Trackpoint>
            <Time>2026-02-24T07:55:32.000Z</Time>
            <Position>
              <LatitudeDegrees>51.76319816149771</LatitudeDegrees>
              <LongitudeDegrees>-0.22171525284647942</LongitudeDegrees>
            </Position>
            <AltitudeMeters>83.5999984741211</AltitudeMeters>
            <DistanceMeters>558.280029296875</DistanceMeters>
            <HeartRateBpm>
              <Value>134</Value>
            </HeartRateBpm>
            <Extensions>
              <ns3:TPX>
                <ns3:Speed>1.3530000448226929</ns3:Speed>
              </ns3:TPX>
            </Extensions>
          </Trackpoint>
          <Trackpoint>
            <Time>2026-02-24T07:55:36.000Z</Time>
            <Position>
              <LatitudeDegrees>51.763197826221585</LatitudeDegrees>
              <LongitudeDegrees>-0.22179496474564075</LongitudeDegrees>
            </Position>
            <AltitudeMeters>83.5999984741211</AltitudeMeters>
            <DistanceMeters>564.25</DistanceMeters>
            <HeartRateBpm>
              <Value>133</Value>
            </HeartRateBpm>
            <Extensions>
              <ns3:TPX>
                <ns3:Speed>1.3530000448226929</ns3:Speed>
              </ns3:TPX>
            </Extensions>
          </Trackpoint>
          <Trackpoint>
            <Time>2026-02-24T07:55:43.000Z</Time>
            <Position>
              <LatitudeDegrees>51.76320335827768</LatitudeDegrees>
              <LongitudeDegrees>-0.2219134010374546</LongitudeDegrees>
            </Position>
            <AltitudeMeters>83.80000305175781</AltitudeMeters>
            <DistanceMeters>572.2100219726562</DistanceMeters>
            <HeartRateBpm>
              <Value>130</Value>
            </HeartRateBpm>
            <Extensions>
              <ns3:TPX>
                <ns3:Speed>1.343999981880188</ns3:Speed>
              </ns3:TPX>
            </Extensions>
          </Trackpoint>
          <Trackpoint>
            <Time>2026-02-24T07:55:45.000Z</Time>
            <Position>
              <LatitudeDegrees>51.763201681897044</LatitudeDegrees>
              <LongitudeDegrees>-0.22194541990756989</LongitudeDegrees>
            </Position>
            <AltitudeMeters>83.80000305175781</AltitudeMeters>
            <DistanceMeters>574.5</DistanceMeters>
            <HeartRateBpm>
              <Value>128</Value>
            </HeartRateBpm>
            <Extensions>
              <ns3:TPX>
                <ns3:Speed>1.343999981880188</ns3:Speed>
              </ns3:TPX>
            </Extensions>
          </Trackpoint>
          <Trackpoint>
            <Time>2026-02-24T07:55:53.000Z</Time>
            <Position>
              <LatitudeDegrees>51.76322540268302</LatitudeDegrees>
              <LongitudeDegrees>-0.2220821287482977</LongitudeDegrees>
            </Position>
            <AltitudeMeters>84.19999694824219</AltitudeMeters>
            <DistanceMeters>584.47998046875</DistanceMeters>
            <HeartRateBpm>
              <Value>128</Value>
            </HeartRateBpm>
            <Extensions>
              <ns3:TPX>
                <ns3:Speed>1.3339999914169312</ns3:Speed>
              </ns3:TPX>
            </Extensions>
          </Trackpoint>
          <Trackpoint>
            <Time>2026-02-24T07:56:00.000Z</Time>
            <Position>
              <LatitudeDegrees>51.76323872990906</LatitudeDegrees>
              <LongitudeDegrees>-0.2221889141947031</LongitudeDegrees>
            </Position>
            <AltitudeMeters>84.4000015258789</AltitudeMeters>
            <DistanceMeters>591.9299926757812</DistanceMeters>
            <HeartRateBpm>
              <Value>130</Value>
            </HeartRateBpm>
            <Extensions>
              <ns3:TPX>
                <ns3:Speed>1.25</ns3:Speed>
              </ns3:TPX>
            </Extensions>
          </Trackpoint>
          <Trackpoint>
            <Time>2026-02-24T07:56:06.000Z</Time>
            <Position>
              <LatitudeDegrees>51.76323520950973</LatitudeDegrees>
              <LongitudeDegrees>-0.22217265330255032</LongitudeDegrees>
            </Position>
            <AltitudeMeters>84.19999694824219</AltitudeMeters>
            <DistanceMeters>592.72998046875</DistanceMeters>
            <HeartRateBpm>
              <Value>131</Value>
            </HeartRateBpm>
            <Extensions>
              <ns3:TPX>
                <ns3:Speed>1.1660000085830688</ns3:Speed>
              </ns3:TPX>
            </Extensions>
          </Trackpoint>
          <Trackpoint>
            <Time>2026-02-24T07:56:17.000Z</Time>
            <Position>
              <LatitudeDegrees>51.763186510652304</LatitudeDegrees>
              <LongitudeDegrees>-0.22223065607249737</LongitudeDegrees>
            </Position>
            <AltitudeMeters>84.19999694824219</AltitudeMeters>
            <DistanceMeters>599.1099853515625</DistanceMeters>
            <HeartRateBpm>
              <Value>132</Value>
            </HeartRateBpm>
            <Extensions>
              <ns3:TPX>
                <ns3:Speed>0.0</ns3:Speed>
              </ns3:TPX>
            </Extensions>
          </Trackpoint>
          <Trackpoint>
            <Time>2026-02-24T07:56:24.000Z</Time>
            <Position>
              <LatitudeDegrees>51.76317360252142</LatitudeDegrees>
              <LongitudeDegrees>-0.22235956974327564</LongitudeDegrees>
            </Position>
            <AltitudeMeters>84.4000015258789</AltitudeMeters>
            <DistanceMeters>608.5399780273438</DistanceMeters>
            <HeartRateBpm>
              <Value>131</Value>
            </HeartRateBpm>
            <Extensions>
              <ns3:TPX>
                <ns3:Speed>0.42899999022483826</ns3:Speed>
              </ns3:TPX>
            </Extensions>
          </Trackpoint>
          <Trackpoint>
            <Time>2026-02-24T07:56:28.000Z</Time>
            <Position>
              <LatitudeDegrees>51.76318181678653</LatitudeDegrees>
              <LongitudeDegrees>-0.22246912121772766</LongitudeDegrees>
            </Position>
            <AltitudeMeters>84.19999694824219</AltitudeMeters>
            <DistanceMeters>616.3099975585938</DistanceMeters>
            <HeartRateBpm>
              <Value>128</Value>
            </HeartRateBpm>
            <Extensions>
              <ns3:TPX>
                <ns3:Speed>1.1200000047683716</ns3:Speed>
              </ns3:TPX>
            </Extensions>
          </Trackpoint>
          <Trackpoint>
            <Time>2026-02-24T07:56:30.000Z</Time>
            <Position>
              <LatitudeDegrees>51.76318500190973</LatitudeDegrees>
              <LongitudeDegrees>-0.2224899921566248</LongitudeDegrees>
            </Position>
            <AltitudeMeters>84.0</AltitudeMeters>
            <DistanceMeters>618.3499755859375</DistanceMeters>
            <HeartRateBpm>
              <Value>128</Value>
            </HeartRateBpm>
            <Extensions>
              <ns3:TPX>
                <ns3:Speed>1.25</ns3:Speed>
              </ns3:TPX>
            </Extensions>
          </Trackpoint>
          <Trackpoint>
            <Time>2026-02-24T07:56:32.000Z</Time>
            <Position>
              <LatitudeDegrees>51.763191036880016</LatitudeDegrees>
              <LongitudeDegrees>-0.2225184068083763</LongitudeDegrees>
            </Position>
            <AltitudeMeters>84.0</AltitudeMeters>
            <DistanceMeters>620.3599853515625</DistanceMeters>
            <HeartRateBpm>
              <Value>125</Value>
            </HeartRateBpm>
            <Extensions>
              <ns3:TPX>
                <ns3:Speed>1.2410000562667847</ns3:Speed>
              </ns3:TPX>
            </Extensions>
          </Trackpoint>
          <Trackpoint>
            <Time>2026-02-24T07:56:35.000Z</Time>
            <Position>
              <LatitudeDegrees>51.763206124305725</LatitudeDegrees>
              <LongitudeDegrees>-0.22258680313825607</LongitudeDegrees>
            </Position>
            <AltitudeMeters>83.80000305175781</AltitudeMeters>
            <DistanceMeters>624.969970703125</DistanceMeters>
            <HeartRateBpm>
              <Value>128</Value>
            </HeartRateBpm>
            <Extensions>
              <ns3:TPX>
                <ns3:Speed>1.2410000562667847</ns3:Speed>
              </ns3:TPX>
            </Extensions>
          </Trackpoint>
          <Trackpoint>
            <Time>2026-02-24T07:56:36.000Z</Time>
            <Position>
              <LatitudeDegrees>51.76320847123861</LatitudeDegrees>
              <LongitudeDegrees>-0.2226098533719778</LongitudeDegrees>
            </Position>
            <AltitudeMeters>83.80000305175781</AltitudeMeters>
            <DistanceMeters>626.5999755859375</DistanceMeters>
            <HeartRateBpm>
              <Value>128</Value>
            </HeartRateBpm>
            <Extensions>
              <ns3:TPX>
                <ns3:Speed>1.2879999876022339</ns3:Speed>
              </ns3:TPX>
            </Extensions>
          </Trackpoint>
          <Trackpoint>
            <Time>2026-02-24T07:56:38.000Z</Time>
            <Position>
              <LatitudeDegrees>51.76320989616215</LatitudeDegrees>
              <LongitudeDegrees>-0.2226561214774847</LongitudeDegrees>
            </Position>
            <AltitudeMeters>83.80000305175781</AltitudeMeters>
            <DistanceMeters>630.0599975585938</DistanceMeters>
            <HeartRateBpm>
              <Value>125</Value>
            </HeartRateBpm>
            <Extensions>
              <ns3:TPX>
                <ns3:Speed>1.3530000448226929</ns3:Speed>
              </ns3:TPX>
            </Extensions>
          </Trackpoint>
          <Trackpoint>
            <Time>2026-02-24T07:56:44.000Z</Time>
            <Position>
              <LatitudeDegrees>51.76319967024028</LatitudeDegrees>
              <LongitudeDegrees>-0.22277355194091797</LongitudeDegrees>
            </Position>
            <AltitudeMeters>83.80000305175781</AltitudeMeters>
            <DistanceMeters>638.3900146484375</DistanceMeters>
            <HeartRateBpm>
              <Value>123</Value>
            </HeartRateBpm>
            <Extensions>
              <ns3:TPX>
                <ns3:Speed>1.3619999885559082</ns3:Speed>
              </ns3:TPX>
            </Extensions>
          </Trackpoint>
          <Trackpoint>
            <Time>2026-02-24T07:56:52.000Z</Time>
            <Position>
              <LatitudeDegrees>51.76319950260222</LatitudeDegrees>
              <LongitudeDegrees>-0.22292878478765488</LongitudeDegrees>
            </Position>
            <AltitudeMeters>84.19999694824219</AltitudeMeters>
            <DistanceMeters>648.739990234375</DistanceMeters>
            <HeartRateBpm>
              <Value>125</Value>
            </HeartRateBpm>
            <Extensions>
              <ns3:TPX>
                <ns3:Speed>1.3619999885559082</ns3:Speed>
              </ns3:TPX>
            </Extensions>
          </Trackpoint>
          <Trackpoint>
            <Time>2026-02-24T07:57:02.000Z</Time>
            <Position>
              <LatitudeDegrees>51.76321995444596</LatitudeDegrees>
              <LongitudeDegrees>-0.2231194730848074</LongitudeDegrees>
            </Position>
            <AltitudeMeters>84.4000015258789</AltitudeMeters>
            <DistanceMeters>662.0800170898438</DistanceMeters>
            <HeartRateBpm>
              <Value>123</Value>
            </HeartRateBpm>
            <Extensions>
              <ns3:TPX>
                <ns3:Speed>1.315999984741211</ns3:Speed>
              </ns3:TPX>
            </Extensions>
          </Trackpoint>
          <Trackpoint>
            <Time>2026-02-24T07:57:10.000Z</Time>
            <Position>
              <LatitudeDegrees>51.76322582177818</LatitudeDegrees>
              <LongitudeDegrees>-0.2232681680470705</LongitudeDegrees>
            </Position>
            <AltitudeMeters>84.19999694824219</AltitudeMeters>
            <DistanceMeters>672.0900268554688</DistanceMeters>
            <HeartRateBpm>
              <Value>124</Value>
            </HeartRateBpm>
            <Extensions>
              <ns3:TPX>
                <ns3:Speed>1.305999994277954</ns3:Speed>
              </ns3:TPX>
            </Extensions>
          </Trackpoint>
          <Trackpoint>
            <Time>2026-02-24T07:57:17.000Z</Time>
            <Position>
              <LatitudeDegrees>51.76324049010873</LatitudeDegrees>
              <LongitudeDegrees>-0.22343329153954983</LongitudeDegrees>
            </Position>
            <AltitudeMeters>84.19999694824219</AltitudeMeters>
            <DistanceMeters>683.8699951171875</DistanceMeters>
            <HeartRateBpm>
              <Value>126</Value>
            </HeartRateBpm>
            <Extensions>
              <ns3:TPX>
                <ns3:Speed>1.343999981880188</ns3:Speed>
              </ns3:TPX>
            </Extensions>
          </Trackpoint>
          <Trackpoint>
            <Time>2026-02-24T07:57:25.000Z</Time>
            <Position>
              <LatitudeDegrees>51.763238394632936</LatitudeDegrees>
              <LongitudeDegrees>-0.22357058711349964</LongitudeDegrees>
            </Position>
            <AltitudeMeters>84.4000015258789</AltitudeMeters>
            <DistanceMeters>693.219970703125</DistanceMeters>
            <HeartRateBpm>
              <Value>124</Value>
            </HeartRateBpm>
            <Extensions>
              <ns3:TPX>
                <ns3:Speed>1.3250000476837158</ns3:Speed>
              </ns3:TPX>
            </Extensions>
          </Trackpoint>
          <Trackpoint>
            <Time>2026-02-24T07:57:35.000Z</Time>
            <Position>
              <LatitudeDegrees>51.763250045478344</LatitudeDegrees>
              <LongitudeDegrees>-0.2237788774073124</LongitudeDegrees>
            </Position>
            <AltitudeMeters>84.4000015258789</AltitudeMeters>
            <DistanceMeters>707.3599853515625</DistanceMeters>
            <HeartRateBpm>
              <Value>124</Value>
            </HeartRateBpm>
            <Extensions>
              <ns3:TPX>
                <ns3:Speed>1.343999981880188</ns3:Speed>
              </ns3:TPX>
            </Extensions>
          </Trackpoint>
          <Trackpoint>
            <Time>2026-02-24T07:57:38.000Z</Time>
            <Position>
              <LatitudeDegrees>51.76324501633644</LatitudeDegrees>
              <LongitudeDegrees>-0.22383302450180054</LongitudeDegrees>
            </Position>
            <AltitudeMeters>84.5999984741211</AltitudeMeters>
            <DistanceMeters>711.469970703125</DistanceMeters>
            <HeartRateBpm>
              <Value>124</Value>
            </HeartRateBpm>
            <Extensions>
              <ns3:TPX>
                <ns3:Speed>1.343999981880188</ns3:Speed>
              </ns3:TPX>
            </Extensions>
          </Trackpoint>
          <Trackpoint>
            <Time>2026-02-24T07:57:43.000Z</Time>
            <Position>
              <LatitudeDegrees>51.7632126621902</LatitudeDegrees>
              <LongitudeDegrees>-0.22390603087842464</LongitudeDegrees>
            </Position>
            <AltitudeMeters>85.0</AltitudeMeters>
            <DistanceMeters>717.4400024414062</DistanceMeters>
            <HeartRateBpm>
              <Value>124</Value>
            </HeartRateBpm>
            <Extensions>
              <ns3:TPX>
                <ns3:Speed>1.3339999914169312</ns3:Speed>
              </ns3:TPX>
            </Extensions>
          </Trackpoint>
          <Trackpoint>
            <Time>2026-02-24T07:57:46.000Z</Time>
            <Position>
              <LatitudeDegrees>51.76318374462426</LatitudeDegrees>
              <LongitudeDegrees>-0.2239253930747509</LongitudeDegrees>
            </Position>
            <AltitudeMeters>85.0</AltitudeMeters>
            <DistanceMeters>720.6599731445312</DistanceMeters>
            <HeartRateBpm>
              <Value>127</Value>
            </HeartRateBpm>
            <Extensions>
              <ns3:TPX>
                <ns3:Speed>1.3339999914169312</ns3:Speed>
              </ns3:TPX>
            </Extensions>
          </Trackpoint>
          <Trackpoint>
            <Time>2026-02-24T07:57:50.000Z</Time>
            <Position>
              <LatitudeDegrees>51.76314007490873</LatitudeDegrees>
              <LongitudeDegrees>-0.22395506501197815</LongitudeDegrees>
            </Position>
            <AltitudeMeters>85.19999694824219</AltitudeMeters>
            <DistanceMeters>725.47998046875</DistanceMeters>
            <HeartRateBpm>
              <Value>128</Value>
            </HeartRateBpm>
            <Extensions>
              <ns3:TPX>
                <ns3:Speed>1.3250000476837158</ns3:Speed>
              </ns3:TPX>
            </Extensions>
          </Trackpoint>
          <Trackpoint>
            <Time>2026-02-24T07:57:58.000Z</Time>
            <Position>
              <LatitudeDegrees>51.76305064000189</LatitudeDegrees>
              <LongitudeDegrees>-0.22402270697057247</LongitudeDegrees>
            </Position>
            <AltitudeMeters>85.19999694824219</AltitudeMeters>
            <DistanceMeters>737.739990234375</DistanceMeters>
            <HeartRateBpm>
              <Value>130</Value>
            </HeartRateBpm>
            <Extensions>
              <ns3:TPX>
                <ns3:Speed>1.343999981880188</ns3:Speed>
              </ns3:TPX>
            </Extensions>
          </Trackpoint>
          <Trackpoint>
            <Time>2026-02-24T07:58:05.000Z</Time>
            <Position>
              <LatitudeDegrees>51.76297478377819</LatitudeDegrees>
              <LongitudeDegrees>-0.22409026511013508</LongitudeDegrees>
            </Position>
            <AltitudeMeters>85.19999694824219</AltitudeMeters>
            <DistanceMeters>746.8900146484375</DistanceMeters>
            <HeartRateBpm>
              <Value>131</Value>
            </HeartRateBpm>
            <Extensions>
              <ns3:TPX>
                <ns3:Speed>1.3339999914169312</ns3:Speed>
              </ns3:TPX>
            </Extensions>
          </Trackpoint>
          <Trackpoint>
            <Time>2026-02-24T07:58:14.000Z</Time>
            <Position>
              <LatitudeDegrees>51.76289272494614</LatitudeDegrees>
              <LongitudeDegrees>-0.2241453342139721</LongitudeDegrees>
            </Position>
            <AltitudeMeters>85.5999984741211</AltitudeMeters>
            <DistanceMeters>755.9600219726562</DistanceMeters>
            <HeartRateBpm>
              <Value>131</Value>
            </HeartRateBpm>
            <Extensions>
              <ns3:TPX>
                <ns3:Speed>1.315999984741211</ns3:Speed>
              </ns3:TPX>
            </Extensions>
          </Trackpoint>
          <Trackpoint>
            <Time>2026-02-24T07:58:21.000Z</Time>
            <Position>
              <LatitudeDegrees>51.76280873827636</LatitudeDegrees>
              <LongitudeDegrees>-0.2241829689592123</LongitudeDegrees>
            </Position>
            <AltitudeMeters>85.4000015258789</AltitudeMeters>
            <DistanceMeters>766.2100219726562</DistanceMeters>
            <HeartRateBpm>
              <Value>132</Value>
            </HeartRateBpm>
            <Extensions>
              <ns3:TPX>
                <ns3:Speed>1.3339999914169312</ns3:Speed>
              </ns3:TPX>
            </Extensions>
          </Trackpoint>
          <Trackpoint>
            <Time>2026-02-24T07:58:26.000Z</Time>
            <Position>
              <LatitudeDegrees>51.76275283098221</LatitudeDegrees>
              <LongitudeDegrees>-0.2242063544690609</LongitudeDegrees>
            </Position>
            <AltitudeMeters>85.19999694824219</AltitudeMeters>
            <DistanceMeters>772.1699829101562</DistanceMeters>
            <HeartRateBpm>
              <Value>128</Value>
            </HeartRateBpm>
            <Extensions>
              <ns3:TPX>
                <ns3:Speed>1.3250000476837158</ns3:Speed>
              </ns3:TPX>
            </Extensions>
          </Trackpoint>
          <Trackpoint>
            <Time>2026-02-24T07:58:29.000Z</Time>
            <Position>
              <LatitudeDegrees>51.762711592018604</LatitudeDegrees>
              <LongitudeDegrees>-0.22425195202231407</LongitudeDegrees>
            </Position>
            <AltitudeMeters>85.19999694824219</AltitudeMeters>
            <DistanceMeters>778.6900024414062</DistanceMeters>
            <HeartRateBpm>
              <Value>126</Value>
            </HeartRateBpm>
            <Extensions>
              <ns3:TPX>
                <ns3:Speed>1.3339999914169312</ns3:Speed>
              </ns3:TPX>
            </Extensions>
          </Trackpoint>
          <Trackpoint>
            <Time>2026-02-24T07:58:37.000Z</Time>
            <Position>
              <LatitudeDegrees>51.76261360757053</LatitudeDegrees>
              <LongitudeDegrees>-0.22435328923165798</LongitudeDegrees>
            </Position>
            <AltitudeMeters>84.80000305175781</AltitudeMeters>
            <DistanceMeters>790.47998046875</DistanceMeters>
            <HeartRateBpm>
              <Value>126</Value>
            </HeartRateBpm>
            <Extensions>
              <ns3:TPX>
                <ns3:Speed>1.371999979019165</ns3:Speed>
              </ns3:TPX>
            </Extensions>
          </Trackpoint>
          <Trackpoint>
            <Time>2026-02-24T07:58:44.000Z</Time>
            <Position>
              <LatitudeDegrees>51.762535236775875</LatitudeDegrees>
              <LongitudeDegrees>-0.22446099668741226</LongitudeDegrees>
            </Position>
            <AltitudeMeters>84.5999984741211</AltitudeMeters>
            <DistanceMeters>802.8400268554688</DistanceMeters>
            <HeartRateBpm>
              <Value>128</Value>
            </HeartRateBpm>
            <Extensions>
              <ns3:TPX>
                <ns3:Speed>1.399999976158142</ns3:Speed>
              </ns3:TPX>
            </Extensions>
          </Trackpoint>
          <Trackpoint>
            <Time>2026-02-24T07:58:53.000Z</Time>
            <Position>
              <LatitudeDegrees>51.76246935501695</LatitudeDegrees>
              <LongitudeDegrees>-0.22459343075752258</LongitudeDegrees>
            </Position>
            <AltitudeMeters>84.4000015258789</AltitudeMeters>
            <DistanceMeters>815.2899780273438</DistanceMeters>
            <HeartRateBpm>
              <Value>129</Value>
            </HeartRateBpm>
            <Extensions>
              <ns3:TPX>
                <ns3:Speed>1.409000039100647</ns3:Speed>
              </ns3:TPX>
            </Extensions>
          </Trackpoint>
          <Trackpoint>
            <Time>2026-02-24T07:59:00.000Z</Time>
            <Position>
              <LatitudeDegrees>51.76244454458356</LatitudeDegrees>
              <LongitudeDegrees>-0.22470080293715</LongitudeDegrees>
            </Position>
            <AltitudeMeters>84.4000015258789</AltitudeMeters>
            <DistanceMeters>823.280029296875</DistanceMeters>
            <HeartRateBpm>
              <Value>128</Value>
            </HeartRateBpm>
            <Extensions>
              <ns3:TPX>
                <ns3:Speed>1.399999976158142</ns3:Speed>
              </ns3:TPX>
            </Extensions>
          </Trackpoint>
          <Trackpoint>
            <Time>2026-02-24T07:59:09.000Z</Time>
            <Position>
              <LatitudeDegrees>51.76239333115518</LatitudeDegrees>
              <LongitudeDegrees>-0.2248777449131012</LongitudeDegrees>
            </Position>
            <AltitudeMeters>84.4000015258789</AltitudeMeters>
            <DistanceMeters>836.1099853515625</DistanceMeters>
            <HeartRateBpm>
              <Value>127</Value>
            </HeartRateBpm>
            <Extensions>
              <ns3:TPX>
                <ns3:Speed>1.38100004196167</ns3:Speed>
              </ns3:TPX>
            </Extensions>
          </Trackpoint>
          <Trackpoint>
            <Time>2026-02-24T07:59:17.000Z</Time>
            <Position>
              <LatitudeDegrees>51.76233214326203</LatitudeDegrees>
              <LongitudeDegrees>-0.2250089216977358</LongitudeDegrees>
            </Position>
            <AltitudeMeters>84.80000305175781</AltitudeMeters>
            <DistanceMeters>848.1199951171875</DistanceMeters>
            <HeartRateBpm>
              <Value>129</Value>
            </HeartRateBpm>
            <Extensions>
              <ns3:TPX>
                <ns3:Speed>1.399999976158142</ns3:Speed>
              </ns3:TPX>
            </Extensions>
          </Trackpoint>
          <Trackpoint>
            <Time>2026-02-24T07:59:27.000Z</Time>
            <Position>
              <LatitudeDegrees>51.762277660891414</LatitudeDegrees>
              <LongitudeDegrees>-0.22517086006700993</LongitudeDegrees>
            </Position>
            <AltitudeMeters>85.19999694824219</AltitudeMeters>
            <DistanceMeters>860.530029296875</DistanceMeters>
            <HeartRateBpm>
              <Value>131</Value>
            </HeartRateBpm>
            <Extensions>
              <ns3:TPX>
                <ns3:Speed>1.399999976158142</ns3:Speed>
              </ns3:TPX>
            </Extensions>
          </Trackpoint>
          <Trackpoint>
            <Time>2026-02-24T07:59:35.000Z</Time>
            <Position>
              <LatitudeDegrees>51.76223105750978</LatitudeDegrees>
              <LongitudeDegrees>-0.22531536407768726</LongitudeDegrees>
            </Position>
            <AltitudeMeters>85.0</AltitudeMeters>
            <DistanceMeters>871.969970703125</DistanceMeters>
            <HeartRateBpm>
              <Value>131</Value>
            </HeartRateBpm>
            <Extensions>
              <ns3:TPX>
                <ns3:Speed>1.3899999856948853</ns3:Speed>
              </ns3:TPX>
            </Extensions>
          </Trackpoint>
          <Trackpoint>
            <Time>2026-02-24T07:59:42.000Z</Time>
            <Position>
              <LatitudeDegrees>51.76226961426437</LatitudeDegrees>
              <LongitudeDegrees>-0.22544494830071926</LongitudeDegrees>
            </Position>
            <AltitudeMeters>84.5999984741211</AltitudeMeters>
            <DistanceMeters>882.22998046875</DistanceMeters>
            <HeartRateBpm>
              <Value>131</Value>
            </HeartRateBpm>
            <Extensions>
              <ns3:TPX>
                <ns3:Speed>1.38100004196167</ns3:Speed>
              </ns3:TPX>
            </Extensions>
          </Trackpoint>
          <Trackpoint>
            <Time>2026-02-24T07:59:50.000Z</Time>
            <Position>
              <LatitudeDegrees>51.76236005499959</LatitudeDegrees>
              <LongitudeDegrees>-0.22554502822458744</LongitudeDegrees>
            </Position>
            <AltitudeMeters>84.19999694824219</AltitudeMeters>
            <DistanceMeters>894.8699951171875</DistanceMeters>
            <HeartRateBpm>
              <Value>131</Value>
            </HeartRateBpm>
            <Extensions>
              <ns3:TPX>
                <ns3:Speed>1.4279999732971191</ns3:Speed>
              </ns3:TPX>
            </Extensions>
          </Trackpoint>
          <Trackpoint>
            <Time>2026-02-24T07:59:52.000Z</Time>
            <Position>
              <LatitudeDegrees>51.76235619932413</LatitudeDegrees>
              <LongitudeDegrees>-0.22557813674211502</LongitudeDegrees>
            </Position>
            <AltitudeMeters>84.19999694824219</AltitudeMeters>
            <DistanceMeters>896.9299926757812</DistanceMeters>
            <HeartRateBpm>
              <Value>131</Value>
            </HeartRateBpm>
            <Extensions>
              <ns3:TPX>
                <ns3:Speed>1.437000036239624</ns3:Speed>
              </ns3:TPX>
            </Extensions>
          </Trackpoint>
          <Trackpoint>
            <Time>2026-02-24T07:59:55.000Z</Time>
            <Position>
              <LatitudeDegrees>51.762339267879725</LatitudeDegrees>
              <LongitudeDegrees>-0.22561786696314812</LongitudeDegrees>
            </Position>
            <AltitudeMeters>84.4000015258789</AltitudeMeters>
            <DistanceMeters>900.0499877929688</DistanceMeters>
            <HeartRateBpm>
              <Value>131</Value>
            </HeartRateBpm>
            <Extensions>
              <ns3:TPX>
                <ns3:Speed>1.4279999732971191</ns3:Speed>
              </ns3:TPX>
            </Extensions>
          </Trackpoint>
          <Trackpoint>
            <Time>2026-02-24T08:00:03.000Z</Time>
            <Position>
              <LatitudeDegrees>51.76228838972747</LatitudeDegrees>
              <LongitudeDegrees>-0.22575893439352512</LongitudeDegrees>
            </Position>
            <AltitudeMeters>84.4000015258789</AltitudeMeters>
            <DistanceMeters>911.5599975585938</DistanceMeters>
            <HeartRateBpm>
              <Value>129</Value>
            </HeartRateBpm>
            <Extensions>
              <ns3:TPX>
                <ns3:Speed>1.409000039100647</ns3:Speed>
              </ns3:TPX>
            </Extensions>
          </Trackpoint>
          <Trackpoint>
            <Time>2026-02-24T08:00:08.000Z</Time>
            <Position>
              <LatitudeDegrees>51.7622678540647</LatitudeDegrees>
              <LongitudeDegrees>-0.22584962658584118</LongitudeDegrees>
            </Position>
            <AltitudeMeters>84.4000015258789</AltitudeMeters>
            <DistanceMeters>918.1900024414062</DistanceMeters>
            <HeartRateBpm>
              <Value>132</Value>
            </HeartRateBpm>
            <Extensions>
              <ns3:TPX>
                <ns3:Speed>1.3899999856948853</ns3:Speed>
              </ns3:TPX>
            </Extensions>
          </Trackpoint>
          <Trackpoint>
            <Time>2026-02-24T08:00:12.000Z</Time>
            <Position>
              <LatitudeDegrees>51.76224974915385</LatitudeDegrees>
              <LongitudeDegrees>-0.22591860964894295</LongitudeDegrees>
            </Position>
            <AltitudeMeters>84.5999984741211</AltitudeMeters>
            <DistanceMeters>923.6900024414062</DistanceMeters>
            <HeartRateBpm>
              <Value>132</Value>
            </HeartRateBpm>
            <Extensions>
              <ns3:TPX>
                <ns3:Speed>1.3899999856948853</ns3:Speed>
              </ns3:TPX>
            </Extensions>
          </Trackpoint>
          <Trackpoint>
            <Time>2026-02-24T08:00:20.000Z</Time>
            <Position>
              <LatitudeDegrees>51.76220775581896</LatitudeDegrees>
              <LongitudeDegrees>-0.22604777477681637</LongitudeDegrees>
            </Position>
            <AltitudeMeters>84.80000305175781</AltitudeMeters>
            <DistanceMeters>932.97998046875</DistanceMeters>
            <HeartRateBpm>
              <Value>132</Value>
            </HeartRateBpm>
            <Extensions>
              <ns3:TPX>
                <ns3:Speed>1.371999979019165</ns3:Speed>
              </ns3:TPX>
            </Extensions>
          </Trackpoint>
          <Trackpoint>
            <Time>2026-02-24T08:00:27.000Z</Time>
            <Position>
              <LatitudeDegrees>51.76218621432781</LatitudeDegrees>
              <LongitudeDegrees>-0.22620795294642448</LongitudeDegrees>
            </Position>
            <AltitudeMeters>85.0</AltitudeMeters>
            <DistanceMeters>944.3900146484375</DistanceMeters>
            <HeartRateBpm>
              <Value>132</Value>
            </HeartRateBpm>
            <Extensions>
              <ns3:TPX>
                <ns3:Speed>1.371999979019165</ns3:Speed>
              </ns3:TPX>
            </Extensions>
          </Trackpoint>
          <Trackpoint>
            <Time>2026-02-24T08:00:34.000Z</Time>
            <Position>
              <LatitudeDegrees>51.76217188127339</LatitudeDegrees>
              <LongitudeDegrees>-0.22633728571236134</LongitudeDegrees>
            </Position>
            <AltitudeMeters>84.80000305175781</AltitudeMeters>
            <DistanceMeters>954.219970703125</DistanceMeters>
            <HeartRateBpm>
              <Value>132</Value>
            </HeartRateBpm>
            <Extensions>
              <ns3:TPX>
                <ns3:Speed>1.38100004196167</ns3:Speed>
              </ns3:TPX>
            </Extensions>
          </Trackpoint>
          <Trackpoint>
            <Time>2026-02-24T08:00:41.000Z</Time>
            <Position>
              <LatitudeDegrees>51.76213868893683</LatitudeDegrees>
              <LongitudeDegrees>-0.22647692821919918</LongitudeDegrees>
            </Position>
            <AltitudeMeters>85.0</AltitudeMeters>
            <DistanceMeters>964.97998046875</DistanceMeters>
            <HeartRateBpm>
              <Value>132</Value>
            </HeartRateBpm>
            <Extensions>
              <ns3:TPX>
                <ns3:Speed>1.38100004196167</ns3:Speed>
              </ns3:TPX>
            </Extensions>
          </Trackpoint>
          <Trackpoint>
            <Time>2026-02-24T08:00:49.000Z</Time>
            <Position>
              <LatitudeDegrees>51.76213634200394</LatitudeDegrees>
              <LongitudeDegrees>-0.22663811221718788</LongitudeDegrees>
            </Position>
            <AltitudeMeters>85.19999694824219</AltitudeMeters>
            <DistanceMeters>975.989990234375</DistanceMeters>
            <HeartRateBpm>
              <Value>131</Value>
            </HeartRateBpm>
            <Extensions>
              <ns3:TPX>
                <ns3:Speed>1.399999976158142</ns3:Speed>
              </ns3:TPX>
            </Extensions>
          </Trackpoint>
          <Trackpoint>
            <Time>2026-02-24T08:00:59.000Z</Time>
            <Position>
              <LatitudeDegrees>51.762156542390585</LatitudeDegrees>
              <LongitudeDegrees>-0.22684707306325436</LongitudeDegrees>
            </Position>
            <AltitudeMeters>84.80000305175781</AltitudeMeters>
            <DistanceMeters>990.52001953125</DistanceMeters>
            <HeartRateBpm>
              <Value>131</Value>
            </HeartRateBpm>
            <Extensions>
              <ns3:TPX>
                <ns3:Speed>1.399999976158142</ns3:Speed>
              </ns3:TPX>
            </Extensions>
          </Trackpoint>
          <Trackpoint>
            <Time>2026-02-24T08:01:08.000Z</Time>
            <Position>
              <LatitudeDegrees>51.762160398066044</LatitudeDegrees>
              <LongitudeDegrees>-0.22702527232468128</LongitudeDegrees>
            </Position>
            <AltitudeMeters>84.80000305175781</AltitudeMeters>
            <DistanceMeters>1002.5399780273438</DistanceMeters>
            <HeartRateBpm>
              <Value>130</Value>
            </HeartRateBpm>
            <Extensions>
              <ns3:TPX>
                <ns3:Speed>1.399999976158142</ns3:Speed>
              </ns3:TPX>
            </Extensions>
          </Trackpoint>
        </Track>
        <Extensions>
          <ns3:LX>
            <ns3:AvgSpeed>1.3070000410079956</ns3:AvgSpeed>
            <ns3:AvgRunCadence>51</ns3:AvgRunCadence>
            <ns3:MaxRunCadence>56</ns3:MaxRunCadence>
          </ns3:LX>
        </Extensions>
      </Lap>
      <Lap StartTime="2026-02-24T08:01:08.000Z">
        <TotalTimeSeconds>732.023</TotalTimeSeconds>
        <DistanceMeters>1000.0</DistanceMeters>
        <MaximumSpeed>1.4559999704360962</MaximumSpeed>
        <Calories>60</Calories>
        <AverageHeartRateBpm>
          <Value>128</Value>
        </AverageHeartRateBpm>
        <MaximumHeartRateBpm>
          <Value>144</Value>
        </MaximumHeartRateBpm>
        <Intensity>Active</Intensity>
        <TriggerMethod>Manual</TriggerMethod>
        <Track>
          <Trackpoint>
            <Time>2026-02-24T08:01:08.000Z</Time>
            <Position>
              <LatitudeDegrees>51.762160398066044</LatitudeDegrees>
              <LongitudeDegrees>-0.22702527232468128</LongitudeDegrees>
            </Position>
            <AltitudeMeters>84.80000305175781</AltitudeMeters>
            <DistanceMeters>1002.5399780273438</DistanceMeters>
            <HeartRateBpm>
              <Value>130</Value>
            </HeartRateBpm>
            <Extensions>
              <ns3:TPX>
                <ns3:Speed>1.399999976158142</ns3:Speed>
              </ns3:TPX>
            </Extensions>
          </Trackpoint>
          <Trackpoint>
            <Time>2026-02-24T08:01:17.000Z</Time>
            <Position>
              <LatitudeDegrees>51.762159978970885</LatitudeDegrees>
              <LongitudeDegrees>-0.22720430977642536</LongitudeDegrees>
            </Position>
            <AltitudeMeters>85.0</AltitudeMeters>
            <DistanceMeters>1015.27001953125</DistanceMeters>
            <HeartRateBpm>
              <Value>131</Value>
            </HeartRateBpm>
            <Extensions>
              <ns3:TPX>
                <ns3:Speed>1.399999976158142</ns3:Speed>
              </ns3:TPX>
            </Extensions>
          </Trackpoint>
          <Trackpoint>
            <Time>2026-02-24T08:01:23.000Z</Time>
            <Position>
              <LatitudeDegrees>51.76216157153249</LatitudeDegrees>
              <LongitudeDegrees>-0.22731059230864048</LongitudeDegrees>
            </Position>
            <AltitudeMeters>85.0</AltitudeMeters>
            <DistanceMeters>1022.489990234375</DistanceMeters>
            <HeartRateBpm>
              <Value>134</Value>
            </HeartRateBpm>
            <Extensions>
              <ns3:TPX>
                <ns3:Speed>1.399999976158142</ns3:Speed>
              </ns3:TPX>
            </Extensions>
          </Trackpoint>
          <Trackpoint>
            <Time>2026-02-24T08:01:26.000Z</Time>
            <Position>
              <LatitudeDegrees>51.762158470228314</LatitudeDegrees>
              <LongitudeDegrees>-0.22736582905054092</LongitudeDegrees>
            </Position>
            <AltitudeMeters>85.0</AltitudeMeters>
            <DistanceMeters>1026.3800048828125</DistanceMeters>
            <HeartRateBpm>
              <Value>133</Value>
            </HeartRateBpm>
            <Extensions>
              <ns3:TPX>
                <ns3:Speed>1.3899999856948853</ns3:Speed>
              </ns3:TPX>
            </Extensions>
          </Trackpoint>
          <Trackpoint>
            <Time>2026-02-24T08:01:34.000Z</Time>
            <Position>
              <LatitudeDegrees>51.76215436309576</LatitudeDegrees>
              <LongitudeDegrees>-0.2275284379720688</LongitudeDegrees>
            </Position>
            <AltitudeMeters>85.0</AltitudeMeters>
            <DistanceMeters>1037.4100341796875</DistanceMeters>
            <HeartRateBpm>
              <Value>133</Value>
            </HeartRateBpm>
            <Extensions>
              <ns3:TPX>
                <ns3:Speed>1.38100004196167</ns3:Speed>
              </ns3:TPX>
            </Extensions>
          </Trackpoint>
          <Trackpoint>
            <Time>2026-02-24T08:01:42.000Z</Time>
            <Position>
              <LatitudeDegrees>51.762181017547846</LatitudeDegrees>
              <LongitudeDegrees>-0.22770303301513195</LongitudeDegrees>
            </Position>
            <AltitudeMeters>84.80000305175781</AltitudeMeters>
            <DistanceMeters>1050.25</DistanceMeters>
            <HeartRateBpm>
              <Value>132</Value>
            </HeartRateBpm>
            <Extensions>
              <ns3:TPX>
                <ns3:Speed>1.409000039100647</ns3:Speed>
              </ns3:TPX>
            </Extensions>
          </Trackpoint>
          <Trackpoint>
            <Time>2026-02-24T08:01:47.000Z</Time>
            <Position>
              <LatitudeDegrees>51.76217598840594</LatitudeDegrees>
              <LongitudeDegrees>-0.2277685794979334</LongitudeDegrees>
            </Position>
            <AltitudeMeters>84.4000015258789</AltitudeMeters>
            <DistanceMeters>1054.8699951171875</DistanceMeters>
            <HeartRateBpm>
              <Value>132</Value>
            </HeartRateBpm>
            <Extensions>
              <ns3:TPX>
                <ns3:Speed>1.399999976158142</ns3:Speed>
              </ns3:TPX>
            </Extensions>
          </Trackpoint>
          <Trackpoint>
            <Time>2026-02-24T08:01:49.000Z</Time>
            <Position>
              <LatitudeDegrees>51.762160481885076</LatitudeDegrees>
              <LongitudeDegrees>-0.22781015373766422</LongitudeDegrees>
            </Position>
            <AltitudeMeters>84.4000015258789</AltitudeMeters>
            <DistanceMeters>1058.56005859375</DistanceMeters>
            <HeartRateBpm>
              <Value>132</Value>
            </HeartRateBpm>
            <Extensions>
              <ns3:TPX>
                <ns3:Speed>1.3899999856948853</ns3:Speed>
              </ns3:TPX>
            </Extensions>
          </Trackpoint>
          <Trackpoint>
            <Time>2026-02-24T08:01:53.000Z</Time>
            <Position>
              <LatitudeDegrees>51.76217255182564</LatitudeDegrees>
              <LongitudeDegrees>-0.2279031090438366</LongitudeDegrees>
            </Position>
            <AltitudeMeters>84.4000015258789</AltitudeMeters>
            <DistanceMeters>1065.3499755859375</DistanceMeters>
            <HeartRateBpm>
              <Value>129</Value>
            </HeartRateBpm>
            <Extensions>
              <ns3:TPX>
                <ns3:Speed>1.399999976158142</ns3:Speed>
              </ns3:TPX>
            </Extensions>
          </Trackpoint>
          <Trackpoint>
            <Time>2026-02-24T08:01:55.000Z</Time>
            <Position>
              <LatitudeDegrees>51.76218084990978</LatitudeDegrees>
              <LongitudeDegrees>-0.2279467787593603</LongitudeDegrees>
            </Position>
            <AltitudeMeters>84.4000015258789</AltitudeMeters>
            <DistanceMeters>1068.7900390625</DistanceMeters>
            <HeartRateBpm>
              <Value>128</Value>
            </HeartRateBpm>
            <Extensions>
              <ns3:TPX>
                <ns3:Speed>1.4179999828338623</ns3:Speed>
              </ns3:TPX>
            </Extensions>
          </Trackpoint>
          <Trackpoint>
            <Time>2026-02-24T08:02:00.000Z</Time>
            <Position>
              <LatitudeDegrees>51.7621954344213</LatitudeDegrees>
              <LongitudeDegrees>-0.22804970853030682</LongitudeDegrees>
            </Position>
            <AltitudeMeters>84.0</AltitudeMeters>
            <DistanceMeters>1075.9200439453125</DistanceMeters>
            <HeartRateBpm>
              <Value>125</Value>
            </HeartRateBpm>
            <Extensions>
              <ns3:TPX>
                <ns3:Speed>1.437000036239624</ns3:Speed>
              </ns3:TPX>
            </Extensions>
          </Trackpoint>
          <Trackpoint>
            <Time>2026-02-24T08:02:03.000Z</Time>
            <Position>
              <LatitudeDegrees>51.76218889653683</LatitudeDegrees>
              <LongitudeDegrees>-0.22809664718806744</LongitudeDegrees>
            </Position>
            <AltitudeMeters>84.0</AltitudeMeters>
            <DistanceMeters>1079.239990234375</DistanceMeters>
            <HeartRateBpm>
              <Value>125</Value>
            </HeartRateBpm>
            <Extensions>
              <ns3:TPX>
                <ns3:Speed>1.4459999799728394</ns3:Speed>
              </ns3:TPX>
            </Extensions>
          </Trackpoint>
          <Trackpoint>
            <Time>2026-02-24T08:02:13.000Z</Time>
            <Position>
              <LatitudeDegrees>51.76215821877122</LatitudeDegrees>
              <LongitudeDegrees>-0.2282907720655203</LongitudeDegrees>
            </Position>
            <AltitudeMeters>84.0</AltitudeMeters>
            <DistanceMeters>1093.02001953125</DistanceMeters>
            <HeartRateBpm>
              <Value>128</Value>
            </HeartRateBpm>
            <Extensions>
              <ns3:TPX>
                <ns3:Speed>1.4279999732971191</ns3:Speed>
              </ns3:TPX>
            </Extensions>
          </Trackpoint>
          <Trackpoint>
            <Time>2026-02-24T08:02:24.000Z</Time>
            <Position>
              <LatitudeDegrees>51.76214120350778</LatitudeDegrees>
              <LongitudeDegrees>-0.2285162452608347</LongitudeDegrees>
            </Position>
            <AltitudeMeters>83.80000305175781</AltitudeMeters>
            <DistanceMeters>1108.800048828125</DistanceMeters>
            <HeartRateBpm>
              <Value>126</Value>
            </HeartRateBpm>
            <Extensions>
              <ns3:TPX>
                <ns3:Speed>1.409000039100647</ns3:Speed>
              </ns3:TPX>
            </Extensions>
          </Trackpoint>
          <Trackpoint>
            <Time>2026-02-24T08:02:32.000Z</Time>
            <Position>
              <LatitudeDegrees>51.76211220212281</LatitudeDegrees>
              <LongitudeDegrees>-0.2286627609282732</LongitudeDegrees>
            </Position>
            <AltitudeMeters>83.80000305175781</AltitudeMeters>
            <DistanceMeters>1119.489990234375</DistanceMeters>
            <HeartRateBpm>
              <Value>126</Value>
            </HeartRateBpm>
            <Extensions>
              <ns3:TPX>
                <ns3:Speed>1.399999976158142</ns3:Speed>
              </ns3:TPX>
            </Extensions>
          </Trackpoint>
          <Trackpoint>
            <Time>2026-02-24T08:02:34.000Z</Time>
            <Position>
              <LatitudeDegrees>51.76210457459092</LatitudeDegrees>
              <LongitudeDegrees>-0.2287058439105749</LongitudeDegrees>
            </Position>
            <AltitudeMeters>83.5999984741211</AltitudeMeters>
            <DistanceMeters>1122.489990234375</DistanceMeters>
            <HeartRateBpm>
              <Value>125</Value>
            </HeartRateBpm>
            <Extensions>
              <ns3:TPX>
                <ns3:Speed>1.399999976158142</ns3:Speed>
              </ns3:TPX>
            </Extensions>
          </Trackpoint>
          <Trackpoint>
            <Time>2026-02-24T08:02:39.000Z</Time>
            <Position>
              <LatitudeDegrees>51.76208822987974</LatitudeDegrees>
              <LongitudeDegrees>-0.22880081087350845</LongitudeDegrees>
            </Position>
            <AltitudeMeters>83.5999984741211</AltitudeMeters>
            <DistanceMeters>1129.0999755859375</DistanceMeters>
            <HeartRateBpm>
              <Value>125</Value>
            </HeartRateBpm>
            <Extensions>
              <ns3:TPX>
                <ns3:Speed>1.409000039100647</ns3:Speed>
              </ns3:TPX>
            </Extensions>
          </Trackpoint>
          <Trackpoint>
            <Time>2026-02-24T08:02:46.000Z</Time>
            <Position>
              <LatitudeDegrees>51.76206928677857</LatitudeDegrees>
              <LongitudeDegrees>-0.22894330322742462</LongitudeDegrees>
            </Position>
            <AltitudeMeters>83.4000015258789</AltitudeMeters>
            <DistanceMeters>1139.4599609375</DistanceMeters>
            <HeartRateBpm>
              <Value>126</Value>
            </HeartRateBpm>
            <Extensions>
              <ns3:TPX>
                <ns3:Speed>1.399999976158142</ns3:Speed>
              </ns3:TPX>
            </Extensions>
          </Trackpoint>
          <Trackpoint>
            <Time>2026-02-24T08:02:54.000Z</Time>
            <Position>
              <LatitudeDegrees>51.762028550729156</LatitudeDegrees>
              <LongitudeDegrees>-0.2290777489542961</LongitudeDegrees>
            </Position>
            <AltitudeMeters>83.19999694824219</AltitudeMeters>
            <DistanceMeters>1149.719970703125</DistanceMeters>
            <HeartRateBpm>
              <Value>127</Value>
            </HeartRateBpm>
            <Extensions>
              <ns3:TPX>
                <ns3:Speed>1.409000039100647</ns3:Speed>
              </ns3:TPX>
            </Extensions>
          </Trackpoint>
          <Trackpoint>
            <Time>2026-02-24T08:03:00.000Z</Time>
            <Position>
              <LatitudeDegrees>51.76203575916588</LatitudeDegrees>
              <LongitudeDegrees>-0.22919786162674427</LongitudeDegrees>
            </Position>
            <AltitudeMeters>83.19999694824219</AltitudeMeters>
            <DistanceMeters>1158.1099853515625</DistanceMeters>
            <HeartRateBpm>
              <Value>128</Value>
            </HeartRateBpm>
            <Extensions>
              <ns3:TPX>
                <ns3:Speed>1.3899999856948853</ns3:Speed>
              </ns3:TPX>
            </Extensions>
          </Trackpoint>
          <Trackpoint>
            <Time>2026-02-24T08:03:07.000Z</Time>
            <Position>
              <LatitudeDegrees>51.76205755211413</LatitudeDegrees>
              <LongitudeDegrees>-0.22933943197131157</LongitudeDegrees>
            </Position>
            <AltitudeMeters>83.4000015258789</AltitudeMeters>
            <DistanceMeters>1168.2900390625</DistanceMeters>
            <HeartRateBpm>
              <Value>130</Value>
            </HeartRateBpm>
            <Extensions>
              <ns3:TPX>
                <ns3:Speed>1.409000039100647</ns3:Speed>
              </ns3:TPX>
            </Extensions>
          </Trackpoint>
          <Trackpoint>
            <Time>2026-02-24T08:03:13.000Z</Time>
            <Position>
              <LatitudeDegrees>51.762058390304446</LatitudeDegrees>
              <LongitudeDegrees>-0.2294561080634594</LongitudeDegrees>
            </Position>
            <AltitudeMeters>83.19999694824219</AltitudeMeters>
            <DistanceMeters>1176.3499755859375</DistanceMeters>
            <HeartRateBpm>
              <Value>133</Value>
            </HeartRateBpm>
            <Extensions>
              <ns3:TPX>
                <ns3:Speed>1.3899999856948853</ns3:Speed>
              </ns3:TPX>
            </Extensions>
          </Trackpoint>
          <Trackpoint>
            <Time>2026-02-24T08:03:15.000Z</Time>
            <Position>
              <LatitudeDegrees>51.76205025985837</LatitudeDegrees>
              <LongitudeDegrees>-0.22949961014091969</LongitudeDegrees>
            </Position>
            <AltitudeMeters>83.19999694824219</AltitudeMeters>
            <DistanceMeters>1179.3699951171875</DistanceMeters>
            <HeartRateBpm>
              <Value>136</Value>
            </HeartRateBpm>
            <Extensions>
              <ns3:TPX>
                <ns3:Speed>1.399999976158142</ns3:Speed>
              </ns3:TPX>
            </Extensions>
          </Trackpoint>
          <Trackpoint>
            <Time>2026-02-24T08:03:23.000Z</Time>
            <Position>
              <LatitudeDegrees>51.762007931247354</LatitudeDegrees>
              <LongitudeDegrees>-0.22964411415159702</LongitudeDegrees>
            </Position>
            <AltitudeMeters>83.0</AltitudeMeters>
            <DistanceMeters>1190.72998046875</DistanceMeters>
            <HeartRateBpm>
              <Value>136</Value>
            </HeartRateBpm>
            <Extensions>
              <ns3:TPX>
                <ns3:Speed>1.399999976158142</ns3:Speed>
              </ns3:TPX>
            </Extensions>
          </Trackpoint>
          <Trackpoint>
            <Time>2026-02-24T08:03:30.000Z</Time>
            <Position>
              <LatitudeDegrees>51.76200491376221</LatitudeDegrees>
              <LongitudeDegrees>-0.2297789789736271</LongitudeDegrees>
            </Position>
            <AltitudeMeters>83.0</AltitudeMeters>
            <DistanceMeters>1200.6600341796875</DistanceMeters>
            <HeartRateBpm>
              <Value>135</Value>
            </HeartRateBpm>
            <Extensions>
              <ns3:TPX>
                <ns3:Speed>1.399999976158142</ns3:Speed>
              </ns3:TPX>
            </Extensions>
          </Trackpoint>
          <Trackpoint>
            <Time>2026-02-24T08:03:31.000Z</Time>
            <Position>
              <LatitudeDegrees>51.76201321184635</LatitudeDegrees>
              <LongitudeDegrees>-0.22979289293289185</LongitudeDegrees>
            </Position>
            <AltitudeMeters>83.0</AltitudeMeters>
            <DistanceMeters>1201.8499755859375</DistanceMeters>
            <HeartRateBpm>
              <Value>134</Value>
            </HeartRateBpm>
            <Extensions>
              <ns3:TPX>
                <ns3:Speed>1.399999976158142</ns3:Speed>
              </ns3:TPX>
            </Extensions>
          </Trackpoint>
          <Trackpoint>
            <Time>2026-02-24T08:03:41.000Z</Time>
            <Position>
              <LatitudeDegrees>51.76209267228842</LatitudeDegrees>
              <LongitudeDegrees>-0.2299543283879757</LongitudeDegrees>
            </Position>
            <AltitudeMeters>83.0</AltitudeMeters>
            <DistanceMeters>1216.260009765625</DistanceMeters>
            <HeartRateBpm>
              <Value>131</Value>
            </HeartRateBpm>
            <Extensions>
              <ns3:TPX>
                <ns3:Speed>1.399999976158142</ns3:Speed>
              </ns3:TPX>
            </Extensions>
          </Trackpoint>
          <Trackpoint>
            <Time>2026-02-24T08:03:53.000Z</Time>
            <Position>
              <LatitudeDegrees>51.76217045634985</LatitudeDegrees>
              <LongitudeDegrees>-0.2301471121609211</LongitudeDegrees>
            </Position>
            <AltitudeMeters>82.80000305175781</AltitudeMeters>
            <DistanceMeters>1232.3599853515625</DistanceMeters>
            <HeartRateBpm>
              <Value>129</Value>
            </HeartRateBpm>
            <Extensions>
              <ns3:TPX>
                <ns3:Speed>1.371999979019165</ns3:Speed>
              </ns3:TPX>
            </Extensions>
          </Trackpoint>
          <Trackpoint>
            <Time>2026-02-24T08:04:05.000Z</Time>
            <Position>
              <LatitudeDegrees>51.76222762092948</LatitudeDegrees>
              <LongitudeDegrees>-0.2303616050630808</LongitudeDegrees>
            </Position>
            <AltitudeMeters>82.80000305175781</AltitudeMeters>
            <DistanceMeters>1248.510009765625</DistanceMeters>
            <HeartRateBpm>
              <Value>128</Value>
            </HeartRateBpm>
            <Extensions>
              <ns3:TPX>
                <ns3:Speed>1.3619999885559082</ns3:Speed>
              </ns3:TPX>
            </Extensions>
          </Trackpoint>
          <Trackpoint>
            <Time>2026-02-24T08:04:16.000Z</Time>
            <Position>
              <LatitudeDegrees>51.7622662615031</LatitudeDegrees>
              <LongitudeDegrees>-0.2305424865335226</LongitudeDegrees>
            </Position>
            <AltitudeMeters>82.5999984741211</AltitudeMeters>
            <DistanceMeters>1261.43994140625</DistanceMeters>
            <HeartRateBpm>
              <Value>126</Value>
            </HeartRateBpm>
            <Extensions>
              <ns3:TPX>
                <ns3:Speed>1.3339999914169312</ns3:Speed>
              </ns3:TPX>
            </Extensions>
          </Trackpoint>
          <Trackpoint>
            <Time>2026-02-24T08:04:24.000Z</Time>
            <Position>
              <LatitudeDegrees>51.76224002614617</LatitudeDegrees>
              <LongitudeDegrees>-0.230680787935853</LongitudeDegrees>
            </Position>
            <AltitudeMeters>82.5999984741211</AltitudeMeters>
            <DistanceMeters>1271.0</DistanceMeters>
            <HeartRateBpm>
              <Value>123</Value>
            </HeartRateBpm>
            <Extensions>
              <ns3:TPX>
                <ns3:Speed>1.315999984741211</ns3:Speed>
              </ns3:TPX>
            </Extensions>
          </Trackpoint>
          <Trackpoint>
            <Time>2026-02-24T08:04:32.000Z</Time>
            <Position>
              <LatitudeDegrees>51.76220322959125</LatitudeDegrees>
              <LongitudeDegrees>-0.23083836771547794</LongitudeDegrees>
            </Position>
            <AltitudeMeters>82.4000015258789</AltitudeMeters>
            <DistanceMeters>1283.239990234375</DistanceMeters>
            <HeartRateBpm>
              <Value>125</Value>
            </HeartRateBpm>
            <Extensions>
              <ns3:TPX>
                <ns3:Speed>1.3250000476837158</ns3:Speed>
              </ns3:TPX>
            </Extensions>
          </Trackpoint>
          <Trackpoint>
            <Time>2026-02-24T08:04:40.000Z</Time>
            <Position>
              <LatitudeDegrees>51.76218755543232</LatitudeDegrees>
              <LongitudeDegrees>-0.23100483231246471</LongitudeDegrees>
            </Position>
            <AltitudeMeters>82.19999694824219</AltitudeMeters>
            <DistanceMeters>1295.0</DistanceMeters>
            <HeartRateBpm>
              <Value>126</Value>
            </HeartRateBpm>
            <Extensions>
              <ns3:TPX>
                <ns3:Speed>1.343999981880188</ns3:Speed>
              </ns3:TPX>
            </Extensions>
          </Trackpoint>
          <Trackpoint>
            <Time>2026-02-24T08:04:44.000Z</Time>
            <Position>
              <LatitudeDegrees>51.762216640636325</LatitudeDegrees>
              <LongitudeDegrees>-0.23107255809009075</LongitudeDegrees>
            </Position>
            <AltitudeMeters>82.19999694824219</AltitudeMeters>
            <DistanceMeters>1300.530029296875</DistanceMeters>
            <HeartRateBpm>
              <Value>123</Value>
            </HeartRateBpm>
            <Extensions>
              <ns3:TPX>
                <ns3:Speed>1.343999981880188</ns3:Speed>
              </ns3:TPX>
            </Extensions>
          </Trackpoint>
          <Trackpoint>
            <Time>2026-02-24T08:04:47.000Z</Time>
            <Position>
              <LatitudeDegrees>51.762237595394254</LatitudeDegrees>
              <LongitudeDegrees>-0.2311174012720585</LongitudeDegrees>
            </Position>
            <AltitudeMeters>82.19999694824219</AltitudeMeters>
            <DistanceMeters>1304.5799560546875</DistanceMeters>
            <HeartRateBpm>
              <Value>122</Value>
            </HeartRateBpm>
            <Extensions>
              <ns3:TPX>
                <ns3:Speed>1.3530000448226929</ns3:Speed>
              </ns3:TPX>
            </Extensions>
          </Trackpoint>
          <Trackpoint>
            <Time>2026-02-24T08:04:51.000Z</Time>
            <Position>
              <LatitudeDegrees>51.76223784685135</LatitudeDegrees>
              <LongitudeDegrees>-0.23114439100027084</LongitudeDegrees>
            </Position>
            <AltitudeMeters>82.19999694824219</AltitudeMeters>
            <DistanceMeters>1306.5699462890625</DistanceMeters>
            <HeartRateBpm>
              <Value>122</Value>
            </HeartRateBpm>
            <Extensions>
              <ns3:TPX>
                <ns3:Speed>1.3339999914169312</ns3:Speed>
              </ns3:TPX>
            </Extensions>
          </Trackpoint>
          <Trackpoint>
            <Time>2026-02-24T08:04:52.000Z</Time>
            <Position>
              <LatitudeDegrees>51.76223608665168</LatitudeDegrees>
              <LongitudeDegrees>-0.23116685450077057</LongitudeDegrees>
            </Position>
            <AltitudeMeters>82.19999694824219</AltitudeMeters>
            <DistanceMeters>1308.260009765625</DistanceMeters>
            <HeartRateBpm>
              <Value>122</Value>
            </HeartRateBpm>
            <Extensions>
              <ns3:TPX>
                <ns3:Speed>1.305999994277954</ns3:Speed>
              </ns3:TPX>
            </Extensions>
          </Trackpoint>
          <Trackpoint>
            <Time>2026-02-24T08:04:59.000Z</Time>
            <Position>
              <LatitudeDegrees>51.762213287875056</LatitudeDegrees>
              <LongitudeDegrees>-0.2312961034476757</LongitudeDegrees>
            </Position>
            <AltitudeMeters>82.19999694824219</AltitudeMeters>
            <DistanceMeters>1317.6300048828125</DistanceMeters>
            <HeartRateBpm>
              <Value>123</Value>
            </HeartRateBpm>
            <Extensions>
              <ns3:TPX>
                <ns3:Speed>1.305999994277954</ns3:Speed>
              </ns3:TPX>
            </Extensions>
          </Trackpoint>
          <Trackpoint>
            <Time>2026-02-24T08:05:06.000Z</Time>
            <Position>
              <LatitudeDegrees>51.762237176299095</LatitudeDegrees>
              <LongitudeDegrees>-0.2314327284693718</LongitudeDegrees>
            </Position>
            <AltitudeMeters>82.19999694824219</AltitudeMeters>
            <DistanceMeters>1327.56005859375</DistanceMeters>
            <HeartRateBpm>
              <Value>123</Value>
            </HeartRateBpm>
            <Extensions>
              <ns3:TPX>
                <ns3:Speed>1.2970000505447388</ns3:Speed>
              </ns3:TPX>
            </Extensions>
          </Trackpoint>
          <Trackpoint>
            <Time>2026-02-24T08:05:16.000Z</Time>
            <Position>
              <LatitudeDegrees>51.76228051073849</LatitudeDegrees>
              <LongitudeDegrees>-0.231599360704422</LongitudeDegrees>
            </Position>
            <AltitudeMeters>82.19999694824219</AltitudeMeters>
            <DistanceMeters>1340.219970703125</DistanceMeters>
            <HeartRateBpm>
              <Value>125</Value>
            </HeartRateBpm>
            <Extensions>
              <ns3:TPX>
                <ns3:Speed>1.277999997138977</ns3:Speed>
              </ns3:TPX>
            </Extensions>
          </Trackpoint>
          <Trackpoint>
            <Time>2026-02-24T08:05:23.000Z</Time>
            <Position>
              <LatitudeDegrees>51.76224715076387</LatitudeDegrees>
              <LongitudeDegrees>-0.2317348960787058</LongitudeDegrees>
            </Position>
            <AltitudeMeters>82.19999694824219</AltitudeMeters>
            <DistanceMeters>1350.0799560546875</DistanceMeters>
            <HeartRateBpm>
              <Value>124</Value>
            </HeartRateBpm>
            <Extensions>
              <ns3:TPX>
                <ns3:Speed>1.2970000505447388</ns3:Speed>
              </ns3:TPX>
            </Extensions>
          </Trackpoint>
          <Trackpoint>
            <Time>2026-02-24T08:05:31.000Z</Time>
            <Position>
              <LatitudeDegrees>51.7622091807425</LatitudeDegrees>
              <LongitudeDegrees>-0.23187403567135334</LongitudeDegrees>
            </Position>
            <AltitudeMeters>82.0</AltitudeMeters>
            <DistanceMeters>1360.75</DistanceMeters>
            <HeartRateBpm>
              <Value>125</Value>
            </HeartRateBpm>
            <Extensions>
              <ns3:TPX>
                <ns3:Speed>1.2970000505447388</ns3:Speed>
              </ns3:TPX>
            </Extensions>
          </Trackpoint>
          <Trackpoint>
            <Time>2026-02-24T08:05:38.000Z</Time>
            <Position>
              <LatitudeDegrees>51.76220406778157</LatitudeDegrees>
              <LongitudeDegrees>-0.2320148516446352</LongitudeDegrees>
            </Position>
            <AltitudeMeters>82.0</AltitudeMeters>
            <DistanceMeters>1370.5</DistanceMeters>
            <HeartRateBpm>
              <Value>124</Value>
            </HeartRateBpm>
            <Extensions>
              <ns3:TPX>
                <ns3:Speed>1.305999994277954</ns3:Speed>
              </ns3:TPX>
            </Extensions>
          </Trackpoint>
          <Trackpoint>
            <Time>2026-02-24T08:05:43.000Z</Time>
            <Position>
              <LatitudeDegrees>51.7622144613415</LatitudeDegrees>
              <LongitudeDegrees>-0.23211769759655</LongitudeDegrees>
            </Position>
            <AltitudeMeters>81.80000305175781</AltitudeMeters>
            <DistanceMeters>1377.3699951171875</DistanceMeters>
            <HeartRateBpm>
              <Value>121</Value>
            </HeartRateBpm>
            <Extensions>
              <ns3:TPX>
                <ns3:Speed>1.315999984741211</ns3:Speed>
              </ns3:TPX>
            </Extensions>
          </Trackpoint>
          <Trackpoint>
            <Time>2026-02-24T08:05:45.000Z</Time>
            <Position>
              <LatitudeDegrees>51.76221345551312</LatitudeDegrees>
              <LongitudeDegrees>-0.23215927183628082</LongitudeDegrees>
            </Position>
            <AltitudeMeters>82.0</AltitudeMeters>
            <DistanceMeters>1380.25</DistanceMeters>
            <HeartRateBpm>
              <Value>121</Value>
            </HeartRateBpm>
            <Extensions>
              <ns3:TPX>
                <ns3:Speed>1.315999984741211</ns3:Speed>
              </ns3:TPX>
            </Extensions>
          </Trackpoint>
          <Trackpoint>
            <Time>2026-02-24T08:05:54.000Z</Time>
            <Position>
              <LatitudeDegrees>51.76219828426838</LatitudeDegrees>
              <LongitudeDegrees>-0.23232204839587212</LongitudeDegrees>
            </Position>
            <AltitudeMeters>81.80000305175781</AltitudeMeters>
            <DistanceMeters>1391.93994140625</DistanceMeters>
            <HeartRateBpm>
              <Value>119</Value>
            </HeartRateBpm>
            <Extensions>
              <ns3:TPX>
                <ns3:Speed>1.315999984741211</ns3:Speed>
              </ns3:TPX>
            </Extensions>
          </Trackpoint>
          <Trackpoint>
            <Time>2026-02-24T08:05:59.000Z</Time>
            <Position>
              <LatitudeDegrees>51.76221454516053</LatitudeDegrees>
              <LongitudeDegrees>-0.23243109695613384</LongitudeDegrees>
            </Position>
            <AltitudeMeters>81.5999984741211</AltitudeMeters>
            <DistanceMeters>1399.8399658203125</DistanceMeters>
            <HeartRateBpm>
              <Value>120</Value>
            </HeartRateBpm>
            <Extensions>
              <ns3:TPX>
                <ns3:Speed>1.315999984741211</ns3:Speed>
              </ns3:TPX>
            </Extensions>
          </Trackpoint>
          <Trackpoint>
            <Time>2026-02-24T08:06:03.000Z</Time>
            <Position>
              <LatitudeDegrees>51.76222091540694</LatitudeDegrees>
              <LongitudeDegrees>-0.2324946317821741</LongitudeDegrees>
            </Position>
            <AltitudeMeters>81.4000015258789</AltitudeMeters>
            <DistanceMeters>1404.43994140625</DistanceMeters>
            <HeartRateBpm>
              <Value>121</Value>
            </HeartRateBpm>
            <Extensions>
              <ns3:TPX>
                <ns3:Speed>1.3250000476837158</ns3:Speed>
              </ns3:TPX>
            </Extensions>
          </Trackpoint>
          <Trackpoint>
            <Time>2026-02-24T08:06:12.000Z</Time>
            <Position>
              <LatitudeDegrees>51.76220566034317</LatitudeDegrees>
              <LongitudeDegrees>-0.23266545496881008</LongitudeDegrees>
            </Position>
            <AltitudeMeters>81.80000305175781</AltitudeMeters>
            <DistanceMeters>1415.8499755859375</DistanceMeters>
            <HeartRateBpm>
              <Value>122</Value>
            </HeartRateBpm>
            <Extensions>
              <ns3:TPX>
                <ns3:Speed>1.3250000476837158</ns3:Speed>
              </ns3:TPX>
            </Extensions>
          </Trackpoint>
          <Trackpoint>
            <Time>2026-02-24T08:06:20.000Z</Time>
            <Position>
              <LatitudeDegrees>51.762195099145174</LatitudeDegrees>
              <LongitudeDegrees>-0.23284767754375935</LongitudeDegrees>
            </Position>
            <AltitudeMeters>81.5999984741211</AltitudeMeters>
            <DistanceMeters>1429.280029296875</DistanceMeters>
            <HeartRateBpm>
              <Value>123</Value>
            </HeartRateBpm>
            <Extensions>
              <ns3:TPX>
                <ns3:Speed>1.343999981880188</ns3:Speed>
              </ns3:TPX>
            </Extensions>
          </Trackpoint>
          <Trackpoint>
            <Time>2026-02-24T08:06:28.000Z</Time>
            <Position>
              <LatitudeDegrees>51.76220993511379</LatitudeDegrees>
              <LongitudeDegrees>-0.2329862304031849</LongitudeDegrees>
            </Position>
            <AltitudeMeters>81.4000015258789</AltitudeMeters>
            <DistanceMeters>1438.43994140625</DistanceMeters>
            <HeartRateBpm>
              <Value>122</Value>
            </HeartRateBpm>
            <Extensions>
              <ns3:TPX>
                <ns3:Speed>1.3339999914169312</ns3:Speed>
              </ns3:TPX>
            </Extensions>
          </Trackpoint>
          <Trackpoint>
            <Time>2026-02-24T08:06:34.000Z</Time>
            <Position>
              <LatitudeDegrees>51.76219778135419</LatitudeDegrees>
              <LongitudeDegrees>-0.23304758593440056</LongitudeDegrees>
            </Position>
            <AltitudeMeters>81.19999694824219</AltitudeMeters>
            <DistanceMeters>1443.5</DistanceMeters>
            <HeartRateBpm>
              <Value>120</Value>
            </HeartRateBpm>
            <Extensions>
              <ns3:TPX>
                <ns3:Speed>1.3250000476837158</ns3:Speed>
              </ns3:TPX>
            </Extensions>
          </Trackpoint>
          <Trackpoint>
            <Time>2026-02-24T08:06:42.000Z</Time>
            <Position>
              <LatitudeDegrees>51.76217045634985</LatitudeDegrees>
              <LongitudeDegrees>-0.23307960480451584</LongitudeDegrees>
            </Position>
            <AltitudeMeters>81.19999694824219</AltitudeMeters>
            <DistanceMeters>1447.1099853515625</DistanceMeters>
            <HeartRateBpm>
              <Value>120</Value>
            </HeartRateBpm>
            <Extensions>
              <ns3:TPX>
                <ns3:Speed>0.0</ns3:Speed>
              </ns3:TPX>
            </Extensions>
          </Trackpoint>
          <Trackpoint>
            <Time>2026-02-24T08:06:49.000Z</Time>
            <Position>
              <LatitudeDegrees>51.76209560595453</LatitudeDegrees>
              <LongitudeDegrees>-0.23314917460083961</LongitudeDegrees>
            </Position>
            <AltitudeMeters>81.19999694824219</AltitudeMeters>
            <DistanceMeters>1457.5999755859375</DistanceMeters>
            <HeartRateBpm>
              <Value>123</Value>
            </HeartRateBpm>
            <Extensions>
              <ns3:TPX>
                <ns3:Speed>1.409000039100647</ns3:Speed>
              </ns3:TPX>
            </Extensions>
          </Trackpoint>
          <Trackpoint>
            <Time>2026-02-24T08:06:50.000Z</Time>
            <Position>
              <LatitudeDegrees>51.762084709480405</LatitudeDegrees>
              <LongitudeDegrees>-0.23316551931202412</LongitudeDegrees>
            </Position>
            <AltitudeMeters>81.0</AltitudeMeters>
            <DistanceMeters>1459.27001953125</DistanceMeters>
            <HeartRateBpm>
              <Value>123</Value>
            </HeartRateBpm>
            <Extensions>
              <ns3:TPX>
                <ns3:Speed>1.4279999732971191</ns3:Speed>
              </ns3:TPX>
            </Extensions>
          </Trackpoint>
          <Trackpoint>
            <Time>2026-02-24T08:06:58.000Z</Time>
            <Position>
              <LatitudeDegrees>51.76202201284468</LatitudeDegrees>
              <LongitudeDegrees>-0.2332764957100153</LongitudeDegrees>
            </Position>
            <AltitudeMeters>80.80000305175781</AltitudeMeters>
            <DistanceMeters>1469.4200439453125</DistanceMeters>
            <HeartRateBpm>
              <Value>122</Value>
            </HeartRateBpm>
            <Extensions>
              <ns3:TPX>
                <ns3:Speed>1.3250000476837158</ns3:Speed>
              </ns3:TPX>
            </Extensions>
          </Trackpoint>
          <Trackpoint>
            <Time>2026-02-24T08:07:06.000Z</Time>
            <Position>
              <LatitudeDegrees>51.76193601451814</LatitudeDegrees>
              <LongitudeDegrees>-0.2333287987858057</LongitudeDegrees>
            </Position>
            <AltitudeMeters>80.80000305175781</AltitudeMeters>
            <DistanceMeters>1480.1400146484375</DistanceMeters>
            <HeartRateBpm>
              <Value>120</Value>
            </HeartRateBpm>
            <Extensions>
              <ns3:TPX>
                <ns3:Speed>1.371999979019165</ns3:Speed>
              </ns3:TPX>
            </Extensions>
          </Trackpoint>
          <Trackpoint>
            <Time>2026-02-24T08:07:16.000Z</Time>
            <Position>
              <LatitudeDegrees>51.761808106675744</LatitudeDegrees>
              <LongitudeDegrees>-0.2333353366702795</LongitudeDegrees>
            </Position>
            <AltitudeMeters>81.4000015258789</AltitudeMeters>
            <DistanceMeters>1494.02001953125</DistanceMeters>
            <HeartRateBpm>
              <Value>119</Value>
            </HeartRateBpm>
            <Extensions>
              <ns3:TPX>
                <ns3:Speed>1.277999997138977</ns3:Speed>
              </ns3:TPX>
            </Extensions>
          </Trackpoint>
          <Trackpoint>
            <Time>2026-02-24T08:07:26.000Z</Time>
            <Position>
              <LatitudeDegrees>51.7617086134851</LatitudeDegrees>
              <LongitudeDegrees>-0.23342502303421497</LongitudeDegrees>
            </Position>
            <AltitudeMeters>80.5999984741211</AltitudeMeters>
            <DistanceMeters>1506.97998046875</DistanceMeters>
            <HeartRateBpm>
              <Value>121</Value>
            </HeartRateBpm>
            <Extensions>
              <ns3:TPX>
                <ns3:Speed>1.2879999876022339</ns3:Speed>
              </ns3:TPX>
            </Extensions>
          </Trackpoint>
          <Trackpoint>
            <Time>2026-02-24T08:07:32.000Z</Time>
            <Position>
              <LatitudeDegrees>51.76167164929211</LatitudeDegrees>
              <LongitudeDegrees>-0.23353884927928448</LongitudeDegrees>
            </Position>
            <AltitudeMeters>80.19999694824219</AltitudeMeters>
            <DistanceMeters>1515.9100341796875</DistanceMeters>
            <HeartRateBpm>
              <Value>124</Value>
            </HeartRateBpm>
            <Extensions>
              <ns3:TPX>
                <ns3:Speed>1.305999994277954</ns3:Speed>
              </ns3:TPX>
            </Extensions>
          </Trackpoint>
          <Trackpoint>
            <Time>2026-02-24T08:07:35.000Z</Time>
            <Position>
              <LatitudeDegrees>51.761659160256386</LatitudeDegrees>
              <LongitudeDegrees>-0.2335891406983137</LongitudeDegrees>
            </Position>
            <AltitudeMeters>80.19999694824219</AltitudeMeters>
            <DistanceMeters>1519.81005859375</DistanceMeters>
            <HeartRateBpm>
              <Value>125</Value>
            </HeartRateBpm>
            <Extensions>
              <ns3:TPX>
                <ns3:Speed>1.3250000476837158</ns3:Speed>
              </ns3:TPX>
            </Extensions>
          </Trackpoint>
          <Trackpoint>
            <Time>2026-02-24T08:07:42.000Z</Time>
            <Position>
              <LatitudeDegrees>51.761624878272414</LatitudeDegrees>
              <LongitudeDegrees>-0.23372224532067776</LongitudeDegrees>
            </Position>
            <AltitudeMeters>80.19999694824219</AltitudeMeters>
            <DistanceMeters>1529.760009765625</DistanceMeters>
            <HeartRateBpm>
              <Value>125</Value>
            </HeartRateBpm>
            <Extensions>
              <ns3:TPX>
                <ns3:Speed>1.3339999914169312</ns3:Speed>
              </ns3:TPX>
            </Extensions>
          </Trackpoint>
          <Trackpoint>
            <Time>2026-02-24T08:07:49.000Z</Time>
            <Position>
              <LatitudeDegrees>51.76159252412617</LatitudeDegrees>
              <LongitudeDegrees>-0.23383984342217445</LongitudeDegrees>
            </Position>
            <AltitudeMeters>80.19999694824219</AltitudeMeters>
            <DistanceMeters>1538.6700439453125</DistanceMeters>
            <HeartRateBpm>
              <Value>124</Value>
            </HeartRateBpm>
            <Extensions>
              <ns3:TPX>
                <ns3:Speed>1.3339999914169312</ns3:Speed>
              </ns3:TPX>
            </Extensions>
          </Trackpoint>
          <Trackpoint>
            <Time>2026-02-24T08:07:57.000Z</Time>
            <Position>
              <LatitudeDegrees>51.76155706867576</LatitudeDegrees>
              <LongitudeDegrees>-0.2339783962816</LongitudeDegrees>
            </Position>
            <AltitudeMeters>80.4000015258789</AltitudeMeters>
            <DistanceMeters>1549.1400146484375</DistanceMeters>
            <HeartRateBpm>
              <Value>125</Value>
            </HeartRateBpm>
            <Extensions>
              <ns3:TPX>
                <ns3:Speed>1.3339999914169312</ns3:Speed>
              </ns3:TPX>
            </Extensions>
          </Trackpoint>
          <Trackpoint>
            <Time>2026-02-24T08:08:04.000Z</Time>
            <Position>
              <LatitudeDegrees>51.761504849419</LatitudeDegrees>
              <LongitudeDegrees>-0.23408870212733746</LongitudeDegrees>
            </Position>
            <AltitudeMeters>80.19999694824219</AltitudeMeters>
            <DistanceMeters>1558.81005859375</DistanceMeters>
            <HeartRateBpm>
              <Value>125</Value>
            </HeartRateBpm>
            <Extensions>
              <ns3:TPX>
                <ns3:Speed>1.3339999914169312</ns3:Speed>
              </ns3:TPX>
            </Extensions>
          </Trackpoint>
          <Trackpoint>
            <Time>2026-02-24T08:08:13.000Z</Time>
            <Position>
              <LatitudeDegrees>51.761418767273426</LatitudeDegrees>
              <LongitudeDegrees>-0.23418392054736614</LongitudeDegrees>
            </Position>
            <AltitudeMeters>80.19999694824219</AltitudeMeters>
            <DistanceMeters>1571.02001953125</DistanceMeters>
            <HeartRateBpm>
              <Value>122</Value>
            </HeartRateBpm>
            <Extensions>
              <ns3:TPX>
                <ns3:Speed>1.3530000448226929</ns3:Speed>
              </ns3:TPX>
            </Extensions>
          </Trackpoint>
          <Trackpoint>
            <Time>2026-02-24T08:08:14.000Z</Time>
            <Position>
              <LatitudeDegrees>51.761408960446715</LatitudeDegrees>
              <LongitudeDegrees>-0.23417972959578037</LongitudeDegrees>
            </Position>
            <AltitudeMeters>80.4000015258789</AltitudeMeters>
            <DistanceMeters>1571.9000244140625</DistanceMeters>
            <HeartRateBpm>
              <Value>122</Value>
            </HeartRateBpm>
            <Extensions>
              <ns3:TPX>
                <ns3:Speed>1.3530000448226929</ns3:Speed>
              </ns3:TPX>
            </Extensions>
          </Trackpoint>
          <Trackpoint>
            <Time>2026-02-24T08:08:23.000Z</Time>
            <Position>
              <LatitudeDegrees>51.76132421940565</LatitudeDegrees>
              <LongitudeDegrees>-0.23408157750964165</LongitudeDegrees>
            </Position>
            <AltitudeMeters>81.0</AltitudeMeters>
            <DistanceMeters>1584.219970703125</DistanceMeters>
            <HeartRateBpm>
              <Value>121</Value>
            </HeartRateBpm>
            <Extensions>
              <ns3:TPX>
                <ns3:Speed>1.343999981880188</ns3:Speed>
              </ns3:TPX>
            </Extensions>
          </Trackpoint>
          <Trackpoint>
            <Time>2026-02-24T08:08:31.000Z</Time>
            <Position>
              <LatitudeDegrees>51.761242328211665</LatitudeDegrees>
              <LongitudeDegrees>-0.23399993777275085</LongitudeDegrees>
            </Position>
            <AltitudeMeters>81.19999694824219</AltitudeMeters>
            <DistanceMeters>1594.3299560546875</DistanceMeters>
            <HeartRateBpm>
              <Value>124</Value>
            </HeartRateBpm>
            <Extensions>
              <ns3:TPX>
                <ns3:Speed>1.3250000476837158</ns3:Speed>
              </ns3:TPX>
            </Extensions>
          </Trackpoint>
          <Trackpoint>
            <Time>2026-02-24T08:08:34.000Z</Time>
            <Position>
              <LatitudeDegrees>51.76120678894222</LatitudeDegrees>
              <LongitudeDegrees>-0.2339664939790964</LongitudeDegrees>
            </Position>
            <AltitudeMeters>81.4000015258789</AltitudeMeters>
            <DistanceMeters>1599.1099853515625</DistanceMeters>
            <HeartRateBpm>
              <Value>124</Value>
            </HeartRateBpm>
            <Extensions>
              <ns3:TPX>
                <ns3:Speed>1.3339999914169312</ns3:Speed>
              </ns3:TPX>
            </Extensions>
          </Trackpoint>
          <Trackpoint>
            <Time>2026-02-24T08:08:36.000Z</Time>
            <Position>
              <LatitudeDegrees>51.76118457689881</LatitudeDegrees>
              <LongitudeDegrees>-0.23395635187625885</LongitudeDegrees>
            </Position>
            <AltitudeMeters>81.5999984741211</AltitudeMeters>
            <DistanceMeters>1601.4300537109375</DistanceMeters>
            <HeartRateBpm>
              <Value>124</Value>
            </HeartRateBpm>
            <Extensions>
              <ns3:TPX>
                <ns3:Speed>1.3339999914169312</ns3:Speed>
              </ns3:TPX>
            </Extensions>
          </Trackpoint>
          <Trackpoint>
            <Time>2026-02-24T08:08:39.000Z</Time>
            <Position>
              <LatitudeDegrees>51.76114677451551</LatitudeDegrees>
              <LongitudeDegrees>-0.2339718583971262</LongitudeDegrees>
            </Position>
            <AltitudeMeters>82.19999694824219</AltitudeMeters>
            <DistanceMeters>1605.800048828125</DistanceMeters>
            <HeartRateBpm>
              <Value>125</Value>
            </HeartRateBpm>
            <Extensions>
              <ns3:TPX>
                <ns3:Speed>1.3339999914169312</ns3:Speed>
              </ns3:TPX>
            </Extensions>
          </Trackpoint>
          <Trackpoint>
            <Time>2026-02-24T08:08:41.000Z</Time>
            <Position>
              <LatitudeDegrees>51.76113026216626</LatitudeDegrees>
              <LongitudeDegrees>-0.2340094931423664</LongitudeDegrees>
            </Position>
            <AltitudeMeters>82.19999694824219</AltitudeMeters>
            <DistanceMeters>1609.0</DistanceMeters>
            <HeartRateBpm>
              <Value>126</Value>
            </HeartRateBpm>
            <Extensions>
              <ns3:TPX>
                <ns3:Speed>1.343999981880188</ns3:Speed>
              </ns3:TPX>
            </Extensions>
          </Trackpoint>
          <Trackpoint>
            <Time>2026-02-24T08:08:46.000Z</Time>
            <Position>
              <LatitudeDegrees>51.761098662391305</LatitudeDegrees>
              <LongitudeDegrees>-0.2340949047356844</LongitudeDegrees>
            </Position>
            <AltitudeMeters>82.19999694824219</AltitudeMeters>
            <DistanceMeters>1615.989990234375</DistanceMeters>
            <HeartRateBpm>
              <Value>129</Value>
            </HeartRateBpm>
            <Extensions>
              <ns3:TPX>
                <ns3:Speed>1.3619999885559082</ns3:Speed>
              </ns3:TPX>
            </Extensions>
          </Trackpoint>
          <Trackpoint>
            <Time>2026-02-24T08:08:51.000Z</Time>
            <Position>
              <LatitudeDegrees>51.76106857135892</LatitudeDegrees>
              <LongitudeDegrees>-0.2341777179390192</LongitudeDegrees>
            </Position>
            <AltitudeMeters>82.4000015258789</AltitudeMeters>
            <DistanceMeters>1622.3399658203125</DistanceMeters>
            <HeartRateBpm>
              <Value>130</Value>
            </HeartRateBpm>
            <Extensions>
              <ns3:TPX>
                <ns3:Speed>1.3530000448226929</ns3:Speed>
              </ns3:TPX>
            </Extensions>
          </Trackpoint>
          <Trackpoint>
            <Time>2026-02-24T08:08:56.000Z</Time>
            <Position>
              <LatitudeDegrees>51.76103303208947</LatitudeDegrees>
              <LongitudeDegrees>-0.2342588547617197</LongitudeDegrees>
            </Position>
            <AltitudeMeters>82.4000015258789</AltitudeMeters>
            <DistanceMeters>1629.5400390625</DistanceMeters>
            <HeartRateBpm>
              <Value>133</Value>
            </HeartRateBpm>
            <Extensions>
              <ns3:TPX>
                <ns3:Speed>1.3530000448226929</ns3:Speed>
              </ns3:TPX>
            </Extensions>
          </Trackpoint>
          <Trackpoint>
            <Time>2026-02-24T08:08:59.000Z</Time>
            <Position>
              <LatitudeDegrees>51.76101048476994</LatitudeDegrees>
              <LongitudeDegrees>-0.2343046199530363</LongitudeDegrees>
            </Position>
            <AltitudeMeters>82.4000015258789</AltitudeMeters>
            <DistanceMeters>1633.510009765625</DistanceMeters>
            <HeartRateBpm>
              <Value>134</Value>
            </HeartRateBpm>
            <Extensions>
              <ns3:TPX>
                <ns3:Speed>1.3530000448226929</ns3:Speed>
              </ns3:TPX>
            </Extensions>
          </Trackpoint>
          <Trackpoint>
            <Time>2026-02-24T08:09:05.000Z</Time>
            <Position>
              <LatitudeDegrees>51.760957427322865</LatitudeDegrees>
              <LongitudeDegrees>-0.23439589887857437</LongitudeDegrees>
            </Position>
            <AltitudeMeters>82.5999984741211</AltitudeMeters>
            <DistanceMeters>1641.8299560546875</DistanceMeters>
            <HeartRateBpm>
              <Value>137</Value>
            </HeartRateBpm>
            <Extensions>
              <ns3:TPX>
                <ns3:Speed>1.3530000448226929</ns3:Speed>
              </ns3:TPX>
            </Extensions>
          </Trackpoint>
          <Trackpoint>
            <Time>2026-02-24T08:09:07.000Z</Time>
            <Position>
              <LatitudeDegrees>51.76093630492687</LatitudeDegrees>
              <LongitudeDegrees>-0.23442724719643593</LongitudeDegrees>
            </Position>
            <AltitudeMeters>82.5999984741211</AltitudeMeters>
            <DistanceMeters>1645.1800537109375</DistanceMeters>
            <HeartRateBpm>
              <Value>137</Value>
            </HeartRateBpm>
            <Extensions>
              <ns3:TPX>
                <ns3:Speed>1.3530000448226929</ns3:Speed>
              </ns3:TPX>
            </Extensions>
          </Trackpoint>
          <Trackpoint>
            <Time>2026-02-24T08:09:09.000Z</Time>
            <Position>
              <LatitudeDegrees>51.76091895438731</LatitudeDegrees>
              <LongitudeDegrees>-0.23445742204785347</LongitudeDegrees>
            </Position>
            <AltitudeMeters>82.5999984741211</AltitudeMeters>
            <DistanceMeters>1648.0699462890625</DistanceMeters>
            <HeartRateBpm>
              <Value>139</Value>
            </HeartRateBpm>
            <Extensions>
              <ns3:TPX>
                <ns3:Speed>1.3530000448226929</ns3:Speed>
              </ns3:TPX>
            </Extensions>
          </Trackpoint>
          <Trackpoint>
            <Time>2026-02-24T08:09:12.000Z</Time>
            <Position>
              <LatitudeDegrees>51.76089607179165</LatitudeDegrees>
              <LongitudeDegrees>-0.23450260050594807</LongitudeDegrees>
            </Position>
            <AltitudeMeters>82.80000305175781</AltitudeMeters>
            <DistanceMeters>1652.239990234375</DistanceMeters>
            <HeartRateBpm>
              <Value>142</Value>
            </HeartRateBpm>
            <Extensions>
              <ns3:TPX>
                <ns3:Speed>1.3619999885559082</ns3:Speed>
              </ns3:TPX>
            </Extensions>
          </Trackpoint>
          <Trackpoint>
            <Time>2026-02-24T08:09:18.000Z</Time>
            <Position>
              <LatitudeDegrees>51.76084225997329</LatitudeDegrees>
              <LongitudeDegrees>-0.23459513671696186</LongitudeDegrees>
            </Position>
            <AltitudeMeters>82.80000305175781</AltitudeMeters>
            <DistanceMeters>1660.9200439453125</DistanceMeters>
            <HeartRateBpm>
              <Value>144</Value>
            </HeartRateBpm>
            <Extensions>
              <ns3:TPX>
                <ns3:Speed>1.3619999885559082</ns3:Speed>
              </ns3:TPX>
            </Extensions>
          </Trackpoint>
          <Trackpoint>
            <Time>2026-02-24T08:09:29.000Z</Time>
            <Position>
              <LatitudeDegrees>51.76076137460768</LatitudeDegrees>
              <LongitudeDegrees>-0.23476386442780495</LongitudeDegrees>
            </Position>
            <AltitudeMeters>83.0</AltitudeMeters>
            <DistanceMeters>1675.6199951171875</DistanceMeters>
            <HeartRateBpm>
              <Value>143</Value>
            </HeartRateBpm>
            <Extensions>
              <ns3:TPX>
                <ns3:Speed>1.371999979019165</ns3:Speed>
              </ns3:TPX>
            </Extensions>
          </Trackpoint>
          <Trackpoint>
            <Time>2026-02-24T08:09:35.000Z</Time>
            <Position>
              <LatitudeDegrees>51.760708233341575</LatitudeDegrees>
              <LongitudeDegrees>-0.2348631899803877</LongitudeDegrees>
            </Position>
            <AltitudeMeters>83.19999694824219</AltitudeMeters>
            <DistanceMeters>1684.6199951171875</DistanceMeters>
            <HeartRateBpm>
              <Value>140</Value>
            </HeartRateBpm>
            <Extensions>
              <ns3:TPX>
                <ns3:Speed>1.3899999856948853</ns3:Speed>
              </ns3:TPX>
            </Extensions>
          </Trackpoint>
          <Trackpoint>
            <Time>2026-02-24T08:09:42.000Z</Time>
            <Position>
              <LatitudeDegrees>51.760655427351594</LatitudeDegrees>
              <LongitudeDegrees>-0.2349606715142727</LongitudeDegrees>
            </Position>
            <AltitudeMeters>83.4000015258789</AltitudeMeters>
            <DistanceMeters>1693.6500244140625</DistanceMeters>
            <HeartRateBpm>
              <Value>142</Value>
            </HeartRateBpm>
            <Extensions>
              <ns3:TPX>
                <ns3:Speed>1.3899999856948853</ns3:Speed>
              </ns3:TPX>
            </Extensions>
          </Trackpoint>
          <Trackpoint>
            <Time>2026-02-24T08:09:51.000Z</Time>
            <Position>
              <LatitudeDegrees>51.76058158278465</LatitudeDegrees>
              <LongitudeDegrees>-0.23509696125984192</LongitudeDegrees>
            </Position>
            <AltitudeMeters>83.4000015258789</AltitudeMeters>
            <DistanceMeters>1706.0799560546875</DistanceMeters>
            <HeartRateBpm>
              <Value>139</Value>
            </HeartRateBpm>
            <Extensions>
              <ns3:TPX>
                <ns3:Speed>1.371999979019165</ns3:Speed>
              </ns3:TPX>
            </Extensions>
          </Trackpoint>
          <Trackpoint>
            <Time>2026-02-24T08:09:53.000Z</Time>
            <Position>
              <LatitudeDegrees>51.76056247204542</LatitudeDegrees>
              <LongitudeDegrees>-0.23513342253863811</LongitudeDegrees>
            </Position>
            <AltitudeMeters>83.4000015258789</AltitudeMeters>
            <DistanceMeters>1709.5400390625</DistanceMeters>
            <HeartRateBpm>
              <Value>138</Value>
            </HeartRateBpm>
            <Extensions>
              <ns3:TPX>
                <ns3:Speed>1.371999979019165</ns3:Speed>
              </ns3:TPX>
            </Extensions>
          </Trackpoint>
          <Trackpoint>
            <Time>2026-02-24T08:10:03.000Z</Time>
            <Position>
              <LatitudeDegrees>51.76048225723207</LatitudeDegrees>
              <LongitudeDegrees>-0.23528865538537502</LongitudeDegrees>
            </Position>
            <AltitudeMeters>83.19999694824219</AltitudeMeters>
            <DistanceMeters>1723.8299560546875</DistanceMeters>
            <HeartRateBpm>
              <Value>137</Value>
            </HeartRateBpm>
            <Extensions>
              <ns3:TPX>
                <ns3:Speed>1.38100004196167</ns3:Speed>
              </ns3:TPX>
            </Extensions>
          </Trackpoint>
          <Trackpoint>
            <Time>2026-02-24T08:10:10.000Z</Time>
            <Position>
              <LatitudeDegrees>51.76042702049017</LatitudeDegrees>
              <LongitudeDegrees>-0.23538395762443542</LongitudeDegrees>
            </Position>
            <AltitudeMeters>83.0</AltitudeMeters>
            <DistanceMeters>1732.22998046875</DistanceMeters>
            <HeartRateBpm>
              <Value>134</Value>
            </HeartRateBpm>
            <Extensions>
              <ns3:TPX>
                <ns3:Speed>1.38100004196167</ns3:Speed>
              </ns3:TPX>
            </Extensions>
          </Trackpoint>
          <Trackpoint>
            <Time>2026-02-24T08:10:11.000Z</Time>
            <Position>
              <LatitudeDegrees>51.76042056642473</LatitudeDegrees>
              <LongitudeDegrees>-0.23539711721241474</LongitudeDegrees>
            </Position>
            <AltitudeMeters>83.19999694824219</AltitudeMeters>
            <DistanceMeters>1733.3599853515625</DistanceMeters>
            <HeartRateBpm>
              <Value>134</Value>
            </HeartRateBpm>
            <Extensions>
              <ns3:TPX>
                <ns3:Speed>1.38100004196167</ns3:Speed>
              </ns3:TPX>
            </Extensions>
          </Trackpoint>
          <Trackpoint>
            <Time>2026-02-24T08:10:19.000Z</Time>
            <Position>
              <LatitudeDegrees>51.76035778596997</LatitudeDegrees>
              <LongitudeDegrees>-0.23554237559437752</LongitudeDegrees>
            </Position>
            <AltitudeMeters>83.0</AltitudeMeters>
            <DistanceMeters>1745.719970703125</DistanceMeters>
            <HeartRateBpm>
              <Value>132</Value>
            </HeartRateBpm>
            <Extensions>
              <ns3:TPX>
                <ns3:Speed>1.38100004196167</ns3:Speed>
              </ns3:TPX>
            </Extensions>
          </Trackpoint>
          <Trackpoint>
            <Time>2026-02-24T08:10:30.000Z</Time>
            <Position>
              <LatitudeDegrees>51.76028419286013</LatitudeDegrees>
              <LongitudeDegrees>-0.23572023957967758</LongitudeDegrees>
            </Position>
            <AltitudeMeters>83.0</AltitudeMeters>
            <DistanceMeters>1760.760009765625</DistanceMeters>
            <HeartRateBpm>
              <Value>131</Value>
            </HeartRateBpm>
            <Extensions>
              <ns3:TPX>
                <ns3:Speed>1.3899999856948853</ns3:Speed>
              </ns3:TPX>
            </Extensions>
          </Trackpoint>
          <Trackpoint>
            <Time>2026-02-24T08:10:41.000Z</Time>
            <Position>
              <LatitudeDegrees>51.76020674407482</LatitudeDegrees>
              <LongitudeDegrees>-0.23591503500938416</LongitudeDegrees>
            </Position>
            <AltitudeMeters>82.80000305175781</AltitudeMeters>
            <DistanceMeters>1776.3699951171875</DistanceMeters>
            <HeartRateBpm>
              <Value>130</Value>
            </HeartRateBpm>
            <Extensions>
              <ns3:TPX>
                <ns3:Speed>1.3899999856948853</ns3:Speed>
              </ns3:TPX>
            </Extensions>
          </Trackpoint>
          <Trackpoint>
            <Time>2026-02-24T08:10:50.000Z</Time>
            <Position>
              <LatitudeDegrees>51.76014999859035</LatitudeDegrees>
              <LongitudeDegrees>-0.2360868640244007</LongitudeDegrees>
            </Position>
            <AltitudeMeters>82.4000015258789</AltitudeMeters>
            <DistanceMeters>1790.18994140625</DistanceMeters>
            <HeartRateBpm>
              <Value>129</Value>
            </HeartRateBpm>
            <Extensions>
              <ns3:TPX>
                <ns3:Speed>1.4179999828338623</ns3:Speed>
              </ns3:TPX>
            </Extensions>
          </Trackpoint>
          <Trackpoint>
            <Time>2026-02-24T08:11:00.000Z</Time>
            <Position>
              <LatitudeDegrees>51.76008830778301</LatitudeDegrees>
              <LongitudeDegrees>-0.23627151735126972</LongitudeDegrees>
            </Position>
            <AltitudeMeters>82.19999694824219</AltitudeMeters>
            <DistanceMeters>1804.1800537109375</DistanceMeters>
            <HeartRateBpm>
              <Value>130</Value>
            </HeartRateBpm>
            <Extensions>
              <ns3:TPX>
                <ns3:Speed>1.4179999828338623</ns3:Speed>
              </ns3:TPX>
            </Extensions>
          </Trackpoint>
          <Trackpoint>
            <Time>2026-02-24T08:11:06.000Z</Time>
            <Position>
              <LatitudeDegrees>51.76004840992391</LatitudeDegrees>
              <LongitudeDegrees>-0.23637930862605572</LongitudeDegrees>
            </Position>
            <AltitudeMeters>82.0</AltitudeMeters>
            <DistanceMeters>1813.3699951171875</DistanceMeters>
            <HeartRateBpm>
              <Value>127</Value>
            </HeartRateBpm>
            <Extensions>
              <ns3:TPX>
                <ns3:Speed>1.4279999732971191</ns3:Speed>
              </ns3:TPX>
            </Extensions>
          </Trackpoint>
          <Trackpoint>
            <Time>2026-02-24T08:11:08.000Z</Time>
            <Position>
              <LatitudeDegrees>51.760039357468486</LatitudeDegrees>
              <LongitudeDegrees>-0.23642507381737232</LongitudeDegrees>
            </Position>
            <AltitudeMeters>82.0</AltitudeMeters>
            <DistanceMeters>1816.5699462890625</DistanceMeters>
            <HeartRateBpm>
              <Value>128</Value>
            </HeartRateBpm>
            <Extensions>
              <ns3:TPX>
                <ns3:Speed>1.4279999732971191</ns3:Speed>
              </ns3:TPX>
            </Extensions>
          </Trackpoint>
          <Trackpoint>
            <Time>2026-02-24T08:11:17.000Z</Time>
            <Position>
              <LatitudeDegrees>51.75998470745981</LatitudeDegrees>
              <LongitudeDegrees>-0.23659983649849892</LongitudeDegrees>
            </Position>
            <AltitudeMeters>81.80000305175781</AltitudeMeters>
            <DistanceMeters>1830.199951171875</DistanceMeters>
            <HeartRateBpm>
              <Value>126</Value>
            </HeartRateBpm>
            <Extensions>
              <ns3:TPX>
                <ns3:Speed>1.4459999799728394</ns3:Speed>
              </ns3:TPX>
            </Extensions>
          </Trackpoint>
          <Trackpoint>
            <Time>2026-02-24T08:11:21.000Z</Time>
            <Position>
              <LatitudeDegrees>51.75996534526348</LatitudeDegrees>
              <LongitudeDegrees>-0.23666060529649258</LongitudeDegrees>
            </Position>
            <AltitudeMeters>81.80000305175781</AltitudeMeters>
            <DistanceMeters>1834.760009765625</DistanceMeters>
            <HeartRateBpm>
              <Value>129</Value>
            </HeartRateBpm>
            <Extensions>
              <ns3:TPX>
                <ns3:Speed>1.4559999704360962</ns3:Speed>
              </ns3:TPX>
            </Extensions>
          </Trackpoint>
          <Trackpoint>
            <Time>2026-02-24T08:11:27.000Z</Time>
            <Position>
              <LatitudeDegrees>51.75993651151657</LatitudeDegrees>
              <LongitudeDegrees>-0.23676219396293163</LongitudeDegrees>
            </Position>
            <AltitudeMeters>81.5999984741211</AltitudeMeters>
            <DistanceMeters>1842.469970703125</DistanceMeters>
            <HeartRateBpm>
              <Value>129</Value>
            </HeartRateBpm>
            <Extensions>
              <ns3:TPX>
                <ns3:Speed>1.437000036239624</ns3:Speed>
              </ns3:TPX>
            </Extensions>
          </Trackpoint>
          <Trackpoint>
            <Time>2026-02-24T08:11:32.000Z</Time>
            <Position>
              <LatitudeDegrees>51.75989770330489</LatitudeDegrees>
              <LongitudeDegrees>-0.2368671353906393</LongitudeDegrees>
            </Position>
            <AltitudeMeters>81.4000015258789</AltitudeMeters>
            <DistanceMeters>1850.949951171875</DistanceMeters>
            <HeartRateBpm>
              <Value>126</Value>
            </HeartRateBpm>
            <Extensions>
              <ns3:TPX>
                <ns3:Speed>1.437000036239624</ns3:Speed>
              </ns3:TPX>
            </Extensions>
          </Trackpoint>
          <Trackpoint>
            <Time>2026-02-24T08:11:34.000Z</Time>
            <Position>
              <LatitudeDegrees>51.75988529808819</LatitudeDegrees>
              <LongitudeDegrees>-0.2369009144604206</LongitudeDegrees>
            </Position>
            <AltitudeMeters>81.4000015258789</AltitudeMeters>
            <DistanceMeters>1853.510009765625</DistanceMeters>
            <HeartRateBpm>
              <Value>125</Value>
            </HeartRateBpm>
            <Extensions>
              <ns3:TPX>
                <ns3:Speed>1.437000036239624</ns3:Speed>
              </ns3:TPX>
            </Extensions>
          </Trackpoint>
          <Trackpoint>
            <Time>2026-02-24T08:11:42.000Z</Time>
            <Position>
              <LatitudeDegrees>51.75983886234462</LatitudeDegrees>
              <LongitudeDegrees>-0.2370370365679264</LongitudeDegrees>
            </Position>
            <AltitudeMeters>81.0</AltitudeMeters>
            <DistanceMeters>1864.3599853515625</DistanceMeters>
            <HeartRateBpm>
              <Value>128</Value>
            </HeartRateBpm>
            <Extensions>
              <ns3:TPX>
                <ns3:Speed>1.4279999732971191</ns3:Speed>
              </ns3:TPX>
            </Extensions>
          </Trackpoint>
          <Trackpoint>
            <Time>2026-02-24T08:11:48.000Z</Time>
            <Position>
              <LatitudeDegrees>51.75981706939638</LatitudeDegrees>
              <LongitudeDegrees>-0.2371610887348652</LongitudeDegrees>
            </Position>
            <AltitudeMeters>80.80000305175781</AltitudeMeters>
            <DistanceMeters>1873.4599609375</DistanceMeters>
            <HeartRateBpm>
              <Value>128</Value>
            </HeartRateBpm>
            <Extensions>
              <ns3:TPX>
                <ns3:Speed>1.4559999704360962</ns3:Speed>
              </ns3:TPX>
            </Extensions>
          </Trackpoint>
          <Trackpoint>
            <Time>2026-02-24T08:11:56.000Z</Time>
            <Position>
              <LatitudeDegrees>51.759775411337614</LatitudeDegrees>
              <LongitudeDegrees>-0.23731187917292118</LongitudeDegrees>
            </Position>
            <AltitudeMeters>81.0</AltitudeMeters>
            <DistanceMeters>1884.6300048828125</DistanceMeters>
            <HeartRateBpm>
              <Value>128</Value>
            </HeartRateBpm>
            <Extensions>
              <ns3:TPX>
                <ns3:Speed>1.437000036239624</ns3:Speed>
              </ns3:TPX>
            </Extensions>
          </Trackpoint>
          <Trackpoint>
            <Time>2026-02-24T08:12:04.000Z</Time>
            <Position>
              <LatitudeDegrees>51.75972579047084</LatitudeDegrees>
              <LongitudeDegrees>-0.23746694438159466</LongitudeDegrees>
            </Position>
            <AltitudeMeters>80.80000305175781</AltitudeMeters>
            <DistanceMeters>1896.9000244140625</DistanceMeters>
            <HeartRateBpm>
              <Value>129</Value>
            </HeartRateBpm>
            <Extensions>
              <ns3:TPX>
                <ns3:Speed>1.4459999799728394</ns3:Speed>
              </ns3:TPX>
            </Extensions>
          </Trackpoint>
          <Trackpoint>
            <Time>2026-02-24T08:12:13.000Z</Time>
            <Position>
              <LatitudeDegrees>51.75966954790056</LatitudeDegrees>
              <LongitudeDegrees>-0.23762879893183708</LongitudeDegrees>
            </Position>
            <AltitudeMeters>80.80000305175781</AltitudeMeters>
            <DistanceMeters>1909.6700439453125</DistanceMeters>
            <HeartRateBpm>
              <Value>129</Value>
            </HeartRateBpm>
            <Extensions>
              <ns3:TPX>
                <ns3:Speed>1.4559999704360962</ns3:Speed>
              </ns3:TPX>
            </Extensions>
          </Trackpoint>
          <Trackpoint>
            <Time>2026-02-24T08:12:21.000Z</Time>
            <Position>
              <LatitudeDegrees>51.759624537080526</LatitudeDegrees>
              <LongitudeDegrees>-0.2377709560096264</LongitudeDegrees>
            </Position>
            <AltitudeMeters>80.5999984741211</AltitudeMeters>
            <DistanceMeters>1920.6400146484375</DistanceMeters>
            <HeartRateBpm>
              <Value>129</Value>
            </HeartRateBpm>
            <Extensions>
              <ns3:TPX>
                <ns3:Speed>1.437000036239624</ns3:Speed>
              </ns3:TPX>
            </Extensions>
          </Trackpoint>
          <Trackpoint>
            <Time>2026-02-24T08:12:22.000Z</Time>
            <Position>
              <LatitudeDegrees>51.759618166834116</LatitudeDegrees>
              <LongitudeDegrees>-0.23779098875820637</LongitudeDegrees>
            </Position>
            <AltitudeMeters>80.5999984741211</AltitudeMeters>
            <DistanceMeters>1922.3699951171875</DistanceMeters>
            <HeartRateBpm>
              <Value>130</Value>
            </HeartRateBpm>
            <Extensions>
              <ns3:TPX>
                <ns3:Speed>1.437000036239624</ns3:Speed>
              </ns3:TPX>
            </Extensions>
          </Trackpoint>
          <Trackpoint>
            <Time>2026-02-24T08:12:31.000Z</Time>
            <Position>
              <LatitudeDegrees>51.75956594757736</LatitudeDegrees>
              <LongitudeDegrees>-0.2379382587969303</LongitudeDegrees>
            </Position>
            <AltitudeMeters>80.5999984741211</AltitudeMeters>
            <DistanceMeters>1934.06005859375</DistanceMeters>
            <HeartRateBpm>
              <Value>129</Value>
            </HeartRateBpm>
            <Extensions>
              <ns3:TPX>
                <ns3:Speed>1.4279999732971191</ns3:Speed>
              </ns3:TPX>
            </Extensions>
          </Trackpoint>
          <Trackpoint>
            <Time>2026-02-24T08:12:38.000Z</Time>
            <Position>
              <LatitudeDegrees>51.75953099504113</LatitudeDegrees>
              <LongitudeDegrees>-0.23806742392480373</LongitudeDegrees>
            </Position>
            <AltitudeMeters>80.4000015258789</AltitudeMeters>
            <DistanceMeters>1943.510009765625</DistanceMeters>
            <HeartRateBpm>
              <Value>126</Value>
            </HeartRateBpm>
            <Extensions>
              <ns3:TPX>
                <ns3:Speed>1.409000039100647</ns3:Speed>
              </ns3:TPX>
            </Extensions>
          </Trackpoint>
          <Trackpoint>
            <Time>2026-02-24T08:12:41.000Z</Time>
            <Position>
              <LatitudeDegrees>51.759508112445474</LatitudeDegrees>
              <LongitudeDegrees>-0.23812081664800644</LongitudeDegrees>
            </Position>
            <AltitudeMeters>80.19999694824219</AltitudeMeters>
            <DistanceMeters>1947.9200439453125</DistanceMeters>
            <HeartRateBpm>
              <Value>127</Value>
            </HeartRateBpm>
            <Extensions>
              <ns3:TPX>
                <ns3:Speed>1.4179999828338623</ns3:Speed>
              </ns3:TPX>
            </Extensions>
          </Trackpoint>
          <Trackpoint>
            <Time>2026-02-24T08:12:49.000Z</Time>
            <Position>
              <LatitudeDegrees>51.759459329769015</LatitudeDegrees>
              <LongitudeDegrees>-0.2382638119161129</LongitudeDegrees>
            </Position>
            <AltitudeMeters>80.19999694824219</AltitudeMeters>
            <DistanceMeters>1959.43994140625</DistanceMeters>
            <HeartRateBpm>
              <Value>127</Value>
            </HeartRateBpm>
            <Extensions>
              <ns3:TPX>
                <ns3:Speed>1.4179999828338623</ns3:Speed>
              </ns3:TPX>
            </Extensions>
          </Trackpoint>
          <Trackpoint>
            <Time>2026-02-24T08:12:53.000Z</Time>
            <Position>
              <LatitudeDegrees>51.75943518988788</LatitudeDegrees>
              <LongitudeDegrees>-0.23833975195884705</LongitudeDegrees>
            </Position>
            <AltitudeMeters>80.19999694824219</AltitudeMeters>
            <DistanceMeters>1965.1099853515625</DistanceMeters>
            <HeartRateBpm>
              <Value>130</Value>
            </HeartRateBpm>
            <Extensions>
              <ns3:TPX>
                <ns3:Speed>1.409000039100647</ns3:Speed>
              </ns3:TPX>
            </Extensions>
          </Trackpoint>
          <Trackpoint>
            <Time>2026-02-24T08:13:00.000Z</Time>
            <Position>
              <LatitudeDegrees>51.759400237351656</LatitudeDegrees>
              <LongitudeDegrees>-0.2384576015174389</LongitudeDegrees>
            </Position>
            <AltitudeMeters>80.0</AltitudeMeters>
            <DistanceMeters>1974.260009765625</DistanceMeters>
            <HeartRateBpm>
              <Value>130</Value>
            </HeartRateBpm>
            <Extensions>
              <ns3:TPX>
                <ns3:Speed>1.409000039100647</ns3:Speed>
              </ns3:TPX>
            </Extensions>
          </Trackpoint>
          <Trackpoint>
            <Time>2026-02-24T08:13:10.000Z</Time>
            <Position>
              <LatitudeDegrees>51.759344497695565</LatitudeDegrees>
              <LongitudeDegrees>-0.23863278329372406</LongitudeDegrees>
            </Position>
            <AltitudeMeters>80.0</AltitudeMeters>
            <DistanceMeters>1988.0999755859375</DistanceMeters>
            <HeartRateBpm>
              <Value>130</Value>
            </HeartRateBpm>
            <Extensions>
              <ns3:TPX>
                <ns3:Speed>1.399999976158142</ns3:Speed>
              </ns3:TPX>
            </Extensions>
          </Trackpoint>
          <Trackpoint>
            <Time>2026-02-24T08:13:20.000Z</Time>
            <Position>
              <LatitudeDegrees>51.75930208526552</LatitudeDegrees>
              <LongitudeDegrees>-0.23882715962827206</LongitudeDegrees>
            </Position>
            <AltitudeMeters>80.19999694824219</AltitudeMeters>
            <DistanceMeters>2002.449951171875</DistanceMeters>
            <HeartRateBpm>
              <Value>129</Value>
            </HeartRateBpm>
            <Extensions>
              <ns3:TPX>
                <ns3:Speed>1.399999976158142</ns3:Speed>
              </ns3:TPX>
            </Extensions>
          </Trackpoint>
        </Track>
        <Extensions>
          <ns3:LX>
            <ns3:AvgSpeed>1.3660000562667847</ns3:AvgSpeed>
            <ns3:AvgRunCadence>53</ns3:AvgRunCadence>
            <ns3:MaxRunCadence>57</ns3:MaxRunCadence>
          </ns3:LX>
        </Extensions>
      </Lap>
      <Lap StartTime="2026-02-24T08:13:20.000Z">
        <TotalTimeSeconds>719.683</TotalTimeSeconds>
        <DistanceMeters>1000.0</DistanceMeters>
        <MaximumSpeed>1.465000033378601</MaximumSpeed>
        <Calories>63</Calories>
        <AverageHeartRateBpm>
          <Value>135</Value>
        </AverageHeartRateBpm>
        <MaximumHeartRateBpm>
          <Value>152</Value>
        </MaximumHeartRateBpm>
        <Intensity>Active</Intensity>
        <TriggerMethod>Manual</TriggerMethod>
        <Track>
          <Trackpoint>
            <Time>2026-02-24T08:13:20.000Z</Time>
            <Position>
              <LatitudeDegrees>51.75930208526552</LatitudeDegrees>
              <LongitudeDegrees>-0.23882715962827206</LongitudeDegrees>
            </Position>
            <AltitudeMeters>80.19999694824219</AltitudeMeters>
            <DistanceMeters>2002.449951171875</DistanceMeters>
            <HeartRateBpm>
              <Value>129</Value>
            </HeartRateBpm>
            <Extensions>
              <ns3:TPX>
                <ns3:Speed>1.399999976158142</ns3:Speed>
              </ns3:TPX>
            </Extensions>
          </Trackpoint>
          <Trackpoint>
            <Time>2026-02-24T08:13:30.000Z</Time>
            <Position>
              <LatitudeDegrees>51.75930770114064</LatitudeDegrees>
              <LongitudeDegrees>-0.23902907967567444</LongitudeDegrees>
            </Position>
            <AltitudeMeters>80.0</AltitudeMeters>
            <DistanceMeters>2016.22998046875</DistanceMeters>
            <HeartRateBpm>
              <Value>129</Value>
            </HeartRateBpm>
            <Extensions>
              <ns3:TPX>
                <ns3:Speed>1.3899999856948853</ns3:Speed>
              </ns3:TPX>
            </Extensions>
          </Trackpoint>
          <Trackpoint>
            <Time>2026-02-24T08:13:38.000Z</Time>
            <Position>
              <LatitudeDegrees>51.75931926816702</LatitudeDegrees>
              <LongitudeDegrees>-0.23920292034745216</LongitudeDegrees>
            </Position>
            <AltitudeMeters>80.0</AltitudeMeters>
            <DistanceMeters>2028.280029296875</DistanceMeters>
            <HeartRateBpm>
              <Value>128</Value>
            </HeartRateBpm>
            <Extensions>
              <ns3:TPX>
                <ns3:Speed>1.3899999856948853</ns3:Speed>
              </ns3:TPX>
            </Extensions>
          </Trackpoint>
          <Trackpoint>
            <Time>2026-02-24T08:13:46.000Z</Time>
            <Position>
              <LatitudeDegrees>51.7593099642545</LatitudeDegrees>
              <LongitudeDegrees>-0.23934876546263695</LongitudeDegrees>
            </Position>
            <AltitudeMeters>80.0</AltitudeMeters>
            <DistanceMeters>2038.31005859375</DistanceMeters>
            <HeartRateBpm>
              <Value>130</Value>
            </HeartRateBpm>
            <Extensions>
              <ns3:TPX>
                <ns3:Speed>1.399999976158142</ns3:Speed>
              </ns3:TPX>
            </Extensions>
          </Trackpoint>
          <Trackpoint>
            <Time>2026-02-24T08:13:51.000Z</Time>
            <Position>
              <LatitudeDegrees>51.75933854654431</LatitudeDegrees>
              <LongitudeDegrees>-0.23946477100253105</LongitudeDegrees>
            </Position>
            <AltitudeMeters>80.0</AltitudeMeters>
            <DistanceMeters>2047.199951171875</DistanceMeters>
            <HeartRateBpm>
              <Value>133</Value>
            </HeartRateBpm>
            <Extensions>
              <ns3:TPX>
                <ns3:Speed>1.409000039100647</ns3:Speed>
              </ns3:TPX>
            </Extensions>
          </Trackpoint>
          <Trackpoint>
            <Time>2026-02-24T08:13:53.000Z</Time>
            <Position>
              <LatitudeDegrees>51.7593427374959</LatitudeDegrees>
              <LongitudeDegrees>-0.23950785398483276</LongitudeDegrees>
            </Position>
            <AltitudeMeters>80.0</AltitudeMeters>
            <DistanceMeters>2050.610107421875</DistanceMeters>
            <HeartRateBpm>
              <Value>133</Value>
            </HeartRateBpm>
            <Extensions>
              <ns3:TPX>
                <ns3:Speed>1.409000039100647</ns3:Speed>
              </ns3:TPX>
            </Extensions>
          </Trackpoint>
          <Trackpoint>
            <Time>2026-02-24T08:13:59.000Z</Time>
            <Position>
              <LatitudeDegrees>51.759301498532295</LatitudeDegrees>
              <LongitudeDegrees>-0.23959695361554623</LongitudeDegrees>
            </Position>
            <AltitudeMeters>80.19999694824219</AltitudeMeters>
            <DistanceMeters>2057.340087890625</DistanceMeters>
            <HeartRateBpm>
              <Value>134</Value>
            </HeartRateBpm>
            <Extensions>
              <ns3:TPX>
                <ns3:Speed>1.3899999856948853</ns3:Speed>
              </ns3:TPX>
            </Extensions>
          </Trackpoint>
          <Trackpoint>
            <Time>2026-02-24T08:14:05.000Z</Time>
            <Position>
              <LatitudeDegrees>51.75926361232996</LatitudeDegrees>
              <LongitudeDegrees>-0.23967012763023376</LongitudeDegrees>
            </Position>
            <AltitudeMeters>80.19999694824219</AltitudeMeters>
            <DistanceMeters>2064.449951171875</DistanceMeters>
            <HeartRateBpm>
              <Value>134</Value>
            </HeartRateBpm>
            <Extensions>
              <ns3:TPX>
                <ns3:Speed>1.343999981880188</ns3:Speed>
              </ns3:TPX>
            </Extensions>
          </Trackpoint>
          <Trackpoint>
            <Time>2026-02-24T08:14:14.000Z</Time>
            <Position>
              <LatitudeDegrees>51.75917317159474</LatitudeDegrees>
              <LongitudeDegrees>-0.23972737602889538</LongitudeDegrees>
            </Position>
            <AltitudeMeters>80.19999694824219</AltitudeMeters>
            <DistanceMeters>2076.3701171875</DistanceMeters>
            <HeartRateBpm>
              <Value>135</Value>
            </HeartRateBpm>
            <Extensions>
              <ns3:TPX>
                <ns3:Speed>1.3339999914169312</ns3:Speed>
              </ns3:TPX>
            </Extensions>
          </Trackpoint>
          <Trackpoint>
            <Time>2026-02-24T08:14:24.000Z</Time>
            <Position>
              <LatitudeDegrees>51.75904233008623</LatitudeDegrees>
              <LongitudeDegrees>-0.23969384841620922</LongitudeDegrees>
            </Position>
            <AltitudeMeters>80.19999694824219</AltitudeMeters>
            <DistanceMeters>2090.840087890625</DistanceMeters>
            <HeartRateBpm>
              <Value>135</Value>
            </HeartRateBpm>
            <Extensions>
              <ns3:TPX>
                <ns3:Speed>1.343999981880188</ns3:Speed>
              </ns3:TPX>
            </Extensions>
          </Trackpoint>
          <Trackpoint>
            <Time>2026-02-24T08:14:35.000Z</Time>
            <Position>
              <LatitudeDegrees>51.758910566568375</LatitudeDegrees>
              <LongitudeDegrees>-0.23976794444024563</LongitudeDegrees>
            </Position>
            <AltitudeMeters>80.19999694824219</AltitudeMeters>
            <DistanceMeters>2106.659912109375</DistanceMeters>
            <HeartRateBpm>
              <Value>134</Value>
            </HeartRateBpm>
            <Extensions>
              <ns3:TPX>
                <ns3:Speed>1.38100004196167</ns3:Speed>
              </ns3:TPX>
            </Extensions>
          </Trackpoint>
          <Trackpoint>
            <Time>2026-02-24T08:14:44.000Z</Time>
            <Position>
              <LatitudeDegrees>51.75884091295302</LatitudeDegrees>
              <LongitudeDegrees>-0.2398963551968336</LongitudeDegrees>
            </Position>
            <AltitudeMeters>80.19999694824219</AltitudeMeters>
            <DistanceMeters>2118.3798828125</DistanceMeters>
            <HeartRateBpm>
              <Value>135</Value>
            </HeartRateBpm>
            <Extensions>
              <ns3:TPX>
                <ns3:Speed>1.3899999856948853</ns3:Speed>
              </ns3:TPX>
            </Extensions>
          </Trackpoint>
          <Trackpoint>
            <Time>2026-02-24T08:14:51.000Z</Time>
            <Position>
              <LatitudeDegrees>51.758798668161035</LatitudeDegrees>
              <LongitudeDegrees>-0.24002141319215298</LongitudeDegrees>
            </Position>
            <AltitudeMeters>80.0</AltitudeMeters>
            <DistanceMeters>2127.919921875</DistanceMeters>
            <HeartRateBpm>
              <Value>136</Value>
            </HeartRateBpm>
            <Extensions>
              <ns3:TPX>
                <ns3:Speed>1.38100004196167</ns3:Speed>
              </ns3:TPX>
            </Extensions>
          </Trackpoint>
          <Trackpoint>
            <Time>2026-02-24T08:14:59.000Z</Time>
            <Position>
              <LatitudeDegrees>51.758729266002774</LatitudeDegrees>
              <LongitudeDegrees>-0.24015627801418304</LongitudeDegrees>
            </Position>
            <AltitudeMeters>79.80000305175781</AltitudeMeters>
            <DistanceMeters>2140.639892578125</DistanceMeters>
            <HeartRateBpm>
              <Value>133</Value>
            </HeartRateBpm>
            <Extensions>
              <ns3:TPX>
                <ns3:Speed>1.399999976158142</ns3:Speed>
              </ns3:TPX>
            </Extensions>
          </Trackpoint>
          <Trackpoint>
            <Time>2026-02-24T08:15:08.000Z</Time>
            <Position>
              <LatitudeDegrees>51.75865575671196</LatitudeDegrees>
              <LongitudeDegrees>-0.2403134386986494</LongitudeDegrees>
            </Position>
            <AltitudeMeters>79.80000305175781</AltitudeMeters>
            <DistanceMeters>2154.27001953125</DistanceMeters>
            <HeartRateBpm>
              <Value>132</Value>
            </HeartRateBpm>
            <Extensions>
              <ns3:TPX>
                <ns3:Speed>1.4179999828338623</ns3:Speed>
              </ns3:TPX>
            </Extensions>
          </Trackpoint>
          <Trackpoint>
            <Time>2026-02-24T08:15:17.000Z</Time>
            <Position>
              <LatitudeDegrees>51.75859624519944</LatitudeDegrees>
              <LongitudeDegrees>-0.24045651778578758</LongitudeDegrees>
            </Position>
            <AltitudeMeters>79.5999984741211</AltitudeMeters>
            <DistanceMeters>2166.030029296875</DistanceMeters>
            <HeartRateBpm>
              <Value>131</Value>
            </HeartRateBpm>
            <Extensions>
              <ns3:TPX>
                <ns3:Speed>1.4179999828338623</ns3:Speed>
              </ns3:TPX>
            </Extensions>
          </Trackpoint>
          <Trackpoint>
            <Time>2026-02-24T08:15:18.000Z</Time>
            <Position>
              <LatitudeDegrees>51.758587108924985</LatitudeDegrees>
              <LongitudeDegrees>-0.2404811605811119</LongitudeDegrees>
            </Position>
            <AltitudeMeters>79.5999984741211</AltitudeMeters>
            <DistanceMeters>2168.02001953125</DistanceMeters>
            <HeartRateBpm>
              <Value>131</Value>
            </HeartRateBpm>
            <Extensions>
              <ns3:TPX>
                <ns3:Speed>1.4179999828338623</ns3:Speed>
              </ns3:TPX>
            </Extensions>
          </Trackpoint>
          <Trackpoint>
            <Time>2026-02-24T08:15:24.000Z</Time>
            <Position>
              <LatitudeDegrees>51.758538242429495</LatitudeDegrees>
              <LongitudeDegrees>-0.24058551527559757</LongitudeDegrees>
            </Position>
            <AltitudeMeters>79.19999694824219</AltitudeMeters>
            <DistanceMeters>2177.139892578125</DistanceMeters>
            <HeartRateBpm>
              <Value>128</Value>
            </HeartRateBpm>
            <Extensions>
              <ns3:TPX>
                <ns3:Speed>1.4279999732971191</ns3:Speed>
              </ns3:TPX>
            </Extensions>
          </Trackpoint>
          <Trackpoint>
            <Time>2026-02-24T08:15:26.000Z</Time>
            <Position>
              <LatitudeDegrees>51.75852935761213</LatitudeDegrees>
              <LongitudeDegrees>-0.24061166681349277</LongitudeDegrees>
            </Position>
            <AltitudeMeters>79.4000015258789</AltitudeMeters>
            <DistanceMeters>2179.06005859375</DistanceMeters>
            <HeartRateBpm>
              <Value>127</Value>
            </HeartRateBpm>
            <Extensions>
              <ns3:TPX>
                <ns3:Speed>1.4279999732971191</ns3:Speed>
              </ns3:TPX>
            </Extensions>
          </Trackpoint>
          <Trackpoint>
            <Time>2026-02-24T08:15:34.000Z</Time>
            <Position>
              <LatitudeDegrees>51.758467918261886</LatitudeDegrees>
              <LongitudeDegrees>-0.2407413348555565</LongitudeDegrees>
            </Position>
            <AltitudeMeters>79.4000015258789</AltitudeMeters>
            <DistanceMeters>2190.739990234375</DistanceMeters>
            <HeartRateBpm>
              <Value>126</Value>
            </HeartRateBpm>
            <Extensions>
              <ns3:TPX>
                <ns3:Speed>1.409000039100647</ns3:Speed>
              </ns3:TPX>
            </Extensions>
          </Trackpoint>
          <Trackpoint>
            <Time>2026-02-24T08:15:42.000Z</Time>
            <Position>
              <LatitudeDegrees>51.758395582437515</LatitudeDegrees>
              <LongitudeDegrees>-0.24086345918476582</LongitudeDegrees>
            </Position>
            <AltitudeMeters>79.4000015258789</AltitudeMeters>
            <DistanceMeters>2201.530029296875</DistanceMeters>
            <HeartRateBpm>
              <Value>126</Value>
            </HeartRateBpm>
            <Extensions>
              <ns3:TPX>
                <ns3:Speed>1.409000039100647</ns3:Speed>
              </ns3:TPX>
            </Extensions>
          </Trackpoint>
          <Trackpoint>
            <Time>2026-02-24T08:15:50.000Z</Time>
            <Position>
              <LatitudeDegrees>51.75832089968026</LatitudeDegrees>
              <LongitudeDegrees>-0.24099388159811497</LongitudeDegrees>
            </Position>
            <AltitudeMeters>79.19999694824219</AltitudeMeters>
            <DistanceMeters>2214.7099609375</DistanceMeters>
            <HeartRateBpm>
              <Value>128</Value>
            </HeartRateBpm>
            <Extensions>
              <ns3:TPX>
                <ns3:Speed>1.4279999732971191</ns3:Speed>
              </ns3:TPX>
            </Extensions>
          </Trackpoint>
          <Trackpoint>
            <Time>2026-02-24T08:15:59.000Z</Time>
            <Position>
              <LatitudeDegrees>51.75824328325689</LatitudeDegrees>
              <LongitudeDegrees>-0.24113109335303307</LongitudeDegrees>
            </Position>
            <AltitudeMeters>79.4000015258789</AltitudeMeters>
            <DistanceMeters>2227.489990234375</DistanceMeters>
            <HeartRateBpm>
              <Value>130</Value>
            </HeartRateBpm>
            <Extensions>
              <ns3:TPX>
                <ns3:Speed>1.437000036239624</ns3:Speed>
              </ns3:TPX>
            </Extensions>
          </Trackpoint>
          <Trackpoint>
            <Time>2026-02-24T08:16:05.000Z</Time>
            <Position>
              <LatitudeDegrees>51.75818762741983</LatitudeDegrees>
              <LongitudeDegrees>-0.24120946414768696</LongitudeDegrees>
            </Position>
            <AltitudeMeters>79.19999694824219</AltitudeMeters>
            <DistanceMeters>2235.659912109375</DistanceMeters>
            <HeartRateBpm>
              <Value>129</Value>
            </HeartRateBpm>
            <Extensions>
              <ns3:TPX>
                <ns3:Speed>1.437000036239624</ns3:Speed>
              </ns3:TPX>
            </Extensions>
          </Trackpoint>
          <Trackpoint>
            <Time>2026-02-24T08:16:14.000Z</Time>
            <Position>
              <LatitudeDegrees>51.75810590386391</LatitudeDegrees>
              <LongitudeDegrees>-0.24135044775903225</LongitudeDegrees>
            </Position>
            <AltitudeMeters>79.5999984741211</AltitudeMeters>
            <DistanceMeters>2248.610107421875</DistanceMeters>
            <HeartRateBpm>
              <Value>130</Value>
            </HeartRateBpm>
            <Extensions>
              <ns3:TPX>
                <ns3:Speed>1.437000036239624</ns3:Speed>
              </ns3:TPX>
            </Extensions>
          </Trackpoint>
          <Trackpoint>
            <Time>2026-02-24T08:16:22.000Z</Time>
            <Position>
              <LatitudeDegrees>51.75803381949663</LatitudeDegrees>
              <LongitudeDegrees>-0.24145346134901047</LongitudeDegrees>
            </Position>
            <AltitudeMeters>79.5999984741211</AltitudeMeters>
            <DistanceMeters>2259.85009765625</DistanceMeters>
            <HeartRateBpm>
              <Value>132</Value>
            </HeartRateBpm>
            <Extensions>
              <ns3:TPX>
                <ns3:Speed>1.437000036239624</ns3:Speed>
              </ns3:TPX>
            </Extensions>
          </Trackpoint>
          <Trackpoint>
            <Time>2026-02-24T08:16:32.000Z</Time>
            <Position>
              <LatitudeDegrees>51.757926028221846</LatitudeDegrees>
              <LongitudeDegrees>-0.24155178107321262</LongitudeDegrees>
            </Position>
            <AltitudeMeters>79.5999984741211</AltitudeMeters>
            <DistanceMeters>2273.570068359375</DistanceMeters>
            <HeartRateBpm>
              <Value>132</Value>
            </HeartRateBpm>
            <Extensions>
              <ns3:TPX>
                <ns3:Speed>1.409000039100647</ns3:Speed>
              </ns3:TPX>
            </Extensions>
          </Trackpoint>
          <Trackpoint>
            <Time>2026-02-24T08:16:42.000Z</Time>
            <Position>
              <LatitudeDegrees>51.75780122168362</LatitudeDegrees>
              <LongitudeDegrees>-0.2416403777897358</LongitudeDegrees>
            </Position>
            <AltitudeMeters>79.19999694824219</AltitudeMeters>
            <DistanceMeters>2288.469970703125</DistanceMeters>
            <HeartRateBpm>
              <Value>134</Value>
            </HeartRateBpm>
            <Extensions>
              <ns3:TPX>
                <ns3:Speed>1.437000036239624</ns3:Speed>
              </ns3:TPX>
            </Extensions>
          </Trackpoint>
          <Trackpoint>
            <Time>2026-02-24T08:16:46.000Z</Time>
            <Position>
              <LatitudeDegrees>51.757753444835544</LatitudeDegrees>
              <LongitudeDegrees>-0.2416724804788828</LongitudeDegrees>
            </Position>
            <AltitudeMeters>79.4000015258789</AltitudeMeters>
            <DistanceMeters>2294.330078125</DistanceMeters>
            <HeartRateBpm>
              <Value>137</Value>
            </HeartRateBpm>
            <Extensions>
              <ns3:TPX>
                <ns3:Speed>1.4279999732971191</ns3:Speed>
              </ns3:TPX>
            </Extensions>
          </Trackpoint>
          <Trackpoint>
            <Time>2026-02-24T08:16:50.000Z</Time>
            <Position>
              <LatitudeDegrees>51.75771304406226</LatitudeDegrees>
              <LongitudeDegrees>-0.24171489290893078</LongitudeDegrees>
            </Position>
            <AltitudeMeters>79.19999694824219</AltitudeMeters>
            <DistanceMeters>2300.139892578125</DistanceMeters>
            <HeartRateBpm>
              <Value>137</Value>
            </HeartRateBpm>
            <Extensions>
              <ns3:TPX>
                <ns3:Speed>1.437000036239624</ns3:Speed>
              </ns3:TPX>
            </Extensions>
          </Trackpoint>
          <Trackpoint>
            <Time>2026-02-24T08:16:59.000Z</Time>
            <Position>
              <LatitudeDegrees>51.75761112011969</LatitudeDegrees>
              <LongitudeDegrees>-0.24181882850825787</LongitudeDegrees>
            </Position>
            <AltitudeMeters>79.0</AltitudeMeters>
            <DistanceMeters>2313.1201171875</DistanceMeters>
            <HeartRateBpm>
              <Value>137</Value>
            </HeartRateBpm>
            <Extensions>
              <ns3:TPX>
                <ns3:Speed>1.4459999799728394</ns3:Speed>
              </ns3:TPX>
            </Extensions>
          </Trackpoint>
          <Trackpoint>
            <Time>2026-02-24T08:17:06.000Z</Time>
            <Position>
              <LatitudeDegrees>51.75752931274474</LatitudeDegrees>
              <LongitudeDegrees>-0.2418712992221117</LongitudeDegrees>
            </Position>
            <AltitudeMeters>79.0</AltitudeMeters>
            <DistanceMeters>2322.989990234375</DistanceMeters>
            <HeartRateBpm>
              <Value>137</Value>
            </HeartRateBpm>
            <Extensions>
              <ns3:TPX>
                <ns3:Speed>1.437000036239624</ns3:Speed>
              </ns3:TPX>
            </Extensions>
          </Trackpoint>
          <Trackpoint>
            <Time>2026-02-24T08:17:17.000Z</Time>
            <Position>
              <LatitudeDegrees>51.757405595853925</LatitudeDegrees>
              <LongitudeDegrees>-0.24197565391659737</LongitudeDegrees>
            </Position>
            <AltitudeMeters>79.4000015258789</AltitudeMeters>
            <DistanceMeters>2338.419921875</DistanceMeters>
            <HeartRateBpm>
              <Value>137</Value>
            </HeartRateBpm>
            <Extensions>
              <ns3:TPX>
                <ns3:Speed>1.4279999732971191</ns3:Speed>
              </ns3:TPX>
            </Extensions>
          </Trackpoint>
          <Trackpoint>
            <Time>2026-02-24T08:17:27.000Z</Time>
            <Position>
              <LatitudeDegrees>51.75728028640151</LatitudeDegrees>
              <LongitudeDegrees>-0.24207313545048237</LongitudeDegrees>
            </Position>
            <AltitudeMeters>79.19999694824219</AltitudeMeters>
            <DistanceMeters>2353.820068359375</DistanceMeters>
            <HeartRateBpm>
              <Value>136</Value>
            </HeartRateBpm>
            <Extensions>
              <ns3:TPX>
                <ns3:Speed>1.4459999799728394</ns3:Speed>
              </ns3:TPX>
            </Extensions>
          </Trackpoint>
          <Trackpoint>
            <Time>2026-02-24T08:17:35.000Z</Time>
            <Position>
              <LatitudeDegrees>51.7571911867708</LatitudeDegrees>
              <LongitudeDegrees>-0.24214547127485275</LongitudeDegrees>
            </Position>
            <AltitudeMeters>79.19999694824219</AltitudeMeters>
            <DistanceMeters>2364.75</DistanceMeters>
            <HeartRateBpm>
              <Value>136</Value>
            </HeartRateBpm>
            <Extensions>
              <ns3:TPX>
                <ns3:Speed>1.437000036239624</ns3:Speed>
              </ns3:TPX>
            </Extensions>
          </Trackpoint>
          <Trackpoint>
            <Time>2026-02-24T08:17:44.000Z</Time>
            <Position>
              <LatitudeDegrees>51.75709412433207</LatitudeDegrees>
              <LongitudeDegrees>-0.24223733693361282</LongitudeDegrees>
            </Position>
            <AltitudeMeters>79.4000015258789</AltitudeMeters>
            <DistanceMeters>2377.389892578125</DistanceMeters>
            <HeartRateBpm>
              <Value>134</Value>
            </HeartRateBpm>
            <Extensions>
              <ns3:TPX>
                <ns3:Speed>1.4559999704360962</ns3:Speed>
              </ns3:TPX>
            </Extensions>
          </Trackpoint>
          <Trackpoint>
            <Time>2026-02-24T08:17:52.000Z</Time>
            <Position>
              <LatitudeDegrees>51.75700519233942</LatitudeDegrees>
              <LongitudeDegrees>-0.24232777766883373</LongitudeDegrees>
            </Position>
            <AltitudeMeters>79.19999694824219</AltitudeMeters>
            <DistanceMeters>2389.3701171875</DistanceMeters>
            <HeartRateBpm>
              <Value>131</Value>
            </HeartRateBpm>
            <Extensions>
              <ns3:TPX>
                <ns3:Speed>1.4459999799728394</ns3:Speed>
              </ns3:TPX>
            </Extensions>
          </Trackpoint>
          <Trackpoint>
            <Time>2026-02-24T08:17:56.000Z</Time>
            <Position>
              <LatitudeDegrees>51.75697032362223</LatitudeDegrees>
              <LongitudeDegrees>-0.2423777338117361</LongitudeDegrees>
            </Position>
            <AltitudeMeters>79.19999694824219</AltitudeMeters>
            <DistanceMeters>2394.8798828125</DistanceMeters>
            <HeartRateBpm>
              <Value>129</Value>
            </HeartRateBpm>
            <Extensions>
              <ns3:TPX>
                <ns3:Speed>1.4459999799728394</ns3:Speed>
              </ns3:TPX>
            </Extensions>
          </Trackpoint>
          <Trackpoint>
            <Time>2026-02-24T08:18:07.000Z</Time>
            <Position>
              <LatitudeDegrees>51.7568611074239</LatitudeDegrees>
              <LongitudeDegrees>-0.24250304326415062</LongitudeDegrees>
            </Position>
            <AltitudeMeters>79.19999694824219</AltitudeMeters>
            <DistanceMeters>2409.389892578125</DistanceMeters>
            <HeartRateBpm>
              <Value>129</Value>
            </HeartRateBpm>
            <Extensions>
              <ns3:TPX>
                <ns3:Speed>1.4279999732971191</ns3:Speed>
              </ns3:TPX>
            </Extensions>
          </Trackpoint>
          <Trackpoint>
            <Time>2026-02-24T08:18:14.000Z</Time>
            <Position>
              <LatitudeDegrees>51.75678282044828</LatitudeDegrees>
              <LongitudeDegrees>-0.24258283898234367</LongitudeDegrees>
            </Position>
            <AltitudeMeters>79.4000015258789</AltitudeMeters>
            <DistanceMeters>2419.719970703125</DistanceMeters>
            <HeartRateBpm>
              <Value>129</Value>
            </HeartRateBpm>
            <Extensions>
              <ns3:TPX>
                <ns3:Speed>1.4279999732971191</ns3:Speed>
              </ns3:TPX>
            </Extensions>
          </Trackpoint>
          <Trackpoint>
            <Time>2026-02-24T08:18:26.000Z</Time>
            <Position>
              <LatitudeDegrees>51.756648290902376</LatitudeDegrees>
              <LongitudeDegrees>-0.24269146844744682</LongitudeDegrees>
            </Position>
            <AltitudeMeters>79.19999694824219</AltitudeMeters>
            <DistanceMeters>2436.760009765625</DistanceMeters>
            <HeartRateBpm>
              <Value>129</Value>
            </HeartRateBpm>
            <Extensions>
              <ns3:TPX>
                <ns3:Speed>1.4279999732971191</ns3:Speed>
              </ns3:TPX>
            </Extensions>
          </Trackpoint>
          <Trackpoint>
            <Time>2026-02-24T08:18:36.000Z</Time>
            <Position>
              <LatitudeDegrees>51.75653857178986</LatitudeDegrees>
              <LongitudeDegrees>-0.24275735020637512</LongitudeDegrees>
            </Position>
            <AltitudeMeters>79.19999694824219</AltitudeMeters>
            <DistanceMeters>2449.199951171875</DistanceMeters>
            <HeartRateBpm>
              <Value>128</Value>
            </HeartRateBpm>
            <Extensions>
              <ns3:TPX>
                <ns3:Speed>1.409000039100647</ns3:Speed>
              </ns3:TPX>
            </Extensions>
          </Trackpoint>
          <Trackpoint>
            <Time>2026-02-24T08:18:46.000Z</Time>
            <Position>
              <LatitudeDegrees>51.75642667338252</LatitudeDegrees>
              <LongitudeDegrees>-0.24284133687615395</LongitudeDegrees>
            </Position>
            <AltitudeMeters>79.5999984741211</AltitudeMeters>
            <DistanceMeters>2463.0400390625</DistanceMeters>
            <HeartRateBpm>
              <Value>127</Value>
            </HeartRateBpm>
            <Extensions>
              <ns3:TPX>
                <ns3:Speed>1.409000039100647</ns3:Speed>
              </ns3:TPX>
            </Extensions>
          </Trackpoint>
          <Trackpoint>
            <Time>2026-02-24T08:18:54.000Z</Time>
            <Position>
              <LatitudeDegrees>51.75632114522159</LatitudeDegrees>
              <LongitudeDegrees>-0.24292649701237679</LongitudeDegrees>
            </Position>
            <AltitudeMeters>79.5999984741211</AltitudeMeters>
            <DistanceMeters>2476.570068359375</DistanceMeters>
            <HeartRateBpm>
              <Value>128</Value>
            </HeartRateBpm>
            <Extensions>
              <ns3:TPX>
                <ns3:Speed>1.4179999828338623</ns3:Speed>
              </ns3:TPX>
            </Extensions>
          </Trackpoint>
          <Trackpoint>
            <Time>2026-02-24T08:19:06.000Z</Time>
            <Position>
              <LatitudeDegrees>51.75618091598153</LatitudeDegrees>
              <LongitudeDegrees>-0.2430181112140417</LongitudeDegrees>
            </Position>
            <AltitudeMeters>79.19999694824219</AltitudeMeters>
            <DistanceMeters>2493.260009765625</DistanceMeters>
            <HeartRateBpm>
              <Value>131</Value>
            </HeartRateBpm>
            <Extensions>
              <ns3:TPX>
                <ns3:Speed>1.4279999732971191</ns3:Speed>
              </ns3:TPX>
            </Extensions>
          </Trackpoint>
          <Trackpoint>
            <Time>2026-02-24T08:19:16.000Z</Time>
            <Position>
              <LatitudeDegrees>51.75607094541192</LatitudeDegrees>
              <LongitudeDegrees>-0.24305532686412334</LongitudeDegrees>
            </Position>
            <AltitudeMeters>79.0</AltitudeMeters>
            <DistanceMeters>2505.929931640625</DistanceMeters>
            <HeartRateBpm>
              <Value>131</Value>
            </HeartRateBpm>
            <Extensions>
              <ns3:TPX>
                <ns3:Speed>1.409000039100647</ns3:Speed>
              </ns3:TPX>
            </Extensions>
          </Trackpoint>
          <Trackpoint>
            <Time>2026-02-24T08:19:26.000Z</Time>
            <Position>
              <LatitudeDegrees>51.755942618474364</LatitudeDegrees>
              <LongitudeDegrees>-0.24309120140969753</LongitudeDegrees>
            </Position>
            <AltitudeMeters>79.0</AltitudeMeters>
            <DistanceMeters>2520.449951171875</DistanceMeters>
            <HeartRateBpm>
              <Value>130</Value>
            </HeartRateBpm>
            <Extensions>
              <ns3:TPX>
                <ns3:Speed>1.409000039100647</ns3:Speed>
              </ns3:TPX>
            </Extensions>
          </Trackpoint>
          <Trackpoint>
            <Time>2026-02-24T08:19:35.000Z</Time>
            <Position>
              <LatitudeDegrees>51.7558235116303</LatitudeDegrees>
              <LongitudeDegrees>-0.24308793246746063</LongitudeDegrees>
            </Position>
            <AltitudeMeters>79.5999984741211</AltitudeMeters>
            <DistanceMeters>2533.550048828125</DistanceMeters>
            <HeartRateBpm>
              <Value>129</Value>
            </HeartRateBpm>
            <Extensions>
              <ns3:TPX>
                <ns3:Speed>1.409000039100647</ns3:Speed>
              </ns3:TPX>
            </Extensions>
          </Trackpoint>
          <Trackpoint>
            <Time>2026-02-24T08:19:40.000Z</Time>
            <Position>
              <LatitudeDegrees>51.755761401727796</LatitudeDegrees>
              <LongitudeDegrees>-0.2430849988013506</LongitudeDegrees>
            </Position>
            <AltitudeMeters>79.4000015258789</AltitudeMeters>
            <DistanceMeters>2540.64990234375</DistanceMeters>
            <HeartRateBpm>
              <Value>132</Value>
            </HeartRateBpm>
            <Extensions>
              <ns3:TPX>
                <ns3:Speed>1.4179999828338623</ns3:Speed>
              </ns3:TPX>
            </Extensions>
          </Trackpoint>
          <Trackpoint>
            <Time>2026-02-24T08:19:46.000Z</Time>
            <Position>
              <LatitudeDegrees>51.75569090992212</LatitudeDegrees>
              <LongitudeDegrees>-0.24308198131620884</LongitudeDegrees>
            </Position>
            <AltitudeMeters>79.4000015258789</AltitudeMeters>
            <DistanceMeters>2548.820068359375</DistanceMeters>
            <HeartRateBpm>
              <Value>134</Value>
            </HeartRateBpm>
            <Extensions>
              <ns3:TPX>
                <ns3:Speed>1.4279999732971191</ns3:Speed>
              </ns3:TPX>
            </Extensions>
          </Trackpoint>
          <Trackpoint>
            <Time>2026-02-24T08:19:59.000Z</Time>
            <Position>
              <LatitudeDegrees>51.75553240813315</LatitudeDegrees>
              <LongitudeDegrees>-0.24309195578098297</LongitudeDegrees>
            </Position>
            <AltitudeMeters>79.80000305175781</AltitudeMeters>
            <DistanceMeters>2566.3701171875</DistanceMeters>
            <HeartRateBpm>
              <Value>133</Value>
            </HeartRateBpm>
            <Extensions>
              <ns3:TPX>
                <ns3:Speed>1.399999976158142</ns3:Speed>
              </ns3:TPX>
            </Extensions>
          </Trackpoint>
          <Trackpoint>
            <Time>2026-02-24T08:20:11.000Z</Time>
            <Position>
              <LatitudeDegrees>51.755384216085076</LatitudeDegrees>
              <LongitudeDegrees>-0.24308868683874607</LongitudeDegrees>
            </Position>
            <AltitudeMeters>79.80000305175781</AltitudeMeters>
            <DistanceMeters>2582.2900390625</DistanceMeters>
            <HeartRateBpm>
              <Value>134</Value>
            </HeartRateBpm>
            <Extensions>
              <ns3:TPX>
                <ns3:Speed>1.371999979019165</ns3:Speed>
              </ns3:TPX>
            </Extensions>
          </Trackpoint>
          <Trackpoint>
            <Time>2026-02-24T08:20:21.000Z</Time>
            <Position>
              <LatitudeDegrees>51.75525672733784</LatitudeDegrees>
              <LongitudeDegrees>-0.24308659136295319</LongitudeDegrees>
            </Position>
            <AltitudeMeters>80.0</AltitudeMeters>
            <DistanceMeters>2597.050048828125</DistanceMeters>
            <HeartRateBpm>
              <Value>136</Value>
            </HeartRateBpm>
            <Extensions>
              <ns3:TPX>
                <ns3:Speed>1.3899999856948853</ns3:Speed>
              </ns3:TPX>
            </Extensions>
          </Trackpoint>
          <Trackpoint>
            <Time>2026-02-24T08:20:31.000Z</Time>
            <Position>
              <LatitudeDegrees>51.75512823276222</LatitudeDegrees>
              <LongitudeDegrees>-0.24308918975293636</LongitudeDegrees>
            </Position>
            <AltitudeMeters>80.0</AltitudeMeters>
            <DistanceMeters>2611.169921875</DistanceMeters>
            <HeartRateBpm>
              <Value>137</Value>
            </HeartRateBpm>
            <Extensions>
              <ns3:TPX>
                <ns3:Speed>1.38100004196167</ns3:Speed>
              </ns3:TPX>
            </Extensions>
          </Trackpoint>
          <Trackpoint>
            <Time>2026-02-24T08:20:42.000Z</Time>
            <Position>
              <LatitudeDegrees>51.75500049255788</LatitudeDegrees>
              <LongitudeDegrees>-0.24307100102305412</LongitudeDegrees>
            </Position>
            <AltitudeMeters>79.5999984741211</AltitudeMeters>
            <DistanceMeters>2625.6298828125</DistanceMeters>
            <HeartRateBpm>
              <Value>136</Value>
            </HeartRateBpm>
            <Extensions>
              <ns3:TPX>
                <ns3:Speed>1.371999979019165</ns3:Speed>
              </ns3:TPX>
            </Extensions>
          </Trackpoint>
          <Trackpoint>
            <Time>2026-02-24T08:20:52.000Z</Time>
            <Position>
              <LatitudeDegrees>51.75487032160163</LatitudeDegrees>
              <LongitudeDegrees>-0.24307703599333763</LongitudeDegrees>
            </Position>
            <AltitudeMeters>80.19999694824219</AltitudeMeters>
            <DistanceMeters>2640.419921875</DistanceMeters>
            <HeartRateBpm>
              <Value>134</Value>
            </HeartRateBpm>
            <Extensions>
              <ns3:TPX>
                <ns3:Speed>1.3899999856948853</ns3:Speed>
              </ns3:TPX>
            </Extensions>
          </Trackpoint>
          <Trackpoint>
            <Time>2026-02-24T08:20:57.000Z</Time>
            <Position>
              <LatitudeDegrees>51.754814917221665</LatitudeDegrees>
              <LongitudeDegrees>-0.243072509765625</LongitudeDegrees>
            </Position>
            <AltitudeMeters>80.5999984741211</AltitudeMeters>
            <DistanceMeters>2646.110107421875</DistanceMeters>
            <HeartRateBpm>
              <Value>137</Value>
            </HeartRateBpm>
            <Extensions>
              <ns3:TPX>
                <ns3:Speed>1.343999981880188</ns3:Speed>
              </ns3:TPX>
            </Extensions>
          </Trackpoint>
          <Trackpoint>
            <Time>2026-02-24T08:21:00.000Z</Time>
            <Position>
              <LatitudeDegrees>51.75477594137192</LatitudeDegrees>
              <LongitudeDegrees>-0.24307175539433956</LongitudeDegrees>
            </Position>
            <AltitudeMeters>80.80000305175781</AltitudeMeters>
            <DistanceMeters>2650.39990234375</DistanceMeters>
            <HeartRateBpm>
              <Value>140</Value>
            </HeartRateBpm>
            <Extensions>
              <ns3:TPX>
                <ns3:Speed>1.343999981880188</ns3:Speed>
              </ns3:TPX>
            </Extensions>
          </Trackpoint>
          <Trackpoint>
            <Time>2026-02-24T08:21:05.000Z</Time>
            <Position>
              <LatitudeDegrees>51.75471358001232</LatitudeDegrees>
              <LongitudeDegrees>-0.24307594634592533</LongitudeDegrees>
            </Position>
            <AltitudeMeters>80.80000305175781</AltitudeMeters>
            <DistanceMeters>2657.5</DistanceMeters>
            <HeartRateBpm>
              <Value>143</Value>
            </HeartRateBpm>
            <Extensions>
              <ns3:TPX>
                <ns3:Speed>1.3619999885559082</ns3:Speed>
              </ns3:TPX>
            </Extensions>
          </Trackpoint>
          <Trackpoint>
            <Time>2026-02-24T08:21:06.000Z</Time>
            <Position>
              <LatitudeDegrees>51.75470117479563</LatitudeDegrees>
              <LongitudeDegrees>-0.24307494051754475</LongitudeDegrees>
            </Position>
            <AltitudeMeters>80.80000305175781</AltitudeMeters>
            <DistanceMeters>2659.06005859375</DistanceMeters>
            <HeartRateBpm>
              <Value>143</Value>
            </HeartRateBpm>
            <Extensions>
              <ns3:TPX>
                <ns3:Speed>1.3530000448226929</ns3:Speed>
              </ns3:TPX>
            </Extensions>
          </Trackpoint>
          <Trackpoint>
            <Time>2026-02-24T08:21:09.000Z</Time>
            <Position>
              <LatitudeDegrees>51.75466907210648</LatitudeDegrees>
              <LongitudeDegrees>-0.24307720363140106</LongitudeDegrees>
            </Position>
            <AltitudeMeters>80.80000305175781</AltitudeMeters>
            <DistanceMeters>2662.469970703125</DistanceMeters>
            <HeartRateBpm>
              <Value>146</Value>
            </HeartRateBpm>
            <Extensions>
              <ns3:TPX>
                <ns3:Speed>1.3619999885559082</ns3:Speed>
              </ns3:TPX>
            </Extensions>
          </Trackpoint>
          <Trackpoint>
            <Time>2026-02-24T08:21:17.000Z</Time>
            <Position>
              <LatitudeDegrees>51.754572093486786</LatitudeDegrees>
              <LongitudeDegrees>-0.24308047257363796</LongitudeDegrees>
            </Position>
            <AltitudeMeters>81.0</AltitudeMeters>
            <DistanceMeters>2673.469970703125</DistanceMeters>
            <HeartRateBpm>
              <Value>149</Value>
            </HeartRateBpm>
            <Extensions>
              <ns3:TPX>
                <ns3:Speed>1.343999981880188</ns3:Speed>
              </ns3:TPX>
            </Extensions>
          </Trackpoint>
          <Trackpoint>
            <Time>2026-02-24T08:21:22.000Z</Time>
            <Position>
              <LatitudeDegrees>51.75452004186809</LatitudeDegrees>
              <LongitudeDegrees>-0.24307812564074993</LongitudeDegrees>
            </Position>
            <AltitudeMeters>81.19999694824219</AltitudeMeters>
            <DistanceMeters>2679.110107421875</DistanceMeters>
            <HeartRateBpm>
              <Value>146</Value>
            </HeartRateBpm>
            <Extensions>
              <ns3:TPX>
                <ns3:Speed>1.3339999914169312</ns3:Speed>
              </ns3:TPX>
            </Extensions>
          </Trackpoint>
          <Trackpoint>
            <Time>2026-02-24T08:21:27.000Z</Time>
            <Position>
              <LatitudeDegrees>51.75445617176592</LatitudeDegrees>
              <LongitudeDegrees>-0.24307888001203537</LongitudeDegrees>
            </Position>
            <AltitudeMeters>81.19999694824219</AltitudeMeters>
            <DistanceMeters>2686.02001953125</DistanceMeters>
            <HeartRateBpm>
              <Value>144</Value>
            </HeartRateBpm>
            <Extensions>
              <ns3:TPX>
                <ns3:Speed>1.3250000476837158</ns3:Speed>
              </ns3:TPX>
            </Extensions>
          </Trackpoint>
          <Trackpoint>
            <Time>2026-02-24T08:21:36.000Z</Time>
            <Position>
              <LatitudeDegrees>51.75434653647244</LatitudeDegrees>
              <LongitudeDegrees>-0.24308801628649235</LongitudeDegrees>
            </Position>
            <AltitudeMeters>81.19999694824219</AltitudeMeters>
            <DistanceMeters>2698.0</DistanceMeters>
            <HeartRateBpm>
              <Value>141</Value>
            </HeartRateBpm>
            <Extensions>
              <ns3:TPX>
                <ns3:Speed>1.3339999914169312</ns3:Speed>
              </ns3:TPX>
            </Extensions>
          </Trackpoint>
          <Trackpoint>
            <Time>2026-02-24T08:21:44.000Z</Time>
            <Position>
              <LatitudeDegrees>51.7542518209666</LatitudeDegrees>
              <LongitudeDegrees>-0.2431116532534361</LongitudeDegrees>
            </Position>
            <AltitudeMeters>81.4000015258789</AltitudeMeters>
            <DistanceMeters>2708.9599609375</DistanceMeters>
            <HeartRateBpm>
              <Value>139</Value>
            </HeartRateBpm>
            <Extensions>
              <ns3:TPX>
                <ns3:Speed>1.3339999914169312</ns3:Speed>
              </ns3:TPX>
            </Extensions>
          </Trackpoint>
          <Trackpoint>
            <Time>2026-02-24T08:21:50.000Z</Time>
            <Position>
              <LatitudeDegrees>51.75418476574123</LatitudeDegrees>
              <LongitudeDegrees>-0.24311584420502186</LongitudeDegrees>
            </Position>
            <AltitudeMeters>81.4000015258789</AltitudeMeters>
            <DistanceMeters>2716.760009765625</DistanceMeters>
            <HeartRateBpm>
              <Value>138</Value>
            </HeartRateBpm>
            <Extensions>
              <ns3:TPX>
                <ns3:Speed>1.3339999914169312</ns3:Speed>
              </ns3:TPX>
            </Extensions>
          </Trackpoint>
          <Trackpoint>
            <Time>2026-02-24T08:21:52.000Z</Time>
            <Position>
              <LatitudeDegrees>51.75417051650584</LatitudeDegrees>
              <LongitudeDegrees>-0.2430899441242218</LongitudeDegrees>
            </Position>
            <AltitudeMeters>81.19999694824219</AltitudeMeters>
            <DistanceMeters>2719.340087890625</DistanceMeters>
            <HeartRateBpm>
              <Value>137</Value>
            </HeartRateBpm>
            <Extensions>
              <ns3:TPX>
                <ns3:Speed>1.3250000476837158</ns3:Speed>
              </ns3:TPX>
            </Extensions>
          </Trackpoint>
          <Trackpoint>
            <Time>2026-02-24T08:21:59.000Z</Time>
            <Position>
              <LatitudeDegrees>51.75410186871886</LatitudeDegrees>
              <LongitudeDegrees>-0.24299397133290768</LongitudeDegrees>
            </Position>
            <AltitudeMeters>81.19999694824219</AltitudeMeters>
            <DistanceMeters>2728.919921875</DistanceMeters>
            <HeartRateBpm>
              <Value>136</Value>
            </HeartRateBpm>
            <Extensions>
              <ns3:TPX>
                <ns3:Speed>1.305999994277954</ns3:Speed>
              </ns3:TPX>
            </Extensions>
          </Trackpoint>
          <Trackpoint>
            <Time>2026-02-24T08:22:07.000Z</Time>
            <Position>
              <LatitudeDegrees>51.754001369699836</LatitudeDegrees>
              <LongitudeDegrees>-0.24298684671521187</LongitudeDegrees>
            </Position>
            <AltitudeMeters>81.4000015258789</AltitudeMeters>
            <DistanceMeters>2740.360107421875</DistanceMeters>
            <HeartRateBpm>
              <Value>136</Value>
            </HeartRateBpm>
            <Extensions>
              <ns3:TPX>
                <ns3:Speed>1.3530000448226929</ns3:Speed>
              </ns3:TPX>
            </Extensions>
          </Trackpoint>
          <Trackpoint>
            <Time>2026-02-24T08:22:11.000Z</Time>
            <Position>
              <LatitudeDegrees>51.7539634834975</LatitudeDegrees>
              <LongitudeDegrees>-0.24296111427247524</LongitudeDegrees>
            </Position>
            <AltitudeMeters>81.4000015258789</AltitudeMeters>
            <DistanceMeters>2745.7099609375</DistanceMeters>
            <HeartRateBpm>
              <Value>133</Value>
            </HeartRateBpm>
            <Extensions>
              <ns3:TPX>
                <ns3:Speed>1.343999981880188</ns3:Speed>
              </ns3:TPX>
            </Extensions>
          </Trackpoint>
          <Trackpoint>
            <Time>2026-02-24T08:22:13.000Z</Time>
            <Position>
              <LatitudeDegrees>51.75396021455526</LatitudeDegrees>
              <LongitudeDegrees>-0.24293781258165836</LongitudeDegrees>
            </Position>
            <AltitudeMeters>81.5999984741211</AltitudeMeters>
            <DistanceMeters>2746.949951171875</DistanceMeters>
            <HeartRateBpm>
              <Value>133</Value>
            </HeartRateBpm>
            <Extensions>
              <ns3:TPX>
                <ns3:Speed>1.3339999914169312</ns3:Speed>
              </ns3:TPX>
            </Extensions>
          </Trackpoint>
          <Trackpoint>
            <Time>2026-02-24T08:22:14.000Z</Time>
            <Position>
              <LatitudeDegrees>51.75396147184074</LatitudeDegrees>
              <LongitudeDegrees>-0.24292373098433018</LongitudeDegrees>
            </Position>
            <AltitudeMeters>81.80000305175781</AltitudeMeters>
            <DistanceMeters>2747.93994140625</DistanceMeters>
            <HeartRateBpm>
              <Value>133</Value>
            </HeartRateBpm>
            <Extensions>
              <ns3:TPX>
                <ns3:Speed>1.3250000476837158</ns3:Speed>
              </ns3:TPX>
            </Extensions>
          </Trackpoint>
          <Trackpoint>
            <Time>2026-02-24T08:22:17.000Z</Time>
            <Position>
              <LatitudeDegrees>51.75395116209984</LatitudeDegrees>
              <LongitudeDegrees>-0.2428933046758175</LongitudeDegrees>
            </Position>
            <AltitudeMeters>81.80000305175781</AltitudeMeters>
            <DistanceMeters>2750.25</DistanceMeters>
            <HeartRateBpm>
              <Value>134</Value>
            </HeartRateBpm>
            <Extensions>
              <ns3:TPX>
                <ns3:Speed>1.2690000534057617</ns3:Speed>
              </ns3:TPX>
            </Extensions>
          </Trackpoint>
          <Trackpoint>
            <Time>2026-02-24T08:22:19.000Z</Time>
            <Position>
              <LatitudeDegrees>51.75392962060869</LatitudeDegrees>
              <LongitudeDegrees>-0.2428743615746498</LongitudeDegrees>
            </Position>
            <AltitudeMeters>81.80000305175781</AltitudeMeters>
            <DistanceMeters>2752.909912109375</DistanceMeters>
            <HeartRateBpm>
              <Value>134</Value>
            </HeartRateBpm>
            <Extensions>
              <ns3:TPX>
                <ns3:Speed>1.222000002861023</ns3:Speed>
              </ns3:TPX>
            </Extensions>
          </Trackpoint>
          <Trackpoint>
            <Time>2026-02-24T08:22:30.000Z</Time>
            <Position>
              <LatitudeDegrees>51.753818644210696</LatitudeDegrees>
              <LongitudeDegrees>-0.24271460250020027</LongitudeDegrees>
            </Position>
            <AltitudeMeters>82.5999984741211</AltitudeMeters>
            <DistanceMeters>2768.830078125</DistanceMeters>
            <HeartRateBpm>
              <Value>133</Value>
            </HeartRateBpm>
            <Extensions>
              <ns3:TPX>
                <ns3:Speed>1.2970000505447388</ns3:Speed>
              </ns3:TPX>
            </Extensions>
          </Trackpoint>
          <Trackpoint>
            <Time>2026-02-24T08:22:31.000Z</Time>
            <Position>
              <LatitudeDegrees>51.75380774773657</LatitudeDegrees>
              <LongitudeDegrees>-0.24270152673125267</LongitudeDegrees>
            </Position>
            <AltitudeMeters>82.80000305175781</AltitudeMeters>
            <DistanceMeters>2770.5</DistanceMeters>
            <HeartRateBpm>
              <Value>133</Value>
            </HeartRateBpm>
            <Extensions>
              <ns3:TPX>
                <ns3:Speed>1.305999994277954</ns3:Speed>
              </ns3:TPX>
            </Extensions>
          </Trackpoint>
          <Trackpoint>
            <Time>2026-02-24T08:22:38.000Z</Time>
            <Position>
              <LatitudeDegrees>51.753723258152604</LatitudeDegrees>
              <LongitudeDegrees>-0.24267252534627914</LongitudeDegrees>
            </Position>
            <AltitudeMeters>83.19999694824219</AltitudeMeters>
            <DistanceMeters>2780.06005859375</DistanceMeters>
            <HeartRateBpm>
              <Value>134</Value>
            </HeartRateBpm>
            <Extensions>
              <ns3:TPX>
                <ns3:Speed>1.3339999914169312</ns3:Speed>
              </ns3:TPX>
            </Extensions>
          </Trackpoint>
          <Trackpoint>
            <Time>2026-02-24T08:22:44.000Z</Time>
            <Position>
              <LatitudeDegrees>51.75366014242172</LatitudeDegrees>
              <LongitudeDegrees>-0.24266556836664677</LongitudeDegrees>
            </Position>
            <AltitudeMeters>83.19999694824219</AltitudeMeters>
            <DistanceMeters>2787.489990234375</DistanceMeters>
            <HeartRateBpm>
              <Value>137</Value>
            </HeartRateBpm>
            <Extensions>
              <ns3:TPX>
                <ns3:Speed>1.3250000476837158</ns3:Speed>
              </ns3:TPX>
            </Extensions>
          </Trackpoint>
          <Trackpoint>
            <Time>2026-02-24T08:22:46.000Z</Time>
            <Position>
              <LatitudeDegrees>51.75364865921438</LatitudeDegrees>
              <LongitudeDegrees>-0.24265299551188946</LongitudeDegrees>
            </Position>
            <AltitudeMeters>83.19999694824219</AltitudeMeters>
            <DistanceMeters>2789.22998046875</DistanceMeters>
            <HeartRateBpm>
              <Value>138</Value>
            </HeartRateBpm>
            <Extensions>
              <ns3:TPX>
                <ns3:Speed>1.315999984741211</ns3:Speed>
              </ns3:TPX>
            </Extensions>
          </Trackpoint>
          <Trackpoint>
            <Time>2026-02-24T08:22:52.000Z</Time>
            <Position>
              <LatitudeDegrees>51.753622675314546</LatitudeDegrees>
              <LongitudeDegrees>-0.2425431925803423</LongitudeDegrees>
            </Position>
            <AltitudeMeters>83.0</AltitudeMeters>
            <DistanceMeters>2796.760009765625</DistanceMeters>
            <HeartRateBpm>
              <Value>140</Value>
            </HeartRateBpm>
            <Extensions>
              <ns3:TPX>
                <ns3:Speed>1.277999997138977</ns3:Speed>
              </ns3:TPX>
            </Extensions>
          </Trackpoint>
          <Trackpoint>
            <Time>2026-02-24T08:23:01.000Z</Time>
            <Position>
              <LatitudeDegrees>51.75356232561171</LatitudeDegrees>
              <LongitudeDegrees>-0.2424141112715006</LongitudeDegrees>
            </Position>
            <AltitudeMeters>83.0</AltitudeMeters>
            <DistanceMeters>2808.1298828125</DistanceMeters>
            <HeartRateBpm>
              <Value>141</Value>
            </HeartRateBpm>
            <Extensions>
              <ns3:TPX>
                <ns3:Speed>1.2970000505447388</ns3:Speed>
              </ns3:TPX>
            </Extensions>
          </Trackpoint>
          <Trackpoint>
            <Time>2026-02-24T08:23:09.000Z</Time>
            <Position>
              <LatitudeDegrees>51.75353340804577</LatitudeDegrees>
              <LongitudeDegrees>-0.24225644767284393</LongitudeDegrees>
            </Position>
            <AltitudeMeters>83.4000015258789</AltitudeMeters>
            <DistanceMeters>2819.800048828125</DistanceMeters>
            <HeartRateBpm>
              <Value>140</Value>
            </HeartRateBpm>
            <Extensions>
              <ns3:TPX>
                <ns3:Speed>1.2970000505447388</ns3:Speed>
              </ns3:TPX>
            </Extensions>
          </Trackpoint>
          <Trackpoint>
            <Time>2026-02-24T08:23:13.000Z</Time>
            <Position>
              <LatitudeDegrees>51.75354128703475</LatitudeDegrees>
              <LongitudeDegrees>-0.24217908270657063</LongitudeDegrees>
            </Position>
            <AltitudeMeters>83.5999984741211</AltitudeMeters>
            <DistanceMeters>2825.409912109375</DistanceMeters>
            <HeartRateBpm>
              <Value>138</Value>
            </HeartRateBpm>
            <Extensions>
              <ns3:TPX>
                <ns3:Speed>1.2970000505447388</ns3:Speed>
              </ns3:TPX>
            </Extensions>
          </Trackpoint>
          <Trackpoint>
            <Time>2026-02-24T08:23:17.000Z</Time>
            <Position>
              <LatitudeDegrees>51.753538101911545</LatitudeDegrees>
              <LongitudeDegrees>-0.24209853261709213</LongitudeDegrees>
            </Position>
            <AltitudeMeters>84.0</AltitudeMeters>
            <DistanceMeters>2831.0</DistanceMeters>
            <HeartRateBpm>
              <Value>139</Value>
            </HeartRateBpm>
            <Extensions>
              <ns3:TPX>
                <ns3:Speed>1.315999984741211</ns3:Speed>
              </ns3:TPX>
            </Extensions>
          </Trackpoint>
          <Trackpoint>
            <Time>2026-02-24T08:23:25.000Z</Time>
            <Position>
              <LatitudeDegrees>51.753540532663465</LatitudeDegrees>
              <LongitudeDegrees>-0.2419513463973999</LongitudeDegrees>
            </Position>
            <AltitudeMeters>84.5999984741211</AltitudeMeters>
            <DistanceMeters>2841.080078125</DistanceMeters>
            <HeartRateBpm>
              <Value>142</Value>
            </HeartRateBpm>
            <Extensions>
              <ns3:TPX>
                <ns3:Speed>1.2970000505447388</ns3:Speed>
              </ns3:TPX>
            </Extensions>
          </Trackpoint>
          <Trackpoint>
            <Time>2026-02-24T08:23:26.000Z</Time>
            <Position>
              <LatitudeDegrees>51.75353676080704</LatitudeDegrees>
              <LongitudeDegrees>-0.24193030782043934</LongitudeDegrees>
            </Position>
            <AltitudeMeters>84.5999984741211</AltitudeMeters>
            <DistanceMeters>2842.39990234375</DistanceMeters>
            <HeartRateBpm>
              <Value>142</Value>
            </HeartRateBpm>
            <Extensions>
              <ns3:TPX>
                <ns3:Speed>1.305999994277954</ns3:Speed>
              </ns3:TPX>
            </Extensions>
          </Trackpoint>
          <Trackpoint>
            <Time>2026-02-24T08:23:27.000Z</Time>
            <Position>
              <LatitudeDegrees>51.75353558734059</LatitudeDegrees>
              <LongitudeDegrees>-0.24190767668187618</LongitudeDegrees>
            </Position>
            <AltitudeMeters>84.5999984741211</AltitudeMeters>
            <DistanceMeters>2844.10009765625</DistanceMeters>
            <HeartRateBpm>
              <Value>143</Value>
            </HeartRateBpm>
            <Extensions>
              <ns3:TPX>
                <ns3:Speed>1.305999994277954</ns3:Speed>
              </ns3:TPX>
            </Extensions>
          </Trackpoint>
          <Trackpoint>
            <Time>2026-02-24T08:23:36.000Z</Time>
            <Position>
              <LatitudeDegrees>51.75352804362774</LatitudeDegrees>
              <LongitudeDegrees>-0.24171866476535797</LongitudeDegrees>
            </Position>
            <AltitudeMeters>85.0</AltitudeMeters>
            <DistanceMeters>2857.52001953125</DistanceMeters>
            <HeartRateBpm>
              <Value>144</Value>
            </HeartRateBpm>
            <Extensions>
              <ns3:TPX>
                <ns3:Speed>1.343999981880188</ns3:Speed>
              </ns3:TPX>
            </Extensions>
          </Trackpoint>
          <Trackpoint>
            <Time>2026-02-24T08:23:48.000Z</Time>
            <Position>
              <LatitudeDegrees>51.75353743135929</LatitudeDegrees>
              <LongitudeDegrees>-0.24148975498974323</LongitudeDegrees>
            </Position>
            <AltitudeMeters>85.5999984741211</AltitudeMeters>
            <DistanceMeters>2873.429931640625</DistanceMeters>
            <HeartRateBpm>
              <Value>145</Value>
            </HeartRateBpm>
            <Extensions>
              <ns3:TPX>
                <ns3:Speed>1.3530000448226929</ns3:Speed>
              </ns3:TPX>
            </Extensions>
          </Trackpoint>
          <Trackpoint>
            <Time>2026-02-24T08:23:49.000Z</Time>
            <Position>
              <LatitudeDegrees>51.75353642553091</LatitudeDegrees>
              <LongitudeDegrees>-0.24147081188857555</LongitudeDegrees>
            </Position>
            <AltitudeMeters>85.80000305175781</AltitudeMeters>
            <DistanceMeters>2874.679931640625</DistanceMeters>
            <HeartRateBpm>
              <Value>144</Value>
            </HeartRateBpm>
            <Extensions>
              <ns3:TPX>
                <ns3:Speed>1.3530000448226929</ns3:Speed>
              </ns3:TPX>
            </Extensions>
          </Trackpoint>
          <Trackpoint>
            <Time>2026-02-24T08:23:58.000Z</Time>
            <Position>
              <LatitudeDegrees>51.753537682816386</LatitudeDegrees>
              <LongitudeDegrees>-0.2412859909236431</LongitudeDegrees>
            </Position>
            <AltitudeMeters>86.19999694824219</AltitudeMeters>
            <DistanceMeters>2887.409912109375</DistanceMeters>
            <HeartRateBpm>
              <Value>144</Value>
            </HeartRateBpm>
            <Extensions>
              <ns3:TPX>
                <ns3:Speed>1.3530000448226929</ns3:Speed>
              </ns3:TPX>
            </Extensions>
          </Trackpoint>
          <Trackpoint>
            <Time>2026-02-24T08:24:08.000Z</Time>
            <Position>
              <LatitudeDegrees>51.75355059094727</LatitudeDegrees>
              <LongitudeDegrees>-0.24108683690428734</LongitudeDegrees>
            </Position>
            <AltitudeMeters>86.5999984741211</AltitudeMeters>
            <DistanceMeters>2901.179931640625</DistanceMeters>
            <HeartRateBpm>
              <Value>144</Value>
            </HeartRateBpm>
            <Extensions>
              <ns3:TPX>
                <ns3:Speed>1.3530000448226929</ns3:Speed>
              </ns3:TPX>
            </Extensions>
          </Trackpoint>
          <Trackpoint>
            <Time>2026-02-24T08:24:13.000Z</Time>
            <Position>
              <LatitudeDegrees>51.75355494953692</LatitudeDegrees>
              <LongitudeDegrees>-0.24098516441881657</LongitudeDegrees>
            </Position>
            <AltitudeMeters>86.80000305175781</AltitudeMeters>
            <DistanceMeters>2908.179931640625</DistanceMeters>
            <HeartRateBpm>
              <Value>145</Value>
            </HeartRateBpm>
            <Extensions>
              <ns3:TPX>
                <ns3:Speed>1.3619999885559082</ns3:Speed>
              </ns3:TPX>
            </Extensions>
          </Trackpoint>
          <Trackpoint>
            <Time>2026-02-24T08:24:19.000Z</Time>
            <Position>
              <LatitudeDegrees>51.75355385988951</LatitudeDegrees>
              <LongitudeDegrees>-0.24087226018309593</LongitudeDegrees>
            </Position>
            <AltitudeMeters>86.80000305175781</AltitudeMeters>
            <DistanceMeters>2916.489990234375</DistanceMeters>
            <HeartRateBpm>
              <Value>141</Value>
            </HeartRateBpm>
            <Extensions>
              <ns3:TPX>
                <ns3:Speed>1.3619999885559082</ns3:Speed>
              </ns3:TPX>
            </Extensions>
          </Trackpoint>
          <Trackpoint>
            <Time>2026-02-24T08:24:28.000Z</Time>
            <Position>
              <LatitudeDegrees>51.753557212650776</LatitudeDegrees>
              <LongitudeDegrees>-0.24068936705589294</LongitudeDegrees>
            </Position>
            <AltitudeMeters>86.80000305175781</AltitudeMeters>
            <DistanceMeters>2928.429931640625</DistanceMeters>
            <HeartRateBpm>
              <Value>139</Value>
            </HeartRateBpm>
            <Extensions>
              <ns3:TPX>
                <ns3:Speed>1.3619999885559082</ns3:Speed>
              </ns3:TPX>
            </Extensions>
          </Trackpoint>
          <Trackpoint>
            <Time>2026-02-24T08:24:35.000Z</Time>
            <Position>
              <LatitudeDegrees>51.75355704501271</LatitudeDegrees>
              <LongitudeDegrees>-0.24054360575973988</LongitudeDegrees>
            </Position>
            <AltitudeMeters>86.80000305175781</AltitudeMeters>
            <DistanceMeters>2938.93994140625</DistanceMeters>
            <HeartRateBpm>
              <Value>138</Value>
            </HeartRateBpm>
            <Extensions>
              <ns3:TPX>
                <ns3:Speed>1.371999979019165</ns3:Speed>
              </ns3:TPX>
            </Extensions>
          </Trackpoint>
          <Trackpoint>
            <Time>2026-02-24T08:24:44.000Z</Time>
            <Position>
              <LatitudeDegrees>51.753540532663465</LatitudeDegrees>
              <LongitudeDegrees>-0.2403585333377123</LongitudeDegrees>
            </Position>
            <AltitudeMeters>86.80000305175781</AltitudeMeters>
            <DistanceMeters>2951.449951171875</DistanceMeters>
            <HeartRateBpm>
              <Value>139</Value>
            </HeartRateBpm>
            <Extensions>
              <ns3:TPX>
                <ns3:Speed>1.371999979019165</ns3:Speed>
              </ns3:TPX>
            </Extensions>
          </Trackpoint>
          <Trackpoint>
            <Time>2026-02-24T08:24:51.000Z</Time>
            <Position>
              <LatitudeDegrees>51.75353977829218</LatitudeDegrees>
              <LongitudeDegrees>-0.2402186393737793</LongitudeDegrees>
            </Position>
            <AltitudeMeters>87.19999694824219</AltitudeMeters>
            <DistanceMeters>2961.35009765625</DistanceMeters>
            <HeartRateBpm>
              <Value>139</Value>
            </HeartRateBpm>
            <Extensions>
              <ns3:TPX>
                <ns3:Speed>1.38100004196167</ns3:Speed>
              </ns3:TPX>
            </Extensions>
          </Trackpoint>
          <Trackpoint>
            <Time>2026-02-24T08:24:57.000Z</Time>
            <Position>
              <LatitudeDegrees>51.75350138917565</LatitudeDegrees>
              <LongitudeDegrees>-0.24011746980249882</LongitudeDegrees>
            </Position>
            <AltitudeMeters>87.80000305175781</AltitudeMeters>
            <DistanceMeters>2969.60009765625</DistanceMeters>
            <HeartRateBpm>
              <Value>139</Value>
            </HeartRateBpm>
            <Extensions>
              <ns3:TPX>
                <ns3:Speed>1.38100004196167</ns3:Speed>
              </ns3:TPX>
            </Extensions>
          </Trackpoint>
          <Trackpoint>
            <Time>2026-02-24T08:24:59.000Z</Time>
            <Position>
              <LatitudeDegrees>51.75347230397165</LatitudeDegrees>
              <LongitudeDegrees>-0.24009492248296738</LongitudeDegrees>
            </Position>
            <AltitudeMeters>88.0</AltitudeMeters>
            <DistanceMeters>2973.590087890625</DistanceMeters>
            <HeartRateBpm>
              <Value>142</Value>
            </HeartRateBpm>
            <Extensions>
              <ns3:TPX>
                <ns3:Speed>1.38100004196167</ns3:Speed>
              </ns3:TPX>
            </Extensions>
          </Trackpoint>
          <Trackpoint>
            <Time>2026-02-24T08:25:03.000Z</Time>
            <Position>
              <LatitudeDegrees>51.753420839086175</LatitudeDegrees>
              <LongitudeDegrees>-0.24006441235542297</LongitudeDegrees>
            </Position>
            <AltitudeMeters>88.4000015258789</AltitudeMeters>
            <DistanceMeters>2980.030029296875</DistanceMeters>
            <HeartRateBpm>
              <Value>145</Value>
            </HeartRateBpm>
            <Extensions>
              <ns3:TPX>
                <ns3:Speed>1.399999976158142</ns3:Speed>
              </ns3:TPX>
            </Extensions>
          </Trackpoint>
          <Trackpoint>
            <Time>2026-02-24T08:25:08.000Z</Time>
            <Position>
              <LatitudeDegrees>51.753353867679834</LatitudeDegrees>
              <LongitudeDegrees>-0.24002417922019958</LongitudeDegrees>
            </Position>
            <AltitudeMeters>89.0</AltitudeMeters>
            <DistanceMeters>2987.469970703125</DistanceMeters>
            <HeartRateBpm>
              <Value>147</Value>
            </HeartRateBpm>
            <Extensions>
              <ns3:TPX>
                <ns3:Speed>1.409000039100647</ns3:Speed>
              </ns3:TPX>
            </Extensions>
          </Trackpoint>
          <Trackpoint>
            <Time>2026-02-24T08:25:11.000Z</Time>
            <Position>
              <LatitudeDegrees>51.75332352519035</LatitudeDegrees>
              <LongitudeDegrees>-0.24000070989131927</LongitudeDegrees>
            </Position>
            <AltitudeMeters>89.19999694824219</AltitudeMeters>
            <DistanceMeters>2991.389892578125</DistanceMeters>
            <HeartRateBpm>
              <Value>150</Value>
            </HeartRateBpm>
            <Extensions>
              <ns3:TPX>
                <ns3:Speed>1.4179999828338623</ns3:Speed>
              </ns3:TPX>
            </Extensions>
          </Trackpoint>
          <Trackpoint>
            <Time>2026-02-24T08:25:17.000Z</Time>
            <Position>
              <LatitudeDegrees>51.75325873307884</LatitudeDegrees>
              <LongitudeDegrees>-0.23995108902454376</LongitudeDegrees>
            </Position>
            <AltitudeMeters>89.80000305175781</AltitudeMeters>
            <DistanceMeters>2999.1201171875</DistanceMeters>
            <HeartRateBpm>
              <Value>152</Value>
            </HeartRateBpm>
            <Extensions>
              <ns3:TPX>
                <ns3:Speed>1.4179999828338623</ns3:Speed>
              </ns3:TPX>
            </Extensions>
          </Trackpoint>
          <Trackpoint>
            <Time>2026-02-24T08:25:18.000Z</Time>
            <Position>
              <LatitudeDegrees>51.75324850715697</LatitudeDegrees>
              <LongitudeDegrees>-0.23994295857846737</LongitudeDegrees>
            </Position>
            <AltitudeMeters>90.0</AltitudeMeters>
            <DistanceMeters>3000.06005859375</DistanceMeters>
            <HeartRateBpm>
              <Value>152</Value>
            </HeartRateBpm>
            <Extensions>
              <ns3:TPX>
                <ns3:Speed>1.4179999828338623</ns3:Speed>
              </ns3:TPX>
            </Extensions>
          </Trackpoint>
          <Trackpoint>
            <Time>2026-02-24T08:25:19.000Z</Time>
            <Position>
              <LatitudeDegrees>51.7532398737967</LatitudeDegrees>
              <LongitudeDegrees>-0.23993365466594696</LongitudeDegrees>
            </Position>
            <AltitudeMeters>90.0</AltitudeMeters>
            <DistanceMeters>3001.159912109375</DistanceMeters>
            <HeartRateBpm>
              <Value>152</Value>
            </HeartRateBpm>
            <Extensions>
              <ns3:TPX>
                <ns3:Speed>1.409000039100647</ns3:Speed>
              </ns3:TPX>
            </Extensions>
          </Trackpoint>
        </Track>
        <Extensions>
          <ns3:LX>
            <ns3:AvgSpeed>1.3899999856948853</ns3:AvgSpeed>
            <ns3:AvgRunCadence>54</ns3:AvgRunCadence>
            <ns3:MaxRunCadence>59</ns3:MaxRunCadence>
          </ns3:LX>
        </Extensions>
      </Lap>
      <Lap StartTime="2026-02-24T08:25:19.000Z">
        <TotalTimeSeconds>40.831</TotalTimeSeconds>
        <DistanceMeters>48.74</DistanceMeters>
        <MaximumSpeed>1.4179999828338623</MaximumSpeed>
        <Calories>5</Calories>
        <AverageHeartRateBpm>
          <Value>155</Value>
        </AverageHeartRateBpm>
        <MaximumHeartRateBpm>
          <Value>157</Value>
        </MaximumHeartRateBpm>
        <Intensity>Active</Intensity>
        <TriggerMethod>Manual</TriggerMethod>
        <Track>
          <Trackpoint>
            <Time>2026-02-24T08:25:19.000Z</Time>
            <Position>
              <LatitudeDegrees>51.7532398737967</LatitudeDegrees>
              <LongitudeDegrees>-0.23993365466594696</LongitudeDegrees>
            </Position>
            <AltitudeMeters>90.0</AltitudeMeters>
            <DistanceMeters>3001.159912109375</DistanceMeters>
            <HeartRateBpm>
              <Value>152</Value>
            </HeartRateBpm>
            <Extensions>
              <ns3:TPX>
                <ns3:Speed>1.409000039100647</ns3:Speed>
              </ns3:TPX>
            </Extensions>
          </Trackpoint>
          <Trackpoint>
            <Time>2026-02-24T08:25:27.000Z</Time>
            <Position>
              <LatitudeDegrees>51.75314096733928</LatitudeDegrees>
              <LongitudeDegrees>-0.2398641686886549</LongitudeDegrees>
            </Position>
            <AltitudeMeters>90.80000305175781</AltitudeMeters>
            <DistanceMeters>3013.39990234375</DistanceMeters>
            <HeartRateBpm>
              <Value>154</Value>
            </HeartRateBpm>
            <Extensions>
              <ns3:TPX>
                <ns3:Speed>1.409000039100647</ns3:Speed>
              </ns3:TPX>
            </Extensions>
          </Trackpoint>
          <Trackpoint>
            <Time>2026-02-24T08:25:29.000Z</Time>
            <Position>
              <LatitudeDegrees>51.75312680192292</LatitudeDegrees>
              <LongitudeDegrees>-0.23983852006495</LongitudeDegrees>
            </Position>
            <AltitudeMeters>91.0</AltitudeMeters>
            <DistanceMeters>3015.610107421875</DistanceMeters>
            <HeartRateBpm>
              <Value>153</Value>
            </HeartRateBpm>
            <Extensions>
              <ns3:TPX>
                <ns3:Speed>1.409000039100647</ns3:Speed>
              </ns3:TPX>
            </Extensions>
          </Trackpoint>
          <Trackpoint>
            <Time>2026-02-24T08:25:35.000Z</Time>
            <Position>
              <LatitudeDegrees>51.753107607364655</LatitudeDegrees>
              <LongitudeDegrees>-0.23972393944859505</LongitudeDegrees>
            </Position>
            <AltitudeMeters>91.4000015258789</AltitudeMeters>
            <DistanceMeters>3023.909912109375</DistanceMeters>
            <HeartRateBpm>
              <Value>155</Value>
            </HeartRateBpm>
            <Extensions>
              <ns3:TPX>
                <ns3:Speed>1.409000039100647</ns3:Speed>
              </ns3:TPX>
            </Extensions>
          </Trackpoint>
          <Trackpoint>
            <Time>2026-02-24T08:25:44.000Z</Time>
            <Position>
              <LatitudeDegrees>51.75304390490055</LatitudeDegrees>
              <LongitudeDegrees>-0.23954800330102444</LongitudeDegrees>
            </Position>
            <AltitudeMeters>91.80000305175781</AltitudeMeters>
            <DistanceMeters>3038.0</DistanceMeters>
            <HeartRateBpm>
              <Value>157</Value>
            </HeartRateBpm>
            <Extensions>
              <ns3:TPX>
                <ns3:Speed>1.4179999828338623</ns3:Speed>
              </ns3:TPX>
            </Extensions>
          </Trackpoint>
          <Trackpoint>
            <Time>2026-02-24T08:25:52.000Z</Time>
            <Position>
              <LatitudeDegrees>51.75300668925047</LatitudeDegrees>
              <LongitudeDegrees>-0.23947189562022686</LongitudeDegrees>
            </Position>
            <AltitudeMeters>91.19999694824219</AltitudeMeters>
            <DistanceMeters>3045.199951171875</DistanceMeters>
            <HeartRateBpm>
              <Value>157</Value>
            </HeartRateBpm>
            <Extensions>
              <ns3:TPX>
                <ns3:Speed>1.399999976158142</ns3:Speed>
              </ns3:TPX>
            </Extensions>
          </Trackpoint>
          <Trackpoint>
            <Time>2026-02-24T08:25:59.000Z</Time>
            <Position>
              <LatitudeDegrees>51.75301012583077</LatitudeDegrees>
              <LongitudeDegrees>-0.23940919898450375</LongitudeDegrees>
            </Position>
            <AltitudeMeters>91.4000015258789</AltitudeMeters>
            <DistanceMeters>3048.739990234375</DistanceMeters>
            <HeartRateBpm>
              <Value>155</Value>
            </HeartRateBpm>
            <Extensions>
              <ns3:TPX>
                <ns3:Speed>1.305999994277954</ns3:Speed>
              </ns3:TPX>
            </Extensions>
          </Trackpoint>
        </Track>
        <Extensions>
          <ns3:LX>
            <ns3:AvgSpeed>1.194000005722046</ns3:AvgSpeed>
            <ns3:AvgRunCadence>56</ns3:AvgRunCadence>
            <ns3:MaxRunCadence>59</ns3:MaxRunCadence>
          </ns3:LX>
        </Extensions>
      </Lap>
      <Creator xsi:type="Device_t">
        <Name>Venu 3</Name>
        <UnitId>3514695726</UnitId>
        <ProductID>4260</ProductID>
        <Version>
          <VersionMajor>17</VersionMajor>
          <VersionMinor>5</VersionMinor>
          <BuildMajor>0</BuildMajor>
          <BuildMinor>0</BuildMinor>
        </Version>
      </Creator>
    </Activity>
  </Activities>
  <Author xsi:type="Application_t">
    <Name>Connect Api</Name>
    <Build>
      <Version>
        <VersionMajor>26</VersionMajor>
        <VersionMinor>3</VersionMinor>
        <BuildMajor>0</BuildMajor>
        <BuildMinor>0</BuildMinor>
      </Version>
    </Build>
    <LangID>en</LangID>
    <PartNumber>006-D2449-00</PartNumber>
  </Author>
</TrainingCenterDatabase>
