<?xml version="1.0" encoding="UTF-8"?>
<TrainingCenterDatabase
  xsi:schemaLocation="http://www.garmin.com/xmlschemas/TrainingCenterDatabase/v2 http://www.garmin.com/xmlschemas/TrainingCenterDatabasev2.xsd"
  xmlns:ns5="http://www.garmin.com/xmlschemas/ActivityGoals/v1"
  xmlns:ns3="http://www.garmin.com/xmlschemas/ActivityExtension/v2"
  xmlns:ns2="http://www.garmin.com/xmlschemas/UserProfile/v2"
  xmlns="http://www.garmin.com/xmlschemas/TrainingCenterDatabase/v2"
  xmlns:xsi="http://www.w3.org/2001/XMLSchema-instance" xmlns:ns4="http://www.garmin.com/xmlschemas/ProfileExtension/v1">
  <Activities>
    <Activity Sport="Other">
      <Id>2026-02-20T07:51:38.000Z</Id>
      <Lap StartTime="2026-02-20T07:51:38.000Z">
        <TotalTimeSeconds>710.006</TotalTimeSeconds>
        <DistanceMeters>1000.0</DistanceMeters>
        <MaximumSpeed>1.5770000219345093</MaximumSpeed>
        <Calories>63</Calories>
        <AverageHeartRateBpm>
          <Value>132</Value>
        </AverageHeartRateBpm>
        <MaximumHeartRateBpm>
          <Value>146</Value>
        </MaximumHeartRateBpm>
        <Intensity>Active</Intensity>
        <TriggerMethod>Manual</TriggerMethod>
        <Track>
          <Trackpoint>
            <Time>2026-02-20T07:51:38.000Z</Time>
            <AltitudeMeters>81.4000015258789</AltitudeMeters>
            <DistanceMeters>1.2100000381469727</DistanceMeters>
            <HeartRateBpm>
              <Value>113</Value>
            </HeartRateBpm>
            <Extensions>
              <ns3:TPX>
                <ns3:Speed>1.2130000591278076</ns3:Speed>
              </ns3:TPX>
            </Extensions>
          </Trackpoint>
          <Trackpoint>
            <Time>2026-02-20T07:51:39.000Z</Time>
            <AltitudeMeters>81.19999694824219</AltitudeMeters>
            <DistanceMeters>2.4200000762939453</DistanceMeters>
            <HeartRateBpm>
              <Value>113</Value>
            </HeartRateBpm>
            <Extensions>
              <ns3:TPX>
                <ns3:Speed>1.2130000591278076</ns3:Speed>
              </ns3:TPX>
            </Extensions>
          </Trackpoint>
          <Trackpoint>
            <Time>2026-02-20T07:51:47.000Z</Time>
            <Position>
              <LatitudeDegrees>51.766215562820435</LatitudeDegrees>
              <LongitudeDegrees>-0.218050517141819</LongitudeDegrees>
            </Position>
            <AltitudeMeters>80.5999984741211</AltitudeMeters>
            <DistanceMeters>8.489999771118164</DistanceMeters>
            <HeartRateBpm>
              <Value>114</Value>
            </HeartRateBpm>
            <Extensions>
              <ns3:TPX>
                <ns3:Speed>0.0</ns3:Speed>
              </ns3:TPX>
            </Extensions>
          </Trackpoint>
          <Trackpoint>
            <Time>2026-02-20T07:51:53.000Z</Time>
            <Position>
              <LatitudeDegrees>51.765976678580046</LatitudeDegrees>
              <LongitudeDegrees>-0.217791348695755</LongitudeDegrees>
            </Position>
            <AltitudeMeters>81.19999694824219</AltitudeMeters>
            <DistanceMeters>30.489999771118164</DistanceMeters>
            <HeartRateBpm>
              <Value>115</Value>
            </HeartRateBpm>
            <Extensions>
              <ns3:TPX>
                <ns3:Speed>1.128999948501587</ns3:Speed>
              </ns3:TPX>
            </Extensions>
          </Trackpoint>
          <Trackpoint>
            <Time>2026-02-20T07:51:55.000Z</Time>
            <Position>
              <LatitudeDegrees>51.76595061086118</LatitudeDegrees>
              <LongitudeDegrees>-0.21778841502964497</LongitudeDegrees>
            </Position>
            <AltitudeMeters>80.80000305175781</AltitudeMeters>
            <DistanceMeters>34.2400016784668</DistanceMeters>
            <HeartRateBpm>
              <Value>116</Value>
            </HeartRateBpm>
            <Extensions>
              <ns3:TPX>
                <ns3:Speed>1.305999994277954</ns3:Speed>
              </ns3:TPX>
            </Extensions>
          </Trackpoint>
          <Trackpoint>
            <Time>2026-02-20T07:52:01.000Z</Time>
            <Position>
              <LatitudeDegrees>51.765882298350334</LatitudeDegrees>
              <LongitudeDegrees>-0.2177706453949213</LongitudeDegrees>
            </Position>
            <AltitudeMeters>79.80000305175781</AltitudeMeters>
            <DistanceMeters>42.040000915527344</DistanceMeters>
            <HeartRateBpm>
              <Value>119</Value>
            </HeartRateBpm>
            <Extensions>
              <ns3:TPX>
                <ns3:Speed>1.4459999799728394</ns3:Speed>
              </ns3:TPX>
            </Extensions>
          </Trackpoint>
          <Trackpoint>
            <Time>2026-02-20T07:52:02.000Z</Time>
            <Position>
              <LatitudeDegrees>51.76586796529591</LatitudeDegrees>
              <LongitudeDegrees>-0.21776972338557243</LongitudeDegrees>
            </Position>
            <AltitudeMeters>79.5999984741211</AltitudeMeters>
            <DistanceMeters>43.58000183105469</DistanceMeters>
            <HeartRateBpm>
              <Value>119</Value>
            </HeartRateBpm>
            <Extensions>
              <ns3:TPX>
                <ns3:Speed>1.4179999828338623</ns3:Speed>
              </ns3:TPX>
            </Extensions>
          </Trackpoint>
          <Trackpoint>
            <Time>2026-02-20T07:52:03.000Z</Time>
            <Position>
              <LatitudeDegrees>51.765854973345995</LatitudeDegrees>
              <LongitudeDegrees>-0.21776880137622356</LongitudeDegrees>
            </Position>
            <AltitudeMeters>79.5999984741211</AltitudeMeters>
            <DistanceMeters>45.15999984741211</DistanceMeters>
            <HeartRateBpm>
              <Value>119</Value>
            </HeartRateBpm>
            <Extensions>
              <ns3:TPX>
                <ns3:Speed>1.4179999828338623</ns3:Speed>
              </ns3:TPX>
            </Extensions>
          </Trackpoint>
          <Trackpoint>
            <Time>2026-02-20T07:52:09.000Z</Time>
            <Position>
              <LatitudeDegrees>51.765781715512276</LatitudeDegrees>
              <LongitudeDegrees>-0.2177809551358223</LongitudeDegrees>
            </Position>
            <AltitudeMeters>79.4000015258789</AltitudeMeters>
            <DistanceMeters>53.29999923706055</DistanceMeters>
            <HeartRateBpm>
              <Value>118</Value>
            </HeartRateBpm>
            <Extensions>
              <ns3:TPX>
                <ns3:Speed>1.399999976158142</ns3:Speed>
              </ns3:TPX>
            </Extensions>
          </Trackpoint>
          <Trackpoint>
            <Time>2026-02-20T07:52:20.000Z</Time>
            <Position>
              <LatitudeDegrees>51.76565632224083</LatitudeDegrees>
              <LongitudeDegrees>-0.21782521158456802</LongitudeDegrees>
            </Position>
            <AltitudeMeters>79.80000305175781</AltitudeMeters>
            <DistanceMeters>67.94999694824219</DistanceMeters>
            <HeartRateBpm>
              <Value>119</Value>
            </HeartRateBpm>
            <Extensions>
              <ns3:TPX>
                <ns3:Speed>1.3530000448226929</ns3:Speed>
              </ns3:TPX>
            </Extensions>
          </Trackpoint>
          <Trackpoint>
            <Time>2026-02-20T07:52:29.000Z</Time>
            <Position>
              <LatitudeDegrees>51.7655423283577</LatitudeDegrees>
              <LongitudeDegrees>-0.21782554686069489</LongitudeDegrees>
            </Position>
            <AltitudeMeters>80.4000015258789</AltitudeMeters>
            <DistanceMeters>79.0999984741211</DistanceMeters>
            <HeartRateBpm>
              <Value>121</Value>
            </HeartRateBpm>
            <Extensions>
              <ns3:TPX>
                <ns3:Speed>1.277999997138977</ns3:Speed>
              </ns3:TPX>
            </Extensions>
          </Trackpoint>
          <Trackpoint>
            <Time>2026-02-20T07:52:37.000Z</Time>
            <Position>
              <LatitudeDegrees>51.76545834168792</LatitudeDegrees>
              <LongitudeDegrees>-0.21780517883598804</LongitudeDegrees>
            </Position>
            <AltitudeMeters>80.19999694824219</AltitudeMeters>
            <DistanceMeters>89.62000274658203</DistanceMeters>
            <HeartRateBpm>
              <Value>120</Value>
            </HeartRateBpm>
            <Extensions>
              <ns3:TPX>
                <ns3:Speed>1.305999994277954</ns3:Speed>
              </ns3:TPX>
            </Extensions>
          </Trackpoint>
          <Trackpoint>
            <Time>2026-02-20T07:52:45.000Z</Time>
            <Position>
              <LatitudeDegrees>51.76536086015403</LatitudeDegrees>
              <LongitudeDegrees>-0.21782772615551949</LongitudeDegrees>
            </Position>
            <AltitudeMeters>80.4000015258789</AltitudeMeters>
            <DistanceMeters>100.41999816894531</DistanceMeters>
            <HeartRateBpm>
              <Value>119</Value>
            </HeartRateBpm>
            <Extensions>
              <ns3:TPX>
                <ns3:Speed>1.315999984741211</ns3:Speed>
              </ns3:TPX>
            </Extensions>
          </Trackpoint>
          <Trackpoint>
            <Time>2026-02-20T07:52:54.000Z</Time>
            <Position>
              <LatitudeDegrees>51.76524594426155</LatitudeDegrees>
              <LongitudeDegrees>-0.21783770062029362</LongitudeDegrees>
            </Position>
            <AltitudeMeters>80.5999984741211</AltitudeMeters>
            <DistanceMeters>113.58999633789062</DistanceMeters>
            <HeartRateBpm>
              <Value>122</Value>
            </HeartRateBpm>
            <Extensions>
              <ns3:TPX>
                <ns3:Speed>1.3530000448226929</ns3:Speed>
              </ns3:TPX>
            </Extensions>
          </Trackpoint>
          <Trackpoint>
            <Time>2026-02-20T07:52:56.000Z</Time>
            <Position>
              <LatitudeDegrees>51.76522348076105</LatitudeDegrees>
              <LongitudeDegrees>-0.21783744916319847</LongitudeDegrees>
            </Position>
            <AltitudeMeters>80.5999984741211</AltitudeMeters>
            <DistanceMeters>116.08000183105469</DistanceMeters>
            <HeartRateBpm>
              <Value>122</Value>
            </HeartRateBpm>
            <Extensions>
              <ns3:TPX>
                <ns3:Speed>1.3530000448226929</ns3:Speed>
              </ns3:TPX>
            </Extensions>
          </Trackpoint>
          <Trackpoint>
            <Time>2026-02-20T07:52:59.000Z</Time>
            <Position>
              <LatitudeDegrees>51.76519414409995</LatitudeDegrees>
              <LongitudeDegrees>-0.21783359348773956</LongitudeDegrees>
            </Position>
            <AltitudeMeters>80.5999984741211</AltitudeMeters>
            <DistanceMeters>119.01000213623047</DistanceMeters>
            <HeartRateBpm>
              <Value>125</Value>
            </HeartRateBpm>
            <Extensions>
              <ns3:TPX>
                <ns3:Speed>1.3530000448226929</ns3:Speed>
              </ns3:TPX>
            </Extensions>
          </Trackpoint>
          <Trackpoint>
            <Time>2026-02-20T07:53:03.000Z</Time>
            <Position>
              <LatitudeDegrees>51.7651448585093</LatitudeDegrees>
              <LongitudeDegrees>-0.21783728152513504</LongitudeDegrees>
            </Position>
            <AltitudeMeters>80.5999984741211</AltitudeMeters>
            <DistanceMeters>124.44999694824219</DistanceMeters>
            <HeartRateBpm>
              <Value>126</Value>
            </HeartRateBpm>
            <Extensions>
              <ns3:TPX>
                <ns3:Speed>1.315999984741211</ns3:Speed>
              </ns3:TPX>
            </Extensions>
          </Trackpoint>
          <Trackpoint>
            <Time>2026-02-20T07:53:06.000Z</Time>
            <Position>
              <LatitudeDegrees>51.765107810497284</LatitudeDegrees>
              <LongitudeDegrees>-0.21784348413348198</LongitudeDegrees>
            </Position>
            <AltitudeMeters>80.80000305175781</AltitudeMeters>
            <DistanceMeters>128.5800018310547</DistanceMeters>
            <HeartRateBpm>
              <Value>127</Value>
            </HeartRateBpm>
            <Extensions>
              <ns3:TPX>
                <ns3:Speed>1.315999984741211</ns3:Speed>
              </ns3:TPX>
            </Extensions>
          </Trackpoint>
          <Trackpoint>
            <Time>2026-02-20T07:53:18.000Z</Time>
            <Position>
              <LatitudeDegrees>51.764952996745706</LatitudeDegrees>
              <LongitudeDegrees>-0.2178620919585228</LongitudeDegrees>
            </Position>
            <AltitudeMeters>80.80000305175781</AltitudeMeters>
            <DistanceMeters>146.74000549316406</DistanceMeters>
            <HeartRateBpm>
              <Value>129</Value>
            </HeartRateBpm>
            <Extensions>
              <ns3:TPX>
                <ns3:Speed>1.3530000448226929</ns3:Speed>
              </ns3:TPX>
            </Extensions>
          </Trackpoint>
          <Trackpoint>
            <Time>2026-02-20T07:53:29.000Z</Time>
            <Position>
              <LatitudeDegrees>51.764824502170086</LatitudeDegrees>
              <LongitudeDegrees>-0.21787826903164387</LongitudeDegrees>
            </Position>
            <AltitudeMeters>81.0</AltitudeMeters>
            <DistanceMeters>160.57000732421875</DistanceMeters>
            <HeartRateBpm>
              <Value>130</Value>
            </HeartRateBpm>
            <Extensions>
              <ns3:TPX>
                <ns3:Speed>1.343999981880188</ns3:Speed>
              </ns3:TPX>
            </Extensions>
          </Trackpoint>
          <Trackpoint>
            <Time>2026-02-20T07:53:38.000Z</Time>
            <Position>
              <LatitudeDegrees>51.764718471094966</LatitudeDegrees>
              <LongitudeDegrees>-0.21788178943097591</LongitudeDegrees>
            </Position>
            <AltitudeMeters>80.80000305175781</AltitudeMeters>
            <DistanceMeters>172.25999450683594</DistanceMeters>
            <HeartRateBpm>
              <Value>129</Value>
            </HeartRateBpm>
            <Extensions>
              <ns3:TPX>
                <ns3:Speed>1.343999981880188</ns3:Speed>
              </ns3:TPX>
            </Extensions>
          </Trackpoint>
          <Trackpoint>
            <Time>2026-02-20T07:53:46.000Z</Time>
            <Position>
              <LatitudeDegrees>51.76461570896208</LatitudeDegrees>
              <LongitudeDegrees>-0.21787474863231182</LongitudeDegrees>
            </Position>
            <AltitudeMeters>80.80000305175781</AltitudeMeters>
            <DistanceMeters>183.85000610351562</DistanceMeters>
            <HeartRateBpm>
              <Value>130</Value>
            </HeartRateBpm>
            <Extensions>
              <ns3:TPX>
                <ns3:Speed>1.3339999914169312</ns3:Speed>
              </ns3:TPX>
            </Extensions>
          </Trackpoint>
          <Trackpoint>
            <Time>2026-02-20T07:53:54.000Z</Time>
            <Position>
              <LatitudeDegrees>51.7645095102489</LatitudeDegrees>
              <LongitudeDegrees>-0.21787860430777073</LongitudeDegrees>
            </Position>
            <AltitudeMeters>80.80000305175781</AltitudeMeters>
            <DistanceMeters>195.57000732421875</DistanceMeters>
            <HeartRateBpm>
              <Value>130</Value>
            </HeartRateBpm>
            <Extensions>
              <ns3:TPX>
                <ns3:Speed>1.3619999885559082</ns3:Speed>
              </ns3:TPX>
            </Extensions>
          </Trackpoint>
          <Trackpoint>
            <Time>2026-02-20T07:54:06.000Z</Time>
            <Position>
              <LatitudeDegrees>51.764351930469275</LatitudeDegrees>
              <LongitudeDegrees>-0.21789302118122578</LongitudeDegrees>
            </Position>
            <AltitudeMeters>81.0</AltitudeMeters>
            <DistanceMeters>213.02999877929688</DistanceMeters>
            <HeartRateBpm>
              <Value>132</Value>
            </HeartRateBpm>
            <Extensions>
              <ns3:TPX>
                <ns3:Speed>1.38100004196167</ns3:Speed>
              </ns3:TPX>
            </Extensions>
          </Trackpoint>
          <Trackpoint>
            <Time>2026-02-20T07:54:16.000Z</Time>
            <Position>
              <LatitudeDegrees>51.76423341035843</LatitudeDegrees>
              <LongitudeDegrees>-0.21791070699691772</LongitudeDegrees>
            </Position>
            <AltitudeMeters>80.80000305175781</AltitudeMeters>
            <DistanceMeters>226.83999633789062</DistanceMeters>
            <HeartRateBpm>
              <Value>134</Value>
            </HeartRateBpm>
            <Extensions>
              <ns3:TPX>
                <ns3:Speed>1.3899999856948853</ns3:Speed>
              </ns3:TPX>
            </Extensions>
          </Trackpoint>
          <Trackpoint>
            <Time>2026-02-20T07:54:25.000Z</Time>
            <Position>
              <LatitudeDegrees>51.764134503901005</LatitudeDegrees>
              <LongitudeDegrees>-0.21791514940559864</LongitudeDegrees>
            </Position>
            <AltitudeMeters>80.80000305175781</AltitudeMeters>
            <DistanceMeters>237.5</DistanceMeters>
            <HeartRateBpm>
              <Value>134</Value>
            </HeartRateBpm>
            <Extensions>
              <ns3:TPX>
                <ns3:Speed>1.3619999885559082</ns3:Speed>
              </ns3:TPX>
            </Extensions>
          </Trackpoint>
          <Trackpoint>
            <Time>2026-02-20T07:54:34.000Z</Time>
            <Position>
              <LatitudeDegrees>51.76402302458882</LatitudeDegrees>
              <LongitudeDegrees>-0.21791556850075722</LongitudeDegrees>
            </Position>
            <AltitudeMeters>81.0</AltitudeMeters>
            <DistanceMeters>249.83999633789062</DistanceMeters>
            <HeartRateBpm>
              <Value>133</Value>
            </HeartRateBpm>
            <Extensions>
              <ns3:TPX>
                <ns3:Speed>1.3530000448226929</ns3:Speed>
              </ns3:TPX>
            </Extensions>
          </Trackpoint>
          <Trackpoint>
            <Time>2026-02-20T07:54:43.000Z</Time>
            <Position>
              <LatitudeDegrees>51.763906767591834</LatitudeDegrees>
              <LongitudeDegrees>-0.2179350983351469</LongitudeDegrees>
            </Position>
            <AltitudeMeters>81.19999694824219</AltitudeMeters>
            <DistanceMeters>262.5799865722656</DistanceMeters>
            <HeartRateBpm>
              <Value>132</Value>
            </HeartRateBpm>
            <Extensions>
              <ns3:TPX>
                <ns3:Speed>1.371999979019165</ns3:Speed>
              </ns3:TPX>
            </Extensions>
          </Trackpoint>
          <Trackpoint>
            <Time>2026-02-20T07:54:55.000Z</Time>
            <Position>
              <LatitudeDegrees>51.76373862661421</LatitudeDegrees>
              <LongitudeDegrees>-0.21793258376419544</LongitudeDegrees>
            </Position>
            <AltitudeMeters>81.0</AltitudeMeters>
            <DistanceMeters>281.6600036621094</DistanceMeters>
            <HeartRateBpm>
              <Value>131</Value>
            </HeartRateBpm>
            <Extensions>
              <ns3:TPX>
                <ns3:Speed>1.4279999732971191</ns3:Speed>
              </ns3:TPX>
            </Extensions>
          </Trackpoint>
          <Trackpoint>
            <Time>2026-02-20T07:55:06.000Z</Time>
            <Position>
              <LatitudeDegrees>51.76360133104026</LatitudeDegrees>
              <LongitudeDegrees>-0.2179361041635275</LongitudeDegrees>
            </Position>
            <AltitudeMeters>81.0</AltitudeMeters>
            <DistanceMeters>296.2099914550781</DistanceMeters>
            <HeartRateBpm>
              <Value>132</Value>
            </HeartRateBpm>
            <Extensions>
              <ns3:TPX>
                <ns3:Speed>1.4279999732971191</ns3:Speed>
              </ns3:TPX>
            </Extensions>
          </Trackpoint>
          <Trackpoint>
            <Time>2026-02-20T07:55:15.000Z</Time>
            <Position>
              <LatitudeDegrees>51.76347409375012</LatitudeDegrees>
              <LongitudeDegrees>-0.21793409250676632</LongitudeDegrees>
            </Position>
            <AltitudeMeters>81.4000015258789</AltitudeMeters>
            <DistanceMeters>310.79998779296875</DistanceMeters>
            <HeartRateBpm>
              <Value>133</Value>
            </HeartRateBpm>
            <Extensions>
              <ns3:TPX>
                <ns3:Speed>1.4279999732971191</ns3:Speed>
              </ns3:TPX>
            </Extensions>
          </Trackpoint>
          <Trackpoint>
            <Time>2026-02-20T07:55:25.000Z</Time>
            <Position>
              <LatitudeDegrees>51.763362782076</LatitudeDegrees>
              <LongitudeDegrees>-0.21801983937621117</LongitudeDegrees>
            </Position>
            <AltitudeMeters>81.4000015258789</AltitudeMeters>
            <DistanceMeters>324.94000244140625</DistanceMeters>
            <HeartRateBpm>
              <Value>135</Value>
            </HeartRateBpm>
            <Extensions>
              <ns3:TPX>
                <ns3:Speed>1.437000036239624</ns3:Speed>
              </ns3:TPX>
            </Extensions>
          </Trackpoint>
          <Trackpoint>
            <Time>2026-02-20T07:55:33.000Z</Time>
            <Position>
              <LatitudeDegrees>51.76332112401724</LatitudeDegrees>
              <LongitudeDegrees>-0.2181856334209442</LongitudeDegrees>
            </Position>
            <AltitudeMeters>81.19999694824219</AltitudeMeters>
            <DistanceMeters>338.17999267578125</DistanceMeters>
            <HeartRateBpm>
              <Value>136</Value>
            </HeartRateBpm>
            <Extensions>
              <ns3:TPX>
                <ns3:Speed>1.4459999799728394</ns3:Speed>
              </ns3:TPX>
            </Extensions>
          </Trackpoint>
          <Trackpoint>
            <Time>2026-02-20T07:55:41.000Z</Time>
            <Position>
              <LatitudeDegrees>51.76332891918719</LatitudeDegrees>
              <LongitudeDegrees>-0.21834497340023518</LongitudeDegrees>
            </Position>
            <AltitudeMeters>81.0</AltitudeMeters>
            <DistanceMeters>348.3399963378906</DistanceMeters>
            <HeartRateBpm>
              <Value>136</Value>
            </HeartRateBpm>
            <Extensions>
              <ns3:TPX>
                <ns3:Speed>1.4459999799728394</ns3:Speed>
              </ns3:TPX>
            </Extensions>
          </Trackpoint>
          <Trackpoint>
            <Time>2026-02-20T07:55:48.000Z</Time>
            <Position>
              <LatitudeDegrees>51.76332447677851</LatitudeDegrees>
              <LongitudeDegrees>-0.21849132142961025</LongitudeDegrees>
            </Position>
            <AltitudeMeters>81.19999694824219</AltitudeMeters>
            <DistanceMeters>358.9100036621094</DistanceMeters>
            <HeartRateBpm>
              <Value>138</Value>
            </HeartRateBpm>
            <Extensions>
              <ns3:TPX>
                <ns3:Speed>1.4459999799728394</ns3:Speed>
              </ns3:TPX>
            </Extensions>
          </Trackpoint>
          <Trackpoint>
            <Time>2026-02-20T07:55:53.000Z</Time>
            <Position>
              <LatitudeDegrees>51.763332607224584</LatitudeDegrees>
              <LongitudeDegrees>-0.2186042256653309</LongitudeDegrees>
            </Position>
            <AltitudeMeters>81.19999694824219</AltitudeMeters>
            <DistanceMeters>366.3900146484375</DistanceMeters>
            <HeartRateBpm>
              <Value>135</Value>
            </HeartRateBpm>
            <Extensions>
              <ns3:TPX>
                <ns3:Speed>1.4559999704360962</ns3:Speed>
              </ns3:TPX>
            </Extensions>
          </Trackpoint>
          <Trackpoint>
            <Time>2026-02-20T07:55:54.000Z</Time>
            <Position>
              <LatitudeDegrees>51.76333595998585</LatitudeDegrees>
              <LongitudeDegrees>-0.21861964836716652</LongitudeDegrees>
            </Position>
            <AltitudeMeters>81.19999694824219</AltitudeMeters>
            <DistanceMeters>367.4599914550781</DistanceMeters>
            <HeartRateBpm>
              <Value>135</Value>
            </HeartRateBpm>
            <Extensions>
              <ns3:TPX>
                <ns3:Speed>1.4559999704360962</ns3:Speed>
              </ns3:TPX>
            </Extensions>
          </Trackpoint>
          <Trackpoint>
            <Time>2026-02-20T07:56:01.000Z</Time>
            <Position>
              <LatitudeDegrees>51.763331182301044</LatitudeDegrees>
              <LongitudeDegrees>-0.21873297169804573</LongitudeDegrees>
            </Position>
            <AltitudeMeters>81.19999694824219</AltitudeMeters>
            <DistanceMeters>375.79998779296875</DistanceMeters>
            <HeartRateBpm>
              <Value>132</Value>
            </HeartRateBpm>
            <Extensions>
              <ns3:TPX>
                <ns3:Speed>1.4459999799728394</ns3:Speed>
              </ns3:TPX>
            </Extensions>
          </Trackpoint>
          <Trackpoint>
            <Time>2026-02-20T07:56:03.000Z</Time>
            <Position>
              <LatitudeDegrees>51.763332607224584</LatitudeDegrees>
              <LongitudeDegrees>-0.21877873688936234</LongitudeDegrees>
            </Position>
            <AltitudeMeters>81.0</AltitudeMeters>
            <DistanceMeters>378.6099853515625</DistanceMeters>
            <HeartRateBpm>
              <Value>132</Value>
            </HeartRateBpm>
            <Extensions>
              <ns3:TPX>
                <ns3:Speed>1.437000036239624</ns3:Speed>
              </ns3:TPX>
            </Extensions>
          </Trackpoint>
          <Trackpoint>
            <Time>2026-02-20T07:56:13.000Z</Time>
            <Position>
              <LatitudeDegrees>51.76332347095013</LatitudeDegrees>
              <LongitudeDegrees>-0.21898292005062103</LongitudeDegrees>
            </Position>
            <AltitudeMeters>81.19999694824219</AltitudeMeters>
            <DistanceMeters>393.010009765625</DistanceMeters>
            <HeartRateBpm>
              <Value>130</Value>
            </HeartRateBpm>
            <Extensions>
              <ns3:TPX>
                <ns3:Speed>1.437000036239624</ns3:Speed>
              </ns3:TPX>
            </Extensions>
          </Trackpoint>
          <Trackpoint>
            <Time>2026-02-20T07:56:20.000Z</Time>
            <Position>
              <LatitudeDegrees>51.763325398787856</LatitudeDegrees>
              <LongitudeDegrees>-0.21914200857281685</LongitudeDegrees>
            </Position>
            <AltitudeMeters>81.19999694824219</AltitudeMeters>
            <DistanceMeters>404.2200012207031</DistanceMeters>
            <HeartRateBpm>
              <Value>129</Value>
            </HeartRateBpm>
            <Extensions>
              <ns3:TPX>
                <ns3:Speed>1.4459999799728394</ns3:Speed>
              </ns3:TPX>
            </Extensions>
          </Trackpoint>
          <Trackpoint>
            <Time>2026-02-20T07:56:27.000Z</Time>
            <Position>
              <LatitudeDegrees>51.76331718452275</LatitudeDegrees>
              <LongitudeDegrees>-0.21926891058683395</LongitudeDegrees>
            </Position>
            <AltitudeMeters>81.0</AltitudeMeters>
            <DistanceMeters>412.7799987792969</DistanceMeters>
            <HeartRateBpm>
              <Value>130</Value>
            </HeartRateBpm>
            <Extensions>
              <ns3:TPX>
                <ns3:Speed>1.4459999799728394</ns3:Speed>
              </ns3:TPX>
            </Extensions>
          </Trackpoint>
          <Trackpoint>
            <Time>2026-02-20T07:56:35.000Z</Time>
            <Position>
              <LatitudeDegrees>51.76329815760255</LatitudeDegrees>
              <LongitudeDegrees>-0.21944744512438774</LongitudeDegrees>
            </Position>
            <AltitudeMeters>81.0</AltitudeMeters>
            <DistanceMeters>425.5199890136719</DistanceMeters>
            <HeartRateBpm>
              <Value>131</Value>
            </HeartRateBpm>
            <Extensions>
              <ns3:TPX>
                <ns3:Speed>1.437000036239624</ns3:Speed>
              </ns3:TPX>
            </Extensions>
          </Trackpoint>
          <Trackpoint>
            <Time>2026-02-20T07:56:43.000Z</Time>
            <Position>
              <LatitudeDegrees>51.76328885369003</LatitudeDegrees>
              <LongitudeDegrees>-0.21961231715977192</LongitudeDegrees>
            </Position>
            <AltitudeMeters>80.80000305175781</AltitudeMeters>
            <DistanceMeters>436.82000732421875</DistanceMeters>
            <HeartRateBpm>
              <Value>132</Value>
            </HeartRateBpm>
            <Extensions>
              <ns3:TPX>
                <ns3:Speed>1.4559999704360962</ns3:Speed>
              </ns3:TPX>
            </Extensions>
          </Trackpoint>
          <Trackpoint>
            <Time>2026-02-20T07:56:52.000Z</Time>
            <Position>
              <LatitudeDegrees>51.7632869258523</LatitudeDegrees>
              <LongitudeDegrees>-0.2197978924959898</LongitudeDegrees>
            </Position>
            <AltitudeMeters>81.0</AltitudeMeters>
            <DistanceMeters>449.6400146484375</DistanceMeters>
            <HeartRateBpm>
              <Value>129</Value>
            </HeartRateBpm>
            <Extensions>
              <ns3:TPX>
                <ns3:Speed>1.4559999704360962</ns3:Speed>
              </ns3:TPX>
            </Extensions>
          </Trackpoint>
          <Trackpoint>
            <Time>2026-02-20T07:57:00.000Z</Time>
            <Position>
              <LatitudeDegrees>51.76325960084796</LatitudeDegrees>
              <LongitudeDegrees>-0.21996863186359406</LongitudeDegrees>
            </Position>
            <AltitudeMeters>81.0</AltitudeMeters>
            <DistanceMeters>462.0</DistanceMeters>
            <HeartRateBpm>
              <Value>129</Value>
            </HeartRateBpm>
            <Extensions>
              <ns3:TPX>
                <ns3:Speed>1.465000033378601</ns3:Speed>
              </ns3:TPX>
            </Extensions>
          </Trackpoint>
          <Trackpoint>
            <Time>2026-02-20T07:57:09.000Z</Time>
            <Position>
              <LatitudeDegrees>51.7632039450109</LatitudeDegrees>
              <LongitudeDegrees>-0.22014599293470383</LongitudeDegrees>
            </Position>
            <AltitudeMeters>80.5999984741211</AltitudeMeters>
            <DistanceMeters>475.489990234375</DistanceMeters>
            <HeartRateBpm>
              <Value>130</Value>
            </HeartRateBpm>
            <Extensions>
              <ns3:TPX>
                <ns3:Speed>1.4739999771118164</ns3:Speed>
              </ns3:TPX>
            </Extensions>
          </Trackpoint>
          <Trackpoint>
            <Time>2026-02-20T07:57:18.000Z</Time>
            <Position>
              <LatitudeDegrees>51.76316379569471</LatitudeDegrees>
              <LongitudeDegrees>-0.22030332125723362</LongitudeDegrees>
            </Position>
            <AltitudeMeters>80.4000015258789</AltitudeMeters>
            <DistanceMeters>487.5400085449219</DistanceMeters>
            <HeartRateBpm>
              <Value>129</Value>
            </HeartRateBpm>
            <Extensions>
              <ns3:TPX>
                <ns3:Speed>1.465000033378601</ns3:Speed>
              </ns3:TPX>
            </Extensions>
          </Trackpoint>
          <Trackpoint>
            <Time>2026-02-20T07:57:27.000Z</Time>
            <Position>
              <LatitudeDegrees>51.763117611408234</LatitudeDegrees>
              <LongitudeDegrees>-0.2205123659223318</LongitudeDegrees>
            </Position>
            <AltitudeMeters>80.19999694824219</AltitudeMeters>
            <DistanceMeters>503.07000732421875</DistanceMeters>
            <HeartRateBpm>
              <Value>130</Value>
            </HeartRateBpm>
            <Extensions>
              <ns3:TPX>
                <ns3:Speed>1.4839999675750732</ns3:Speed>
              </ns3:TPX>
            </Extensions>
          </Trackpoint>
          <Trackpoint>
            <Time>2026-02-20T07:57:35.000Z</Time>
            <Position>
              <LatitudeDegrees>51.763103445991874</LatitudeDegrees>
              <LongitudeDegrees>-0.2206691913306713</LongitudeDegrees>
            </Position>
            <AltitudeMeters>80.4000015258789</AltitudeMeters>
            <DistanceMeters>513.6500244140625</DistanceMeters>
            <HeartRateBpm>
              <Value>129</Value>
            </HeartRateBpm>
            <Extensions>
              <ns3:TPX>
                <ns3:Speed>1.4839999675750732</ns3:Speed>
              </ns3:TPX>
            </Extensions>
          </Trackpoint>
          <Trackpoint>
            <Time>2026-02-20T07:57:43.000Z</Time>
            <Position>
              <LatitudeDegrees>51.76313261501491</LatitudeDegrees>
              <LongitudeDegrees>-0.2208276093006134</LongitudeDegrees>
            </Position>
            <AltitudeMeters>80.4000015258789</AltitudeMeters>
            <DistanceMeters>525.1099853515625</DistanceMeters>
            <HeartRateBpm>
              <Value>128</Value>
            </HeartRateBpm>
            <Extensions>
              <ns3:TPX>
                <ns3:Speed>1.4739999771118164</ns3:Speed>
              </ns3:TPX>
            </Extensions>
          </Trackpoint>
          <Trackpoint>
            <Time>2026-02-20T07:57:51.000Z</Time>
            <Position>
              <LatitudeDegrees>51.763153988868</LatitudeDegrees>
              <LongitudeDegrees>-0.22100195288658142</LongitudeDegrees>
            </Position>
            <AltitudeMeters>80.5999984741211</AltitudeMeters>
            <DistanceMeters>538.02001953125</DistanceMeters>
            <HeartRateBpm>
              <Value>128</Value>
            </HeartRateBpm>
            <Extensions>
              <ns3:TPX>
                <ns3:Speed>1.4839999675750732</ns3:Speed>
              </ns3:TPX>
            </Extensions>
          </Trackpoint>
          <Trackpoint>
            <Time>2026-02-20T07:57:57.000Z</Time>
            <Position>
              <LatitudeDegrees>51.76316128112376</LatitudeDegrees>
              <LongitudeDegrees>-0.22113614715635777</LongitudeDegrees>
            </Position>
            <AltitudeMeters>80.5999984741211</AltitudeMeters>
            <DistanceMeters>547.47998046875</DistanceMeters>
            <HeartRateBpm>
              <Value>125</Value>
            </HeartRateBpm>
            <Extensions>
              <ns3:TPX>
                <ns3:Speed>1.4930000305175781</ns3:Speed>
              </ns3:TPX>
            </Extensions>
          </Trackpoint>
          <Trackpoint>
            <Time>2026-02-20T07:57:59.000Z</Time>
            <Position>
              <LatitudeDegrees>51.76316387951374</LatitudeDegrees>
              <LongitudeDegrees>-0.22116967476904392</LongitudeDegrees>
            </Position>
            <AltitudeMeters>80.5999984741211</AltitudeMeters>
            <DistanceMeters>549.8099975585938</DistanceMeters>
            <HeartRateBpm>
              <Value>122</Value>
            </HeartRateBpm>
            <Extensions>
              <ns3:TPX>
                <ns3:Speed>1.5019999742507935</ns3:Speed>
              </ns3:TPX>
            </Extensions>
          </Trackpoint>
          <Trackpoint>
            <Time>2026-02-20T07:58:00.000Z</Time>
            <Position>
              <LatitudeDegrees>51.763165555894375</LatitudeDegrees>
              <LongitudeDegrees>-0.2211886178702116</LongitudeDegrees>
            </Position>
            <AltitudeMeters>80.5999984741211</AltitudeMeters>
            <DistanceMeters>550.8599853515625</DistanceMeters>
            <HeartRateBpm>
              <Value>122</Value>
            </HeartRateBpm>
            <Extensions>
              <ns3:TPX>
                <ns3:Speed>1.5019999742507935</ns3:Speed>
              </ns3:TPX>
            </Extensions>
          </Trackpoint>
          <Trackpoint>
            <Time>2026-02-20T07:58:09.000Z</Time>
            <Position>
              <LatitudeDegrees>51.76316178403795</LatitudeDegrees>
              <LongitudeDegrees>-0.2213601116091013</LongitudeDegrees>
            </Position>
            <AltitudeMeters>80.5999984741211</AltitudeMeters>
            <DistanceMeters>563.0499877929688</DistanceMeters>
            <HeartRateBpm>
              <Value>122</Value>
            </HeartRateBpm>
            <Extensions>
              <ns3:TPX>
                <ns3:Speed>1.4739999771118164</ns3:Speed>
              </ns3:TPX>
            </Extensions>
          </Trackpoint>
          <Trackpoint>
            <Time>2026-02-20T07:58:17.000Z</Time>
            <Position>
              <LatitudeDegrees>51.76318843849003</LatitudeDegrees>
              <LongitudeDegrees>-0.22153018042445183</LongitudeDegrees>
            </Position>
            <AltitudeMeters>80.80000305175781</AltitudeMeters>
            <DistanceMeters>575.260009765625</DistanceMeters>
            <HeartRateBpm>
              <Value>125</Value>
            </HeartRateBpm>
            <Extensions>
              <ns3:TPX>
                <ns3:Speed>1.465000033378601</ns3:Speed>
              </ns3:TPX>
            </Extensions>
          </Trackpoint>
          <Trackpoint>
            <Time>2026-02-20T07:58:25.000Z</Time>
            <Position>
              <LatitudeDegrees>51.7632092256099</LatitudeDegrees>
              <LongitudeDegrees>-0.22169077768921852</LongitudeDegrees>
            </Position>
            <AltitudeMeters>81.0</AltitudeMeters>
            <DistanceMeters>586.1599731445312</DistanceMeters>
            <HeartRateBpm>
              <Value>127</Value>
            </HeartRateBpm>
            <Extensions>
              <ns3:TPX>
                <ns3:Speed>1.465000033378601</ns3:Speed>
              </ns3:TPX>
            </Extensions>
          </Trackpoint>
          <Trackpoint>
            <Time>2026-02-20T07:58:33.000Z</Time>
            <Position>
              <LatitudeDegrees>51.76322062499821</LatitudeDegrees>
              <LongitudeDegrees>-0.2218371257185936</LongitudeDegrees>
            </Position>
            <AltitudeMeters>81.0</AltitudeMeters>
            <DistanceMeters>596.2999877929688</DistanceMeters>
            <HeartRateBpm>
              <Value>128</Value>
            </HeartRateBpm>
            <Extensions>
              <ns3:TPX>
                <ns3:Speed>1.4459999799728394</ns3:Speed>
              </ns3:TPX>
            </Extensions>
          </Trackpoint>
          <Trackpoint>
            <Time>2026-02-20T07:58:41.000Z</Time>
            <Position>
              <LatitudeDegrees>51.76323235966265</LatitudeDegrees>
              <LongitudeDegrees>-0.22199814207851887</LongitudeDegrees>
            </Position>
            <AltitudeMeters>81.4000015258789</AltitudeMeters>
            <DistanceMeters>607.5</DistanceMeters>
            <HeartRateBpm>
              <Value>128</Value>
            </HeartRateBpm>
            <Extensions>
              <ns3:TPX>
                <ns3:Speed>1.4459999799728394</ns3:Speed>
              </ns3:TPX>
            </Extensions>
          </Trackpoint>
          <Trackpoint>
            <Time>2026-02-20T07:58:46.000Z</Time>
            <Position>
              <LatitudeDegrees>51.763244681060314</LatitudeDegrees>
              <LongitudeDegrees>-0.22208849899470806</LongitudeDegrees>
            </Position>
            <AltitudeMeters>81.5999984741211</AltitudeMeters>
            <DistanceMeters>613.6799926757812</DistanceMeters>
            <HeartRateBpm>
              <Value>128</Value>
            </HeartRateBpm>
            <Extensions>
              <ns3:TPX>
                <ns3:Speed>1.4279999732971191</ns3:Speed>
              </ns3:TPX>
            </Extensions>
          </Trackpoint>
          <Trackpoint>
            <Time>2026-02-20T07:58:49.000Z</Time>
            <Position>
              <LatitudeDegrees>51.76324057392776</LatitudeDegrees>
              <LongitudeDegrees>-0.2221350185573101</LongitudeDegrees>
            </Position>
            <AltitudeMeters>81.5999984741211</AltitudeMeters>
            <DistanceMeters>617.4299926757812</DistanceMeters>
            <HeartRateBpm>
              <Value>129</Value>
            </HeartRateBpm>
            <Extensions>
              <ns3:TPX>
                <ns3:Speed>1.4179999828338623</ns3:Speed>
              </ns3:TPX>
            </Extensions>
          </Trackpoint>
          <Trackpoint>
            <Time>2026-02-20T07:58:51.000Z</Time>
            <Position>
              <LatitudeDegrees>51.7632351256907</LatitudeDegrees>
              <LongitudeDegrees>-0.2221437357366085</LongitudeDegrees>
            </Position>
            <AltitudeMeters>81.5999984741211</AltitudeMeters>
            <DistanceMeters>618.2899780273438</DistanceMeters>
            <HeartRateBpm>
              <Value>135</Value>
            </HeartRateBpm>
            <Extensions>
              <ns3:TPX>
                <ns3:Speed>1.409000039100647</ns3:Speed>
              </ns3:TPX>
            </Extensions>
          </Trackpoint>
          <Trackpoint>
            <Time>2026-02-20T07:58:52.000Z</Time>
            <Position>
              <LatitudeDegrees>51.76323361694813</LatitudeDegrees>
              <LongitudeDegrees>-0.22214574739336967</LongitudeDegrees>
            </Position>
            <AltitudeMeters>81.5999984741211</AltitudeMeters>
            <DistanceMeters>618.52001953125</DistanceMeters>
            <HeartRateBpm>
              <Value>144</Value>
            </HeartRateBpm>
            <Extensions>
              <ns3:TPX>
                <ns3:Speed>1.399999976158142</ns3:Speed>
              </ns3:TPX>
            </Extensions>
          </Trackpoint>
          <Trackpoint>
            <Time>2026-02-20T07:58:59.000Z</Time>
            <Position>
              <LatitudeDegrees>51.763227665796876</LatitudeDegrees>
              <LongitudeDegrees>-0.22215203382074833</LongitudeDegrees>
            </Position>
            <AltitudeMeters>81.4000015258789</AltitudeMeters>
            <DistanceMeters>618.9400024414062</DistanceMeters>
            <HeartRateBpm>
              <Value>144</Value>
            </HeartRateBpm>
            <Extensions>
              <ns3:TPX>
                <ns3:Speed>0.9890000224113464</ns3:Speed>
              </ns3:TPX>
            </Extensions>
          </Trackpoint>
          <Trackpoint>
            <Time>2026-02-20T07:59:04.000Z</Time>
            <Position>
              <LatitudeDegrees>51.76320092752576</LatitudeDegrees>
              <LongitudeDegrees>-0.2222189214080572</LongitudeDegrees>
            </Position>
            <AltitudeMeters>81.5999984741211</AltitudeMeters>
            <DistanceMeters>625.2000122070312</DistanceMeters>
            <HeartRateBpm>
              <Value>144</Value>
            </HeartRateBpm>
            <Extensions>
              <ns3:TPX>
                <ns3:Speed>0.0</ns3:Speed>
              </ns3:TPX>
            </Extensions>
          </Trackpoint>
          <Trackpoint>
            <Time>2026-02-20T07:59:13.000Z</Time>
            <Position>
              <LatitudeDegrees>51.76318005658686</LatitudeDegrees>
              <LongitudeDegrees>-0.2223979588598013</LongitudeDegrees>
            </Position>
            <AltitudeMeters>81.5999984741211</AltitudeMeters>
            <DistanceMeters>637.4500122070312</DistanceMeters>
            <HeartRateBpm>
              <Value>144</Value>
            </HeartRateBpm>
            <Extensions>
              <ns3:TPX>
                <ns3:Speed>1.4179999828338623</ns3:Speed>
              </ns3:TPX>
            </Extensions>
          </Trackpoint>
          <Trackpoint>
            <Time>2026-02-20T07:59:21.000Z</Time>
            <Position>
              <LatitudeDegrees>51.76322020590305</LatitudeDegrees>
              <LongitudeDegrees>-0.2225564606487751</LongitudeDegrees>
            </Position>
            <AltitudeMeters>81.0</AltitudeMeters>
            <DistanceMeters>649.6799926757812</DistanceMeters>
            <HeartRateBpm>
              <Value>141</Value>
            </HeartRateBpm>
            <Extensions>
              <ns3:TPX>
                <ns3:Speed>1.409000039100647</ns3:Speed>
              </ns3:TPX>
            </Extensions>
          </Trackpoint>
          <Trackpoint>
            <Time>2026-02-20T07:59:22.000Z</Time>
            <Position>
              <LatitudeDegrees>51.76322397775948</LatitudeDegrees>
              <LongitudeDegrees>-0.22258127108216286</LongitudeDegrees>
            </Position>
            <AltitudeMeters>81.0</AltitudeMeters>
            <DistanceMeters>651.5700073242188</DistanceMeters>
            <HeartRateBpm>
              <Value>140</Value>
            </HeartRateBpm>
            <Extensions>
              <ns3:TPX>
                <ns3:Speed>1.4179999828338623</ns3:Speed>
              </ns3:TPX>
            </Extensions>
          </Trackpoint>
          <Trackpoint>
            <Time>2026-02-20T07:59:26.000Z</Time>
            <Position>
              <LatitudeDegrees>51.76323177292943</LatitudeDegrees>
              <LongitudeDegrees>-0.2226865477859974</LongitudeDegrees>
            </Position>
            <AltitudeMeters>80.80000305175781</AltitudeMeters>
            <DistanceMeters>659.5</DistanceMeters>
            <HeartRateBpm>
              <Value>137</Value>
            </HeartRateBpm>
            <Extensions>
              <ns3:TPX>
                <ns3:Speed>1.4839999675750732</ns3:Speed>
              </ns3:TPX>
            </Extensions>
          </Trackpoint>
          <Trackpoint>
            <Time>2026-02-20T07:59:30.000Z</Time>
            <Position>
              <LatitudeDegrees>51.76322733052075</LatitudeDegrees>
              <LongitudeDegrees>-0.22276399657130241</LongitudeDegrees>
            </Position>
            <AltitudeMeters>80.80000305175781</AltitudeMeters>
            <DistanceMeters>664.97998046875</DistanceMeters>
            <HeartRateBpm>
              <Value>134</Value>
            </HeartRateBpm>
            <Extensions>
              <ns3:TPX>
                <ns3:Speed>1.5210000276565552</ns3:Speed>
              </ns3:TPX>
            </Extensions>
          </Trackpoint>
          <Trackpoint>
            <Time>2026-02-20T07:59:32.000Z</Time>
            <Position>
              <LatitudeDegrees>51.76322339102626</LatitudeDegrees>
              <LongitudeDegrees>-0.2227992843836546</LongitudeDegrees>
            </Position>
            <AltitudeMeters>80.80000305175781</AltitudeMeters>
            <DistanceMeters>666.7899780273438</DistanceMeters>
            <HeartRateBpm>
              <Value>133</Value>
            </HeartRateBpm>
            <Extensions>
              <ns3:TPX>
                <ns3:Speed>1.4930000305175781</ns3:Speed>
              </ns3:TPX>
            </Extensions>
          </Trackpoint>
          <Trackpoint>
            <Time>2026-02-20T07:59:42.000Z</Time>
            <Position>
              <LatitudeDegrees>51.76323713734746</LatitudeDegrees>
              <LongitudeDegrees>-0.2229931578040123</LongitudeDegrees>
            </Position>
            <AltitudeMeters>81.0</AltitudeMeters>
            <DistanceMeters>680.4000244140625</DistanceMeters>
            <HeartRateBpm>
              <Value>135</Value>
            </HeartRateBpm>
            <Extensions>
              <ns3:TPX>
                <ns3:Speed>1.399999976158142</ns3:Speed>
              </ns3:TPX>
            </Extensions>
          </Trackpoint>
          <Trackpoint>
            <Time>2026-02-20T07:59:52.000Z</Time>
            <Position>
              <LatitudeDegrees>51.76325809210539</LatitudeDegrees>
              <LongitudeDegrees>-0.22320957854390144</LongitudeDegrees>
            </Position>
            <AltitudeMeters>81.0</AltitudeMeters>
            <DistanceMeters>695.5800170898438</DistanceMeters>
            <HeartRateBpm>
              <Value>136</Value>
            </HeartRateBpm>
            <Extensions>
              <ns3:TPX>
                <ns3:Speed>1.409000039100647</ns3:Speed>
              </ns3:TPX>
            </Extensions>
          </Trackpoint>
          <Trackpoint>
            <Time>2026-02-20T08:00:00.000Z</Time>
            <Position>
              <LatitudeDegrees>51.763259433209896</LatitudeDegrees>
              <LongitudeDegrees>-0.22336808033287525</LongitudeDegrees>
            </Position>
            <AltitudeMeters>81.0</AltitudeMeters>
            <DistanceMeters>706.2000122070312</DistanceMeters>
            <HeartRateBpm>
              <Value>136</Value>
            </HeartRateBpm>
            <Extensions>
              <ns3:TPX>
                <ns3:Speed>1.409000039100647</ns3:Speed>
              </ns3:TPX>
            </Extensions>
          </Trackpoint>
          <Trackpoint>
            <Time>2026-02-20T08:00:07.000Z</Time>
            <Position>
              <LatitudeDegrees>51.763270664960146</LatitudeDegrees>
              <LongitudeDegrees>-0.22350537590682507</LongitudeDegrees>
            </Position>
            <AltitudeMeters>81.4000015258789</AltitudeMeters>
            <DistanceMeters>716.239990234375</DistanceMeters>
            <HeartRateBpm>
              <Value>139</Value>
            </HeartRateBpm>
            <Extensions>
              <ns3:TPX>
                <ns3:Speed>1.409000039100647</ns3:Speed>
              </ns3:TPX>
            </Extensions>
          </Trackpoint>
          <Trackpoint>
            <Time>2026-02-20T08:00:09.000Z</Time>
            <Position>
              <LatitudeDegrees>51.763271084055305</LatitudeDegrees>
              <LongitudeDegrees>-0.22355533204972744</LongitudeDegrees>
            </Position>
            <AltitudeMeters>81.4000015258789</AltitudeMeters>
            <DistanceMeters>719.969970703125</DistanceMeters>
            <HeartRateBpm>
              <Value>139</Value>
            </HeartRateBpm>
            <Extensions>
              <ns3:TPX>
                <ns3:Speed>1.409000039100647</ns3:Speed>
              </ns3:TPX>
            </Extensions>
          </Trackpoint>
          <Trackpoint>
            <Time>2026-02-20T08:00:16.000Z</Time>
            <Position>
              <LatitudeDegrees>51.763264797627926</LatitudeDegrees>
              <LongitudeDegrees>-0.22371534258127213</LongitudeDegrees>
            </Position>
            <AltitudeMeters>81.5999984741211</AltitudeMeters>
            <DistanceMeters>730.739990234375</DistanceMeters>
            <HeartRateBpm>
              <Value>142</Value>
            </HeartRateBpm>
            <Extensions>
              <ns3:TPX>
                <ns3:Speed>1.4279999732971191</ns3:Speed>
              </ns3:TPX>
            </Extensions>
          </Trackpoint>
          <Trackpoint>
            <Time>2026-02-20T08:00:18.000Z</Time>
            <Position>
              <LatitudeDegrees>51.76326513290405</LatitudeDegrees>
              <LongitudeDegrees>-0.2237647119909525</LongitudeDegrees>
            </Position>
            <AltitudeMeters>81.5999984741211</AltitudeMeters>
            <DistanceMeters>734.3800048828125</DistanceMeters>
            <HeartRateBpm>
              <Value>142</Value>
            </HeartRateBpm>
            <Extensions>
              <ns3:TPX>
                <ns3:Speed>1.437000036239624</ns3:Speed>
              </ns3:TPX>
            </Extensions>
          </Trackpoint>
          <Trackpoint>
            <Time>2026-02-20T08:00:27.000Z</Time>
            <Position>
              <LatitudeDegrees>51.7632282525301</LatitudeDegrees>
              <LongitudeDegrees>-0.2239226270467043</LongitudeDegrees>
            </Position>
            <AltitudeMeters>81.80000305175781</AltitudeMeters>
            <DistanceMeters>745.5599975585938</DistanceMeters>
            <HeartRateBpm>
              <Value>144</Value>
            </HeartRateBpm>
            <Extensions>
              <ns3:TPX>
                <ns3:Speed>1.437000036239624</ns3:Speed>
              </ns3:TPX>
            </Extensions>
          </Trackpoint>
          <Trackpoint>
            <Time>2026-02-20T08:00:37.000Z</Time>
            <Position>
              <LatitudeDegrees>51.763117695227265</LatitudeDegrees>
              <LongitudeDegrees>-0.2240228746086359</LongitudeDegrees>
            </Position>
            <AltitudeMeters>82.19999694824219</AltitudeMeters>
            <DistanceMeters>760.2000122070312</DistanceMeters>
            <HeartRateBpm>
              <Value>144</Value>
            </HeartRateBpm>
            <Extensions>
              <ns3:TPX>
                <ns3:Speed>1.4279999732971191</ns3:Speed>
              </ns3:TPX>
            </Extensions>
          </Trackpoint>
          <Trackpoint>
            <Time>2026-02-20T08:00:48.000Z</Time>
            <Position>
              <LatitudeDegrees>51.76298593170941</LatitudeDegrees>
              <LongitudeDegrees>-0.22411775775253773</LongitudeDegrees>
            </Position>
            <AltitudeMeters>82.0</AltitudeMeters>
            <DistanceMeters>775.9299926757812</DistanceMeters>
            <HeartRateBpm>
              <Value>143</Value>
            </HeartRateBpm>
            <Extensions>
              <ns3:TPX>
                <ns3:Speed>1.409000039100647</ns3:Speed>
              </ns3:TPX>
            </Extensions>
          </Trackpoint>
          <Trackpoint>
            <Time>2026-02-20T08:00:53.000Z</Time>
            <Position>
              <LatitudeDegrees>51.76291284151375</LatitudeDegrees>
              <LongitudeDegrees>-0.22416377440094948</LongitudeDegrees>
            </Position>
            <AltitudeMeters>82.0</AltitudeMeters>
            <DistanceMeters>784.5</DistanceMeters>
            <HeartRateBpm>
              <Value>140</Value>
            </HeartRateBpm>
            <Extensions>
              <ns3:TPX>
                <ns3:Speed>1.4559999704360962</ns3:Speed>
              </ns3:TPX>
            </Extensions>
          </Trackpoint>
          <Trackpoint>
            <Time>2026-02-20T08:00:58.000Z</Time>
            <Position>
              <LatitudeDegrees>51.76286179572344</LatitudeDegrees>
              <LongitudeDegrees>-0.2241660375148058</LongitudeDegrees>
            </Position>
            <AltitudeMeters>82.0</AltitudeMeters>
            <DistanceMeters>790.0</DistanceMeters>
            <HeartRateBpm>
              <Value>140</Value>
            </HeartRateBpm>
            <Extensions>
              <ns3:TPX>
                <ns3:Speed>1.4559999704360962</ns3:Speed>
              </ns3:TPX>
            </Extensions>
          </Trackpoint>
          <Trackpoint>
            <Time>2026-02-20T08:01:06.000Z</Time>
            <Position>
              <LatitudeDegrees>51.76275475881994</LatitudeDegrees>
              <LongitudeDegrees>-0.2242003194987774</LongitudeDegrees>
            </Position>
            <AltitudeMeters>82.0</AltitudeMeters>
            <DistanceMeters>802.4500122070312</DistanceMeters>
            <HeartRateBpm>
              <Value>139</Value>
            </HeartRateBpm>
            <Extensions>
              <ns3:TPX>
                <ns3:Speed>1.4559999704360962</ns3:Speed>
              </ns3:TPX>
            </Extensions>
          </Trackpoint>
          <Trackpoint>
            <Time>2026-02-20T08:01:11.000Z</Time>
            <Position>
              <LatitudeDegrees>51.76269776187837</LatitudeDegrees>
              <LongitudeDegrees>-0.22424968890845776</LongitudeDegrees>
            </Position>
            <AltitudeMeters>81.80000305175781</AltitudeMeters>
            <DistanceMeters>810.0399780273438</DistanceMeters>
            <HeartRateBpm>
              <Value>136</Value>
            </HeartRateBpm>
            <Extensions>
              <ns3:TPX>
                <ns3:Speed>1.4559999704360962</ns3:Speed>
              </ns3:TPX>
            </Extensions>
          </Trackpoint>
          <Trackpoint>
            <Time>2026-02-20T08:01:14.000Z</Time>
            <Position>
              <LatitudeDegrees>51.76266314461827</LatitudeDegrees>
              <LongitudeDegrees>-0.22430308163166046</LongitudeDegrees>
            </Position>
            <AltitudeMeters>81.5999984741211</AltitudeMeters>
            <DistanceMeters>815.780029296875</DistanceMeters>
            <HeartRateBpm>
              <Value>136</Value>
            </HeartRateBpm>
            <Extensions>
              <ns3:TPX>
                <ns3:Speed>1.465000033378601</ns3:Speed>
              </ns3:TPX>
            </Extensions>
          </Trackpoint>
          <Trackpoint>
            <Time>2026-02-20T08:01:22.000Z</Time>
            <Position>
              <LatitudeDegrees>51.76260095089674</LatitudeDegrees>
              <LongitudeDegrees>-0.22444532252848148</LongitudeDegrees>
            </Position>
            <AltitudeMeters>81.19999694824219</AltitudeMeters>
            <DistanceMeters>827.9099731445312</DistanceMeters>
            <HeartRateBpm>
              <Value>136</Value>
            </HeartRateBpm>
            <Extensions>
              <ns3:TPX>
                <ns3:Speed>1.4839999675750732</ns3:Speed>
              </ns3:TPX>
            </Extensions>
          </Trackpoint>
          <Trackpoint>
            <Time>2026-02-20T08:01:33.000Z</Time>
            <Position>
              <LatitudeDegrees>51.76248083822429</LatitudeDegrees>
              <LongitudeDegrees>-0.22458496503531933</LongitudeDegrees>
            </Position>
            <AltitudeMeters>81.0</AltitudeMeters>
            <DistanceMeters>844.3499755859375</DistanceMeters>
            <HeartRateBpm>
              <Value>136</Value>
            </HeartRateBpm>
            <Extensions>
              <ns3:TPX>
                <ns3:Speed>1.4839999675750732</ns3:Speed>
              </ns3:TPX>
            </Extensions>
          </Trackpoint>
          <Trackpoint>
            <Time>2026-02-20T08:01:42.000Z</Time>
            <Position>
              <LatitudeDegrees>51.762386625632644</LatitudeDegrees>
              <LongitudeDegrees>-0.22468965500593185</LongitudeDegrees>
            </Position>
            <AltitudeMeters>81.0</AltitudeMeters>
            <DistanceMeters>856.8200073242188</DistanceMeters>
            <HeartRateBpm>
              <Value>135</Value>
            </HeartRateBpm>
            <Extensions>
              <ns3:TPX>
                <ns3:Speed>1.4930000305175781</ns3:Speed>
              </ns3:TPX>
            </Extensions>
          </Trackpoint>
          <Trackpoint>
            <Time>2026-02-20T08:01:51.000Z</Time>
            <Position>
              <LatitudeDegrees>51.762281851843</LatitudeDegrees>
              <LongitudeDegrees>-0.22480012848973274</LongitudeDegrees>
            </Position>
            <AltitudeMeters>81.19999694824219</AltitudeMeters>
            <DistanceMeters>871.02001953125</DistanceMeters>
            <HeartRateBpm>
              <Value>135</Value>
            </HeartRateBpm>
            <Extensions>
              <ns3:TPX>
                <ns3:Speed>1.4839999675750732</ns3:Speed>
              </ns3:TPX>
            </Extensions>
          </Trackpoint>
          <Trackpoint>
            <Time>2026-02-20T08:02:00.000Z</Time>
            <Position>
              <LatitudeDegrees>51.76218219101429</LatitudeDegrees>
              <LongitudeDegrees>-0.2249339036643505</LongitudeDegrees>
            </Position>
            <AltitudeMeters>81.5999984741211</AltitudeMeters>
            <DistanceMeters>885.27001953125</DistanceMeters>
            <HeartRateBpm>
              <Value>135</Value>
            </HeartRateBpm>
            <Extensions>
              <ns3:TPX>
                <ns3:Speed>1.5019999742507935</ns3:Speed>
              </ns3:TPX>
            </Extensions>
          </Trackpoint>
          <Trackpoint>
            <Time>2026-02-20T08:02:04.000Z</Time>
            <Position>
              <LatitudeDegrees>51.762157045304775</LatitudeDegrees>
              <LongitudeDegrees>-0.22499802522361279</LongitudeDegrees>
            </Position>
            <AltitudeMeters>82.5999984741211</AltitudeMeters>
            <DistanceMeters>890.6799926757812</DistanceMeters>
            <HeartRateBpm>
              <Value>135</Value>
            </HeartRateBpm>
            <Extensions>
              <ns3:TPX>
                <ns3:Speed>1.5119999647140503</ns3:Speed>
              </ns3:TPX>
            </Extensions>
          </Trackpoint>
          <Trackpoint>
            <Time>2026-02-20T08:02:07.000Z</Time>
            <Position>
              <LatitudeDegrees>51.76215939223766</LatitudeDegrees>
              <LongitudeDegrees>-0.22505007684230804</LongitudeDegrees>
            </Position>
            <AltitudeMeters>81.80000305175781</AltitudeMeters>
            <DistanceMeters>894.2000122070312</DistanceMeters>
            <HeartRateBpm>
              <Value>137</Value>
            </HeartRateBpm>
            <Extensions>
              <ns3:TPX>
                <ns3:Speed>1.5119999647140503</ns3:Speed>
              </ns3:TPX>
            </Extensions>
          </Trackpoint>
          <Trackpoint>
            <Time>2026-02-20T08:02:11.000Z</Time>
            <Position>
              <LatitudeDegrees>51.762186381965876</LatitudeDegrees>
              <LongitudeDegrees>-0.2251429483294487</LongitudeDegrees>
            </Position>
            <AltitudeMeters>82.0</AltitudeMeters>
            <DistanceMeters>901.0700073242188</DistanceMeters>
            <HeartRateBpm>
              <Value>140</Value>
            </HeartRateBpm>
            <Extensions>
              <ns3:TPX>
                <ns3:Speed>1.5019999742507935</ns3:Speed>
              </ns3:TPX>
            </Extensions>
          </Trackpoint>
          <Trackpoint>
            <Time>2026-02-20T08:02:15.000Z</Time>
            <Position>
              <LatitudeDegrees>51.76222125068307</LatitudeDegrees>
              <LongitudeDegrees>-0.2252257615327835</LongitudeDegrees>
            </Position>
            <AltitudeMeters>82.0</AltitudeMeters>
            <DistanceMeters>908.9600219726562</DistanceMeters>
            <HeartRateBpm>
              <Value>141</Value>
            </HeartRateBpm>
            <Extensions>
              <ns3:TPX>
                <ns3:Speed>1.5299999713897705</ns3:Speed>
              </ns3:TPX>
            </Extensions>
          </Trackpoint>
          <Trackpoint>
            <Time>2026-02-20T08:02:22.000Z</Time>
            <Position>
              <LatitudeDegrees>51.7622543592006</LatitudeDegrees>
              <LongitudeDegrees>-0.22539423778653145</LongitudeDegrees>
            </Position>
            <AltitudeMeters>81.4000015258789</AltitudeMeters>
            <DistanceMeters>922.4099731445312</DistanceMeters>
            <HeartRateBpm>
              <Value>140</Value>
            </HeartRateBpm>
            <Extensions>
              <ns3:TPX>
                <ns3:Speed>1.5579999685287476</ns3:Speed>
              </ns3:TPX>
            </Extensions>
          </Trackpoint>
          <Trackpoint>
            <Time>2026-02-20T08:02:29.000Z</Time>
            <Position>
              <LatitudeDegrees>51.76229149103165</LatitudeDegrees>
              <LongitudeDegrees>-0.22545643150806427</LongitudeDegrees>
            </Position>
            <AltitudeMeters>81.19999694824219</AltitudeMeters>
            <DistanceMeters>928.2100219726562</DistanceMeters>
            <HeartRateBpm>
              <Value>140</Value>
            </HeartRateBpm>
            <Extensions>
              <ns3:TPX>
                <ns3:Speed>1.5579999685287476</ns3:Speed>
              </ns3:TPX>
            </Extensions>
          </Trackpoint>
          <Trackpoint>
            <Time>2026-02-20T08:02:35.000Z</Time>
            <Position>
              <LatitudeDegrees>51.76229224540293</LatitudeDegrees>
              <LongitudeDegrees>-0.22545802406966686</LongitudeDegrees>
            </Position>
            <AltitudeMeters>81.0</AltitudeMeters>
            <DistanceMeters>928.469970703125</DistanceMeters>
            <HeartRateBpm>
              <Value>137</Value>
            </HeartRateBpm>
            <Extensions>
              <ns3:TPX>
                <ns3:Speed>0.0</ns3:Speed>
              </ns3:TPX>
            </Extensions>
          </Trackpoint>
          <Trackpoint>
            <Time>2026-02-20T08:02:40.000Z</Time>
            <Position>
              <LatitudeDegrees>51.762338764965534</LatitudeDegrees>
              <LongitudeDegrees>-0.22549917921423912</LongitudeDegrees>
            </Position>
            <AltitudeMeters>81.0</AltitudeMeters>
            <DistanceMeters>933.3599853515625</DistanceMeters>
            <HeartRateBpm>
              <Value>135</Value>
            </HeartRateBpm>
            <Extensions>
              <ns3:TPX>
                <ns3:Speed>0.0</ns3:Speed>
              </ns3:TPX>
            </Extensions>
          </Trackpoint>
          <Trackpoint>
            <Time>2026-02-20T08:02:47.000Z</Time>
            <Position>
              <LatitudeDegrees>51.76234873943031</LatitudeDegrees>
              <LongitudeDegrees>-0.2256156038492918</LongitudeDegrees>
            </Position>
            <AltitudeMeters>81.4000015258789</AltitudeMeters>
            <DistanceMeters>944.0</DistanceMeters>
            <HeartRateBpm>
              <Value>135</Value>
            </HeartRateBpm>
            <Extensions>
              <ns3:TPX>
                <ns3:Speed>1.4459999799728394</ns3:Speed>
              </ns3:TPX>
            </Extensions>
          </Trackpoint>
          <Trackpoint>
            <Time>2026-02-20T08:02:51.000Z</Time>
            <Position>
              <LatitudeDegrees>51.76231688819826</LatitudeDegrees>
              <LongitudeDegrees>-0.2256836649030447</LongitudeDegrees>
            </Position>
            <AltitudeMeters>81.4000015258789</AltitudeMeters>
            <DistanceMeters>949.3400268554688</DistanceMeters>
            <HeartRateBpm>
              <Value>132</Value>
            </HeartRateBpm>
            <Extensions>
              <ns3:TPX>
                <ns3:Speed>1.5299999713897705</ns3:Speed>
              </ns3:TPX>
            </Extensions>
          </Trackpoint>
          <Trackpoint>
            <Time>2026-02-20T08:02:54.000Z</Time>
            <Position>
              <LatitudeDegrees>51.76229643635452</LatitudeDegrees>
              <LongitudeDegrees>-0.22573345340788364</LongitudeDegrees>
            </Position>
            <AltitudeMeters>81.5999984741211</AltitudeMeters>
            <DistanceMeters>953.0700073242188</DistanceMeters>
            <HeartRateBpm>
              <Value>130</Value>
            </HeartRateBpm>
            <Extensions>
              <ns3:TPX>
                <ns3:Speed>1.5399999618530273</ns3:Speed>
              </ns3:TPX>
            </Extensions>
          </Trackpoint>
          <Trackpoint>
            <Time>2026-02-20T08:03:02.000Z</Time>
            <Position>
              <LatitudeDegrees>51.76226676441729</LatitudeDegrees>
              <LongitudeDegrees>-0.22587602958083153</LongitudeDegrees>
            </Position>
            <AltitudeMeters>81.80000305175781</AltitudeMeters>
            <DistanceMeters>963.5999755859375</DistanceMeters>
            <HeartRateBpm>
              <Value>131</Value>
            </HeartRateBpm>
            <Extensions>
              <ns3:TPX>
                <ns3:Speed>1.4930000305175781</ns3:Speed>
              </ns3:TPX>
            </Extensions>
          </Trackpoint>
          <Trackpoint>
            <Time>2026-02-20T08:03:11.000Z</Time>
            <Position>
              <LatitudeDegrees>51.76223969087005</LatitudeDegrees>
              <LongitudeDegrees>-0.22604978643357754</LongitudeDegrees>
            </Position>
            <AltitudeMeters>82.19999694824219</AltitudeMeters>
            <DistanceMeters>976.780029296875</DistanceMeters>
            <HeartRateBpm>
              <Value>129</Value>
            </HeartRateBpm>
            <Extensions>
              <ns3:TPX>
                <ns3:Speed>1.5399999618530273</ns3:Speed>
              </ns3:TPX>
            </Extensions>
          </Trackpoint>
          <Trackpoint>
            <Time>2026-02-20T08:03:19.000Z</Time>
            <Position>
              <LatitudeDegrees>51.76221110858023</LatitudeDegrees>
              <LongitudeDegrees>-0.22621759213507175</LongitudeDegrees>
            </Position>
            <AltitudeMeters>82.19999694824219</AltitudeMeters>
            <DistanceMeters>986.9400024414062</DistanceMeters>
            <HeartRateBpm>
              <Value>130</Value>
            </HeartRateBpm>
            <Extensions>
              <ns3:TPX>
                <ns3:Speed>1.4559999704360962</ns3:Speed>
              </ns3:TPX>
            </Extensions>
          </Trackpoint>
          <Trackpoint>
            <Time>2026-02-20T08:03:28.000Z</Time>
            <Position>
              <LatitudeDegrees>51.76217238418758</LatitudeDegrees>
              <LongitudeDegrees>-0.2263931091874838</LongitudeDegrees>
            </Position>
            <AltitudeMeters>82.4000015258789</AltitudeMeters>
            <DistanceMeters>1001.4199829101562</DistanceMeters>
            <HeartRateBpm>
              <Value>130</Value>
            </HeartRateBpm>
            <Extensions>
              <ns3:TPX>
                <ns3:Speed>1.4930000305175781</ns3:Speed>
              </ns3:TPX>
            </Extensions>
          </Trackpoint>
        </Track>
        <Extensions>
          <ns3:LX>
            <ns3:AvgSpeed>1.4079999923706055</ns3:AvgSpeed>
            <ns3:AvgRunCadence>51</ns3:AvgRunCadence>
            <ns3:MaxRunCadence>61</ns3:MaxRunCadence>
          </ns3:LX>
        </Extensions>
      </Lap>
      <Lap StartTime="2026-02-20T08:03:28.000Z">
        <TotalTimeSeconds>706.989</TotalTimeSeconds>
        <DistanceMeters>1000.0</DistanceMeters>
        <MaximumSpeed>1.5210000276565552</MaximumSpeed>
        <Calories>61</Calories>
        <AverageHeartRateBpm>
          <Value>134</Value>
        </AverageHeartRateBpm>
        <MaximumHeartRateBpm>
          <Value>146</Value>
        </MaximumHeartRateBpm>
        <Intensity>Active</Intensity>
        <TriggerMethod>Manual</TriggerMethod>
        <Track>
          <Trackpoint>
            <Time>2026-02-20T08:03:28.000Z</Time>
            <Position>
              <LatitudeDegrees>51.76217238418758</LatitudeDegrees>
              <LongitudeDegrees>-0.2263931091874838</LongitudeDegrees>
            </Position>
            <AltitudeMeters>82.4000015258789</AltitudeMeters>
            <DistanceMeters>1001.4199829101562</DistanceMeters>
            <HeartRateBpm>
              <Value>130</Value>
            </HeartRateBpm>
            <Extensions>
              <ns3:TPX>
                <ns3:Speed>1.4930000305175781</ns3:Speed>
              </ns3:TPX>
            </Extensions>
          </Trackpoint>
          <Trackpoint>
            <Time>2026-02-20T08:03:29.000Z</Time>
            <Position>
              <LatitudeDegrees>51.76216693595052</LatitudeDegrees>
              <LongitudeDegrees>-0.2264105435460806</LongitudeDegrees>
            </Position>
            <AltitudeMeters>82.4000015258789</AltitudeMeters>
            <DistanceMeters>1002.739990234375</DistanceMeters>
            <HeartRateBpm>
              <Value>131</Value>
            </HeartRateBpm>
            <Extensions>
              <ns3:TPX>
                <ns3:Speed>1.4930000305175781</ns3:Speed>
              </ns3:TPX>
            </Extensions>
          </Trackpoint>
          <Trackpoint>
            <Time>2026-02-20T08:03:39.000Z</Time>
            <Position>
              <LatitudeDegrees>51.7621280439198</LatitudeDegrees>
              <LongitudeDegrees>-0.22661405615508556</LongitudeDegrees>
            </Position>
            <AltitudeMeters>82.4000015258789</AltitudeMeters>
            <DistanceMeters>1017.5800170898438</DistanceMeters>
            <HeartRateBpm>
              <Value>129</Value>
            </HeartRateBpm>
            <Extensions>
              <ns3:TPX>
                <ns3:Speed>1.5019999742507935</ns3:Speed>
              </ns3:TPX>
            </Extensions>
          </Trackpoint>
          <Trackpoint>
            <Time>2026-02-20T08:03:41.000Z</Time>
            <Position>
              <LatitudeDegrees>51.76213181577623</LatitudeDegrees>
              <LongitudeDegrees>-0.22666191682219505</LongitudeDegrees>
            </Position>
            <AltitudeMeters>82.5999984741211</AltitudeMeters>
            <DistanceMeters>1020.989990234375</DistanceMeters>
            <HeartRateBpm>
              <Value>129</Value>
            </HeartRateBpm>
            <Extensions>
              <ns3:TPX>
                <ns3:Speed>1.5019999742507935</ns3:Speed>
              </ns3:TPX>
            </Extensions>
          </Trackpoint>
          <Trackpoint>
            <Time>2026-02-20T08:03:46.000Z</Time>
            <Position>
              <LatitudeDegrees>51.76213759928942</LatitudeDegrees>
              <LongitudeDegrees>-0.22677842527627945</LongitudeDegrees>
            </Position>
            <AltitudeMeters>82.4000015258789</AltitudeMeters>
            <DistanceMeters>1029.5899658203125</DistanceMeters>
            <HeartRateBpm>
              <Value>133</Value>
            </HeartRateBpm>
            <Extensions>
              <ns3:TPX>
                <ns3:Speed>1.5119999647140503</ns3:Speed>
              </ns3:TPX>
            </Extensions>
          </Trackpoint>
          <Trackpoint>
            <Time>2026-02-20T08:03:52.000Z</Time>
            <Position>
              <LatitudeDegrees>51.76214656792581</LatitudeDegrees>
              <LongitudeDegrees>-0.22689493373036385</LongitudeDegrees>
            </Position>
            <AltitudeMeters>82.4000015258789</AltitudeMeters>
            <DistanceMeters>1037.260009765625</DistanceMeters>
            <HeartRateBpm>
              <Value>136</Value>
            </HeartRateBpm>
            <Extensions>
              <ns3:TPX>
                <ns3:Speed>1.5210000276565552</ns3:Speed>
              </ns3:TPX>
            </Extensions>
          </Trackpoint>
          <Trackpoint>
            <Time>2026-02-20T08:03:55.000Z</Time>
            <Position>
              <LatitudeDegrees>51.76214690320194</LatitudeDegrees>
              <LongitudeDegrees>-0.22694773972034454</LongitudeDegrees>
            </Position>
            <AltitudeMeters>82.19999694824219</AltitudeMeters>
            <DistanceMeters>1041.02001953125</DistanceMeters>
            <HeartRateBpm>
              <Value>137</Value>
            </HeartRateBpm>
            <Extensions>
              <ns3:TPX>
                <ns3:Speed>1.5019999742507935</ns3:Speed>
              </ns3:TPX>
            </Extensions>
          </Trackpoint>
          <Trackpoint>
            <Time>2026-02-20T08:03:59.000Z</Time>
            <Position>
              <LatitudeDegrees>51.762142796069384</LatitudeDegrees>
              <LongitudeDegrees>-0.2270318940281868</LongitudeDegrees>
            </Position>
            <AltitudeMeters>82.0</AltitudeMeters>
            <DistanceMeters>1046.6300048828125</DistanceMeters>
            <HeartRateBpm>
              <Value>140</Value>
            </HeartRateBpm>
            <Extensions>
              <ns3:TPX>
                <ns3:Speed>1.4930000305175781</ns3:Speed>
              </ns3:TPX>
            </Extensions>
          </Trackpoint>
          <Trackpoint>
            <Time>2026-02-20T08:04:04.000Z</Time>
            <Position>
              <LatitudeDegrees>51.76215293817222</LatitudeDegrees>
              <LongitudeDegrees>-0.2271408587694168</LongitudeDegrees>
            </Position>
            <AltitudeMeters>81.80000305175781</AltitudeMeters>
            <DistanceMeters>1054.3599853515625</DistanceMeters>
            <HeartRateBpm>
              <Value>139</Value>
            </HeartRateBpm>
            <Extensions>
              <ns3:TPX>
                <ns3:Speed>1.4839999675750732</ns3:Speed>
              </ns3:TPX>
            </Extensions>
          </Trackpoint>
          <Trackpoint>
            <Time>2026-02-20T08:04:12.000Z</Time>
            <Position>
              <LatitudeDegrees>51.7621610686183</LatitudeDegrees>
              <LongitudeDegrees>-0.2272976841777563</LongitudeDegrees>
            </Position>
            <AltitudeMeters>82.4000015258789</AltitudeMeters>
            <DistanceMeters>1065.989990234375</DistanceMeters>
            <HeartRateBpm>
              <Value>139</Value>
            </HeartRateBpm>
            <Extensions>
              <ns3:TPX>
                <ns3:Speed>1.4739999771118164</ns3:Speed>
              </ns3:TPX>
            </Extensions>
          </Trackpoint>
          <Trackpoint>
            <Time>2026-02-20T08:04:18.000Z</Time>
            <Position>
              <LatitudeDegrees>51.76215637475252</LatitudeDegrees>
              <LongitudeDegrees>-0.22738502360880375</LongitudeDegrees>
            </Position>
            <AltitudeMeters>82.19999694824219</AltitudeMeters>
            <DistanceMeters>1071.449951171875</DistanceMeters>
            <HeartRateBpm>
              <Value>139</Value>
            </HeartRateBpm>
            <Extensions>
              <ns3:TPX>
                <ns3:Speed>1.4559999704360962</ns3:Speed>
              </ns3:TPX>
            </Extensions>
          </Trackpoint>
          <Trackpoint>
            <Time>2026-02-20T08:04:26.000Z</Time>
            <Position>
              <LatitudeDegrees>51.76213273778558</LatitudeDegrees>
              <LongitudeDegrees>-0.2275486383587122</LongitudeDegrees>
            </Position>
            <AltitudeMeters>82.4000015258789</AltitudeMeters>
            <DistanceMeters>1083.300048828125</DistanceMeters>
            <HeartRateBpm>
              <Value>139</Value>
            </HeartRateBpm>
            <Extensions>
              <ns3:TPX>
                <ns3:Speed>1.409000039100647</ns3:Speed>
              </ns3:TPX>
            </Extensions>
          </Trackpoint>
          <Trackpoint>
            <Time>2026-02-20T08:04:34.000Z</Time>
            <Position>
              <LatitudeDegrees>51.76218495704234</LatitudeDegrees>
              <LongitudeDegrees>-0.22770370356738567</LongitudeDegrees>
            </Position>
            <AltitudeMeters>81.80000305175781</AltitudeMeters>
            <DistanceMeters>1095.5999755859375</DistanceMeters>
            <HeartRateBpm>
              <Value>139</Value>
            </HeartRateBpm>
            <Extensions>
              <ns3:TPX>
                <ns3:Speed>1.4559999704360962</ns3:Speed>
              </ns3:TPX>
            </Extensions>
          </Trackpoint>
          <Trackpoint>
            <Time>2026-02-20T08:04:36.000Z</Time>
            <Position>
              <LatitudeDegrees>51.76217774860561</LatitudeDegrees>
              <LongitudeDegrees>-0.22772985510528088</LongitudeDegrees>
            </Position>
            <AltitudeMeters>81.80000305175781</AltitudeMeters>
            <DistanceMeters>1096.989990234375</DistanceMeters>
            <HeartRateBpm>
              <Value>138</Value>
            </HeartRateBpm>
            <Extensions>
              <ns3:TPX>
                <ns3:Speed>1.4559999704360962</ns3:Speed>
              </ns3:TPX>
            </Extensions>
          </Trackpoint>
          <Trackpoint>
            <Time>2026-02-20T08:04:39.000Z</Time>
            <Position>
              <LatitudeDegrees>51.76216115243733</LatitudeDegrees>
              <LongitudeDegrees>-0.22778794169425964</LongitudeDegrees>
            </Position>
            <AltitudeMeters>82.0</AltitudeMeters>
            <DistanceMeters>1101.56005859375</DistanceMeters>
            <HeartRateBpm>
              <Value>135</Value>
            </HeartRateBpm>
            <Extensions>
              <ns3:TPX>
                <ns3:Speed>1.4459999799728394</ns3:Speed>
              </ns3:TPX>
            </Extensions>
          </Trackpoint>
          <Trackpoint>
            <Time>2026-02-20T08:04:40.000Z</Time>
            <Position>
              <LatitudeDegrees>51.76215872168541</LatitudeDegrees>
              <LongitudeDegrees>-0.22780847735702991</LongitudeDegrees>
            </Position>
            <AltitudeMeters>82.0</AltitudeMeters>
            <DistanceMeters>1102.9200439453125</DistanceMeters>
            <HeartRateBpm>
              <Value>134</Value>
            </HeartRateBpm>
            <Extensions>
              <ns3:TPX>
                <ns3:Speed>1.4459999799728394</ns3:Speed>
              </ns3:TPX>
            </Extensions>
          </Trackpoint>
          <Trackpoint>
            <Time>2026-02-20T08:04:47.000Z</Time>
            <Position>
              <LatitudeDegrees>51.76214698702097</LatitudeDegrees>
              <LongitudeDegrees>-0.2278742752969265</LongitudeDegrees>
            </Position>
            <AltitudeMeters>82.0</AltitudeMeters>
            <DistanceMeters>1107.7099609375</DistanceMeters>
            <HeartRateBpm>
              <Value>136</Value>
            </HeartRateBpm>
            <Extensions>
              <ns3:TPX>
                <ns3:Speed>1.3619999885559082</ns3:Speed>
              </ns3:TPX>
            </Extensions>
          </Trackpoint>
          <Trackpoint>
            <Time>2026-02-20T08:04:53.000Z</Time>
            <Position>
              <LatitudeDegrees>51.76216861233115</LatitudeDegrees>
              <LongitudeDegrees>-0.22795901633799076</LongitudeDegrees>
            </Position>
            <AltitudeMeters>81.80000305175781</AltitudeMeters>
            <DistanceMeters>1113.9100341796875</DistanceMeters>
            <HeartRateBpm>
              <Value>132</Value>
            </HeartRateBpm>
            <Extensions>
              <ns3:TPX>
                <ns3:Speed>0.0</ns3:Speed>
              </ns3:TPX>
            </Extensions>
          </Trackpoint>
          <Trackpoint>
            <Time>2026-02-20T08:04:58.000Z</Time>
            <Position>
              <LatitudeDegrees>51.76217079162598</LatitudeDegrees>
              <LongitudeDegrees>-0.2280610240995884</LongitudeDegrees>
            </Position>
            <AltitudeMeters>82.0</AltitudeMeters>
            <DistanceMeters>1121.77001953125</DistanceMeters>
            <HeartRateBpm>
              <Value>130</Value>
            </HeartRateBpm>
            <Extensions>
              <ns3:TPX>
                <ns3:Speed>1.1100000143051147</ns3:Speed>
              </ns3:TPX>
            </Extensions>
          </Trackpoint>
          <Trackpoint>
            <Time>2026-02-20T08:05:00.000Z</Time>
            <Position>
              <LatitudeDegrees>51.76216324791312</LatitudeDegrees>
              <LongitudeDegrees>-0.22809136658906937</LongitudeDegrees>
            </Position>
            <AltitudeMeters>82.19999694824219</AltitudeMeters>
            <DistanceMeters>1124.3699951171875</DistanceMeters>
            <HeartRateBpm>
              <Value>131</Value>
            </HeartRateBpm>
            <Extensions>
              <ns3:TPX>
                <ns3:Speed>1.3250000476837158</ns3:Speed>
              </ns3:TPX>
            </Extensions>
          </Trackpoint>
          <Trackpoint>
            <Time>2026-02-20T08:05:08.000Z</Time>
            <Position>
              <LatitudeDegrees>51.76214246079326</LatitudeDegrees>
              <LongitudeDegrees>-0.22826235741376877</LongitudeDegrees>
            </Position>
            <AltitudeMeters>82.0</AltitudeMeters>
            <DistanceMeters>1136.31005859375</DistanceMeters>
            <HeartRateBpm>
              <Value>131</Value>
            </HeartRateBpm>
            <Extensions>
              <ns3:TPX>
                <ns3:Speed>1.4179999828338623</ns3:Speed>
              </ns3:TPX>
            </Extensions>
          </Trackpoint>
          <Trackpoint>
            <Time>2026-02-20T08:05:17.000Z</Time>
            <Position>
              <LatitudeDegrees>51.76212611608207</LatitudeDegrees>
              <LongitudeDegrees>-0.2284476812928915</LongitudeDegrees>
            </Position>
            <AltitudeMeters>82.0</AltitudeMeters>
            <DistanceMeters>1149.219970703125</DistanceMeters>
            <HeartRateBpm>
              <Value>130</Value>
            </HeartRateBpm>
            <Extensions>
              <ns3:TPX>
                <ns3:Speed>1.4179999828338623</ns3:Speed>
              </ns3:TPX>
            </Extensions>
          </Trackpoint>
          <Trackpoint>
            <Time>2026-02-20T08:05:20.000Z</Time>
            <Position>
              <LatitudeDegrees>51.762119913473725</LatitudeDegrees>
              <LongitudeDegrees>-0.22851155139505863</LongitudeDegrees>
            </Position>
            <AltitudeMeters>82.0</AltitudeMeters>
            <DistanceMeters>1153.8499755859375</DistanceMeters>
            <HeartRateBpm>
              <Value>127</Value>
            </HeartRateBpm>
            <Extensions>
              <ns3:TPX>
                <ns3:Speed>1.4279999732971191</ns3:Speed>
              </ns3:TPX>
            </Extensions>
          </Trackpoint>
          <Trackpoint>
            <Time>2026-02-20T08:05:25.000Z</Time>
            <Position>
              <LatitudeDegrees>51.76211228594184</LatitudeDegrees>
              <LongitudeDegrees>-0.22862562909722328</LongitudeDegrees>
            </Position>
            <AltitudeMeters>81.80000305175781</AltitudeMeters>
            <DistanceMeters>1161.4000244140625</DistanceMeters>
            <HeartRateBpm>
              <Value>127</Value>
            </HeartRateBpm>
            <Extensions>
              <ns3:TPX>
                <ns3:Speed>1.437000036239624</ns3:Speed>
              </ns3:TPX>
            </Extensions>
          </Trackpoint>
          <Trackpoint>
            <Time>2026-02-20T08:05:35.000Z</Time>
            <Position>
              <LatitudeDegrees>51.76209233701229</LatitudeDegrees>
              <LongitudeDegrees>-0.22882101126015186</LongitudeDegrees>
            </Position>
            <AltitudeMeters>81.5999984741211</AltitudeMeters>
            <DistanceMeters>1175.3800048828125</DistanceMeters>
            <HeartRateBpm>
              <Value>128</Value>
            </HeartRateBpm>
            <Extensions>
              <ns3:TPX>
                <ns3:Speed>1.4179999828338623</ns3:Speed>
              </ns3:TPX>
            </Extensions>
          </Trackpoint>
          <Trackpoint>
            <Time>2026-02-20T08:05:44.000Z</Time>
            <Position>
              <LatitudeDegrees>51.76205612719059</LatitudeDegrees>
              <LongitudeDegrees>-0.2289977017790079</LongitudeDegrees>
            </Position>
            <AltitudeMeters>81.5999984741211</AltitudeMeters>
            <DistanceMeters>1188.22998046875</DistanceMeters>
            <HeartRateBpm>
              <Value>125</Value>
            </HeartRateBpm>
            <Extensions>
              <ns3:TPX>
                <ns3:Speed>1.4279999732971191</ns3:Speed>
              </ns3:TPX>
            </Extensions>
          </Trackpoint>
          <Trackpoint>
            <Time>2026-02-20T08:05:45.000Z</Time>
            <Position>
              <LatitudeDegrees>51.762051517143846</LatitudeDegrees>
              <LongitudeDegrees>-0.22901949472725391</LongitudeDegrees>
            </Position>
            <AltitudeMeters>81.4000015258789</AltitudeMeters>
            <DistanceMeters>1189.760009765625</DistanceMeters>
            <HeartRateBpm>
              <Value>125</Value>
            </HeartRateBpm>
            <Extensions>
              <ns3:TPX>
                <ns3:Speed>1.4279999732971191</ns3:Speed>
              </ns3:TPX>
            </Extensions>
          </Trackpoint>
          <Trackpoint>
            <Time>2026-02-20T08:05:49.000Z</Time>
            <Position>
              <LatitudeDegrees>51.76203458569944</LatitudeDegrees>
              <LongitudeDegrees>-0.22910314612090588</LongitudeDegrees>
            </Position>
            <AltitudeMeters>81.4000015258789</AltitudeMeters>
            <DistanceMeters>1195.4300537109375</DistanceMeters>
            <HeartRateBpm>
              <Value>128</Value>
            </HeartRateBpm>
            <Extensions>
              <ns3:TPX>
                <ns3:Speed>1.4279999732971191</ns3:Speed>
              </ns3:TPX>
            </Extensions>
          </Trackpoint>
          <Trackpoint>
            <Time>2026-02-20T08:05:53.000Z</Time>
            <Position>
              <LatitudeDegrees>51.762037267908454</LatitudeDegrees>
              <LongitudeDegrees>-0.22918151691555977</LongitudeDegrees>
            </Position>
            <AltitudeMeters>81.19999694824219</AltitudeMeters>
            <DistanceMeters>1200.8900146484375</DistanceMeters>
            <HeartRateBpm>
              <Value>128</Value>
            </HeartRateBpm>
            <Extensions>
              <ns3:TPX>
                <ns3:Speed>1.4279999732971191</ns3:Speed>
              </ns3:TPX>
            </Extensions>
          </Trackpoint>
          <Trackpoint>
            <Time>2026-02-20T08:06:00.000Z</Time>
            <Position>
              <LatitudeDegrees>51.762067778036</LatitudeDegrees>
              <LongitudeDegrees>-0.2293216623365879</LongitudeDegrees>
            </Position>
            <AltitudeMeters>81.4000015258789</AltitudeMeters>
            <DistanceMeters>1212.31005859375</DistanceMeters>
            <HeartRateBpm>
              <Value>128</Value>
            </HeartRateBpm>
            <Extensions>
              <ns3:TPX>
                <ns3:Speed>1.4279999732971191</ns3:Speed>
              </ns3:TPX>
            </Extensions>
          </Trackpoint>
          <Trackpoint>
            <Time>2026-02-20T08:06:09.000Z</Time>
            <Position>
              <LatitudeDegrees>51.76206895150244</LatitudeDegrees>
              <LongitudeDegrees>-0.22950178943574429</LongitudeDegrees>
            </Position>
            <AltitudeMeters>81.4000015258789</AltitudeMeters>
            <DistanceMeters>1224.2900390625</DistanceMeters>
            <HeartRateBpm>
              <Value>129</Value>
            </HeartRateBpm>
            <Extensions>
              <ns3:TPX>
                <ns3:Speed>1.437000036239624</ns3:Speed>
              </ns3:TPX>
            </Extensions>
          </Trackpoint>
          <Trackpoint>
            <Time>2026-02-20T08:06:18.000Z</Time>
            <Position>
              <LatitudeDegrees>51.762068113312125</LatitudeDegrees>
              <LongitudeDegrees>-0.22967847995460033</LongitudeDegrees>
            </Position>
            <AltitudeMeters>81.4000015258789</AltitudeMeters>
            <DistanceMeters>1236.3800048828125</DistanceMeters>
            <HeartRateBpm>
              <Value>130</Value>
            </HeartRateBpm>
            <Extensions>
              <ns3:TPX>
                <ns3:Speed>1.409000039100647</ns3:Speed>
              </ns3:TPX>
            </Extensions>
          </Trackpoint>
          <Trackpoint>
            <Time>2026-02-20T08:06:28.000Z</Time>
            <Position>
              <LatitudeDegrees>51.762095522135496</LatitudeDegrees>
              <LongitudeDegrees>-0.22988023236393929</LongitudeDegrees>
            </Position>
            <AltitudeMeters>81.4000015258789</AltitudeMeters>
            <DistanceMeters>1251.260009765625</DistanceMeters>
            <HeartRateBpm>
              <Value>130</Value>
            </HeartRateBpm>
            <Extensions>
              <ns3:TPX>
                <ns3:Speed>1.4179999828338623</ns3:Speed>
              </ns3:TPX>
            </Extensions>
          </Trackpoint>
          <Trackpoint>
            <Time>2026-02-20T08:06:37.000Z</Time>
            <Position>
              <LatitudeDegrees>51.762112621217966</LatitudeDegrees>
              <LongitudeDegrees>-0.2300622034817934</LongitudeDegrees>
            </Position>
            <AltitudeMeters>81.19999694824219</AltitudeMeters>
            <DistanceMeters>1264.31005859375</DistanceMeters>
            <HeartRateBpm>
              <Value>132</Value>
            </HeartRateBpm>
            <Extensions>
              <ns3:TPX>
                <ns3:Speed>1.4179999828338623</ns3:Speed>
              </ns3:TPX>
            </Extensions>
          </Trackpoint>
          <Trackpoint>
            <Time>2026-02-20T08:06:45.000Z</Time>
            <Position>
              <LatitudeDegrees>51.76212846301496</LatitudeDegrees>
              <LongitudeDegrees>-0.23023956455290318</LongitudeDegrees>
            </Position>
            <AltitudeMeters>81.4000015258789</AltitudeMeters>
            <DistanceMeters>1276.719970703125</DistanceMeters>
            <HeartRateBpm>
              <Value>133</Value>
            </HeartRateBpm>
            <Extensions>
              <ns3:TPX>
                <ns3:Speed>1.4459999799728394</ns3:Speed>
              </ns3:TPX>
            </Extensions>
          </Trackpoint>
          <Trackpoint>
            <Time>2026-02-20T08:06:53.000Z</Time>
            <Position>
              <LatitudeDegrees>51.76215386018157</LatitudeDegrees>
              <LongitudeDegrees>-0.23039571940898895</LongitudeDegrees>
            </Position>
            <AltitudeMeters>81.19999694824219</AltitudeMeters>
            <DistanceMeters>1287.0799560546875</DistanceMeters>
            <HeartRateBpm>
              <Value>133</Value>
            </HeartRateBpm>
            <Extensions>
              <ns3:TPX>
                <ns3:Speed>1.4179999828338623</ns3:Speed>
              </ns3:TPX>
            </Extensions>
          </Trackpoint>
          <Trackpoint>
            <Time>2026-02-20T08:07:01.000Z</Time>
            <Position>
              <LatitudeDegrees>51.76217104308307</LatitudeDegrees>
              <LongitudeDegrees>-0.23056117817759514</LongitudeDegrees>
            </Position>
            <AltitudeMeters>81.19999694824219</AltitudeMeters>
            <DistanceMeters>1299.300048828125</DistanceMeters>
            <HeartRateBpm>
              <Value>133</Value>
            </HeartRateBpm>
            <Extensions>
              <ns3:TPX>
                <ns3:Speed>1.4279999732971191</ns3:Speed>
              </ns3:TPX>
            </Extensions>
          </Trackpoint>
          <Trackpoint>
            <Time>2026-02-20T08:07:07.000Z</Time>
            <Position>
              <LatitudeDegrees>51.76218261010945</LatitudeDegrees>
              <LongitudeDegrees>-0.23068799637258053</LongitudeDegrees>
            </Position>
            <AltitudeMeters>81.0</AltitudeMeters>
            <DistanceMeters>1308.77001953125</DistanceMeters>
            <HeartRateBpm>
              <Value>136</Value>
            </HeartRateBpm>
            <Extensions>
              <ns3:TPX>
                <ns3:Speed>1.437000036239624</ns3:Speed>
              </ns3:TPX>
            </Extensions>
          </Trackpoint>
          <Trackpoint>
            <Time>2026-02-20T08:07:10.000Z</Time>
            <Position>
              <LatitudeDegrees>51.76219099201262</LatitudeDegrees>
              <LongitudeDegrees>-0.23074021562933922</LongitudeDegrees>
            </Position>
            <AltitudeMeters>81.19999694824219</AltitudeMeters>
            <DistanceMeters>1311.9599609375</DistanceMeters>
            <HeartRateBpm>
              <Value>136</Value>
            </HeartRateBpm>
            <Extensions>
              <ns3:TPX>
                <ns3:Speed>1.437000036239624</ns3:Speed>
              </ns3:TPX>
            </Extensions>
          </Trackpoint>
          <Trackpoint>
            <Time>2026-02-20T08:07:18.000Z</Time>
            <Position>
              <LatitudeDegrees>51.76222359761596</LatitudeDegrees>
              <LongitudeDegrees>-0.23088455200195312</LongitudeDegrees>
            </Position>
            <AltitudeMeters>81.0</AltitudeMeters>
            <DistanceMeters>1322.4100341796875</DistanceMeters>
            <HeartRateBpm>
              <Value>137</Value>
            </HeartRateBpm>
            <Extensions>
              <ns3:TPX>
                <ns3:Speed>1.4279999732971191</ns3:Speed>
              </ns3:TPX>
            </Extensions>
          </Trackpoint>
          <Trackpoint>
            <Time>2026-02-20T08:07:26.000Z</Time>
            <Position>
              <LatitudeDegrees>51.76219685934484</LatitudeDegrees>
              <LongitudeDegrees>-0.2310521062463522</LongitudeDegrees>
            </Position>
            <AltitudeMeters>80.80000305175781</AltitudeMeters>
            <DistanceMeters>1334.27001953125</DistanceMeters>
            <HeartRateBpm>
              <Value>137</Value>
            </HeartRateBpm>
            <Extensions>
              <ns3:TPX>
                <ns3:Speed>1.437000036239624</ns3:Speed>
              </ns3:TPX>
            </Extensions>
          </Trackpoint>
          <Trackpoint>
            <Time>2026-02-20T08:07:32.000Z</Time>
            <Position>
              <LatitudeDegrees>51.762236170470715</LatitudeDegrees>
              <LongitudeDegrees>-0.23113860748708248</LongitudeDegrees>
            </Position>
            <AltitudeMeters>81.0</AltitudeMeters>
            <DistanceMeters>1341.739990234375</DistanceMeters>
            <HeartRateBpm>
              <Value>138</Value>
            </HeartRateBpm>
            <Extensions>
              <ns3:TPX>
                <ns3:Speed>1.4279999732971191</ns3:Speed>
              </ns3:TPX>
            </Extensions>
          </Trackpoint>
          <Trackpoint>
            <Time>2026-02-20T08:07:41.000Z</Time>
            <Position>
              <LatitudeDegrees>51.76220314577222</LatitudeDegrees>
              <LongitudeDegrees>-0.23130666464567184</LongitudeDegrees>
            </Position>
            <AltitudeMeters>81.0</AltitudeMeters>
            <DistanceMeters>1353.5899658203125</DistanceMeters>
            <HeartRateBpm>
              <Value>140</Value>
            </HeartRateBpm>
            <Extensions>
              <ns3:TPX>
                <ns3:Speed>1.3899999856948853</ns3:Speed>
              </ns3:TPX>
            </Extensions>
          </Trackpoint>
          <Trackpoint>
            <Time>2026-02-20T08:07:45.000Z</Time>
            <Position>
              <LatitudeDegrees>51.76221538335085</LatitudeDegrees>
              <LongitudeDegrees>-0.2313592191785574</LongitudeDegrees>
            </Position>
            <AltitudeMeters>81.0</AltitudeMeters>
            <DistanceMeters>1357.8800048828125</DistanceMeters>
            <HeartRateBpm>
              <Value>140</Value>
            </HeartRateBpm>
            <Extensions>
              <ns3:TPX>
                <ns3:Speed>1.409000039100647</ns3:Speed>
              </ns3:TPX>
            </Extensions>
          </Trackpoint>
          <Trackpoint>
            <Time>2026-02-20T08:07:48.000Z</Time>
            <Position>
              <LatitudeDegrees>51.76223684102297</LatitudeDegrees>
              <LongitudeDegrees>-0.23141353391110897</LongitudeDegrees>
            </Position>
            <AltitudeMeters>81.0</AltitudeMeters>
            <DistanceMeters>1362.6199951171875</DistanceMeters>
            <HeartRateBpm>
              <Value>140</Value>
            </HeartRateBpm>
            <Extensions>
              <ns3:TPX>
                <ns3:Speed>1.399999976158142</ns3:Speed>
              </ns3:TPX>
            </Extensions>
          </Trackpoint>
          <Trackpoint>
            <Time>2026-02-20T08:07:57.000Z</Time>
            <Position>
              <LatitudeDegrees>51.76227833144367</LatitudeDegrees>
              <LongitudeDegrees>-0.231567258015275</LongitudeDegrees>
            </Position>
            <AltitudeMeters>81.0</AltitudeMeters>
            <DistanceMeters>1374.1400146484375</DistanceMeters>
            <HeartRateBpm>
              <Value>137</Value>
            </HeartRateBpm>
            <Extensions>
              <ns3:TPX>
                <ns3:Speed>1.399999976158142</ns3:Speed>
              </ns3:TPX>
            </Extensions>
          </Trackpoint>
          <Trackpoint>
            <Time>2026-02-20T08:07:58.000Z</Time>
            <Position>
              <LatitudeDegrees>51.76227640360594</LatitudeDegrees>
              <LongitudeDegrees>-0.23158318363130093</LongitudeDegrees>
            </Position>
            <AltitudeMeters>81.0</AltitudeMeters>
            <DistanceMeters>1375.1400146484375</DistanceMeters>
            <HeartRateBpm>
              <Value>137</Value>
            </HeartRateBpm>
            <Extensions>
              <ns3:TPX>
                <ns3:Speed>1.3899999856948853</ns3:Speed>
              </ns3:TPX>
            </Extensions>
          </Trackpoint>
          <Trackpoint>
            <Time>2026-02-20T08:08:08.000Z</Time>
            <Position>
              <LatitudeDegrees>51.76225201226771</LatitudeDegrees>
              <LongitudeDegrees>-0.23179206065833569</LongitudeDegrees>
            </Position>
            <AltitudeMeters>81.0</AltitudeMeters>
            <DistanceMeters>1390.1199951171875</DistanceMeters>
            <HeartRateBpm>
              <Value>138</Value>
            </HeartRateBpm>
            <Extensions>
              <ns3:TPX>
                <ns3:Speed>1.3899999856948853</ns3:Speed>
              </ns3:TPX>
            </Extensions>
          </Trackpoint>
          <Trackpoint>
            <Time>2026-02-20T08:08:18.000Z</Time>
            <Position>
              <LatitudeDegrees>51.76222611218691</LatitudeDegrees>
              <LongitudeDegrees>-0.2319816593080759</LongitudeDegrees>
            </Position>
            <AltitudeMeters>81.0</AltitudeMeters>
            <DistanceMeters>1403.1600341796875</DistanceMeters>
            <HeartRateBpm>
              <Value>137</Value>
            </HeartRateBpm>
            <Extensions>
              <ns3:TPX>
                <ns3:Speed>1.38100004196167</ns3:Speed>
              </ns3:TPX>
            </Extensions>
          </Trackpoint>
          <Trackpoint>
            <Time>2026-02-20T08:08:28.000Z</Time>
            <Position>
              <LatitudeDegrees>51.76218654960394</LatitudeDegrees>
              <LongitudeDegrees>-0.23219246417284012</LongitudeDegrees>
            </Position>
            <AltitudeMeters>80.80000305175781</AltitudeMeters>
            <DistanceMeters>1418.9100341796875</DistanceMeters>
            <HeartRateBpm>
              <Value>136</Value>
            </HeartRateBpm>
            <Extensions>
              <ns3:TPX>
                <ns3:Speed>1.399999976158142</ns3:Speed>
              </ns3:TPX>
            </Extensions>
          </Trackpoint>
          <Trackpoint>
            <Time>2026-02-20T08:08:37.000Z</Time>
            <Position>
              <LatitudeDegrees>51.76216903142631</LatitudeDegrees>
              <LongitudeDegrees>-0.23239865899085999</LongitudeDegrees>
            </Position>
            <AltitudeMeters>80.5999984741211</AltitudeMeters>
            <DistanceMeters>1432.699951171875</DistanceMeters>
            <HeartRateBpm>
              <Value>133</Value>
            </HeartRateBpm>
            <Extensions>
              <ns3:TPX>
                <ns3:Speed>1.409000039100647</ns3:Speed>
              </ns3:TPX>
            </Extensions>
          </Trackpoint>
          <Trackpoint>
            <Time>2026-02-20T08:08:39.000Z</Time>
            <Position>
              <LatitudeDegrees>51.762172216549516</LatitudeDegrees>
              <LongitudeDegrees>-0.2324389759451151</LongitudeDegrees>
            </Position>
            <AltitudeMeters>80.4000015258789</AltitudeMeters>
            <DistanceMeters>1435.3699951171875</DistanceMeters>
            <HeartRateBpm>
              <Value>133</Value>
            </HeartRateBpm>
            <Extensions>
              <ns3:TPX>
                <ns3:Speed>1.409000039100647</ns3:Speed>
              </ns3:TPX>
            </Extensions>
          </Trackpoint>
          <Trackpoint>
            <Time>2026-02-20T08:08:45.000Z</Time>
            <Position>
              <LatitudeDegrees>51.76218864507973</LatitudeDegrees>
              <LongitudeDegrees>-0.23255757987499237</LongitudeDegrees>
            </Position>
            <AltitudeMeters>80.5999984741211</AltitudeMeters>
            <DistanceMeters>1443.72998046875</DistanceMeters>
            <HeartRateBpm>
              <Value>133</Value>
            </HeartRateBpm>
            <Extensions>
              <ns3:TPX>
                <ns3:Speed>1.409000039100647</ns3:Speed>
              </ns3:TPX>
            </Extensions>
          </Trackpoint>
          <Trackpoint>
            <Time>2026-02-20T08:08:55.000Z</Time>
            <Position>
              <LatitudeDegrees>51.76220473833382</LatitudeDegrees>
              <LongitudeDegrees>-0.2327602542936802</LongitudeDegrees>
            </Position>
            <AltitudeMeters>80.4000015258789</AltitudeMeters>
            <DistanceMeters>1457.9300537109375</DistanceMeters>
            <HeartRateBpm>
              <Value>135</Value>
            </HeartRateBpm>
            <Extensions>
              <ns3:TPX>
                <ns3:Speed>1.409000039100647</ns3:Speed>
              </ns3:TPX>
            </Extensions>
          </Trackpoint>
          <Trackpoint>
            <Time>2026-02-20T08:09:03.000Z</Time>
            <Position>
              <LatitudeDegrees>51.76221848465502</LatitudeDegrees>
              <LongitudeDegrees>-0.23293099366128445</LongitudeDegrees>
            </Position>
            <AltitudeMeters>80.19999694824219</AltitudeMeters>
            <DistanceMeters>1470.4200439453125</DistanceMeters>
            <HeartRateBpm>
              <Value>136</Value>
            </HeartRateBpm>
            <Extensions>
              <ns3:TPX>
                <ns3:Speed>1.4279999732971191</ns3:Speed>
              </ns3:TPX>
            </Extensions>
          </Trackpoint>
          <Trackpoint>
            <Time>2026-02-20T08:09:10.000Z</Time>
            <Position>
              <LatitudeDegrees>51.76219644024968</LatitudeDegrees>
              <LongitudeDegrees>-0.23305295035243034</LongitudeDegrees>
            </Position>
            <AltitudeMeters>80.19999694824219</AltitudeMeters>
            <DistanceMeters>1478.969970703125</DistanceMeters>
            <HeartRateBpm>
              <Value>136</Value>
            </HeartRateBpm>
            <Extensions>
              <ns3:TPX>
                <ns3:Speed>1.4179999828338623</ns3:Speed>
              </ns3:TPX>
            </Extensions>
          </Trackpoint>
          <Trackpoint>
            <Time>2026-02-20T08:09:18.000Z</Time>
            <Position>
              <LatitudeDegrees>51.7621058318764</LatitudeDegrees>
              <LongitudeDegrees>-0.23314498364925385</LongitudeDegrees>
            </Position>
            <AltitudeMeters>80.0</AltitudeMeters>
            <DistanceMeters>1491.77001953125</DistanceMeters>
            <HeartRateBpm>
              <Value>135</Value>
            </HeartRateBpm>
            <Extensions>
              <ns3:TPX>
                <ns3:Speed>1.4179999828338623</ns3:Speed>
              </ns3:TPX>
            </Extensions>
          </Trackpoint>
          <Trackpoint>
            <Time>2026-02-20T08:09:28.000Z</Time>
            <Position>
              <LatitudeDegrees>51.762008434161544</LatitudeDegrees>
              <LongitudeDegrees>-0.23327951319515705</LongitudeDegrees>
            </Position>
            <AltitudeMeters>79.5999984741211</AltitudeMeters>
            <DistanceMeters>1505.8199462890625</DistanceMeters>
            <HeartRateBpm>
              <Value>134</Value>
            </HeartRateBpm>
            <Extensions>
              <ns3:TPX>
                <ns3:Speed>1.4279999732971191</ns3:Speed>
              </ns3:TPX>
            </Extensions>
          </Trackpoint>
          <Trackpoint>
            <Time>2026-02-20T08:09:32.000Z</Time>
            <Position>
              <LatitudeDegrees>51.761973733082414</LatitudeDegrees>
              <LongitudeDegrees>-0.23330658674240112</LongitudeDegrees>
            </Position>
            <AltitudeMeters>79.5999984741211</AltitudeMeters>
            <DistanceMeters>1510.199951171875</DistanceMeters>
            <HeartRateBpm>
              <Value>133</Value>
            </HeartRateBpm>
            <Extensions>
              <ns3:TPX>
                <ns3:Speed>1.4179999828338623</ns3:Speed>
              </ns3:TPX>
            </Extensions>
          </Trackpoint>
          <Trackpoint>
            <Time>2026-02-20T08:09:34.000Z</Time>
            <Position>
              <LatitudeDegrees>51.76195059902966</LatitudeDegrees>
              <LongitudeDegrees>-0.23330943658947945</LongitudeDegrees>
            </Position>
            <AltitudeMeters>79.5999984741211</AltitudeMeters>
            <DistanceMeters>1512.9100341796875</DistanceMeters>
            <HeartRateBpm>
              <Value>132</Value>
            </HeartRateBpm>
            <Extensions>
              <ns3:TPX>
                <ns3:Speed>1.4179999828338623</ns3:Speed>
              </ns3:TPX>
            </Extensions>
          </Trackpoint>
          <Trackpoint>
            <Time>2026-02-20T08:09:39.000Z</Time>
            <Position>
              <LatitudeDegrees>51.76186887547374</LatitudeDegrees>
              <LongitudeDegrees>-0.2333243563771248</LongitudeDegrees>
            </Position>
            <AltitudeMeters>79.4000015258789</AltitudeMeters>
            <DistanceMeters>1522.3699951171875</DistanceMeters>
            <HeartRateBpm>
              <Value>131</Value>
            </HeartRateBpm>
            <Extensions>
              <ns3:TPX>
                <ns3:Speed>1.4179999828338623</ns3:Speed>
              </ns3:TPX>
            </Extensions>
          </Trackpoint>
          <Trackpoint>
            <Time>2026-02-20T08:09:41.000Z</Time>
            <Position>
              <LatitudeDegrees>51.761844819411635</LatitudeDegrees>
              <LongitudeDegrees>-0.23332469165325165</LongitudeDegrees>
            </Position>
            <AltitudeMeters>79.4000015258789</AltitudeMeters>
            <DistanceMeters>1524.6300048828125</DistanceMeters>
            <HeartRateBpm>
              <Value>131</Value>
            </HeartRateBpm>
            <Extensions>
              <ns3:TPX>
                <ns3:Speed>1.4279999732971191</ns3:Speed>
              </ns3:TPX>
            </Extensions>
          </Trackpoint>
          <Trackpoint>
            <Time>2026-02-20T08:09:49.000Z</Time>
            <Position>
              <LatitudeDegrees>51.76175303757191</LatitudeDegrees>
              <LongitudeDegrees>-0.23334422148764133</LongitudeDegrees>
            </Position>
            <AltitudeMeters>79.19999694824219</AltitudeMeters>
            <DistanceMeters>1535.3199462890625</DistanceMeters>
            <HeartRateBpm>
              <Value>131</Value>
            </HeartRateBpm>
            <Extensions>
              <ns3:TPX>
                <ns3:Speed>1.4179999828338623</ns3:Speed>
              </ns3:TPX>
            </Extensions>
          </Trackpoint>
          <Trackpoint>
            <Time>2026-02-20T08:09:55.000Z</Time>
            <Position>
              <LatitudeDegrees>51.76169796846807</LatitudeDegrees>
              <LongitudeDegrees>-0.23344564251601696</LongitudeDegrees>
            </Position>
            <AltitudeMeters>79.0</AltitudeMeters>
            <DistanceMeters>1544.6099853515625</DistanceMeters>
            <HeartRateBpm>
              <Value>128</Value>
            </HeartRateBpm>
            <Extensions>
              <ns3:TPX>
                <ns3:Speed>1.4279999732971191</ns3:Speed>
              </ns3:TPX>
            </Extensions>
          </Trackpoint>
          <Trackpoint>
            <Time>2026-02-20T08:09:56.000Z</Time>
            <Position>
              <LatitudeDegrees>51.76169025711715</LatitudeDegrees>
              <LongitudeDegrees>-0.23346642963588238</LongitudeDegrees>
            </Position>
            <AltitudeMeters>79.0</AltitudeMeters>
            <DistanceMeters>1546.3199462890625</DistanceMeters>
            <HeartRateBpm>
              <Value>128</Value>
            </HeartRateBpm>
            <Extensions>
              <ns3:TPX>
                <ns3:Speed>1.4279999732971191</ns3:Speed>
              </ns3:TPX>
            </Extensions>
          </Trackpoint>
          <Trackpoint>
            <Time>2026-02-20T08:10:05.000Z</Time>
            <Position>
              <LatitudeDegrees>51.76165698096156</LatitudeDegrees>
              <LongitudeDegrees>-0.23362258449196815</LongitudeDegrees>
            </Position>
            <AltitudeMeters>78.80000305175781</AltitudeMeters>
            <DistanceMeters>1557.1600341796875</DistanceMeters>
            <HeartRateBpm>
              <Value>127</Value>
            </HeartRateBpm>
            <Extensions>
              <ns3:TPX>
                <ns3:Speed>1.4279999732971191</ns3:Speed>
              </ns3:TPX>
            </Extensions>
          </Trackpoint>
          <Trackpoint>
            <Time>2026-02-20T08:10:14.000Z</Time>
            <Position>
              <LatitudeDegrees>51.76161574199796</LatitudeDegrees>
              <LongitudeDegrees>-0.23381033912301064</LongitudeDegrees>
            </Position>
            <AltitudeMeters>78.5999984741211</AltitudeMeters>
            <DistanceMeters>1571.27001953125</DistanceMeters>
            <HeartRateBpm>
              <Value>127</Value>
            </HeartRateBpm>
            <Extensions>
              <ns3:TPX>
                <ns3:Speed>1.4279999732971191</ns3:Speed>
              </ns3:TPX>
            </Extensions>
          </Trackpoint>
          <Trackpoint>
            <Time>2026-02-20T08:10:21.000Z</Time>
            <Position>
              <LatitudeDegrees>51.761545250192285</LatitudeDegrees>
              <LongitudeDegrees>-0.23391611874103546</LongitudeDegrees>
            </Position>
            <AltitudeMeters>78.80000305175781</AltitudeMeters>
            <DistanceMeters>1582.1099853515625</DistanceMeters>
            <HeartRateBpm>
              <Value>127</Value>
            </HeartRateBpm>
            <Extensions>
              <ns3:TPX>
                <ns3:Speed>1.437000036239624</ns3:Speed>
              </ns3:TPX>
            </Extensions>
          </Trackpoint>
          <Trackpoint>
            <Time>2026-02-20T08:10:31.000Z</Time>
            <Position>
              <LatitudeDegrees>51.761471992358565</LatitudeDegrees>
              <LongitudeDegrees>-0.2340959943830967</LongitudeDegrees>
            </Position>
            <AltitudeMeters>79.0</AltitudeMeters>
            <DistanceMeters>1595.969970703125</DistanceMeters>
            <HeartRateBpm>
              <Value>128</Value>
            </HeartRateBpm>
            <Extensions>
              <ns3:TPX>
                <ns3:Speed>1.437000036239624</ns3:Speed>
              </ns3:TPX>
            </Extensions>
          </Trackpoint>
          <Trackpoint>
            <Time>2026-02-20T08:10:38.000Z</Time>
            <Position>
              <LatitudeDegrees>51.761427484452724</LatitudeDegrees>
              <LongitudeDegrees>-0.23418568074703217</LongitudeDegrees>
            </Position>
            <AltitudeMeters>78.5999984741211</AltitudeMeters>
            <DistanceMeters>1605.02001953125</DistanceMeters>
            <HeartRateBpm>
              <Value>128</Value>
            </HeartRateBpm>
            <Extensions>
              <ns3:TPX>
                <ns3:Speed>1.437000036239624</ns3:Speed>
              </ns3:TPX>
            </Extensions>
          </Trackpoint>
          <Trackpoint>
            <Time>2026-02-20T08:10:40.000Z</Time>
            <Position>
              <LatitudeDegrees>51.76141030155122</LatitudeDegrees>
              <LongitudeDegrees>-0.23416724056005478</LongitudeDegrees>
            </Position>
            <AltitudeMeters>78.80000305175781</AltitudeMeters>
            <DistanceMeters>1607.1700439453125</DistanceMeters>
            <HeartRateBpm>
              <Value>129</Value>
            </HeartRateBpm>
            <Extensions>
              <ns3:TPX>
                <ns3:Speed>1.4279999732971191</ns3:Speed>
              </ns3:TPX>
            </Extensions>
          </Trackpoint>
          <Trackpoint>
            <Time>2026-02-20T08:10:51.000Z</Time>
            <Position>
              <LatitudeDegrees>51.761274933815</LatitudeDegrees>
              <LongitudeDegrees>-0.23403639905154705</LongitudeDegrees>
            </Position>
            <AltitudeMeters>79.80000305175781</AltitudeMeters>
            <DistanceMeters>1623.97998046875</DistanceMeters>
            <HeartRateBpm>
              <Value>130</Value>
            </HeartRateBpm>
            <Extensions>
              <ns3:TPX>
                <ns3:Speed>1.409000039100647</ns3:Speed>
              </ns3:TPX>
            </Extensions>
          </Trackpoint>
          <Trackpoint>
            <Time>2026-02-20T08:10:57.000Z</Time>
            <Position>
              <LatitudeDegrees>51.761218439787626</LatitudeDegrees>
              <LongitudeDegrees>-0.23398702964186668</LongitudeDegrees>
            </Position>
            <AltitudeMeters>80.0</AltitudeMeters>
            <DistanceMeters>1631.43994140625</DistanceMeters>
            <HeartRateBpm>
              <Value>133</Value>
            </HeartRateBpm>
            <Extensions>
              <ns3:TPX>
                <ns3:Speed>1.409000039100647</ns3:Speed>
              </ns3:TPX>
            </Extensions>
          </Trackpoint>
          <Trackpoint>
            <Time>2026-02-20T08:11:01.000Z</Time>
            <Position>
              <LatitudeDegrees>51.76117267459631</LatitudeDegrees>
              <LongitudeDegrees>-0.2339588664472103</LongitudeDegrees>
            </Position>
            <AltitudeMeters>80.19999694824219</AltitudeMeters>
            <DistanceMeters>1636.27001953125</DistanceMeters>
            <HeartRateBpm>
              <Value>137</Value>
            </HeartRateBpm>
            <Extensions>
              <ns3:TPX>
                <ns3:Speed>1.399999976158142</ns3:Speed>
              </ns3:TPX>
            </Extensions>
          </Trackpoint>
          <Trackpoint>
            <Time>2026-02-20T08:11:03.000Z</Time>
            <Position>
              <LatitudeDegrees>51.76114576868713</LatitudeDegrees>
              <LongitudeDegrees>-0.2339658234268427</LongitudeDegrees>
            </Position>
            <AltitudeMeters>80.4000015258789</AltitudeMeters>
            <DistanceMeters>1639.93994140625</DistanceMeters>
            <HeartRateBpm>
              <Value>139</Value>
            </HeartRateBpm>
            <Extensions>
              <ns3:TPX>
                <ns3:Speed>1.399999976158142</ns3:Speed>
              </ns3:TPX>
            </Extensions>
          </Trackpoint>
          <Trackpoint>
            <Time>2026-02-20T08:11:07.000Z</Time>
            <Position>
              <LatitudeDegrees>51.76111517474055</LatitudeDegrees>
              <LongitudeDegrees>-0.2340273465961218</LongitudeDegrees>
            </Position>
            <AltitudeMeters>81.0</AltitudeMeters>
            <DistanceMeters>1645.219970703125</DistanceMeters>
            <HeartRateBpm>
              <Value>142</Value>
            </HeartRateBpm>
            <Extensions>
              <ns3:TPX>
                <ns3:Speed>1.399999976158142</ns3:Speed>
              </ns3:TPX>
            </Extensions>
          </Trackpoint>
          <Trackpoint>
            <Time>2026-02-20T08:11:15.000Z</Time>
            <Position>
              <LatitudeDegrees>51.7610523942858</LatitudeDegrees>
              <LongitudeDegrees>-0.23413438349962234</LongitudeDegrees>
            </Position>
            <AltitudeMeters>80.80000305175781</AltitudeMeters>
            <DistanceMeters>1655.030029296875</DistanceMeters>
            <HeartRateBpm>
              <Value>145</Value>
            </HeartRateBpm>
            <Extensions>
              <ns3:TPX>
                <ns3:Speed>1.38100004196167</ns3:Speed>
              </ns3:TPX>
            </Extensions>
          </Trackpoint>
          <Trackpoint>
            <Time>2026-02-20T08:11:26.000Z</Time>
            <Position>
              <LatitudeDegrees>51.76098668016493</LatitudeDegrees>
              <LongitudeDegrees>-0.2343225572258234</LongitudeDegrees>
            </Position>
            <AltitudeMeters>81.19999694824219</AltitudeMeters>
            <DistanceMeters>1670.489990234375</DistanceMeters>
            <HeartRateBpm>
              <Value>146</Value>
            </HeartRateBpm>
            <Extensions>
              <ns3:TPX>
                <ns3:Speed>1.371999979019165</ns3:Speed>
              </ns3:TPX>
            </Extensions>
          </Trackpoint>
          <Trackpoint>
            <Time>2026-02-20T08:11:35.000Z</Time>
            <Position>
              <LatitudeDegrees>51.760909566655755</LatitudeDegrees>
              <LongitudeDegrees>-0.23446454666554928</LongitudeDegrees>
            </Position>
            <AltitudeMeters>81.5999984741211</AltitudeMeters>
            <DistanceMeters>1683.3900146484375</DistanceMeters>
            <HeartRateBpm>
              <Value>145</Value>
            </HeartRateBpm>
            <Extensions>
              <ns3:TPX>
                <ns3:Speed>1.371999979019165</ns3:Speed>
              </ns3:TPX>
            </Extensions>
          </Trackpoint>
          <Trackpoint>
            <Time>2026-02-20T08:11:44.000Z</Time>
            <Position>
              <LatitudeDegrees>51.76084091886878</LatitudeDegrees>
              <LongitudeDegrees>-0.23459597490727901</LongitudeDegrees>
            </Position>
            <AltitudeMeters>81.5999984741211</AltitudeMeters>
            <DistanceMeters>1695.3699951171875</DistanceMeters>
            <HeartRateBpm>
              <Value>144</Value>
            </HeartRateBpm>
            <Extensions>
              <ns3:TPX>
                <ns3:Speed>1.371999979019165</ns3:Speed>
              </ns3:TPX>
            </Extensions>
          </Trackpoint>
          <Trackpoint>
            <Time>2026-02-20T08:11:52.000Z</Time>
            <Position>
              <LatitudeDegrees>51.76076925359666</LatitudeDegrees>
              <LongitudeDegrees>-0.23471365682780743</LongitudeDegrees>
            </Position>
            <AltitudeMeters>81.5999984741211</AltitudeMeters>
            <DistanceMeters>1706.199951171875</DistanceMeters>
            <HeartRateBpm>
              <Value>144</Value>
            </HeartRateBpm>
            <Extensions>
              <ns3:TPX>
                <ns3:Speed>1.3619999885559082</ns3:Speed>
              </ns3:TPX>
            </Extensions>
          </Trackpoint>
          <Trackpoint>
            <Time>2026-02-20T08:12:02.000Z</Time>
            <Position>
              <LatitudeDegrees>51.760684764012694</LatitudeDegrees>
              <LongitudeDegrees>-0.23486025631427765</LongitudeDegrees>
            </Position>
            <AltitudeMeters>82.0</AltitudeMeters>
            <DistanceMeters>1720.449951171875</DistanceMeters>
            <HeartRateBpm>
              <Value>144</Value>
            </HeartRateBpm>
            <Extensions>
              <ns3:TPX>
                <ns3:Speed>1.371999979019165</ns3:Speed>
              </ns3:TPX>
            </Extensions>
          </Trackpoint>
          <Trackpoint>
            <Time>2026-02-20T08:12:10.000Z</Time>
            <Position>
              <LatitudeDegrees>51.76063279621303</LatitudeDegrees>
              <LongitudeDegrees>-0.234984140843153</LongitudeDegrees>
            </Position>
            <AltitudeMeters>82.0</AltitudeMeters>
            <DistanceMeters>1730.6300048828125</DistanceMeters>
            <HeartRateBpm>
              <Value>144</Value>
            </HeartRateBpm>
            <Extensions>
              <ns3:TPX>
                <ns3:Speed>1.3619999885559082</ns3:Speed>
              </ns3:TPX>
            </Extensions>
          </Trackpoint>
          <Trackpoint>
            <Time>2026-02-20T08:12:18.000Z</Time>
            <Position>
              <LatitudeDegrees>51.76056280732155</LatitudeDegrees>
              <LongitudeDegrees>-0.23511146195232868</LongitudeDegrees>
            </Position>
            <AltitudeMeters>82.0</AltitudeMeters>
            <DistanceMeters>1742.97998046875</DistanceMeters>
            <HeartRateBpm>
              <Value>143</Value>
            </HeartRateBpm>
            <Extensions>
              <ns3:TPX>
                <ns3:Speed>1.3619999885559082</ns3:Speed>
              </ns3:TPX>
            </Extensions>
          </Trackpoint>
          <Trackpoint>
            <Time>2026-02-20T08:12:25.000Z</Time>
            <Position>
              <LatitudeDegrees>51.7605013679713</LatitudeDegrees>
              <LongitudeDegrees>-0.23521699011325836</LongitudeDegrees>
            </Position>
            <AltitudeMeters>81.80000305175781</AltitudeMeters>
            <DistanceMeters>1752.2099609375</DistanceMeters>
            <HeartRateBpm>
              <Value>142</Value>
            </HeartRateBpm>
            <Extensions>
              <ns3:TPX>
                <ns3:Speed>1.3619999885559082</ns3:Speed>
              </ns3:TPX>
            </Extensions>
          </Trackpoint>
          <Trackpoint>
            <Time>2026-02-20T08:12:29.000Z</Time>
            <Position>
              <LatitudeDegrees>51.76046968437731</LatitudeDegrees>
              <LongitudeDegrees>-0.23528052493929863</LongitudeDegrees>
            </Position>
            <AltitudeMeters>82.0</AltitudeMeters>
            <DistanceMeters>1757.9599609375</DistanceMeters>
            <HeartRateBpm>
              <Value>139</Value>
            </HeartRateBpm>
            <Extensions>
              <ns3:TPX>
                <ns3:Speed>1.3619999885559082</ns3:Speed>
              </ns3:TPX>
            </Extensions>
          </Trackpoint>
          <Trackpoint>
            <Time>2026-02-20T08:12:33.000Z</Time>
            <Position>
              <LatitudeDegrees>51.76043288782239</LatitudeDegrees>
              <LongitudeDegrees>-0.2353588119149208</LongitudeDegrees>
            </Position>
            <AltitudeMeters>81.5999984741211</AltitudeMeters>
            <DistanceMeters>1765.1700439453125</DistanceMeters>
            <HeartRateBpm>
              <Value>137</Value>
            </HeartRateBpm>
            <Extensions>
              <ns3:TPX>
                <ns3:Speed>1.371999979019165</ns3:Speed>
              </ns3:TPX>
            </Extensions>
          </Trackpoint>
          <Trackpoint>
            <Time>2026-02-20T08:12:42.000Z</Time>
            <Position>
              <LatitudeDegrees>51.76035175099969</LatitudeDegrees>
              <LongitudeDegrees>-0.23548378609120846</LongitudeDegrees>
            </Position>
            <AltitudeMeters>81.5999984741211</AltitudeMeters>
            <DistanceMeters>1777.510009765625</DistanceMeters>
            <HeartRateBpm>
              <Value>136</Value>
            </HeartRateBpm>
            <Extensions>
              <ns3:TPX>
                <ns3:Speed>1.3899999856948853</ns3:Speed>
              </ns3:TPX>
            </Extensions>
          </Trackpoint>
          <Trackpoint>
            <Time>2026-02-20T08:12:51.000Z</Time>
            <Position>
              <LatitudeDegrees>51.76030338741839</LatitudeDegrees>
              <LongitudeDegrees>-0.2356626559048891</LongitudeDegrees>
            </Position>
            <AltitudeMeters>81.19999694824219</AltitudeMeters>
            <DistanceMeters>1791.449951171875</DistanceMeters>
            <HeartRateBpm>
              <Value>135</Value>
            </HeartRateBpm>
            <Extensions>
              <ns3:TPX>
                <ns3:Speed>1.3899999856948853</ns3:Speed>
              </ns3:TPX>
            </Extensions>
          </Trackpoint>
          <Trackpoint>
            <Time>2026-02-20T08:12:59.000Z</Time>
            <Position>
              <LatitudeDegrees>51.76023901440203</LatitudeDegrees>
              <LongitudeDegrees>-0.23578830063343048</LongitudeDegrees>
            </Position>
            <AltitudeMeters>81.0</AltitudeMeters>
            <DistanceMeters>1802.010009765625</DistanceMeters>
            <HeartRateBpm>
              <Value>134</Value>
            </HeartRateBpm>
            <Extensions>
              <ns3:TPX>
                <ns3:Speed>1.3899999856948853</ns3:Speed>
              </ns3:TPX>
            </Extensions>
          </Trackpoint>
          <Trackpoint>
            <Time>2026-02-20T08:13:05.000Z</Time>
            <Position>
              <LatitudeDegrees>51.760205905884504</LatitudeDegrees>
              <LongitudeDegrees>-0.23590187542140484</LongitudeDegrees>
            </Position>
            <AltitudeMeters>81.0</AltitudeMeters>
            <DistanceMeters>1810.8599853515625</DistanceMeters>
            <HeartRateBpm>
              <Value>131</Value>
            </HeartRateBpm>
            <Extensions>
              <ns3:TPX>
                <ns3:Speed>1.3899999856948853</ns3:Speed>
              </ns3:TPX>
            </Extensions>
          </Trackpoint>
          <Trackpoint>
            <Time>2026-02-20T08:13:09.000Z</Time>
            <Position>
              <LatitudeDegrees>51.76018419675529</LatitudeDegrees>
              <LongitudeDegrees>-0.23598804138600826</LongitudeDegrees>
            </Position>
            <AltitudeMeters>80.80000305175781</AltitudeMeters>
            <DistanceMeters>1817.6800537109375</DistanceMeters>
            <HeartRateBpm>
              <Value>130</Value>
            </HeartRateBpm>
            <Extensions>
              <ns3:TPX>
                <ns3:Speed>1.399999976158142</ns3:Speed>
              </ns3:TPX>
            </Extensions>
          </Trackpoint>
          <Trackpoint>
            <Time>2026-02-20T08:13:13.000Z</Time>
            <Position>
              <LatitudeDegrees>51.76016139797866</LatitudeDegrees>
              <LongitudeDegrees>-0.23607295006513596</LongitudeDegrees>
            </Position>
            <AltitudeMeters>80.5999984741211</AltitudeMeters>
            <DistanceMeters>1823.969970703125</DistanceMeters>
            <HeartRateBpm>
              <Value>130</Value>
            </HeartRateBpm>
            <Extensions>
              <ns3:TPX>
                <ns3:Speed>1.409000039100647</ns3:Speed>
              </ns3:TPX>
            </Extensions>
          </Trackpoint>
          <Trackpoint>
            <Time>2026-02-20T08:13:18.000Z</Time>
            <Position>
              <LatitudeDegrees>51.76012745127082</LatitudeDegrees>
              <LongitudeDegrees>-0.23617571219801903</LongitudeDegrees>
            </Position>
            <AltitudeMeters>80.4000015258789</AltitudeMeters>
            <DistanceMeters>1831.8800048828125</DistanceMeters>
            <HeartRateBpm>
              <Value>130</Value>
            </HeartRateBpm>
            <Extensions>
              <ns3:TPX>
                <ns3:Speed>1.4179999828338623</ns3:Speed>
              </ns3:TPX>
            </Extensions>
          </Trackpoint>
          <Trackpoint>
            <Time>2026-02-20T08:13:26.000Z</Time>
            <Position>
              <LatitudeDegrees>51.76007472909987</LatitudeDegrees>
              <LongitudeDegrees>-0.236313845962286</LongitudeDegrees>
            </Position>
            <AltitudeMeters>80.19999694824219</AltitudeMeters>
            <DistanceMeters>1843.22998046875</DistanceMeters>
            <HeartRateBpm>
              <Value>132</Value>
            </HeartRateBpm>
            <Extensions>
              <ns3:TPX>
                <ns3:Speed>1.4179999828338623</ns3:Speed>
              </ns3:TPX>
            </Extensions>
          </Trackpoint>
          <Trackpoint>
            <Time>2026-02-20T08:13:36.000Z</Time>
            <Position>
              <LatitudeDegrees>51.7600214201957</LatitudeDegrees>
              <LongitudeDegrees>-0.2364914584904909</LongitudeDegrees>
            </Position>
            <AltitudeMeters>80.0</AltitudeMeters>
            <DistanceMeters>1856.8199462890625</DistanceMeters>
            <HeartRateBpm>
              <Value>131</Value>
            </HeartRateBpm>
            <Extensions>
              <ns3:TPX>
                <ns3:Speed>1.4279999732971191</ns3:Speed>
              </ns3:TPX>
            </Extensions>
          </Trackpoint>
          <Trackpoint>
            <Time>2026-02-20T08:13:43.000Z</Time>
            <Position>
              <LatitudeDegrees>51.75997850485146</LatitudeDegrees>
              <LongitudeDegrees>-0.2366149239242077</LongitudeDegrees>
            </Position>
            <AltitudeMeters>80.0</AltitudeMeters>
            <DistanceMeters>1866.6099853515625</DistanceMeters>
            <HeartRateBpm>
              <Value>131</Value>
            </HeartRateBpm>
            <Extensions>
              <ns3:TPX>
                <ns3:Speed>1.4179999828338623</ns3:Speed>
              </ns3:TPX>
            </Extensions>
          </Trackpoint>
          <Trackpoint>
            <Time>2026-02-20T08:13:52.000Z</Time>
            <Position>
              <LatitudeDegrees>51.75991580821574</LatitudeDegrees>
              <LongitudeDegrees>-0.23678457364439964</LongitudeDegrees>
            </Position>
            <AltitudeMeters>79.80000305175781</AltitudeMeters>
            <DistanceMeters>1880.469970703125</DistanceMeters>
            <HeartRateBpm>
              <Value>130</Value>
            </HeartRateBpm>
            <Extensions>
              <ns3:TPX>
                <ns3:Speed>1.4279999732971191</ns3:Speed>
              </ns3:TPX>
            </Extensions>
          </Trackpoint>
          <Trackpoint>
            <Time>2026-02-20T08:13:59.000Z</Time>
            <Position>
              <LatitudeDegrees>51.75987238995731</LatitudeDegrees>
              <LongitudeDegrees>-0.23690124973654747</LongitudeDegrees>
            </Position>
            <AltitudeMeters>79.5999984741211</AltitudeMeters>
            <DistanceMeters>1889.4599609375</DistanceMeters>
            <HeartRateBpm>
              <Value>130</Value>
            </HeartRateBpm>
            <Extensions>
              <ns3:TPX>
                <ns3:Speed>1.4279999732971191</ns3:Speed>
              </ns3:TPX>
            </Extensions>
          </Trackpoint>
          <Trackpoint>
            <Time>2026-02-20T08:14:01.000Z</Time>
            <Position>
              <LatitudeDegrees>51.75986132584512</LatitudeDegrees>
              <LongitudeDegrees>-0.2369400579482317</LongitudeDegrees>
            </Position>
            <AltitudeMeters>79.4000015258789</AltitudeMeters>
            <DistanceMeters>1892.7900390625</DistanceMeters>
            <HeartRateBpm>
              <Value>130</Value>
            </HeartRateBpm>
            <Extensions>
              <ns3:TPX>
                <ns3:Speed>1.4279999732971191</ns3:Speed>
              </ns3:TPX>
            </Extensions>
          </Trackpoint>
          <Trackpoint>
            <Time>2026-02-20T08:14:07.000Z</Time>
            <Position>
              <LatitudeDegrees>51.75983006134629</LatitudeDegrees>
              <LongitudeDegrees>-0.23706159554421902</LongitudeDegrees>
            </Position>
            <AltitudeMeters>79.19999694824219</AltitudeMeters>
            <DistanceMeters>1902.300048828125</DistanceMeters>
            <HeartRateBpm>
              <Value>132</Value>
            </HeartRateBpm>
            <Extensions>
              <ns3:TPX>
                <ns3:Speed>1.437000036239624</ns3:Speed>
              </ns3:TPX>
            </Extensions>
          </Trackpoint>
          <Trackpoint>
            <Time>2026-02-20T08:14:15.000Z</Time>
            <Position>
              <LatitudeDegrees>51.759797455742955</LatitudeDegrees>
              <LongitudeDegrees>-0.23720920085906982</LongitudeDegrees>
            </Position>
            <AltitudeMeters>79.0</AltitudeMeters>
            <DistanceMeters>1912.550048828125</DistanceMeters>
            <HeartRateBpm>
              <Value>133</Value>
            </HeartRateBpm>
            <Extensions>
              <ns3:TPX>
                <ns3:Speed>1.4279999732971191</ns3:Speed>
              </ns3:TPX>
            </Extensions>
          </Trackpoint>
          <Trackpoint>
            <Time>2026-02-20T08:14:23.000Z</Time>
            <Position>
              <LatitudeDegrees>51.75975504331291</LatitudeDegrees>
              <LongitudeDegrees>-0.23734875954687595</LongitudeDegrees>
            </Position>
            <AltitudeMeters>79.0</AltitudeMeters>
            <DistanceMeters>1923.5</DistanceMeters>
            <HeartRateBpm>
              <Value>132</Value>
            </HeartRateBpm>
            <Extensions>
              <ns3:TPX>
                <ns3:Speed>1.4279999732971191</ns3:Speed>
              </ns3:TPX>
            </Extensions>
          </Trackpoint>
          <Trackpoint>
            <Time>2026-02-20T08:14:29.000Z</Time>
            <Position>
              <LatitudeDegrees>51.75971556454897</LatitudeDegrees>
              <LongitudeDegrees>-0.23748286999762058</LongitudeDegrees>
            </Position>
            <AltitudeMeters>79.0</AltitudeMeters>
            <DistanceMeters>1934.1300048828125</DistanceMeters>
            <HeartRateBpm>
              <Value>132</Value>
            </HeartRateBpm>
            <Extensions>
              <ns3:TPX>
                <ns3:Speed>1.437000036239624</ns3:Speed>
              </ns3:TPX>
            </Extensions>
          </Trackpoint>
          <Trackpoint>
            <Time>2026-02-20T08:14:36.000Z</Time>
            <Position>
              <LatitudeDegrees>51.75966820679605</LatitudeDegrees>
              <LongitudeDegrees>-0.23759694769978523</LongitudeDegrees>
            </Position>
            <AltitudeMeters>78.80000305175781</AltitudeMeters>
            <DistanceMeters>1942.81005859375</DistanceMeters>
            <HeartRateBpm>
              <Value>134</Value>
            </HeartRateBpm>
            <Extensions>
              <ns3:TPX>
                <ns3:Speed>1.437000036239624</ns3:Speed>
              </ns3:TPX>
            </Extensions>
          </Trackpoint>
          <Trackpoint>
            <Time>2026-02-20T08:14:43.000Z</Time>
            <Position>
              <LatitudeDegrees>51.75961741246283</LatitudeDegrees>
              <LongitudeDegrees>-0.2377138752490282</LongitudeDegrees>
            </Position>
            <AltitudeMeters>78.4000015258789</AltitudeMeters>
            <DistanceMeters>1953.300048828125</DistanceMeters>
            <HeartRateBpm>
              <Value>134</Value>
            </HeartRateBpm>
            <Extensions>
              <ns3:TPX>
                <ns3:Speed>1.4279999732971191</ns3:Speed>
              </ns3:TPX>
            </Extensions>
          </Trackpoint>
          <Trackpoint>
            <Time>2026-02-20T08:14:45.000Z</Time>
            <Position>
              <LatitudeDegrees>51.75960081629455</LatitudeDegrees>
              <LongitudeDegrees>-0.23775829933583736</LongitudeDegrees>
            </Position>
            <AltitudeMeters>78.4000015258789</AltitudeMeters>
            <DistanceMeters>1956.760009765625</DistanceMeters>
            <HeartRateBpm>
              <Value>134</Value>
            </HeartRateBpm>
            <Extensions>
              <ns3:TPX>
                <ns3:Speed>1.437000036239624</ns3:Speed>
              </ns3:TPX>
            </Extensions>
          </Trackpoint>
          <Trackpoint>
            <Time>2026-02-20T08:14:54.000Z</Time>
            <Position>
              <LatitudeDegrees>51.75954373553395</LatitudeDegrees>
              <LongitudeDegrees>-0.23793029598891735</LongitudeDegrees>
            </Position>
            <AltitudeMeters>78.19999694824219</AltitudeMeters>
            <DistanceMeters>1970.3399658203125</DistanceMeters>
            <HeartRateBpm>
              <Value>136</Value>
            </HeartRateBpm>
            <Extensions>
              <ns3:TPX>
                <ns3:Speed>1.465000033378601</ns3:Speed>
              </ns3:TPX>
            </Extensions>
          </Trackpoint>
          <Trackpoint>
            <Time>2026-02-20T08:15:02.000Z</Time>
            <Position>
              <LatitudeDegrees>51.759513057768345</LatitudeDegrees>
              <LongitudeDegrees>-0.23807605728507042</LongitudeDegrees>
            </Position>
            <AltitudeMeters>78.19999694824219</AltitudeMeters>
            <DistanceMeters>1980.31005859375</DistanceMeters>
            <HeartRateBpm>
              <Value>136</Value>
            </HeartRateBpm>
            <Extensions>
              <ns3:TPX>
                <ns3:Speed>1.4459999799728394</ns3:Speed>
              </ns3:TPX>
            </Extensions>
          </Trackpoint>
          <Trackpoint>
            <Time>2026-02-20T08:15:11.000Z</Time>
            <Position>
              <LatitudeDegrees>51.75945773720741</LatitudeDegrees>
              <LongitudeDegrees>-0.2382627222687006</LongitudeDegrees>
            </Position>
            <AltitudeMeters>78.0</AltitudeMeters>
            <DistanceMeters>1994.8900146484375</DistanceMeters>
            <HeartRateBpm>
              <Value>135</Value>
            </HeartRateBpm>
            <Extensions>
              <ns3:TPX>
                <ns3:Speed>1.4459999799728394</ns3:Speed>
              </ns3:TPX>
            </Extensions>
          </Trackpoint>
          <Trackpoint>
            <Time>2026-02-20T08:15:15.000Z</Time>
            <Position>
              <LatitudeDegrees>51.759427059441805</LatitudeDegrees>
              <LongitudeDegrees>-0.2383389975875616</LongitudeDegrees>
            </Position>
            <AltitudeMeters>78.19999694824219</AltitudeMeters>
            <DistanceMeters>2001.5400390625</DistanceMeters>
            <HeartRateBpm>
              <Value>134</Value>
            </HeartRateBpm>
            <Extensions>
              <ns3:TPX>
                <ns3:Speed>1.4559999704360962</ns3:Speed>
              </ns3:TPX>
            </Extensions>
          </Trackpoint>
        </Track>
        <Extensions>
          <ns3:LX>
            <ns3:AvgSpeed>1.4140000343322752</ns3:AvgSpeed>
            <ns3:AvgRunCadence>53</ns3:AvgRunCadence>
            <ns3:MaxRunCadence>60</ns3:MaxRunCadence>
          </ns3:LX>
        </Extensions>
      </Lap>
      <Lap StartTime="2026-02-20T08:15:15.000Z">
        <TotalTimeSeconds>743.084</TotalTimeSeconds>
        <DistanceMeters>1000.0</DistanceMeters>
        <MaximumSpeed>1.6139999628067017</MaximumSpeed>
        <Calories>67</Calories>
        <AverageHeartRateBpm>
          <Value>136</Value>
        </AverageHeartRateBpm>
        <MaximumHeartRateBpm>
          <Value>150</Value>
        </MaximumHeartRateBpm>
        <Intensity>Active</Intensity>
        <TriggerMethod>Manual</TriggerMethod>
        <Track>
          <Trackpoint>
            <Time>2026-02-20T08:15:15.000Z</Time>
            <Position>
              <LatitudeDegrees>51.759427059441805</LatitudeDegrees>
              <LongitudeDegrees>-0.2383389975875616</LongitudeDegrees>
            </Position>
            <AltitudeMeters>78.19999694824219</AltitudeMeters>
            <DistanceMeters>2001.5400390625</DistanceMeters>
            <HeartRateBpm>
              <Value>134</Value>
            </HeartRateBpm>
            <Extensions>
              <ns3:TPX>
                <ns3:Speed>1.4559999704360962</ns3:Speed>
              </ns3:TPX>
            </Extensions>
          </Trackpoint>
          <Trackpoint>
            <Time>2026-02-20T08:15:19.000Z</Time>
            <Position>
              <LatitudeDegrees>51.75941021181643</LatitudeDegrees>
              <LongitudeDegrees>-0.2384059689939022</LongitudeDegrees>
            </Position>
            <AltitudeMeters>77.80000305175781</AltitudeMeters>
            <DistanceMeters>2005.8699951171875</DistanceMeters>
            <HeartRateBpm>
              <Value>133</Value>
            </HeartRateBpm>
            <Extensions>
              <ns3:TPX>
                <ns3:Speed>1.4559999704360962</ns3:Speed>
              </ns3:TPX>
            </Extensions>
          </Trackpoint>
          <Trackpoint>
            <Time>2026-02-20T08:15:30.000Z</Time>
            <Position>
              <LatitudeDegrees>51.75936855375767</LatitudeDegrees>
              <LongitudeDegrees>-0.23860612884163857</LongitudeDegrees>
            </Position>
            <AltitudeMeters>77.5999984741211</AltitudeMeters>
            <DistanceMeters>2020.4599609375</DistanceMeters>
            <HeartRateBpm>
              <Value>132</Value>
            </HeartRateBpm>
            <Extensions>
              <ns3:TPX>
                <ns3:Speed>1.4279999732971191</ns3:Speed>
              </ns3:TPX>
            </Extensions>
          </Trackpoint>
          <Trackpoint>
            <Time>2026-02-20T08:15:39.000Z</Time>
            <Position>
              <LatitudeDegrees>51.7593374568969</LatitudeDegrees>
              <LongitudeDegrees>-0.23879488930106163</LongitudeDegrees>
            </Position>
            <AltitudeMeters>77.80000305175781</AltitudeMeters>
            <DistanceMeters>2033.9100341796875</DistanceMeters>
            <HeartRateBpm>
              <Value>133</Value>
            </HeartRateBpm>
            <Extensions>
              <ns3:TPX>
                <ns3:Speed>1.4459999799728394</ns3:Speed>
              </ns3:TPX>
            </Extensions>
          </Trackpoint>
          <Trackpoint>
            <Time>2026-02-20T08:15:49.000Z</Time>
            <Position>
              <LatitudeDegrees>51.75930661149323</LatitudeDegrees>
              <LongitudeDegrees>-0.23897451348602772</LongitudeDegrees>
            </Position>
            <AltitudeMeters>77.5999984741211</AltitudeMeters>
            <DistanceMeters>2046.6300048828125</DistanceMeters>
            <HeartRateBpm>
              <Value>132</Value>
            </HeartRateBpm>
            <Extensions>
              <ns3:TPX>
                <ns3:Speed>1.437000036239624</ns3:Speed>
              </ns3:TPX>
            </Extensions>
          </Trackpoint>
          <Trackpoint>
            <Time>2026-02-20T08:15:59.000Z</Time>
            <Position>
              <LatitudeDegrees>51.7593305837363</LatitudeDegrees>
              <LongitudeDegrees>-0.23918112739920616</LongitudeDegrees>
            </Position>
            <AltitudeMeters>77.5999984741211</AltitudeMeters>
            <DistanceMeters>2061.010009765625</DistanceMeters>
            <HeartRateBpm>
              <Value>132</Value>
            </HeartRateBpm>
            <Extensions>
              <ns3:TPX>
                <ns3:Speed>1.4179999828338623</ns3:Speed>
              </ns3:TPX>
            </Extensions>
          </Trackpoint>
          <Trackpoint>
            <Time>2026-02-20T08:16:09.000Z</Time>
            <Position>
              <LatitudeDegrees>51.75935246050358</LatitudeDegrees>
              <LongitudeDegrees>-0.23938514292240143</LongitudeDegrees>
            </Position>
            <AltitudeMeters>77.80000305175781</AltitudeMeters>
            <DistanceMeters>2075.64990234375</DistanceMeters>
            <HeartRateBpm>
              <Value>129</Value>
            </HeartRateBpm>
            <Extensions>
              <ns3:TPX>
                <ns3:Speed>1.4459999799728394</ns3:Speed>
              </ns3:TPX>
            </Extensions>
          </Trackpoint>
          <Trackpoint>
            <Time>2026-02-20T08:16:10.000Z</Time>
            <Position>
              <LatitudeDegrees>51.75935531035066</LatitudeDegrees>
              <LongitudeDegrees>-0.23940760642290115</LongitudeDegrees>
            </Position>
            <AltitudeMeters>77.5999984741211</AltitudeMeters>
            <DistanceMeters>2077.25</DistanceMeters>
            <HeartRateBpm>
              <Value>130</Value>
            </HeartRateBpm>
            <Extensions>
              <ns3:TPX>
                <ns3:Speed>1.4459999799728394</ns3:Speed>
              </ns3:TPX>
            </Extensions>
          </Trackpoint>
          <Trackpoint>
            <Time>2026-02-20T08:16:18.000Z</Time>
            <Position>
              <LatitudeDegrees>51.75938146188855</LatitudeDegrees>
              <LongitudeDegrees>-0.23949402384459972</LongitudeDegrees>
            </Position>
            <AltitudeMeters>77.5999984741211</AltitudeMeters>
            <DistanceMeters>2084.219970703125</DistanceMeters>
            <HeartRateBpm>
              <Value>132</Value>
            </HeartRateBpm>
            <Extensions>
              <ns3:TPX>
                <ns3:Speed>1.4179999828338623</ns3:Speed>
              </ns3:TPX>
            </Extensions>
          </Trackpoint>
          <Trackpoint>
            <Time>2026-02-20T08:16:23.000Z</Time>
            <Position>
              <LatitudeDegrees>51.75938028842211</LatitudeDegrees>
              <LongitudeDegrees>-0.23949075490236282</LongitudeDegrees>
            </Position>
            <AltitudeMeters>77.4000015258789</AltitudeMeters>
            <DistanceMeters>2084.35009765625</DistanceMeters>
            <HeartRateBpm>
              <Value>131</Value>
            </HeartRateBpm>
            <Extensions>
              <ns3:TPX>
                <ns3:Speed>0.0</ns3:Speed>
              </ns3:TPX>
            </Extensions>
          </Trackpoint>
          <Trackpoint>
            <Time>2026-02-20T08:16:28.000Z</Time>
            <Position>
              <LatitudeDegrees>51.75936830230057</LatitudeDegrees>
              <LongitudeDegrees>-0.23950684815645218</LongitudeDegrees>
            </Position>
            <AltitudeMeters>77.4000015258789</AltitudeMeters>
            <DistanceMeters>2085.06005859375</DistanceMeters>
            <HeartRateBpm>
              <Value>133</Value>
            </HeartRateBpm>
            <Extensions>
              <ns3:TPX>
                <ns3:Speed>0.0</ns3:Speed>
              </ns3:TPX>
            </Extensions>
          </Trackpoint>
          <Trackpoint>
            <Time>2026-02-20T08:16:36.000Z</Time>
            <Position>
              <LatitudeDegrees>51.75929814577103</LatitudeDegrees>
              <LongitudeDegrees>-0.23961011320352554</LongitudeDegrees>
            </Position>
            <AltitudeMeters>77.5999984741211</AltitudeMeters>
            <DistanceMeters>2096.1201171875</DistanceMeters>
            <HeartRateBpm>
              <Value>135</Value>
            </HeartRateBpm>
            <Extensions>
              <ns3:TPX>
                <ns3:Speed>1.2970000505447388</ns3:Speed>
              </ns3:TPX>
            </Extensions>
          </Trackpoint>
          <Trackpoint>
            <Time>2026-02-20T08:16:42.000Z</Time>
            <Position>
              <LatitudeDegrees>51.75926067866385</LatitudeDegrees>
              <LongitudeDegrees>-0.239688903093338</LongitudeDegrees>
            </Position>
            <AltitudeMeters>77.80000305175781</AltitudeMeters>
            <DistanceMeters>2103.81005859375</DistanceMeters>
            <HeartRateBpm>
              <Value>135</Value>
            </HeartRateBpm>
            <Extensions>
              <ns3:TPX>
                <ns3:Speed>0.0</ns3:Speed>
              </ns3:TPX>
            </Extensions>
          </Trackpoint>
          <Trackpoint>
            <Time>2026-02-20T08:16:47.000Z</Time>
            <Position>
              <LatitudeDegrees>51.75921030342579</LatitudeDegrees>
              <LongitudeDegrees>-0.23975671268999577</LongitudeDegrees>
            </Position>
            <AltitudeMeters>77.5999984741211</AltitudeMeters>
            <DistanceMeters>2110.8798828125</DistanceMeters>
            <HeartRateBpm>
              <Value>132</Value>
            </HeartRateBpm>
            <Extensions>
              <ns3:TPX>
                <ns3:Speed>1.4739999771118164</ns3:Speed>
              </ns3:TPX>
            </Extensions>
          </Trackpoint>
          <Trackpoint>
            <Time>2026-02-20T08:16:50.000Z</Time>
            <Position>
              <LatitudeDegrees>51.75917870365083</LatitudeDegrees>
              <LongitudeDegrees>-0.23974665440618992</LongitudeDegrees>
            </Position>
            <AltitudeMeters>77.4000015258789</AltitudeMeters>
            <DistanceMeters>2114.4599609375</DistanceMeters>
            <HeartRateBpm>
              <Value>132</Value>
            </HeartRateBpm>
            <Extensions>
              <ns3:TPX>
                <ns3:Speed>1.315999984741211</ns3:Speed>
              </ns3:TPX>
            </Extensions>
          </Trackpoint>
          <Trackpoint>
            <Time>2026-02-20T08:17:01.000Z</Time>
            <Position>
              <LatitudeDegrees>51.759028835222125</LatitudeDegrees>
              <LongitudeDegrees>-0.2396921720355749</LongitudeDegrees>
            </Position>
            <AltitudeMeters>77.5999984741211</AltitudeMeters>
            <DistanceMeters>2130.2900390625</DistanceMeters>
            <HeartRateBpm>
              <Value>132</Value>
            </HeartRateBpm>
            <Extensions>
              <ns3:TPX>
                <ns3:Speed>1.4179999828338623</ns3:Speed>
              </ns3:TPX>
            </Extensions>
          </Trackpoint>
          <Trackpoint>
            <Time>2026-02-20T08:17:11.000Z</Time>
            <Position>
              <LatitudeDegrees>51.75888625904918</LatitudeDegrees>
              <LongitudeDegrees>-0.239753108471632</LongitudeDegrees>
            </Position>
            <AltitudeMeters>77.80000305175781</AltitudeMeters>
            <DistanceMeters>2149.0</DistanceMeters>
            <HeartRateBpm>
              <Value>132</Value>
            </HeartRateBpm>
            <Extensions>
              <ns3:TPX>
                <ns3:Speed>1.5210000276565552</ns3:Speed>
              </ns3:TPX>
            </Extensions>
          </Trackpoint>
          <Trackpoint>
            <Time>2026-02-20T08:17:18.000Z</Time>
            <Position>
              <LatitudeDegrees>51.75883906893432</LatitudeDegrees>
              <LongitudeDegrees>-0.23985947482287884</LongitudeDegrees>
            </Position>
            <AltitudeMeters>77.80000305175781</AltitudeMeters>
            <DistanceMeters>2157.81005859375</DistanceMeters>
            <HeartRateBpm>
              <Value>131</Value>
            </HeartRateBpm>
            <Extensions>
              <ns3:TPX>
                <ns3:Speed>1.465000033378601</ns3:Speed>
              </ns3:TPX>
            </Extensions>
          </Trackpoint>
          <Trackpoint>
            <Time>2026-02-20T08:17:27.000Z</Time>
            <Position>
              <LatitudeDegrees>51.75876866094768</LatitudeDegrees>
              <LongitudeDegrees>-0.24000540375709534</LongitudeDegrees>
            </Position>
            <AltitudeMeters>77.4000015258789</AltitudeMeters>
            <DistanceMeters>2169.510009765625</DistanceMeters>
            <HeartRateBpm>
              <Value>129</Value>
            </HeartRateBpm>
            <Extensions>
              <ns3:TPX>
                <ns3:Speed>1.38100004196167</ns3:Speed>
              </ns3:TPX>
            </Extensions>
          </Trackpoint>
          <Trackpoint>
            <Time>2026-02-20T08:17:36.000Z</Time>
            <Position>
              <LatitudeDegrees>51.75870697014034</LatitudeDegrees>
              <LongitudeDegrees>-0.24016457609832287</LongitudeDegrees>
            </Position>
            <AltitudeMeters>77.4000015258789</AltitudeMeters>
            <DistanceMeters>2183.830078125</DistanceMeters>
            <HeartRateBpm>
              <Value>128</Value>
            </HeartRateBpm>
            <Extensions>
              <ns3:TPX>
                <ns3:Speed>1.4559999704360962</ns3:Speed>
              </ns3:TPX>
            </Extensions>
          </Trackpoint>
          <Trackpoint>
            <Time>2026-02-20T08:17:45.000Z</Time>
            <Position>
              <LatitudeDegrees>51.758636897429824</LatitudeDegrees>
              <LongitudeDegrees>-0.24035333655774593</LongitudeDegrees>
            </Position>
            <AltitudeMeters>77.19999694824219</AltitudeMeters>
            <DistanceMeters>2199.02001953125</DistanceMeters>
            <HeartRateBpm>
              <Value>127</Value>
            </HeartRateBpm>
            <Extensions>
              <ns3:TPX>
                <ns3:Speed>1.5119999647140503</ns3:Speed>
              </ns3:TPX>
            </Extensions>
          </Trackpoint>
          <Trackpoint>
            <Time>2026-02-20T08:17:53.000Z</Time>
            <Position>
              <LatitudeDegrees>51.75859046168625</LatitudeDegrees>
              <LongitudeDegrees>-0.24047688581049442</LongitudeDegrees>
            </Position>
            <AltitudeMeters>77.0</AltitudeMeters>
            <DistanceMeters>2208.6298828125</DistanceMeters>
            <HeartRateBpm>
              <Value>126</Value>
            </HeartRateBpm>
            <Extensions>
              <ns3:TPX>
                <ns3:Speed>1.5210000276565552</ns3:Speed>
              </ns3:TPX>
            </Extensions>
          </Trackpoint>
          <Trackpoint>
            <Time>2026-02-20T08:18:02.000Z</Time>
            <Position>
              <LatitudeDegrees>51.75852231681347</LatitudeDegrees>
              <LongitudeDegrees>-0.24060512892901897</LongitudeDegrees>
            </Position>
            <AltitudeMeters>76.80000305175781</AltitudeMeters>
            <DistanceMeters>2219.860107421875</DistanceMeters>
            <HeartRateBpm>
              <Value>129</Value>
            </HeartRateBpm>
            <Extensions>
              <ns3:TPX>
                <ns3:Speed>1.437000036239624</ns3:Speed>
              </ns3:TPX>
            </Extensions>
          </Trackpoint>
          <Trackpoint>
            <Time>2026-02-20T08:18:05.000Z</Time>
            <Position>
              <LatitudeDegrees>51.758488370105624</LatitudeDegrees>
              <LongitudeDegrees>-0.2406679093837738</LongitudeDegrees>
            </Position>
            <AltitudeMeters>76.5999984741211</AltitudeMeters>
            <DistanceMeters>2226.169921875</DistanceMeters>
            <HeartRateBpm>
              <Value>130</Value>
            </HeartRateBpm>
            <Extensions>
              <ns3:TPX>
                <ns3:Speed>1.465000033378601</ns3:Speed>
              </ns3:TPX>
            </Extensions>
          </Trackpoint>
          <Trackpoint>
            <Time>2026-02-20T08:18:15.000Z</Time>
            <Position>
              <LatitudeDegrees>51.758399521932006</LatitudeDegrees>
              <LongitudeDegrees>-0.2408367209136486</LongitudeDegrees>
            </Position>
            <AltitudeMeters>76.5999984741211</AltitudeMeters>
            <DistanceMeters>2241.2900390625</DistanceMeters>
            <HeartRateBpm>
              <Value>127</Value>
            </HeartRateBpm>
            <Extensions>
              <ns3:TPX>
                <ns3:Speed>1.5210000276565552</ns3:Speed>
              </ns3:TPX>
            </Extensions>
          </Trackpoint>
          <Trackpoint>
            <Time>2026-02-20T08:18:25.000Z</Time>
            <Position>
              <LatitudeDegrees>51.758328611031175</LatitudeDegrees>
              <LongitudeDegrees>-0.24100318551063538</LongitudeDegrees>
            </Position>
            <AltitudeMeters>76.4000015258789</AltitudeMeters>
            <DistanceMeters>2254.699951171875</DistanceMeters>
            <HeartRateBpm>
              <Value>126</Value>
            </HeartRateBpm>
            <Extensions>
              <ns3:TPX>
                <ns3:Speed>1.4739999771118164</ns3:Speed>
              </ns3:TPX>
            </Extensions>
          </Trackpoint>
          <Trackpoint>
            <Time>2026-02-20T08:18:29.000Z</Time>
            <Position>
              <LatitudeDegrees>51.758281169459224</LatitudeDegrees>
              <LongitudeDegrees>-0.24107384495437145</LongitudeDegrees>
            </Position>
            <AltitudeMeters>76.4000015258789</AltitudeMeters>
            <DistanceMeters>2261.330078125</DistanceMeters>
            <HeartRateBpm>
              <Value>129</Value>
            </HeartRateBpm>
            <Extensions>
              <ns3:TPX>
                <ns3:Speed>1.4559999704360962</ns3:Speed>
              </ns3:TPX>
            </Extensions>
          </Trackpoint>
          <Trackpoint>
            <Time>2026-02-20T08:18:31.000Z</Time>
            <Position>
              <LatitudeDegrees>51.758255856111646</LatitudeDegrees>
              <LongitudeDegrees>-0.24110041558742523</LongitudeDegrees>
            </Position>
            <AltitudeMeters>76.4000015258789</AltitudeMeters>
            <DistanceMeters>2264.919921875</DistanceMeters>
            <HeartRateBpm>
              <Value>132</Value>
            </HeartRateBpm>
            <Extensions>
              <ns3:TPX>
                <ns3:Speed>1.4739999771118164</ns3:Speed>
              </ns3:TPX>
            </Extensions>
          </Trackpoint>
          <Trackpoint>
            <Time>2026-02-20T08:18:35.000Z</Time>
            <Position>
              <LatitudeDegrees>51.75821755081415</LatitudeDegrees>
              <LongitudeDegrees>-0.2411514613777399</LongitudeDegrees>
            </Position>
            <AltitudeMeters>76.5999984741211</AltitudeMeters>
            <DistanceMeters>2271.030029296875</DistanceMeters>
            <HeartRateBpm>
              <Value>133</Value>
            </HeartRateBpm>
            <Extensions>
              <ns3:TPX>
                <ns3:Speed>1.5119999647140503</ns3:Speed>
              </ns3:TPX>
            </Extensions>
          </Trackpoint>
          <Trackpoint>
            <Time>2026-02-20T08:18:45.000Z</Time>
            <Position>
              <LatitudeDegrees>51.75813297741115</LatitudeDegrees>
              <LongitudeDegrees>-0.24132815189659595</LongitudeDegrees>
            </Position>
            <AltitudeMeters>76.80000305175781</AltitudeMeters>
            <DistanceMeters>2287.050048828125</DistanceMeters>
            <HeartRateBpm>
              <Value>133</Value>
            </HeartRateBpm>
            <Extensions>
              <ns3:TPX>
                <ns3:Speed>1.5210000276565552</ns3:Speed>
              </ns3:TPX>
            </Extensions>
          </Trackpoint>
          <Trackpoint>
            <Time>2026-02-20T08:18:55.000Z</Time>
            <Position>
              <LatitudeDegrees>51.75803407095373</LatitudeDegrees>
              <LongitudeDegrees>-0.2414628490805626</LongitudeDegrees>
            </Position>
            <AltitudeMeters>77.0</AltitudeMeters>
            <DistanceMeters>2301.27001953125</DistanceMeters>
            <HeartRateBpm>
              <Value>134</Value>
            </HeartRateBpm>
            <Extensions>
              <ns3:TPX>
                <ns3:Speed>1.5299999713897705</ns3:Speed>
              </ns3:TPX>
            </Extensions>
          </Trackpoint>
          <Trackpoint>
            <Time>2026-02-20T08:19:04.000Z</Time>
            <Position>
              <LatitudeDegrees>51.75794379785657</LatitudeDegrees>
              <LongitudeDegrees>-0.24156603030860424</LongitudeDegrees>
            </Position>
            <AltitudeMeters>77.0</AltitudeMeters>
            <DistanceMeters>2313.02001953125</DistanceMeters>
            <HeartRateBpm>
              <Value>137</Value>
            </HeartRateBpm>
            <Extensions>
              <ns3:TPX>
                <ns3:Speed>1.5119999647140503</ns3:Speed>
              </ns3:TPX>
            </Extensions>
          </Trackpoint>
          <Trackpoint>
            <Time>2026-02-20T08:19:05.000Z</Time>
            <Position>
              <LatitudeDegrees>51.757932398468256</LatitudeDegrees>
              <LongitudeDegrees>-0.24157583713531494</LongitudeDegrees>
            </Position>
            <AltitudeMeters>77.0</AltitudeMeters>
            <DistanceMeters>2314.60009765625</DistanceMeters>
            <HeartRateBpm>
              <Value>137</Value>
            </HeartRateBpm>
            <Extensions>
              <ns3:TPX>
                <ns3:Speed>1.5119999647140503</ns3:Speed>
              </ns3:TPX>
            </Extensions>
          </Trackpoint>
          <Trackpoint>
            <Time>2026-02-20T08:19:16.000Z</Time>
            <Position>
              <LatitudeDegrees>51.75779175013304</LatitudeDegrees>
              <LongitudeDegrees>-0.24164658039808273</LongitudeDegrees>
            </Position>
            <AltitudeMeters>76.80000305175781</AltitudeMeters>
            <DistanceMeters>2331.2099609375</DistanceMeters>
            <HeartRateBpm>
              <Value>135</Value>
            </HeartRateBpm>
            <Extensions>
              <ns3:TPX>
                <ns3:Speed>1.4930000305175781</ns3:Speed>
              </ns3:TPX>
            </Extensions>
          </Trackpoint>
          <Trackpoint>
            <Time>2026-02-20T08:19:23.000Z</Time>
            <Position>
              <LatitudeDegrees>51.75769644789398</LatitudeDegrees>
              <LongitudeDegrees>-0.2417150605469942</LongitudeDegrees>
            </Position>
            <AltitudeMeters>76.80000305175781</AltitudeMeters>
            <DistanceMeters>2343.8701171875</DistanceMeters>
            <HeartRateBpm>
              <Value>136</Value>
            </HeartRateBpm>
            <Extensions>
              <ns3:TPX>
                <ns3:Speed>1.5210000276565552</ns3:Speed>
              </ns3:TPX>
            </Extensions>
          </Trackpoint>
          <Trackpoint>
            <Time>2026-02-20T08:19:31.000Z</Time>
            <Position>
              <LatitudeDegrees>51.75761950202286</LatitudeDegrees>
              <LongitudeDegrees>-0.2417939342558384</LongitudeDegrees>
            </Position>
            <AltitudeMeters>76.80000305175781</AltitudeMeters>
            <DistanceMeters>2352.81005859375</DistanceMeters>
            <HeartRateBpm>
              <Value>136</Value>
            </HeartRateBpm>
            <Extensions>
              <ns3:TPX>
                <ns3:Speed>1.465000033378601</ns3:Speed>
              </ns3:TPX>
            </Extensions>
          </Trackpoint>
          <Trackpoint>
            <Time>2026-02-20T08:19:38.000Z</Time>
            <Position>
              <LatitudeDegrees>51.75753434188664</LatitudeDegrees>
              <LongitudeDegrees>-0.2418734785169363</LongitudeDegrees>
            </Position>
            <AltitudeMeters>77.0</AltitudeMeters>
            <DistanceMeters>2363.81005859375</DistanceMeters>
            <HeartRateBpm>
              <Value>137</Value>
            </HeartRateBpm>
            <Extensions>
              <ns3:TPX>
                <ns3:Speed>1.4559999704360962</ns3:Speed>
              </ns3:TPX>
            </Extensions>
          </Trackpoint>
          <Trackpoint>
            <Time>2026-02-20T08:19:48.000Z</Time>
            <Position>
              <LatitudeDegrees>51.75741808488965</LatitudeDegrees>
              <LongitudeDegrees>-0.24198428727686405</LongitudeDegrees>
            </Position>
            <AltitudeMeters>76.80000305175781</AltitudeMeters>
            <DistanceMeters>2379.22998046875</DistanceMeters>
            <HeartRateBpm>
              <Value>138</Value>
            </HeartRateBpm>
            <Extensions>
              <ns3:TPX>
                <ns3:Speed>1.4739999771118164</ns3:Speed>
              </ns3:TPX>
            </Extensions>
          </Trackpoint>
          <Trackpoint>
            <Time>2026-02-20T08:19:57.000Z</Time>
            <Position>
              <LatitudeDegrees>51.757312808185816</LatitudeDegrees>
              <LongitudeDegrees>-0.24207204580307007</LongitudeDegrees>
            </Position>
            <AltitudeMeters>76.80000305175781</AltitudeMeters>
            <DistanceMeters>2393.050048828125</DistanceMeters>
            <HeartRateBpm>
              <Value>138</Value>
            </HeartRateBpm>
            <Extensions>
              <ns3:TPX>
                <ns3:Speed>1.4839999675750732</ns3:Speed>
              </ns3:TPX>
            </Extensions>
          </Trackpoint>
          <Trackpoint>
            <Time>2026-02-20T08:20:06.000Z</Time>
            <Position>
              <LatitudeDegrees>51.75721230916679</LatitudeDegrees>
              <LongitudeDegrees>-0.24214128032326698</LongitudeDegrees>
            </Position>
            <AltitudeMeters>76.80000305175781</AltitudeMeters>
            <DistanceMeters>2404.47998046875</DistanceMeters>
            <HeartRateBpm>
              <Value>138</Value>
            </HeartRateBpm>
            <Extensions>
              <ns3:TPX>
                <ns3:Speed>1.465000033378601</ns3:Speed>
              </ns3:TPX>
            </Extensions>
          </Trackpoint>
          <Trackpoint>
            <Time>2026-02-20T08:20:14.000Z</Time>
            <Position>
              <LatitudeDegrees>51.757124215364456</LatitudeDegrees>
              <LongitudeDegrees>-0.24221478961408138</LongitudeDegrees>
            </Position>
            <AltitudeMeters>76.80000305175781</AltitudeMeters>
            <DistanceMeters>2415.89990234375</DistanceMeters>
            <HeartRateBpm>
              <Value>136</Value>
            </HeartRateBpm>
            <Extensions>
              <ns3:TPX>
                <ns3:Speed>1.4459999799728394</ns3:Speed>
              </ns3:TPX>
            </Extensions>
          </Trackpoint>
          <Trackpoint>
            <Time>2026-02-20T08:20:22.000Z</Time>
            <Position>
              <LatitudeDegrees>51.7570389714092</LatitudeDegrees>
              <LongitudeDegrees>-0.24232224561274052</LongitudeDegrees>
            </Position>
            <AltitudeMeters>76.80000305175781</AltitudeMeters>
            <DistanceMeters>2427.8701171875</DistanceMeters>
            <HeartRateBpm>
              <Value>135</Value>
            </HeartRateBpm>
            <Extensions>
              <ns3:TPX>
                <ns3:Speed>1.4459999799728394</ns3:Speed>
              </ns3:TPX>
            </Extensions>
          </Trackpoint>
          <Trackpoint>
            <Time>2026-02-20T08:20:30.000Z</Time>
            <Position>
              <LatitudeDegrees>51.75696378573775</LatitudeDegrees>
              <LongitudeDegrees>-0.24241008795797825</LongitudeDegrees>
            </Position>
            <AltitudeMeters>77.0</AltitudeMeters>
            <DistanceMeters>2437.550048828125</DistanceMeters>
            <HeartRateBpm>
              <Value>136</Value>
            </HeartRateBpm>
            <Extensions>
              <ns3:TPX>
                <ns3:Speed>1.437000036239624</ns3:Speed>
              </ns3:TPX>
            </Extensions>
          </Trackpoint>
          <Trackpoint>
            <Time>2026-02-20T08:20:40.000Z</Time>
            <Position>
              <LatitudeDegrees>51.75684132613242</LatitudeDegrees>
              <LongitudeDegrees>-0.24250312708318233</LongitudeDegrees>
            </Position>
            <AltitudeMeters>77.0</AltitudeMeters>
            <DistanceMeters>2453.330078125</DistanceMeters>
            <HeartRateBpm>
              <Value>134</Value>
            </HeartRateBpm>
            <Extensions>
              <ns3:TPX>
                <ns3:Speed>1.4459999799728394</ns3:Speed>
              </ns3:TPX>
            </Extensions>
          </Trackpoint>
          <Trackpoint>
            <Time>2026-02-20T08:20:49.000Z</Time>
            <Position>
              <LatitudeDegrees>51.756748873740435</LatitudeDegrees>
              <LongitudeDegrees>-0.24260974489152431</LongitudeDegrees>
            </Position>
            <AltitudeMeters>77.0</AltitudeMeters>
            <DistanceMeters>2466.7900390625</DistanceMeters>
            <HeartRateBpm>
              <Value>134</Value>
            </HeartRateBpm>
            <Extensions>
              <ns3:TPX>
                <ns3:Speed>1.4459999799728394</ns3:Speed>
              </ns3:TPX>
            </Extensions>
          </Trackpoint>
          <Trackpoint>
            <Time>2026-02-20T08:20:59.000Z</Time>
            <Position>
              <LatitudeDegrees>51.756635047495365</LatitudeDegrees>
              <LongitudeDegrees>-0.24271334521472454</LongitudeDegrees>
            </Position>
            <AltitudeMeters>77.0</AltitudeMeters>
            <DistanceMeters>2480.800048828125</DistanceMeters>
            <HeartRateBpm>
              <Value>132</Value>
            </HeartRateBpm>
            <Extensions>
              <ns3:TPX>
                <ns3:Speed>1.4459999799728394</ns3:Speed>
              </ns3:TPX>
            </Extensions>
          </Trackpoint>
          <Trackpoint>
            <Time>2026-02-20T08:21:10.000Z</Time>
            <Position>
              <LatitudeDegrees>51.75649649463594</LatitudeDegrees>
              <LongitudeDegrees>-0.2427855972200632</LongitudeDegrees>
            </Position>
            <AltitudeMeters>77.0</AltitudeMeters>
            <DistanceMeters>2496.679931640625</DistanceMeters>
            <HeartRateBpm>
              <Value>133</Value>
            </HeartRateBpm>
            <Extensions>
              <ns3:TPX>
                <ns3:Speed>1.437000036239624</ns3:Speed>
              </ns3:TPX>
            </Extensions>
          </Trackpoint>
          <Trackpoint>
            <Time>2026-02-20T08:21:21.000Z</Time>
            <Position>
              <LatitudeDegrees>51.75637713633478</LatitudeDegrees>
              <LongitudeDegrees>-0.2428835816681385</LongitudeDegrees>
            </Position>
            <AltitudeMeters>77.19999694824219</AltitudeMeters>
            <DistanceMeters>2512.550048828125</DistanceMeters>
            <HeartRateBpm>
              <Value>131</Value>
            </HeartRateBpm>
            <Extensions>
              <ns3:TPX>
                <ns3:Speed>1.437000036239624</ns3:Speed>
              </ns3:TPX>
            </Extensions>
          </Trackpoint>
          <Trackpoint>
            <Time>2026-02-20T08:21:30.000Z</Time>
            <Position>
              <LatitudeDegrees>51.75626163370907</LatitudeDegrees>
              <LongitudeDegrees>-0.24297058582305908</LongitudeDegrees>
            </Position>
            <AltitudeMeters>77.4000015258789</AltitudeMeters>
            <DistanceMeters>2526.14990234375</DistanceMeters>
            <HeartRateBpm>
              <Value>132</Value>
            </HeartRateBpm>
            <Extensions>
              <ns3:TPX>
                <ns3:Speed>1.4459999799728394</ns3:Speed>
              </ns3:TPX>
            </Extensions>
          </Trackpoint>
          <Trackpoint>
            <Time>2026-02-20T08:21:38.000Z</Time>
            <Position>
              <LatitudeDegrees>51.75615635700524</LatitudeDegrees>
              <LongitudeDegrees>-0.24300838820636272</LongitudeDegrees>
            </Position>
            <AltitudeMeters>77.19999694824219</AltitudeMeters>
            <DistanceMeters>2537.800048828125</DistanceMeters>
            <HeartRateBpm>
              <Value>133</Value>
            </HeartRateBpm>
            <Extensions>
              <ns3:TPX>
                <ns3:Speed>1.437000036239624</ns3:Speed>
              </ns3:TPX>
            </Extensions>
          </Trackpoint>
          <Trackpoint>
            <Time>2026-02-20T08:21:50.000Z</Time>
            <Position>
              <LatitudeDegrees>51.75603180192411</LatitudeDegrees>
              <LongitudeDegrees>-0.24309346452355385</LongitudeDegrees>
            </Position>
            <AltitudeMeters>77.19999694824219</AltitudeMeters>
            <DistanceMeters>2553.840087890625</DistanceMeters>
            <HeartRateBpm>
              <Value>135</Value>
            </HeartRateBpm>
            <Extensions>
              <ns3:TPX>
                <ns3:Speed>1.4559999704360962</ns3:Speed>
              </ns3:TPX>
            </Extensions>
          </Trackpoint>
          <Trackpoint>
            <Time>2026-02-20T08:22:00.000Z</Time>
            <Position>
              <LatitudeDegrees>51.75589190796018</LatitudeDegrees>
              <LongitudeDegrees>-0.2431237231940031</LongitudeDegrees>
            </Position>
            <AltitudeMeters>77.4000015258789</AltitudeMeters>
            <DistanceMeters>2569.169921875</DistanceMeters>
            <HeartRateBpm>
              <Value>135</Value>
            </HeartRateBpm>
            <Extensions>
              <ns3:TPX>
                <ns3:Speed>1.437000036239624</ns3:Speed>
              </ns3:TPX>
            </Extensions>
          </Trackpoint>
          <Trackpoint>
            <Time>2026-02-20T08:22:02.000Z</Time>
            <Position>
              <LatitudeDegrees>51.75586181692779</LatitudeDegrees>
              <LongitudeDegrees>-0.24312615394592285</LongitudeDegrees>
            </Position>
            <AltitudeMeters>77.4000015258789</AltitudeMeters>
            <DistanceMeters>2572.429931640625</DistanceMeters>
            <HeartRateBpm>
              <Value>135</Value>
            </HeartRateBpm>
            <Extensions>
              <ns3:TPX>
                <ns3:Speed>1.437000036239624</ns3:Speed>
              </ns3:TPX>
            </Extensions>
          </Trackpoint>
          <Trackpoint>
            <Time>2026-02-20T08:22:09.000Z</Time>
            <Position>
              <LatitudeDegrees>51.75580171868205</LatitudeDegrees>
              <LongitudeDegrees>-0.2431123238056898</LongitudeDegrees>
            </Position>
            <AltitudeMeters>77.5999984741211</AltitudeMeters>
            <DistanceMeters>2579.449951171875</DistanceMeters>
            <HeartRateBpm>
              <Value>135</Value>
            </HeartRateBpm>
            <Extensions>
              <ns3:TPX>
                <ns3:Speed>1.4279999732971191</ns3:Speed>
              </ns3:TPX>
            </Extensions>
          </Trackpoint>
          <Trackpoint>
            <Time>2026-02-20T08:22:19.000Z</Time>
            <Position>
              <LatitudeDegrees>51.75566433928907</LatitudeDegrees>
              <LongitudeDegrees>-0.24309949949383736</LongitudeDegrees>
            </Position>
            <AltitudeMeters>77.4000015258789</AltitudeMeters>
            <DistanceMeters>2594.469970703125</DistanceMeters>
            <HeartRateBpm>
              <Value>135</Value>
            </HeartRateBpm>
            <Extensions>
              <ns3:TPX>
                <ns3:Speed>1.399999976158142</ns3:Speed>
              </ns3:TPX>
            </Extensions>
          </Trackpoint>
          <Trackpoint>
            <Time>2026-02-20T08:22:29.000Z</Time>
            <Position>
              <LatitudeDegrees>51.75554665736854</LatitudeDegrees>
              <LongitudeDegrees>-0.24307862855494022</LongitudeDegrees>
            </Position>
            <AltitudeMeters>78.19999694824219</AltitudeMeters>
            <DistanceMeters>2608.159912109375</DistanceMeters>
            <HeartRateBpm>
              <Value>134</Value>
            </HeartRateBpm>
            <Extensions>
              <ns3:TPX>
                <ns3:Speed>1.399999976158142</ns3:Speed>
              </ns3:TPX>
            </Extensions>
          </Trackpoint>
          <Trackpoint>
            <Time>2026-02-20T08:22:38.000Z</Time>
            <Position>
              <LatitudeDegrees>51.755420761182904</LatitudeDegrees>
              <LongitudeDegrees>-0.2430883515626192</LongitudeDegrees>
            </Position>
            <AltitudeMeters>78.19999694824219</AltitudeMeters>
            <DistanceMeters>2622.050048828125</DistanceMeters>
            <HeartRateBpm>
              <Value>135</Value>
            </HeartRateBpm>
            <Extensions>
              <ns3:TPX>
                <ns3:Speed>1.4179999828338623</ns3:Speed>
              </ns3:TPX>
            </Extensions>
          </Trackpoint>
          <Trackpoint>
            <Time>2026-02-20T08:22:45.000Z</Time>
            <Position>
              <LatitudeDegrees>51.75534909591079</LatitudeDegrees>
              <LongitudeDegrees>-0.24308793246746063</LongitudeDegrees>
            </Position>
            <AltitudeMeters>78.5999984741211</AltitudeMeters>
            <DistanceMeters>2629.050048828125</DistanceMeters>
            <HeartRateBpm>
              <Value>136</Value>
            </HeartRateBpm>
            <Extensions>
              <ns3:TPX>
                <ns3:Speed>1.399999976158142</ns3:Speed>
              </ns3:TPX>
            </Extensions>
          </Trackpoint>
          <Trackpoint>
            <Time>2026-02-20T08:22:48.000Z</Time>
            <Position>
              <LatitudeDegrees>51.755301067605615</LatitudeDegrees>
              <LongitudeDegrees>-0.24309732019901276</LongitudeDegrees>
            </Position>
            <AltitudeMeters>78.5999984741211</AltitudeMeters>
            <DistanceMeters>2635.239990234375</DistanceMeters>
            <HeartRateBpm>
              <Value>136</Value>
            </HeartRateBpm>
            <Extensions>
              <ns3:TPX>
                <ns3:Speed>1.399999976158142</ns3:Speed>
              </ns3:TPX>
            </Extensions>
          </Trackpoint>
          <Trackpoint>
            <Time>2026-02-20T08:22:59.000Z</Time>
            <Position>
              <LatitudeDegrees>51.755158826708794</LatitudeDegrees>
              <LongitudeDegrees>-0.24309790693223476</LongitudeDegrees>
            </Position>
            <AltitudeMeters>79.0</AltitudeMeters>
            <DistanceMeters>2650.780029296875</DistanceMeters>
            <HeartRateBpm>
              <Value>137</Value>
            </HeartRateBpm>
            <Extensions>
              <ns3:TPX>
                <ns3:Speed>1.409000039100647</ns3:Speed>
              </ns3:TPX>
            </Extensions>
          </Trackpoint>
          <Trackpoint>
            <Time>2026-02-20T08:23:08.000Z</Time>
            <Position>
              <LatitudeDegrees>51.75504684448242</LatitudeDegrees>
              <LongitudeDegrees>-0.24309388361871243</LongitudeDegrees>
            </Position>
            <AltitudeMeters>79.0</AltitudeMeters>
            <DistanceMeters>2663.610107421875</DistanceMeters>
            <HeartRateBpm>
              <Value>138</Value>
            </HeartRateBpm>
            <Extensions>
              <ns3:TPX>
                <ns3:Speed>1.399999976158142</ns3:Speed>
              </ns3:TPX>
            </Extensions>
          </Trackpoint>
          <Trackpoint>
            <Time>2026-02-20T08:23:16.000Z</Time>
            <Position>
              <LatitudeDegrees>51.754945423454046</LatitudeDegrees>
              <LongitudeDegrees>-0.243082819506526</LongitudeDegrees>
            </Position>
            <AltitudeMeters>79.0</AltitudeMeters>
            <DistanceMeters>2674.56005859375</DistanceMeters>
            <HeartRateBpm>
              <Value>140</Value>
            </HeartRateBpm>
            <Extensions>
              <ns3:TPX>
                <ns3:Speed>1.399999976158142</ns3:Speed>
              </ns3:TPX>
            </Extensions>
          </Trackpoint>
          <Trackpoint>
            <Time>2026-02-20T08:23:21.000Z</Time>
            <Position>
              <LatitudeDegrees>51.75489638932049</LatitudeDegrees>
              <LongitudeDegrees>-0.2430849988013506</LongitudeDegrees>
            </Position>
            <AltitudeMeters>79.4000015258789</AltitudeMeters>
            <DistanceMeters>2680.64990234375</DistanceMeters>
            <HeartRateBpm>
              <Value>137</Value>
            </HeartRateBpm>
            <Extensions>
              <ns3:TPX>
                <ns3:Speed>1.3899999856948853</ns3:Speed>
              </ns3:TPX>
            </Extensions>
          </Trackpoint>
          <Trackpoint>
            <Time>2026-02-20T08:23:24.000Z</Time>
            <Position>
              <LatitudeDegrees>51.75486948341131</LatitudeDegrees>
              <LongitudeDegrees>-0.24308751337230206</LongitudeDegrees>
            </Position>
            <AltitudeMeters>79.5999984741211</AltitudeMeters>
            <DistanceMeters>2683.760009765625</DistanceMeters>
            <HeartRateBpm>
              <Value>137</Value>
            </HeartRateBpm>
            <Extensions>
              <ns3:TPX>
                <ns3:Speed>1.38100004196167</ns3:Speed>
              </ns3:TPX>
            </Extensions>
          </Trackpoint>
          <Trackpoint>
            <Time>2026-02-20T08:23:26.000Z</Time>
            <Position>
              <LatitudeDegrees>51.75484743900597</LatitudeDegrees>
              <LongitudeDegrees>-0.2430921234190464</LongitudeDegrees>
            </Position>
            <AltitudeMeters>79.80000305175781</AltitudeMeters>
            <DistanceMeters>2686.219970703125</DistanceMeters>
            <HeartRateBpm>
              <Value>136</Value>
            </HeartRateBpm>
            <Extensions>
              <ns3:TPX>
                <ns3:Speed>1.371999979019165</ns3:Speed>
              </ns3:TPX>
            </Extensions>
          </Trackpoint>
          <Trackpoint>
            <Time>2026-02-20T08:23:37.000Z</Time>
            <Position>
              <LatitudeDegrees>51.75471835769713</LatitudeDegrees>
              <LongitudeDegrees>-0.24308960884809494</LongitudeDegrees>
            </Position>
            <AltitudeMeters>80.19999694824219</AltitudeMeters>
            <DistanceMeters>2700.31005859375</DistanceMeters>
            <HeartRateBpm>
              <Value>138</Value>
            </HeartRateBpm>
            <Extensions>
              <ns3:TPX>
                <ns3:Speed>1.3250000476837158</ns3:Speed>
              </ns3:TPX>
            </Extensions>
          </Trackpoint>
          <Trackpoint>
            <Time>2026-02-20T08:23:45.000Z</Time>
            <Position>
              <LatitudeDegrees>51.754613583907485</LatitudeDegrees>
              <LongitudeDegrees>-0.24309120140969753</LongitudeDegrees>
            </Position>
            <AltitudeMeters>80.4000015258789</AltitudeMeters>
            <DistanceMeters>2711.179931640625</DistanceMeters>
            <HeartRateBpm>
              <Value>139</Value>
            </HeartRateBpm>
            <Extensions>
              <ns3:TPX>
                <ns3:Speed>1.3339999914169312</ns3:Speed>
              </ns3:TPX>
            </Extensions>
          </Trackpoint>
          <Trackpoint>
            <Time>2026-02-20T08:23:55.000Z</Time>
            <Position>
              <LatitudeDegrees>51.7544902022928</LatitudeDegrees>
              <LongitudeDegrees>-0.24310159496963024</LongitudeDegrees>
            </Position>
            <AltitudeMeters>80.5999984741211</AltitudeMeters>
            <DistanceMeters>2726.0400390625</DistanceMeters>
            <HeartRateBpm>
              <Value>137</Value>
            </HeartRateBpm>
            <Extensions>
              <ns3:TPX>
                <ns3:Speed>1.3530000448226929</ns3:Speed>
              </ns3:TPX>
            </Extensions>
          </Trackpoint>
          <Trackpoint>
            <Time>2026-02-20T08:24:01.000Z</Time>
            <Position>
              <LatitudeDegrees>51.75441677682102</LatitudeDegrees>
              <LongitudeDegrees>-0.24310092441737652</LongitudeDegrees>
            </Position>
            <AltitudeMeters>80.5999984741211</AltitudeMeters>
            <DistanceMeters>2733.27001953125</DistanceMeters>
            <HeartRateBpm>
              <Value>136</Value>
            </HeartRateBpm>
            <Extensions>
              <ns3:TPX>
                <ns3:Speed>1.343999981880188</ns3:Speed>
              </ns3:TPX>
            </Extensions>
          </Trackpoint>
          <Trackpoint>
            <Time>2026-02-20T08:24:04.000Z</Time>
            <Position>
              <LatitudeDegrees>51.754381908103824</LatitudeDegrees>
              <LongitudeDegrees>-0.24310452863574028</LongitudeDegrees>
            </Position>
            <AltitudeMeters>80.80000305175781</AltitudeMeters>
            <DistanceMeters>2737.469970703125</DistanceMeters>
            <HeartRateBpm>
              <Value>136</Value>
            </HeartRateBpm>
            <Extensions>
              <ns3:TPX>
                <ns3:Speed>1.3339999914169312</ns3:Speed>
              </ns3:TPX>
            </Extensions>
          </Trackpoint>
          <Trackpoint>
            <Time>2026-02-20T08:24:11.000Z</Time>
            <Position>
              <LatitudeDegrees>51.75428777933121</LatitudeDegrees>
              <LongitudeDegrees>-0.24311517365276814</LongitudeDegrees>
            </Position>
            <AltitudeMeters>81.0</AltitudeMeters>
            <DistanceMeters>2748.449951171875</DistanceMeters>
            <HeartRateBpm>
              <Value>138</Value>
            </HeartRateBpm>
            <Extensions>
              <ns3:TPX>
                <ns3:Speed>1.3530000448226929</ns3:Speed>
              </ns3:TPX>
            </Extensions>
          </Trackpoint>
          <Trackpoint>
            <Time>2026-02-20T08:24:19.000Z</Time>
            <Position>
              <LatitudeDegrees>51.754199182614684</LatitudeDegrees>
              <LongitudeDegrees>-0.24310704320669174</LongitudeDegrees>
            </Position>
            <AltitudeMeters>81.0</AltitudeMeters>
            <DistanceMeters>2757.56005859375</DistanceMeters>
            <HeartRateBpm>
              <Value>140</Value>
            </HeartRateBpm>
            <Extensions>
              <ns3:TPX>
                <ns3:Speed>1.3339999914169312</ns3:Speed>
              </ns3:TPX>
            </Extensions>
          </Trackpoint>
          <Trackpoint>
            <Time>2026-02-20T08:24:27.000Z</Time>
            <Position>
              <LatitudeDegrees>51.75412810407579</LatitudeDegrees>
              <LongitudeDegrees>-0.24304015561938286</LongitudeDegrees>
            </Position>
            <AltitudeMeters>81.0</AltitudeMeters>
            <DistanceMeters>2767.330078125</DistanceMeters>
            <HeartRateBpm>
              <Value>140</Value>
            </HeartRateBpm>
            <Extensions>
              <ns3:TPX>
                <ns3:Speed>1.3530000448226929</ns3:Speed>
              </ns3:TPX>
            </Extensions>
          </Trackpoint>
          <Trackpoint>
            <Time>2026-02-20T08:24:35.000Z</Time>
            <Position>
              <LatitudeDegrees>51.75405736081302</LatitudeDegrees>
              <LongitudeDegrees>-0.24298684671521187</LongitudeDegrees>
            </Position>
            <AltitudeMeters>80.80000305175781</AltitudeMeters>
            <DistanceMeters>2776.510009765625</DistanceMeters>
            <HeartRateBpm>
              <Value>139</Value>
            </HeartRateBpm>
            <Extensions>
              <ns3:TPX>
                <ns3:Speed>1.315999984741211</ns3:Speed>
              </ns3:TPX>
            </Extensions>
          </Trackpoint>
          <Trackpoint>
            <Time>2026-02-20T08:24:40.000Z</Time>
            <Position>
              <LatitudeDegrees>51.75399617291987</LatitudeDegrees>
              <LongitudeDegrees>-0.24297419004142284</LongitudeDegrees>
            </Position>
            <AltitudeMeters>81.19999694824219</AltitudeMeters>
            <DistanceMeters>2782.8701171875</DistanceMeters>
            <HeartRateBpm>
              <Value>136</Value>
            </HeartRateBpm>
            <Extensions>
              <ns3:TPX>
                <ns3:Speed>1.305999994277954</ns3:Speed>
              </ns3:TPX>
            </Extensions>
          </Trackpoint>
          <Trackpoint>
            <Time>2026-02-20T08:24:45.000Z</Time>
            <Position>
              <LatitudeDegrees>51.75397697836161</LatitudeDegrees>
              <LongitudeDegrees>-0.24294116534292698</LongitudeDegrees>
            </Position>
            <AltitudeMeters>81.19999694824219</AltitudeMeters>
            <DistanceMeters>2786.14990234375</DistanceMeters>
            <HeartRateBpm>
              <Value>136</Value>
            </HeartRateBpm>
            <Extensions>
              <ns3:TPX>
                <ns3:Speed>1.2879999876022339</ns3:Speed>
              </ns3:TPX>
            </Extensions>
          </Trackpoint>
          <Trackpoint>
            <Time>2026-02-20T08:24:51.000Z</Time>
            <Position>
              <LatitudeDegrees>51.75394839607179</LatitudeDegrees>
              <LongitudeDegrees>-0.24288014508783817</LongitudeDegrees>
            </Position>
            <AltitudeMeters>81.5999984741211</AltitudeMeters>
            <DistanceMeters>2791.3798828125</DistanceMeters>
            <HeartRateBpm>
              <Value>136</Value>
            </HeartRateBpm>
            <Extensions>
              <ns3:TPX>
                <ns3:Speed>1.2599999904632568</ns3:Speed>
              </ns3:TPX>
            </Extensions>
          </Trackpoint>
          <Trackpoint>
            <Time>2026-02-20T08:24:59.000Z</Time>
            <Position>
              <LatitudeDegrees>51.75392861478031</LatitudeDegrees>
              <LongitudeDegrees>-0.24286740459501743</LongitudeDegrees>
            </Position>
            <AltitudeMeters>81.5999984741211</AltitudeMeters>
            <DistanceMeters>2793.570068359375</DistanceMeters>
            <HeartRateBpm>
              <Value>137</Value>
            </HeartRateBpm>
            <Extensions>
              <ns3:TPX>
                <ns3:Speed>0.0</ns3:Speed>
              </ns3:TPX>
            </Extensions>
          </Trackpoint>
          <Trackpoint>
            <Time>2026-02-20T08:25:00.000Z</Time>
            <Position>
              <LatitudeDegrees>51.75392048433423</LatitudeDegrees>
              <LongitudeDegrees>-0.24285969324409962</LongitudeDegrees>
            </Position>
            <AltitudeMeters>81.80000305175781</AltitudeMeters>
            <DistanceMeters>2794.93994140625</DistanceMeters>
            <HeartRateBpm>
              <Value>139</Value>
            </HeartRateBpm>
            <Extensions>
              <ns3:TPX>
                <ns3:Speed>0.0</ns3:Speed>
              </ns3:TPX>
            </Extensions>
          </Trackpoint>
          <Trackpoint>
            <Time>2026-02-20T08:25:02.000Z</Time>
            <Position>
              <LatitudeDegrees>51.75390472635627</LatitudeDegrees>
              <LongitudeDegrees>-0.24284209124743938</LongitudeDegrees>
            </Position>
            <AltitudeMeters>81.80000305175781</AltitudeMeters>
            <DistanceMeters>2797.22998046875</DistanceMeters>
            <HeartRateBpm>
              <Value>142</Value>
            </HeartRateBpm>
            <Extensions>
              <ns3:TPX>
                <ns3:Speed>0.0</ns3:Speed>
              </ns3:TPX>
            </Extensions>
          </Trackpoint>
          <Trackpoint>
            <Time>2026-02-20T08:25:09.000Z</Time>
            <Position>
              <LatitudeDegrees>51.75384487956762</LatitudeDegrees>
              <LongitudeDegrees>-0.24275408126413822</LongitudeDegrees>
            </Position>
            <AltitudeMeters>82.19999694824219</AltitudeMeters>
            <DistanceMeters>2806.050048828125</DistanceMeters>
            <HeartRateBpm>
              <Value>142</Value>
            </HeartRateBpm>
            <Extensions>
              <ns3:TPX>
                <ns3:Speed>1.2039999961853027</ns3:Speed>
              </ns3:TPX>
            </Extensions>
          </Trackpoint>
          <Trackpoint>
            <Time>2026-02-20T08:25:13.000Z</Time>
            <Position>
              <LatitudeDegrees>51.753824511542916</LatitudeDegrees>
              <LongitudeDegrees>-0.24270957335829735</LongitudeDegrees>
            </Position>
            <AltitudeMeters>82.80000305175781</AltitudeMeters>
            <DistanceMeters>2809.4599609375</DistanceMeters>
            <HeartRateBpm>
              <Value>140</Value>
            </HeartRateBpm>
            <Extensions>
              <ns3:TPX>
                <ns3:Speed>1.184999942779541</ns3:Speed>
              </ns3:TPX>
            </Extensions>
          </Trackpoint>
          <Trackpoint>
            <Time>2026-02-20T08:25:17.000Z</Time>
            <Position>
              <LatitudeDegrees>51.753786792978644</LatitudeDegrees>
              <LongitudeDegrees>-0.24267151951789856</LongitudeDegrees>
            </Position>
            <AltitudeMeters>83.0</AltitudeMeters>
            <DistanceMeters>2814.1298828125</DistanceMeters>
            <HeartRateBpm>
              <Value>140</Value>
            </HeartRateBpm>
            <Extensions>
              <ns3:TPX>
                <ns3:Speed>1.1380000114440918</ns3:Speed>
              </ns3:TPX>
            </Extensions>
          </Trackpoint>
          <Trackpoint>
            <Time>2026-02-20T08:25:24.000Z</Time>
            <Position>
              <LatitudeDegrees>51.75369274802506</LatitudeDegrees>
              <LongitudeDegrees>-0.24263011291623116</LongitudeDegrees>
            </Position>
            <AltitudeMeters>83.19999694824219</AltitudeMeters>
            <DistanceMeters>2824.93994140625</DistanceMeters>
            <HeartRateBpm>
              <Value>143</Value>
            </HeartRateBpm>
            <Extensions>
              <ns3:TPX>
                <ns3:Speed>1.2039999961853027</ns3:Speed>
              </ns3:TPX>
            </Extensions>
          </Trackpoint>
          <Trackpoint>
            <Time>2026-02-20T08:25:33.000Z</Time>
            <Position>
              <LatitudeDegrees>51.75366257317364</LatitudeDegrees>
              <LongitudeDegrees>-0.2425399236381054</LongitudeDegrees>
            </Position>
            <AltitudeMeters>82.80000305175781</AltitudeMeters>
            <DistanceMeters>2834.260009765625</DistanceMeters>
            <HeartRateBpm>
              <Value>143</Value>
            </HeartRateBpm>
            <Extensions>
              <ns3:TPX>
                <ns3:Speed>1.194000005722046</ns3:Speed>
              </ns3:TPX>
            </Extensions>
          </Trackpoint>
          <Trackpoint>
            <Time>2026-02-20T08:25:40.000Z</Time>
            <Position>
              <LatitudeDegrees>51.75362242385745</LatitudeDegrees>
              <LongitudeDegrees>-0.24243791587650776</LongitudeDegrees>
            </Position>
            <AltitudeMeters>82.80000305175781</AltitudeMeters>
            <DistanceMeters>2841.590087890625</DistanceMeters>
            <HeartRateBpm>
              <Value>143</Value>
            </HeartRateBpm>
            <Extensions>
              <ns3:TPX>
                <ns3:Speed>1.156999945640564</ns3:Speed>
              </ns3:TPX>
            </Extensions>
          </Trackpoint>
          <Trackpoint>
            <Time>2026-02-20T08:25:46.000Z</Time>
            <Position>
              <LatitudeDegrees>51.753580095246434</LatitudeDegrees>
              <LongitudeDegrees>-0.2423286158591509</LongitudeDegrees>
            </Position>
            <AltitudeMeters>83.19999694824219</AltitudeMeters>
            <DistanceMeters>2851.330078125</DistanceMeters>
            <HeartRateBpm>
              <Value>140</Value>
            </HeartRateBpm>
            <Extensions>
              <ns3:TPX>
                <ns3:Speed>1.194000005722046</ns3:Speed>
              </ns3:TPX>
            </Extensions>
          </Trackpoint>
          <Trackpoint>
            <Time>2026-02-20T08:25:47.000Z</Time>
            <Position>
              <LatitudeDegrees>51.75356752239168</LatitudeDegrees>
              <LongitudeDegrees>-0.24231813848018646</LongitudeDegrees>
            </Position>
            <AltitudeMeters>83.19999694824219</AltitudeMeters>
            <DistanceMeters>2852.830078125</DistanceMeters>
            <HeartRateBpm>
              <Value>140</Value>
            </HeartRateBpm>
            <Extensions>
              <ns3:TPX>
                <ns3:Speed>1.2039999961853027</ns3:Speed>
              </ns3:TPX>
            </Extensions>
          </Trackpoint>
          <Trackpoint>
            <Time>2026-02-20T08:25:53.000Z</Time>
            <Position>
              <LatitudeDegrees>51.75354715436697</LatitudeDegrees>
              <LongitudeDegrees>-0.2422415278851986</LongitudeDegrees>
            </Position>
            <AltitudeMeters>83.5999984741211</AltitudeMeters>
            <DistanceMeters>2858.699951171875</DistanceMeters>
            <HeartRateBpm>
              <Value>143</Value>
            </HeartRateBpm>
            <Extensions>
              <ns3:TPX>
                <ns3:Speed>1.2410000562667847</ns3:Speed>
              </ns3:TPX>
            </Extensions>
          </Trackpoint>
          <Trackpoint>
            <Time>2026-02-20T08:25:56.000Z</Time>
            <Position>
              <LatitudeDegrees>51.75354044884443</LatitudeDegrees>
              <LongitudeDegrees>-0.24218696169555187</LongitudeDegrees>
            </Position>
            <AltitudeMeters>83.80000305175781</AltitudeMeters>
            <DistanceMeters>2861.659912109375</DistanceMeters>
            <HeartRateBpm>
              <Value>144</Value>
            </HeartRateBpm>
            <Extensions>
              <ns3:TPX>
                <ns3:Speed>1.2130000591278076</ns3:Speed>
              </ns3:TPX>
            </Extensions>
          </Trackpoint>
          <Trackpoint>
            <Time>2026-02-20T08:25:57.000Z</Time>
            <Position>
              <LatitudeDegrees>51.753537682816386</LatitudeDegrees>
              <LongitudeDegrees>-0.24216349236667156</LongitudeDegrees>
            </Position>
            <AltitudeMeters>83.80000305175781</AltitudeMeters>
            <DistanceMeters>2863.610107421875</DistanceMeters>
            <HeartRateBpm>
              <Value>144</Value>
            </HeartRateBpm>
            <Extensions>
              <ns3:TPX>
                <ns3:Speed>1.2130000591278076</ns3:Speed>
              </ns3:TPX>
            </Extensions>
          </Trackpoint>
          <Trackpoint>
            <Time>2026-02-20T08:26:04.000Z</Time>
            <Position>
              <LatitudeDegrees>51.75352175720036</LatitudeDegrees>
              <LongitudeDegrees>-0.2420427929610014</LongitudeDegrees>
            </Position>
            <AltitudeMeters>84.19999694824219</AltitudeMeters>
            <DistanceMeters>2872.360107421875</DistanceMeters>
            <HeartRateBpm>
              <Value>145</Value>
            </HeartRateBpm>
            <Extensions>
              <ns3:TPX>
                <ns3:Speed>1.222000002861023</ns3:Speed>
              </ns3:TPX>
            </Extensions>
          </Trackpoint>
          <Trackpoint>
            <Time>2026-02-20T08:26:12.000Z</Time>
            <Position>
              <LatitudeDegrees>51.75353307276964</LatitudeDegrees>
              <LongitudeDegrees>-0.24188445881009102</LongitudeDegrees>
            </Position>
            <AltitudeMeters>84.80000305175781</AltitudeMeters>
            <DistanceMeters>2883.35009765625</DistanceMeters>
            <HeartRateBpm>
              <Value>146</Value>
            </HeartRateBpm>
            <Extensions>
              <ns3:TPX>
                <ns3:Speed>1.2599999904632568</ns3:Speed>
              </ns3:TPX>
            </Extensions>
          </Trackpoint>
          <Trackpoint>
            <Time>2026-02-20T08:26:21.000Z</Time>
            <Position>
              <LatitudeDegrees>51.75354111939669</LatitudeDegrees>
              <LongitudeDegrees>-0.24170240387320518</LongitudeDegrees>
            </Position>
            <AltitudeMeters>85.19999694824219</AltitudeMeters>
            <DistanceMeters>2896.110107421875</DistanceMeters>
            <HeartRateBpm>
              <Value>147</Value>
            </HeartRateBpm>
            <Extensions>
              <ns3:TPX>
                <ns3:Speed>1.2879999876022339</ns3:Speed>
              </ns3:TPX>
            </Extensions>
          </Trackpoint>
          <Trackpoint>
            <Time>2026-02-20T08:26:30.000Z</Time>
            <Position>
              <LatitudeDegrees>51.75352309830487</LatitudeDegrees>
              <LongitudeDegrees>-0.24153132922947407</LongitudeDegrees>
            </Position>
            <AltitudeMeters>85.5999984741211</AltitudeMeters>
            <DistanceMeters>2907.7900390625</DistanceMeters>
            <HeartRateBpm>
              <Value>146</Value>
            </HeartRateBpm>
            <Extensions>
              <ns3:TPX>
                <ns3:Speed>1.305999994277954</ns3:Speed>
              </ns3:TPX>
            </Extensions>
          </Trackpoint>
          <Trackpoint>
            <Time>2026-02-20T08:26:34.000Z</Time>
            <Position>
              <LatitudeDegrees>51.75352452322841</LatitudeDegrees>
              <LongitudeDegrees>-0.24144231341779232</LongitudeDegrees>
            </Position>
            <AltitudeMeters>86.0</AltitudeMeters>
            <DistanceMeters>2914.050048828125</DistanceMeters>
            <HeartRateBpm>
              <Value>144</Value>
            </HeartRateBpm>
            <Extensions>
              <ns3:TPX>
                <ns3:Speed>1.315999984741211</ns3:Speed>
              </ns3:TPX>
            </Extensions>
          </Trackpoint>
          <Trackpoint>
            <Time>2026-02-20T08:26:37.000Z</Time>
            <Position>
              <LatitudeDegrees>51.7535318993032</LatitudeDegrees>
              <LongitudeDegrees>-0.24138020351529121</LongitudeDegrees>
            </Position>
            <AltitudeMeters>86.19999694824219</AltitudeMeters>
            <DistanceMeters>2918.93994140625</DistanceMeters>
            <HeartRateBpm>
              <Value>145</Value>
            </HeartRateBpm>
            <Extensions>
              <ns3:TPX>
                <ns3:Speed>1.3339999914169312</ns3:Speed>
              </ns3:TPX>
            </Extensions>
          </Trackpoint>
          <Trackpoint>
            <Time>2026-02-20T08:26:47.000Z</Time>
            <Position>
              <LatitudeDegrees>51.75353491678834</LatitudeDegrees>
              <LongitudeDegrees>-0.24119412526488304</LongitudeDegrees>
            </Position>
            <AltitudeMeters>86.5999984741211</AltitudeMeters>
            <DistanceMeters>2931.93994140625</DistanceMeters>
            <HeartRateBpm>
              <Value>148</Value>
            </HeartRateBpm>
            <Extensions>
              <ns3:TPX>
                <ns3:Speed>1.3530000448226929</ns3:Speed>
              </ns3:TPX>
            </Extensions>
          </Trackpoint>
          <Trackpoint>
            <Time>2026-02-20T08:26:48.000Z</Time>
            <Position>
              <LatitudeDegrees>51.75353650934994</LatitudeDegrees>
              <LongitudeDegrees>-0.24117895402014256</LongitudeDegrees>
            </Position>
            <AltitudeMeters>86.80000305175781</AltitudeMeters>
            <DistanceMeters>2933.02001953125</DistanceMeters>
            <HeartRateBpm>
              <Value>148</Value>
            </HeartRateBpm>
            <Extensions>
              <ns3:TPX>
                <ns3:Speed>1.3530000448226929</ns3:Speed>
              </ns3:TPX>
            </Extensions>
          </Trackpoint>
          <Trackpoint>
            <Time>2026-02-20T08:26:53.000Z</Time>
            <Position>
              <LatitudeDegrees>51.753534665331244</LatitudeDegrees>
              <LongitudeDegrees>-0.24107879027724266</LongitudeDegrees>
            </Position>
            <AltitudeMeters>87.0</AltitudeMeters>
            <DistanceMeters>2939.820068359375</DistanceMeters>
            <HeartRateBpm>
              <Value>148</Value>
            </HeartRateBpm>
            <Extensions>
              <ns3:TPX>
                <ns3:Speed>1.3530000448226929</ns3:Speed>
              </ns3:TPX>
            </Extensions>
          </Trackpoint>
          <Trackpoint>
            <Time>2026-02-20T08:26:57.000Z</Time>
            <Position>
              <LatitudeDegrees>51.753539610654116</LatitudeDegrees>
              <LongitudeDegrees>-0.2409929595887661</LongitudeDegrees>
            </Position>
            <AltitudeMeters>87.0</AltitudeMeters>
            <DistanceMeters>2945.6201171875</DistanceMeters>
            <HeartRateBpm>
              <Value>149</Value>
            </HeartRateBpm>
            <Extensions>
              <ns3:TPX>
                <ns3:Speed>1.3530000448226929</ns3:Speed>
              </ns3:TPX>
            </Extensions>
          </Trackpoint>
          <Trackpoint>
            <Time>2026-02-20T08:27:06.000Z</Time>
            <Position>
              <LatitudeDegrees>51.753532318398356</LatitudeDegrees>
              <LongitudeDegrees>-0.24082758463919163</LongitudeDegrees>
            </Position>
            <AltitudeMeters>87.0</AltitudeMeters>
            <DistanceMeters>2957.590087890625</DistanceMeters>
            <HeartRateBpm>
              <Value>150</Value>
            </HeartRateBpm>
            <Extensions>
              <ns3:TPX>
                <ns3:Speed>1.3619999885559082</ns3:Speed>
              </ns3:TPX>
            </Extensions>
          </Trackpoint>
          <Trackpoint>
            <Time>2026-02-20T08:27:14.000Z</Time>
            <Position>
              <LatitudeDegrees>51.75353307276964</LatitudeDegrees>
              <LongitudeDegrees>-0.24065659381449223</LongitudeDegrees>
            </Position>
            <AltitudeMeters>87.0</AltitudeMeters>
            <DistanceMeters>2969.0400390625</DistanceMeters>
            <HeartRateBpm>
              <Value>149</Value>
            </HeartRateBpm>
            <Extensions>
              <ns3:TPX>
                <ns3:Speed>1.3619999885559082</ns3:Speed>
              </ns3:TPX>
            </Extensions>
          </Trackpoint>
          <Trackpoint>
            <Time>2026-02-20T08:27:22.000Z</Time>
            <Position>
              <LatitudeDegrees>51.75352670252323</LatitudeDegrees>
              <LongitudeDegrees>-0.2404914703220129</LongitudeDegrees>
            </Position>
            <AltitudeMeters>87.0</AltitudeMeters>
            <DistanceMeters>2980.300048828125</DistanceMeters>
            <HeartRateBpm>
              <Value>147</Value>
            </HeartRateBpm>
            <Extensions>
              <ns3:TPX>
                <ns3:Speed>1.371999979019165</ns3:Speed>
              </ns3:TPX>
            </Extensions>
          </Trackpoint>
          <Trackpoint>
            <Time>2026-02-20T08:27:31.000Z</Time>
            <Position>
              <LatitudeDegrees>51.75348378717899</LatitudeDegrees>
              <LongitudeDegrees>-0.24032835848629475</LongitudeDegrees>
            </Position>
            <AltitudeMeters>87.19999694824219</AltitudeMeters>
            <DistanceMeters>2992.429931640625</DistanceMeters>
            <HeartRateBpm>
              <Value>144</Value>
            </HeartRateBpm>
            <Extensions>
              <ns3:TPX>
                <ns3:Speed>1.38100004196167</ns3:Speed>
              </ns3:TPX>
            </Extensions>
          </Trackpoint>
          <Trackpoint>
            <Time>2026-02-20T08:27:37.000Z</Time>
            <Position>
              <LatitudeDegrees>51.75346392206848</LatitudeDegrees>
              <LongitudeDegrees>-0.24023481644690037</LongitudeDegrees>
            </Position>
            <AltitudeMeters>87.5999984741211</AltitudeMeters>
            <DistanceMeters>3000.02001953125</DistanceMeters>
            <HeartRateBpm>
              <Value>141</Value>
            </HeartRateBpm>
            <Extensions>
              <ns3:TPX>
                <ns3:Speed>1.371999979019165</ns3:Speed>
              </ns3:TPX>
            </Extensions>
          </Trackpoint>
          <Trackpoint>
            <Time>2026-02-20T08:27:38.000Z</Time>
            <Position>
              <LatitudeDegrees>51.753463838249445</LatitudeDegrees>
              <LongitudeDegrees>-0.2402235008776188</LongitudeDegrees>
            </Position>
            <AltitudeMeters>87.5999984741211</AltitudeMeters>
            <DistanceMeters>3000.7099609375</DistanceMeters>
            <HeartRateBpm>
              <Value>140</Value>
            </HeartRateBpm>
            <Extensions>
              <ns3:TPX>
                <ns3:Speed>1.3619999885559082</ns3:Speed>
              </ns3:TPX>
            </Extensions>
          </Trackpoint>
        </Track>
        <Extensions>
          <ns3:LX>
            <ns3:AvgSpeed>1.3459999561309814</ns3:AvgSpeed>
            <ns3:AvgRunCadence>53</ns3:AvgRunCadence>
            <ns3:MaxRunCadence>64</ns3:MaxRunCadence>
          </ns3:LX>
        </Extensions>
      </Lap>
      <Lap StartTime="2026-02-20T08:27:38.000Z">
        <TotalTimeSeconds>64.669</TotalTimeSeconds>
        <DistanceMeters>73.16</DistanceMeters>
        <MaximumSpeed>1.3619999885559082</MaximumSpeed>
        <Calories>7</Calories>
        <AverageHeartRateBpm>
          <Value>144</Value>
        </AverageHeartRateBpm>
        <MaximumHeartRateBpm>
          <Value>151</Value>
        </MaximumHeartRateBpm>
        <Intensity>Active</Intensity>
        <TriggerMethod>Manual</TriggerMethod>
        <Track>
          <Trackpoint>
            <Time>2026-02-20T08:27:38.000Z</Time>
            <Position>
              <LatitudeDegrees>51.753463838249445</LatitudeDegrees>
              <LongitudeDegrees>-0.2402235008776188</LongitudeDegrees>
            </Position>
            <AltitudeMeters>87.5999984741211</AltitudeMeters>
            <DistanceMeters>3000.7099609375</DistanceMeters>
            <HeartRateBpm>
              <Value>140</Value>
            </HeartRateBpm>
            <Extensions>
              <ns3:TPX>
                <ns3:Speed>1.3619999885559082</ns3:Speed>
              </ns3:TPX>
            </Extensions>
          </Trackpoint>
          <Trackpoint>
            <Time>2026-02-20T08:27:39.000Z</Time>
            <Position>
              <LatitudeDegrees>51.75346467643976</LatitudeDegrees>
              <LongitudeDegrees>-0.24020900018513203</LongitudeDegrees>
            </Position>
            <AltitudeMeters>87.5999984741211</AltitudeMeters>
            <DistanceMeters>3001.8798828125</DistanceMeters>
            <HeartRateBpm>
              <Value>137</Value>
            </HeartRateBpm>
            <Extensions>
              <ns3:TPX>
                <ns3:Speed>1.3530000448226929</ns3:Speed>
              </ns3:TPX>
            </Extensions>
          </Trackpoint>
          <Trackpoint>
            <Time>2026-02-20T08:27:43.000Z</Time>
            <Position>
              <LatitudeDegrees>51.75345956347883</LatitudeDegrees>
              <LongitudeDegrees>-0.24015569128096104</LongitudeDegrees>
            </Position>
            <AltitudeMeters>88.0</AltitudeMeters>
            <DistanceMeters>3005.27001953125</DistanceMeters>
            <HeartRateBpm>
              <Value>135</Value>
            </HeartRateBpm>
            <Extensions>
              <ns3:TPX>
                <ns3:Speed>1.305999994277954</ns3:Speed>
              </ns3:TPX>
            </Extensions>
          </Trackpoint>
          <Trackpoint>
            <Time>2026-02-20T08:27:47.000Z</Time>
            <Position>
              <LatitudeDegrees>51.753433495759964</LatitudeDegrees>
              <LongitudeDegrees>-0.2401092555373907</LongitudeDegrees>
            </Position>
            <AltitudeMeters>88.5999984741211</AltitudeMeters>
            <DistanceMeters>3008.830078125</DistanceMeters>
            <HeartRateBpm>
              <Value>137</Value>
            </HeartRateBpm>
            <Extensions>
              <ns3:TPX>
                <ns3:Speed>1.2690000534057617</ns3:Speed>
              </ns3:TPX>
            </Extensions>
          </Trackpoint>
          <Trackpoint>
            <Time>2026-02-20T08:27:48.000Z</Time>
            <Position>
              <LatitudeDegrees>51.75342352129519</LatitudeDegrees>
              <LongitudeDegrees>-0.24010078981518745</LongitudeDegrees>
            </Position>
            <AltitudeMeters>88.5999984741211</AltitudeMeters>
            <DistanceMeters>3010.110107421875</DistanceMeters>
            <HeartRateBpm>
              <Value>137</Value>
            </HeartRateBpm>
            <Extensions>
              <ns3:TPX>
                <ns3:Speed>1.25</ns3:Speed>
              </ns3:TPX>
            </Extensions>
          </Trackpoint>
          <Trackpoint>
            <Time>2026-02-20T08:27:53.000Z</Time>
            <Position>
              <LatitudeDegrees>51.753366608172655</LatitudeDegrees>
              <LongitudeDegrees>-0.24005301296710968</LongitudeDegrees>
            </Position>
            <AltitudeMeters>89.0</AltitudeMeters>
            <DistanceMeters>3017.68994140625</DistanceMeters>
            <HeartRateBpm>
              <Value>138</Value>
            </HeartRateBpm>
            <Extensions>
              <ns3:TPX>
                <ns3:Speed>1.25</ns3:Speed>
              </ns3:TPX>
            </Extensions>
          </Trackpoint>
          <Trackpoint>
            <Time>2026-02-20T08:27:55.000Z</Time>
            <Position>
              <LatitudeDegrees>51.75334498286247</LatitudeDegrees>
              <LongitudeDegrees>-0.24003222584724426</LongitudeDegrees>
            </Position>
            <AltitudeMeters>89.0</AltitudeMeters>
            <DistanceMeters>3020.52001953125</DistanceMeters>
            <HeartRateBpm>
              <Value>140</Value>
            </HeartRateBpm>
            <Extensions>
              <ns3:TPX>
                <ns3:Speed>1.305999994277954</ns3:Speed>
              </ns3:TPX>
            </Extensions>
          </Trackpoint>
          <Trackpoint>
            <Time>2026-02-20T08:27:58.000Z</Time>
            <Position>
              <LatitudeDegrees>51.75331841222942</LatitudeDegrees>
              <LongitudeDegrees>-0.2400041464716196</LongitudeDegrees>
            </Position>
            <AltitudeMeters>89.19999694824219</AltitudeMeters>
            <DistanceMeters>3023.919921875</DistanceMeters>
            <HeartRateBpm>
              <Value>143</Value>
            </HeartRateBpm>
            <Extensions>
              <ns3:TPX>
                <ns3:Speed>1.2879999876022339</ns3:Speed>
              </ns3:TPX>
            </Extensions>
          </Trackpoint>
          <Trackpoint>
            <Time>2026-02-20T08:28:03.000Z</Time>
            <Position>
              <LatitudeDegrees>51.75327943637967</LatitudeDegrees>
              <LongitudeDegrees>-0.23996315896511078</LongitudeDegrees>
            </Position>
            <AltitudeMeters>89.80000305175781</AltitudeMeters>
            <DistanceMeters>3029.699951171875</DistanceMeters>
            <HeartRateBpm>
              <Value>144</Value>
            </HeartRateBpm>
            <Extensions>
              <ns3:TPX>
                <ns3:Speed>1.2319999933242798</ns3:Speed>
              </ns3:TPX>
            </Extensions>
          </Trackpoint>
          <Trackpoint>
            <Time>2026-02-20T08:28:04.000Z</Time>
            <Position>
              <LatitudeDegrees>51.75327641889453</LatitudeDegrees>
              <LongitudeDegrees>-0.23995796218514442</LongitudeDegrees>
            </Position>
            <AltitudeMeters>90.0</AltitudeMeters>
            <DistanceMeters>3030.4599609375</DistanceMeters>
            <HeartRateBpm>
              <Value>144</Value>
            </HeartRateBpm>
            <Extensions>
              <ns3:TPX>
                <ns3:Speed>1.222000002861023</ns3:Speed>
              </ns3:TPX>
            </Extensions>
          </Trackpoint>
          <Trackpoint>
            <Time>2026-02-20T08:28:11.000Z</Time>
            <Position>
              <LatitudeDegrees>51.75321984104812</LatitudeDegrees>
              <LongitudeDegrees>-0.23990892805159092</LongitudeDegrees>
            </Position>
            <AltitudeMeters>90.80000305175781</AltitudeMeters>
            <DistanceMeters>3036.5400390625</DistanceMeters>
            <HeartRateBpm>
              <Value>147</Value>
            </HeartRateBpm>
            <Extensions>
              <ns3:TPX>
                <ns3:Speed>1.0640000104904175</ns3:Speed>
              </ns3:TPX>
            </Extensions>
          </Trackpoint>
          <Trackpoint>
            <Time>2026-02-20T08:28:13.000Z</Time>
            <Position>
              <LatitudeDegrees>51.75320081412792</LatitudeDegrees>
              <LongitudeDegrees>-0.23988495580852032</LongitudeDegrees>
            </Position>
            <AltitudeMeters>91.0</AltitudeMeters>
            <DistanceMeters>3038.889892578125</DistanceMeters>
            <HeartRateBpm>
              <Value>150</Value>
            </HeartRateBpm>
            <Extensions>
              <ns3:TPX>
                <ns3:Speed>1.0640000104904175</ns3:Speed>
              </ns3:TPX>
            </Extensions>
          </Trackpoint>
          <Trackpoint>
            <Time>2026-02-20T08:28:16.000Z</Time>
            <Position>
              <LatitudeDegrees>51.75316711887717</LatitudeDegrees>
              <LongitudeDegrees>-0.23983986116945744</LongitudeDegrees>
            </Position>
            <AltitudeMeters>91.0</AltitudeMeters>
            <DistanceMeters>3043.6298828125</DistanceMeters>
            <HeartRateBpm>
              <Value>151</Value>
            </HeartRateBpm>
            <Extensions>
              <ns3:TPX>
                <ns3:Speed>1.1009999513626099</ns3:Speed>
              </ns3:TPX>
            </Extensions>
          </Trackpoint>
          <Trackpoint>
            <Time>2026-02-20T08:28:20.000Z</Time>
            <Position>
              <LatitudeDegrees>51.75311632454395</LatitudeDegrees>
              <LongitudeDegrees>-0.23978554643690586</LongitudeDegrees>
            </Position>
            <AltitudeMeters>91.4000015258789</AltitudeMeters>
            <DistanceMeters>3050.110107421875</DistanceMeters>
            <HeartRateBpm>
              <Value>150</Value>
            </HeartRateBpm>
            <Extensions>
              <ns3:TPX>
                <ns3:Speed>1.194000005722046</ns3:Speed>
              </ns3:TPX>
            </Extensions>
          </Trackpoint>
          <Trackpoint>
            <Time>2026-02-20T08:28:25.000Z</Time>
            <Position>
              <LatitudeDegrees>51.75307089462876</LatitudeDegrees>
              <LongitudeDegrees>-0.23973936215043068</LongitudeDegrees>
            </Position>
            <AltitudeMeters>91.4000015258789</AltitudeMeters>
            <DistanceMeters>3054.669921875</DistanceMeters>
            <HeartRateBpm>
              <Value>147</Value>
            </HeartRateBpm>
            <Extensions>
              <ns3:TPX>
                <ns3:Speed>1.194000005722046</ns3:Speed>
              </ns3:TPX>
            </Extensions>
          </Trackpoint>
          <Trackpoint>
            <Time>2026-02-20T08:28:28.000Z</Time>
            <Position>
              <LatitudeDegrees>51.75305027514696</LatitudeDegrees>
              <LongitudeDegrees>-0.2396969497203827</LongitudeDegrees>
            </Position>
            <AltitudeMeters>91.5999984741211</AltitudeMeters>
            <DistanceMeters>3057.7900390625</DistanceMeters>
            <HeartRateBpm>
              <Value>145</Value>
            </HeartRateBpm>
            <Extensions>
              <ns3:TPX>
                <ns3:Speed>1.184999942779541</ns3:Speed>
              </ns3:TPX>
            </Extensions>
          </Trackpoint>
          <Trackpoint>
            <Time>2026-02-20T08:28:35.000Z</Time>
            <Position>
              <LatitudeDegrees>51.752997217699885</LatitudeDegrees>
              <LongitudeDegrees>-0.23957784287631512</LongitudeDegrees>
            </Position>
            <AltitudeMeters>92.19999694824219</AltitudeMeters>
            <DistanceMeters>3067.260009765625</DistanceMeters>
            <HeartRateBpm>
              <Value>145</Value>
            </HeartRateBpm>
            <Extensions>
              <ns3:TPX>
                <ns3:Speed>1.2130000591278076</ns3:Speed>
              </ns3:TPX>
            </Extensions>
          </Trackpoint>
          <Trackpoint>
            <Time>2026-02-20T08:28:37.000Z</Time>
            <Position>
              <LatitudeDegrees>51.75298757851124</LatitudeDegrees>
              <LongitudeDegrees>-0.23954699747264385</LongitudeDegrees>
            </Position>
            <AltitudeMeters>92.4000015258789</AltitudeMeters>
            <DistanceMeters>3069.7099609375</DistanceMeters>
            <HeartRateBpm>
              <Value>145</Value>
            </HeartRateBpm>
            <Extensions>
              <ns3:TPX>
                <ns3:Speed>1.2319999933242798</ns3:Speed>
              </ns3:TPX>
            </Extensions>
          </Trackpoint>
          <Trackpoint>
            <Time>2026-02-20T08:28:39.000Z</Time>
            <Position>
              <LatitudeDegrees>51.75298481248319</LatitudeDegrees>
              <LongitudeDegrees>-0.23953274823725224</LongitudeDegrees>
            </Position>
            <AltitudeMeters>92.5999984741211</AltitudeMeters>
            <DistanceMeters>3071.159912109375</DistanceMeters>
            <HeartRateBpm>
              <Value>148</Value>
            </HeartRateBpm>
            <Extensions>
              <ns3:TPX>
                <ns3:Speed>1.222000002861023</ns3:Speed>
              </ns3:TPX>
            </Extensions>
          </Trackpoint>
          <Trackpoint>
            <Time>2026-02-20T08:28:42.000Z</Time>
            <Position>
              <LatitudeDegrees>51.75297257490456</LatitudeDegrees>
              <LongitudeDegrees>-0.2395123802125454</LongitudeDegrees>
            </Position>
            <AltitudeMeters>92.4000015258789</AltitudeMeters>
            <DistanceMeters>3073.159912109375</DistanceMeters>
            <HeartRateBpm>
              <Value>149</Value>
            </HeartRateBpm>
            <Extensions>
              <ns3:TPX>
                <ns3:Speed>1.184999942779541</ns3:Speed>
              </ns3:TPX>
            </Extensions>
          </Trackpoint>
        </Track>
        <Extensions>
          <ns3:LX>
            <ns3:AvgSpeed>1.13100004196167</ns3:AvgSpeed>
            <ns3:AvgRunCadence>50</ns3:AvgRunCadence>
            <ns3:MaxRunCadence>55</ns3:MaxRunCadence>
          </ns3:LX>
        </Extensions>
      </Lap>
      <Creator xsi:type="Device_t">
        <Name>Venu 3</Name>
        <UnitId>3514695726</UnitId>
        <ProductID>4260</ProductID>
        <Version>
          <VersionMajor>17</VersionMajor>
          <VersionMinor>5</VersionMinor>
          <BuildMajor>0</BuildMajor>
          <BuildMinor>0</BuildMinor>
        </Version>
      </Creator>
    </Activity>
  </Activities>
  <Author xsi:type="Application_t">
    <Name>Connect Api</Name>
    <Build>
      <Version>
        <VersionMajor>26</VersionMajor>
        <VersionMinor>3</VersionMinor>
        <BuildMajor>0</BuildMajor>
        <BuildMinor>0</BuildMinor>
      </Version>
    </Build>
    <LangID>en</LangID>
    <PartNumber>006-D2449-00</PartNumber>
  </Author>
</TrainingCenterDatabase>
